

================================================================
== Vitis HLS Report for 'fc1full_top_Pipeline_VITIS_LOOP_131_1'
================================================================
* Date:           Thu Apr 30 15:39:03 2026

* Version:        2023.1 (Build 3854077 on May  4 2023)
* Project:        fc1full_prj
* Solution:       xcvu9p-flga2577-2-e (Vivado IP Flow Target)
* Product family: virtexuplus
* Target device:  xcvu9p-flga2577-2-e


================================================================
== Performance Estimates
================================================================
+ Timing: 
    * Summary: 
    +--------+----------+----------+------------+
    |  Clock |  Target  | Estimated| Uncertainty|
    +--------+----------+----------+------------+
    |ap_clk  |  10.00 ns|  4.944 ns|     2.70 ns|
    +--------+----------+----------+------------+

+ Latency: 
    * Summary: 
    +---------+---------+----------+----------+--------+--------+---------+
    |  Latency (cycles) |  Latency (absolute) |     Interval    | Pipeline|
    |   min   |   max   |    min   |    max   |   min  |   max  |   Type  |
    +---------+---------+----------+----------+--------+--------+---------+
    |   204802|   204802|  2.048 ms|  2.048 ms|  204802|  204802|       no|
    +---------+---------+----------+----------+--------+--------+---------+

    + Detail: 
        * Instance: 
        N/A

        * Loop: 
        +--------------------+---------+---------+----------+-----------+-----------+--------+----------+
        |                    |  Latency (cycles) | Iteration|  Initiation Interval  |  Trip  |          |
        |      Loop Name     |   min   |   max   |  Latency |  achieved |   target  |  Count | Pipelined|
        +--------------------+---------+---------+----------+-----------+-----------+--------+----------+
        |- VITIS_LOOP_131_1  |   204800|   204800|         2|          1|          1|  204800|       yes|
        +--------------------+---------+---------+----------+-----------+-----------+--------+----------+



================================================================
== Utilization Estimates
================================================================
* Summary: 
+---------------------+---------+------+---------+---------+-----+
|         Name        | BRAM_18K|  DSP |    FF   |   LUT   | URAM|
+---------------------+---------+------+---------+---------+-----+
|DSP                  |        -|     -|        -|        -|    -|
|Expression           |        -|     -|        0|      512|    -|
|FIFO                 |        -|     -|        -|        -|    -|
|Instance             |        -|     -|        0|     2693|    -|
|Memory               |        -|     -|        -|        -|    -|
|Multiplexer          |        -|     -|        -|      100|    -|
|Register             |        -|     -|     3366|        -|    -|
+---------------------+---------+------+---------+---------+-----+
|Total                |        0|     0|     3366|     3305|    0|
+---------------------+---------+------+---------+---------+-----+
|Available SLR        |     1440|  2280|   788160|   394080|  320|
+---------------------+---------+------+---------+---------+-----+
|Utilization SLR (%)  |        0|     0|       ~0|       ~0|    0|
+---------------------+---------+------+---------+---------+-----+
|Available            |     4320|  6840|  2364480|  1182240|  960|
+---------------------+---------+------+---------+---------+-----+
|Utilization (%)      |        0|     0|       ~0|       ~0|    0|
+---------------------+---------+------+---------+---------+-----+

+ Detail: 
    * Instance: 
    +----------------------+-------------------+---------+----+---+------+-----+
    |       Instance       |       Module      | BRAM_18K| DSP| FF|  LUT | URAM|
    +----------------------+-------------------+---------+----+---+------+-----+
    |mux_3200_12_1_1_1_U9  |mux_3200_12_1_1_1  |        0|   0|  0|  2693|    0|
    +----------------------+-------------------+---------+----+---+------+-----+
    |Total                 |                   |        0|   0|  0|  2693|    0|
    +----------------------+-------------------+---------+----+---+------+-----+

    * DSP: 
    N/A

    * Memory: 
    N/A

    * FIFO: 
    N/A

    * Expression: 
    +----------------------------------+----------+----+---+----+------------+------------+
    |           Variable Name          | Operation| DSP| FF| LUT| Bitwidth P0| Bitwidth P1|
    +----------------------------------+----------+----+---+----+------------+------------+
    |add_ln165_fu_51483_p2             |         +|   0|  0|  39|          32|          32|
    |i_2_fu_19341_p2                   |         +|   0|  0|  25|          18|           1|
    |nf_4_fu_19399_p2                  |         +|   0|  0|  39|          32|           1|
    |sf_3_fu_19377_p2                  |         +|   0|  0|  39|          32|           1|
    |tile_1_fu_19371_p2                |         +|   0|  0|  39|          32|           1|
    |ap_block_pp0_stage0_01001         |       and|   0|  0|   2|           1|           1|
    |ap_condition_45083                |       and|   0|  0|   2|           1|           1|
    |ap_condition_45086                |       and|   0|  0|   2|           1|           1|
    |ap_predicate_op9651_read_state3   |       and|   0|  0|   2|           1|           1|
    |icmp_ln131_fu_19335_p2            |      icmp|   0|  0|  25|          18|          17|
    |icmp_ln134_fu_19351_p2            |      icmp|   0|  0|  39|          32|           1|
    |icmp_ln149_fu_19360_p2            |      icmp|   0|  0|  39|          32|           1|
    |icmp_ln172_fu_19383_p2            |      icmp|   0|  0|  39|          32|          12|
    |icmp_ln192_fu_19405_p2            |      icmp|   0|  0|  39|          32|           7|
    |out_stream_din                    |      icmp|   0|  0|  39|          32|           1|
    |ap_block_state3_pp0_stage0_iter2  |        or|   0|  0|   2|           1|           1|
    |empty_12_fu_51463_p3              |    select|   0|  0|   3|           1|           3|
    |nf_5_fu_19411_p3                  |    select|   0|  0|  32|           1|           1|
    |select_ln149_fu_51456_p3          |    select|   0|  0|  32|           1|           1|
    |tile_2_fu_19419_p3                |    select|   0|  0|  32|           1|           1|
    |ap_enable_pp0                     |       xor|   0|  0|   2|           1|           2|
    +----------------------------------+----------+----+---+----+------------+------------+
    |Total                             |          |   0|  0| 512|         334|          88|
    +----------------------------------+----------+----+---+----+------------+------------+

    * Multiplexer: 
    +-----------------------------------+----+-----------+-----+-----------+
    |                Name               | LUT| Input Size| Bits| Total Bits|
    +-----------------------------------+----+-----------+-----+-----------+
    |ap_done_int                        |   9|          2|    1|          2|
    |ap_enable_reg_pp0_iter1            |   9|          2|    1|          2|
    |ap_enable_reg_pp0_iter2            |   9|          2|    1|          2|
    |ap_phi_mux_inElem_phi_fu_19299_p4  |  14|          3|    1|          3|
    |i_1_fu_6458                        |   9|          2|   18|         36|
    |in_stream_blk_n                    |   9|          2|    1|          2|
    |nf_fu_19266                        |   9|          2|   32|         64|
    |out_stream_blk_n                   |   9|          2|    1|          2|
    |sf_fu_6450                         |   9|          2|   32|         64|
    |tile_fu_6454                       |  14|          3|   32|         96|
    +-----------------------------------+----+-----------+-----+-----------+
    |Total                              | 100|         22|  120|        273|
    +-----------------------------------+----+-----------+-----+-----------+

    * Register: 
    +-------------------------+----+----+-----+-----------+
    |           Name          | FF | LUT| Bits| Const Bits|
    +-------------------------+----+----+-----+-----------+
    |ap_CS_fsm                |   1|   0|    1|          0|
    |ap_done_reg              |   1|   0|    1|          0|
    |ap_enable_reg_pp0_iter1  |   1|   0|    1|          0|
    |ap_enable_reg_pp0_iter2  |   1|   0|    1|          0|
    |empty_fu_6462            |  32|   0|   32|          0|
    |i_1_fu_6458              |  18|   0|   18|          0|
    |icmp_ln131_reg_70737     |   1|   0|    1|          0|
    |icmp_ln134_reg_70746     |   1|   0|    1|          0|
    |icmp_ln149_reg_70750     |   1|   0|    1|          0|
    |icmp_ln172_reg_70760     |   1|   0|    1|          0|
    |inputBuf_1000_fu_10466   |   1|   0|    1|          0|
    |inputBuf_1001_fu_10470   |   1|   0|    1|          0|
    |inputBuf_1002_fu_10474   |   1|   0|    1|          0|
    |inputBuf_1003_fu_10478   |   1|   0|    1|          0|
    |inputBuf_1004_fu_10482   |   1|   0|    1|          0|
    |inputBuf_1005_fu_10486   |   1|   0|    1|          0|
    |inputBuf_1006_fu_10490   |   1|   0|    1|          0|
    |inputBuf_1007_fu_10494   |   1|   0|    1|          0|
    |inputBuf_1008_fu_10498   |   1|   0|    1|          0|
    |inputBuf_1009_fu_10502   |   1|   0|    1|          0|
    |inputBuf_100_fu_6866     |   1|   0|    1|          0|
    |inputBuf_1010_fu_10506   |   1|   0|    1|          0|
    |inputBuf_1011_fu_10510   |   1|   0|    1|          0|
    |inputBuf_1012_fu_10514   |   1|   0|    1|          0|
    |inputBuf_1013_fu_10518   |   1|   0|    1|          0|
    |inputBuf_1014_fu_10522   |   1|   0|    1|          0|
    |inputBuf_1015_fu_10526   |   1|   0|    1|          0|
    |inputBuf_1016_fu_10530   |   1|   0|    1|          0|
    |inputBuf_1017_fu_10534   |   1|   0|    1|          0|
    |inputBuf_1018_fu_10538   |   1|   0|    1|          0|
    |inputBuf_1019_fu_10542   |   1|   0|    1|          0|
    |inputBuf_101_fu_6870     |   1|   0|    1|          0|
    |inputBuf_1020_fu_10546   |   1|   0|    1|          0|
    |inputBuf_1021_fu_10550   |   1|   0|    1|          0|
    |inputBuf_1022_fu_10554   |   1|   0|    1|          0|
    |inputBuf_1023_fu_10558   |   1|   0|    1|          0|
    |inputBuf_1024_fu_10562   |   1|   0|    1|          0|
    |inputBuf_1025_fu_10566   |   1|   0|    1|          0|
    |inputBuf_1026_fu_10570   |   1|   0|    1|          0|
    |inputBuf_1027_fu_10574   |   1|   0|    1|          0|
    |inputBuf_1028_fu_10578   |   1|   0|    1|          0|
    |inputBuf_1029_fu_10582   |   1|   0|    1|          0|
    |inputBuf_102_fu_6874     |   1|   0|    1|          0|
    |inputBuf_1030_fu_10586   |   1|   0|    1|          0|
    |inputBuf_1031_fu_10590   |   1|   0|    1|          0|
    |inputBuf_1032_fu_10594   |   1|   0|    1|          0|
    |inputBuf_1033_fu_10598   |   1|   0|    1|          0|
    |inputBuf_1034_fu_10602   |   1|   0|    1|          0|
    |inputBuf_1035_fu_10606   |   1|   0|    1|          0|
    |inputBuf_1036_fu_10610   |   1|   0|    1|          0|
    |inputBuf_1037_fu_10614   |   1|   0|    1|          0|
    |inputBuf_1038_fu_10618   |   1|   0|    1|          0|
    |inputBuf_1039_fu_10622   |   1|   0|    1|          0|
    |inputBuf_103_fu_6878     |   1|   0|    1|          0|
    |inputBuf_1040_fu_10626   |   1|   0|    1|          0|
    |inputBuf_1041_fu_10630   |   1|   0|    1|          0|
    |inputBuf_1042_fu_10634   |   1|   0|    1|          0|
    |inputBuf_1043_fu_10638   |   1|   0|    1|          0|
    |inputBuf_1044_fu_10642   |   1|   0|    1|          0|
    |inputBuf_1045_fu_10646   |   1|   0|    1|          0|
    |inputBuf_1046_fu_10650   |   1|   0|    1|          0|
    |inputBuf_1047_fu_10654   |   1|   0|    1|          0|
    |inputBuf_1048_fu_10658   |   1|   0|    1|          0|
    |inputBuf_1049_fu_10662   |   1|   0|    1|          0|
    |inputBuf_104_fu_6882     |   1|   0|    1|          0|
    |inputBuf_1050_fu_10666   |   1|   0|    1|          0|
    |inputBuf_1051_fu_10670   |   1|   0|    1|          0|
    |inputBuf_1052_fu_10674   |   1|   0|    1|          0|
    |inputBuf_1053_fu_10678   |   1|   0|    1|          0|
    |inputBuf_1054_fu_10682   |   1|   0|    1|          0|
    |inputBuf_1055_fu_10686   |   1|   0|    1|          0|
    |inputBuf_1056_fu_10690   |   1|   0|    1|          0|
    |inputBuf_1057_fu_10694   |   1|   0|    1|          0|
    |inputBuf_1058_fu_10698   |   1|   0|    1|          0|
    |inputBuf_1059_fu_10702   |   1|   0|    1|          0|
    |inputBuf_105_fu_6886     |   1|   0|    1|          0|
    |inputBuf_1060_fu_10706   |   1|   0|    1|          0|
    |inputBuf_1061_fu_10710   |   1|   0|    1|          0|
    |inputBuf_1062_fu_10714   |   1|   0|    1|          0|
    |inputBuf_1063_fu_10718   |   1|   0|    1|          0|
    |inputBuf_1064_fu_10722   |   1|   0|    1|          0|
    |inputBuf_1065_fu_10726   |   1|   0|    1|          0|
    |inputBuf_1066_fu_10730   |   1|   0|    1|          0|
    |inputBuf_1067_fu_10734   |   1|   0|    1|          0|
    |inputBuf_1068_fu_10738   |   1|   0|    1|          0|
    |inputBuf_1069_fu_10742   |   1|   0|    1|          0|
    |inputBuf_106_fu_6890     |   1|   0|    1|          0|
    |inputBuf_1070_fu_10746   |   1|   0|    1|          0|
    |inputBuf_1071_fu_10750   |   1|   0|    1|          0|
    |inputBuf_1072_fu_10754   |   1|   0|    1|          0|
    |inputBuf_1073_fu_10758   |   1|   0|    1|          0|
    |inputBuf_1074_fu_10762   |   1|   0|    1|          0|
    |inputBuf_1075_fu_10766   |   1|   0|    1|          0|
    |inputBuf_1076_fu_10770   |   1|   0|    1|          0|
    |inputBuf_1077_fu_10774   |   1|   0|    1|          0|
    |inputBuf_1078_fu_10778   |   1|   0|    1|          0|
    |inputBuf_1079_fu_10782   |   1|   0|    1|          0|
    |inputBuf_107_fu_6894     |   1|   0|    1|          0|
    |inputBuf_1080_fu_10786   |   1|   0|    1|          0|
    |inputBuf_1081_fu_10790   |   1|   0|    1|          0|
    |inputBuf_1082_fu_10794   |   1|   0|    1|          0|
    |inputBuf_1083_fu_10798   |   1|   0|    1|          0|
    |inputBuf_1084_fu_10802   |   1|   0|    1|          0|
    |inputBuf_1085_fu_10806   |   1|   0|    1|          0|
    |inputBuf_1086_fu_10810   |   1|   0|    1|          0|
    |inputBuf_1087_fu_10814   |   1|   0|    1|          0|
    |inputBuf_1088_fu_10818   |   1|   0|    1|          0|
    |inputBuf_1089_fu_10822   |   1|   0|    1|          0|
    |inputBuf_108_fu_6898     |   1|   0|    1|          0|
    |inputBuf_1090_fu_10826   |   1|   0|    1|          0|
    |inputBuf_1091_fu_10830   |   1|   0|    1|          0|
    |inputBuf_1092_fu_10834   |   1|   0|    1|          0|
    |inputBuf_1093_fu_10838   |   1|   0|    1|          0|
    |inputBuf_1094_fu_10842   |   1|   0|    1|          0|
    |inputBuf_1095_fu_10846   |   1|   0|    1|          0|
    |inputBuf_1096_fu_10850   |   1|   0|    1|          0|
    |inputBuf_1097_fu_10854   |   1|   0|    1|          0|
    |inputBuf_1098_fu_10858   |   1|   0|    1|          0|
    |inputBuf_1099_fu_10862   |   1|   0|    1|          0|
    |inputBuf_109_fu_6902     |   1|   0|    1|          0|
    |inputBuf_10_fu_6506      |   1|   0|    1|          0|
    |inputBuf_1100_fu_10866   |   1|   0|    1|          0|
    |inputBuf_1101_fu_10870   |   1|   0|    1|          0|
    |inputBuf_1102_fu_10874   |   1|   0|    1|          0|
    |inputBuf_1103_fu_10878   |   1|   0|    1|          0|
    |inputBuf_1104_fu_10882   |   1|   0|    1|          0|
    |inputBuf_1105_fu_10886   |   1|   0|    1|          0|
    |inputBuf_1106_fu_10890   |   1|   0|    1|          0|
    |inputBuf_1107_fu_10894   |   1|   0|    1|          0|
    |inputBuf_1108_fu_10898   |   1|   0|    1|          0|
    |inputBuf_1109_fu_10902   |   1|   0|    1|          0|
    |inputBuf_110_fu_6906     |   1|   0|    1|          0|
    |inputBuf_1110_fu_10906   |   1|   0|    1|          0|
    |inputBuf_1111_fu_10910   |   1|   0|    1|          0|
    |inputBuf_1112_fu_10914   |   1|   0|    1|          0|
    |inputBuf_1113_fu_10918   |   1|   0|    1|          0|
    |inputBuf_1114_fu_10922   |   1|   0|    1|          0|
    |inputBuf_1115_fu_10926   |   1|   0|    1|          0|
    |inputBuf_1116_fu_10930   |   1|   0|    1|          0|
    |inputBuf_1117_fu_10934   |   1|   0|    1|          0|
    |inputBuf_1118_fu_10938   |   1|   0|    1|          0|
    |inputBuf_1119_fu_10942   |   1|   0|    1|          0|
    |inputBuf_111_fu_6910     |   1|   0|    1|          0|
    |inputBuf_1120_fu_10946   |   1|   0|    1|          0|
    |inputBuf_1121_fu_10950   |   1|   0|    1|          0|
    |inputBuf_1122_fu_10954   |   1|   0|    1|          0|
    |inputBuf_1123_fu_10958   |   1|   0|    1|          0|
    |inputBuf_1124_fu_10962   |   1|   0|    1|          0|
    |inputBuf_1125_fu_10966   |   1|   0|    1|          0|
    |inputBuf_1126_fu_10970   |   1|   0|    1|          0|
    |inputBuf_1127_fu_10974   |   1|   0|    1|          0|
    |inputBuf_1128_fu_10978   |   1|   0|    1|          0|
    |inputBuf_1129_fu_10982   |   1|   0|    1|          0|
    |inputBuf_112_fu_6914     |   1|   0|    1|          0|
    |inputBuf_1130_fu_10986   |   1|   0|    1|          0|
    |inputBuf_1131_fu_10990   |   1|   0|    1|          0|
    |inputBuf_1132_fu_10994   |   1|   0|    1|          0|
    |inputBuf_1133_fu_10998   |   1|   0|    1|          0|
    |inputBuf_1134_fu_11002   |   1|   0|    1|          0|
    |inputBuf_1135_fu_11006   |   1|   0|    1|          0|
    |inputBuf_1136_fu_11010   |   1|   0|    1|          0|
    |inputBuf_1137_fu_11014   |   1|   0|    1|          0|
    |inputBuf_1138_fu_11018   |   1|   0|    1|          0|
    |inputBuf_1139_fu_11022   |   1|   0|    1|          0|
    |inputBuf_113_fu_6918     |   1|   0|    1|          0|
    |inputBuf_1140_fu_11026   |   1|   0|    1|          0|
    |inputBuf_1141_fu_11030   |   1|   0|    1|          0|
    |inputBuf_1142_fu_11034   |   1|   0|    1|          0|
    |inputBuf_1143_fu_11038   |   1|   0|    1|          0|
    |inputBuf_1144_fu_11042   |   1|   0|    1|          0|
    |inputBuf_1145_fu_11046   |   1|   0|    1|          0|
    |inputBuf_1146_fu_11050   |   1|   0|    1|          0|
    |inputBuf_1147_fu_11054   |   1|   0|    1|          0|
    |inputBuf_1148_fu_11058   |   1|   0|    1|          0|
    |inputBuf_1149_fu_11062   |   1|   0|    1|          0|
    |inputBuf_114_fu_6922     |   1|   0|    1|          0|
    |inputBuf_1150_fu_11066   |   1|   0|    1|          0|
    |inputBuf_1151_fu_11070   |   1|   0|    1|          0|
    |inputBuf_1152_fu_11074   |   1|   0|    1|          0|
    |inputBuf_1153_fu_11078   |   1|   0|    1|          0|
    |inputBuf_1154_fu_11082   |   1|   0|    1|          0|
    |inputBuf_1155_fu_11086   |   1|   0|    1|          0|
    |inputBuf_1156_fu_11090   |   1|   0|    1|          0|
    |inputBuf_1157_fu_11094   |   1|   0|    1|          0|
    |inputBuf_1158_fu_11098   |   1|   0|    1|          0|
    |inputBuf_1159_fu_11102   |   1|   0|    1|          0|
    |inputBuf_115_fu_6926     |   1|   0|    1|          0|
    |inputBuf_1160_fu_11106   |   1|   0|    1|          0|
    |inputBuf_1161_fu_11110   |   1|   0|    1|          0|
    |inputBuf_1162_fu_11114   |   1|   0|    1|          0|
    |inputBuf_1163_fu_11118   |   1|   0|    1|          0|
    |inputBuf_1164_fu_11122   |   1|   0|    1|          0|
    |inputBuf_1165_fu_11126   |   1|   0|    1|          0|
    |inputBuf_1166_fu_11130   |   1|   0|    1|          0|
    |inputBuf_1167_fu_11134   |   1|   0|    1|          0|
    |inputBuf_1168_fu_11138   |   1|   0|    1|          0|
    |inputBuf_1169_fu_11142   |   1|   0|    1|          0|
    |inputBuf_116_fu_6930     |   1|   0|    1|          0|
    |inputBuf_1170_fu_11146   |   1|   0|    1|          0|
    |inputBuf_1171_fu_11150   |   1|   0|    1|          0|
    |inputBuf_1172_fu_11154   |   1|   0|    1|          0|
    |inputBuf_1173_fu_11158   |   1|   0|    1|          0|
    |inputBuf_1174_fu_11162   |   1|   0|    1|          0|
    |inputBuf_1175_fu_11166   |   1|   0|    1|          0|
    |inputBuf_1176_fu_11170   |   1|   0|    1|          0|
    |inputBuf_1177_fu_11174   |   1|   0|    1|          0|
    |inputBuf_1178_fu_11178   |   1|   0|    1|          0|
    |inputBuf_1179_fu_11182   |   1|   0|    1|          0|
    |inputBuf_117_fu_6934     |   1|   0|    1|          0|
    |inputBuf_1180_fu_11186   |   1|   0|    1|          0|
    |inputBuf_1181_fu_11190   |   1|   0|    1|          0|
    |inputBuf_1182_fu_11194   |   1|   0|    1|          0|
    |inputBuf_1183_fu_11198   |   1|   0|    1|          0|
    |inputBuf_1184_fu_11202   |   1|   0|    1|          0|
    |inputBuf_1185_fu_11206   |   1|   0|    1|          0|
    |inputBuf_1186_fu_11210   |   1|   0|    1|          0|
    |inputBuf_1187_fu_11214   |   1|   0|    1|          0|
    |inputBuf_1188_fu_11218   |   1|   0|    1|          0|
    |inputBuf_1189_fu_11222   |   1|   0|    1|          0|
    |inputBuf_118_fu_6938     |   1|   0|    1|          0|
    |inputBuf_1190_fu_11226   |   1|   0|    1|          0|
    |inputBuf_1191_fu_11230   |   1|   0|    1|          0|
    |inputBuf_1192_fu_11234   |   1|   0|    1|          0|
    |inputBuf_1193_fu_11238   |   1|   0|    1|          0|
    |inputBuf_1194_fu_11242   |   1|   0|    1|          0|
    |inputBuf_1195_fu_11246   |   1|   0|    1|          0|
    |inputBuf_1196_fu_11250   |   1|   0|    1|          0|
    |inputBuf_1197_fu_11254   |   1|   0|    1|          0|
    |inputBuf_1198_fu_11258   |   1|   0|    1|          0|
    |inputBuf_1199_fu_11262   |   1|   0|    1|          0|
    |inputBuf_119_fu_6942     |   1|   0|    1|          0|
    |inputBuf_11_fu_6510      |   1|   0|    1|          0|
    |inputBuf_1200_fu_11266   |   1|   0|    1|          0|
    |inputBuf_1201_fu_11270   |   1|   0|    1|          0|
    |inputBuf_1202_fu_11274   |   1|   0|    1|          0|
    |inputBuf_1203_fu_11278   |   1|   0|    1|          0|
    |inputBuf_1204_fu_11282   |   1|   0|    1|          0|
    |inputBuf_1205_fu_11286   |   1|   0|    1|          0|
    |inputBuf_1206_fu_11290   |   1|   0|    1|          0|
    |inputBuf_1207_fu_11294   |   1|   0|    1|          0|
    |inputBuf_1208_fu_11298   |   1|   0|    1|          0|
    |inputBuf_1209_fu_11302   |   1|   0|    1|          0|
    |inputBuf_120_fu_6946     |   1|   0|    1|          0|
    |inputBuf_1210_fu_11306   |   1|   0|    1|          0|
    |inputBuf_1211_fu_11310   |   1|   0|    1|          0|
    |inputBuf_1212_fu_11314   |   1|   0|    1|          0|
    |inputBuf_1213_fu_11318   |   1|   0|    1|          0|
    |inputBuf_1214_fu_11322   |   1|   0|    1|          0|
    |inputBuf_1215_fu_11326   |   1|   0|    1|          0|
    |inputBuf_1216_fu_11330   |   1|   0|    1|          0|
    |inputBuf_1217_fu_11334   |   1|   0|    1|          0|
    |inputBuf_1218_fu_11338   |   1|   0|    1|          0|
    |inputBuf_1219_fu_11342   |   1|   0|    1|          0|
    |inputBuf_121_fu_6950     |   1|   0|    1|          0|
    |inputBuf_1220_fu_11346   |   1|   0|    1|          0|
    |inputBuf_1221_fu_11350   |   1|   0|    1|          0|
    |inputBuf_1222_fu_11354   |   1|   0|    1|          0|
    |inputBuf_1223_fu_11358   |   1|   0|    1|          0|
    |inputBuf_1224_fu_11362   |   1|   0|    1|          0|
    |inputBuf_1225_fu_11366   |   1|   0|    1|          0|
    |inputBuf_1226_fu_11370   |   1|   0|    1|          0|
    |inputBuf_1227_fu_11374   |   1|   0|    1|          0|
    |inputBuf_1228_fu_11378   |   1|   0|    1|          0|
    |inputBuf_1229_fu_11382   |   1|   0|    1|          0|
    |inputBuf_122_fu_6954     |   1|   0|    1|          0|
    |inputBuf_1230_fu_11386   |   1|   0|    1|          0|
    |inputBuf_1231_fu_11390   |   1|   0|    1|          0|
    |inputBuf_1232_fu_11394   |   1|   0|    1|          0|
    |inputBuf_1233_fu_11398   |   1|   0|    1|          0|
    |inputBuf_1234_fu_11402   |   1|   0|    1|          0|
    |inputBuf_1235_fu_11406   |   1|   0|    1|          0|
    |inputBuf_1236_fu_11410   |   1|   0|    1|          0|
    |inputBuf_1237_fu_11414   |   1|   0|    1|          0|
    |inputBuf_1238_fu_11418   |   1|   0|    1|          0|
    |inputBuf_1239_fu_11422   |   1|   0|    1|          0|
    |inputBuf_123_fu_6958     |   1|   0|    1|          0|
    |inputBuf_1240_fu_11426   |   1|   0|    1|          0|
    |inputBuf_1241_fu_11430   |   1|   0|    1|          0|
    |inputBuf_1242_fu_11434   |   1|   0|    1|          0|
    |inputBuf_1243_fu_11438   |   1|   0|    1|          0|
    |inputBuf_1244_fu_11442   |   1|   0|    1|          0|
    |inputBuf_1245_fu_11446   |   1|   0|    1|          0|
    |inputBuf_1246_fu_11450   |   1|   0|    1|          0|
    |inputBuf_1247_fu_11454   |   1|   0|    1|          0|
    |inputBuf_1248_fu_11458   |   1|   0|    1|          0|
    |inputBuf_1249_fu_11462   |   1|   0|    1|          0|
    |inputBuf_124_fu_6962     |   1|   0|    1|          0|
    |inputBuf_1250_fu_11466   |   1|   0|    1|          0|
    |inputBuf_1251_fu_11470   |   1|   0|    1|          0|
    |inputBuf_1252_fu_11474   |   1|   0|    1|          0|
    |inputBuf_1253_fu_11478   |   1|   0|    1|          0|
    |inputBuf_1254_fu_11482   |   1|   0|    1|          0|
    |inputBuf_1255_fu_11486   |   1|   0|    1|          0|
    |inputBuf_1256_fu_11490   |   1|   0|    1|          0|
    |inputBuf_1257_fu_11494   |   1|   0|    1|          0|
    |inputBuf_1258_fu_11498   |   1|   0|    1|          0|
    |inputBuf_1259_fu_11502   |   1|   0|    1|          0|
    |inputBuf_125_fu_6966     |   1|   0|    1|          0|
    |inputBuf_1260_fu_11506   |   1|   0|    1|          0|
    |inputBuf_1261_fu_11510   |   1|   0|    1|          0|
    |inputBuf_1262_fu_11514   |   1|   0|    1|          0|
    |inputBuf_1263_fu_11518   |   1|   0|    1|          0|
    |inputBuf_1264_fu_11522   |   1|   0|    1|          0|
    |inputBuf_1265_fu_11526   |   1|   0|    1|          0|
    |inputBuf_1266_fu_11530   |   1|   0|    1|          0|
    |inputBuf_1267_fu_11534   |   1|   0|    1|          0|
    |inputBuf_1268_fu_11538   |   1|   0|    1|          0|
    |inputBuf_1269_fu_11542   |   1|   0|    1|          0|
    |inputBuf_126_fu_6970     |   1|   0|    1|          0|
    |inputBuf_1270_fu_11546   |   1|   0|    1|          0|
    |inputBuf_1271_fu_11550   |   1|   0|    1|          0|
    |inputBuf_1272_fu_11554   |   1|   0|    1|          0|
    |inputBuf_1273_fu_11558   |   1|   0|    1|          0|
    |inputBuf_1274_fu_11562   |   1|   0|    1|          0|
    |inputBuf_1275_fu_11566   |   1|   0|    1|          0|
    |inputBuf_1276_fu_11570   |   1|   0|    1|          0|
    |inputBuf_1277_fu_11574   |   1|   0|    1|          0|
    |inputBuf_1278_fu_11578   |   1|   0|    1|          0|
    |inputBuf_1279_fu_11582   |   1|   0|    1|          0|
    |inputBuf_127_fu_6974     |   1|   0|    1|          0|
    |inputBuf_1280_fu_11586   |   1|   0|    1|          0|
    |inputBuf_1281_fu_11590   |   1|   0|    1|          0|
    |inputBuf_1282_fu_11594   |   1|   0|    1|          0|
    |inputBuf_1283_fu_11598   |   1|   0|    1|          0|
    |inputBuf_1284_fu_11602   |   1|   0|    1|          0|
    |inputBuf_1285_fu_11606   |   1|   0|    1|          0|
    |inputBuf_1286_fu_11610   |   1|   0|    1|          0|
    |inputBuf_1287_fu_11614   |   1|   0|    1|          0|
    |inputBuf_1288_fu_11618   |   1|   0|    1|          0|
    |inputBuf_1289_fu_11622   |   1|   0|    1|          0|
    |inputBuf_128_fu_6978     |   1|   0|    1|          0|
    |inputBuf_1290_fu_11626   |   1|   0|    1|          0|
    |inputBuf_1291_fu_11630   |   1|   0|    1|          0|
    |inputBuf_1292_fu_11634   |   1|   0|    1|          0|
    |inputBuf_1293_fu_11638   |   1|   0|    1|          0|
    |inputBuf_1294_fu_11642   |   1|   0|    1|          0|
    |inputBuf_1295_fu_11646   |   1|   0|    1|          0|
    |inputBuf_1296_fu_11650   |   1|   0|    1|          0|
    |inputBuf_1297_fu_11654   |   1|   0|    1|          0|
    |inputBuf_1298_fu_11658   |   1|   0|    1|          0|
    |inputBuf_1299_fu_11662   |   1|   0|    1|          0|
    |inputBuf_129_fu_6982     |   1|   0|    1|          0|
    |inputBuf_12_fu_6514      |   1|   0|    1|          0|
    |inputBuf_1300_fu_11666   |   1|   0|    1|          0|
    |inputBuf_1301_fu_11670   |   1|   0|    1|          0|
    |inputBuf_1302_fu_11674   |   1|   0|    1|          0|
    |inputBuf_1303_fu_11678   |   1|   0|    1|          0|
    |inputBuf_1304_fu_11682   |   1|   0|    1|          0|
    |inputBuf_1305_fu_11686   |   1|   0|    1|          0|
    |inputBuf_1306_fu_11690   |   1|   0|    1|          0|
    |inputBuf_1307_fu_11694   |   1|   0|    1|          0|
    |inputBuf_1308_fu_11698   |   1|   0|    1|          0|
    |inputBuf_1309_fu_11702   |   1|   0|    1|          0|
    |inputBuf_130_fu_6986     |   1|   0|    1|          0|
    |inputBuf_1310_fu_11706   |   1|   0|    1|          0|
    |inputBuf_1311_fu_11710   |   1|   0|    1|          0|
    |inputBuf_1312_fu_11714   |   1|   0|    1|          0|
    |inputBuf_1313_fu_11718   |   1|   0|    1|          0|
    |inputBuf_1314_fu_11722   |   1|   0|    1|          0|
    |inputBuf_1315_fu_11726   |   1|   0|    1|          0|
    |inputBuf_1316_fu_11730   |   1|   0|    1|          0|
    |inputBuf_1317_fu_11734   |   1|   0|    1|          0|
    |inputBuf_1318_fu_11738   |   1|   0|    1|          0|
    |inputBuf_1319_fu_11742   |   1|   0|    1|          0|
    |inputBuf_131_fu_6990     |   1|   0|    1|          0|
    |inputBuf_1320_fu_11746   |   1|   0|    1|          0|
    |inputBuf_1321_fu_11750   |   1|   0|    1|          0|
    |inputBuf_1322_fu_11754   |   1|   0|    1|          0|
    |inputBuf_1323_fu_11758   |   1|   0|    1|          0|
    |inputBuf_1324_fu_11762   |   1|   0|    1|          0|
    |inputBuf_1325_fu_11766   |   1|   0|    1|          0|
    |inputBuf_1326_fu_11770   |   1|   0|    1|          0|
    |inputBuf_1327_fu_11774   |   1|   0|    1|          0|
    |inputBuf_1328_fu_11778   |   1|   0|    1|          0|
    |inputBuf_1329_fu_11782   |   1|   0|    1|          0|
    |inputBuf_132_fu_6994     |   1|   0|    1|          0|
    |inputBuf_1330_fu_11786   |   1|   0|    1|          0|
    |inputBuf_1331_fu_11790   |   1|   0|    1|          0|
    |inputBuf_1332_fu_11794   |   1|   0|    1|          0|
    |inputBuf_1333_fu_11798   |   1|   0|    1|          0|
    |inputBuf_1334_fu_11802   |   1|   0|    1|          0|
    |inputBuf_1335_fu_11806   |   1|   0|    1|          0|
    |inputBuf_1336_fu_11810   |   1|   0|    1|          0|
    |inputBuf_1337_fu_11814   |   1|   0|    1|          0|
    |inputBuf_1338_fu_11818   |   1|   0|    1|          0|
    |inputBuf_1339_fu_11822   |   1|   0|    1|          0|
    |inputBuf_133_fu_6998     |   1|   0|    1|          0|
    |inputBuf_1340_fu_11826   |   1|   0|    1|          0|
    |inputBuf_1341_fu_11830   |   1|   0|    1|          0|
    |inputBuf_1342_fu_11834   |   1|   0|    1|          0|
    |inputBuf_1343_fu_11838   |   1|   0|    1|          0|
    |inputBuf_1344_fu_11842   |   1|   0|    1|          0|
    |inputBuf_1345_fu_11846   |   1|   0|    1|          0|
    |inputBuf_1346_fu_11850   |   1|   0|    1|          0|
    |inputBuf_1347_fu_11854   |   1|   0|    1|          0|
    |inputBuf_1348_fu_11858   |   1|   0|    1|          0|
    |inputBuf_1349_fu_11862   |   1|   0|    1|          0|
    |inputBuf_134_fu_7002     |   1|   0|    1|          0|
    |inputBuf_1350_fu_11866   |   1|   0|    1|          0|
    |inputBuf_1351_fu_11870   |   1|   0|    1|          0|
    |inputBuf_1352_fu_11874   |   1|   0|    1|          0|
    |inputBuf_1353_fu_11878   |   1|   0|    1|          0|
    |inputBuf_1354_fu_11882   |   1|   0|    1|          0|
    |inputBuf_1355_fu_11886   |   1|   0|    1|          0|
    |inputBuf_1356_fu_11890   |   1|   0|    1|          0|
    |inputBuf_1357_fu_11894   |   1|   0|    1|          0|
    |inputBuf_1358_fu_11898   |   1|   0|    1|          0|
    |inputBuf_1359_fu_11902   |   1|   0|    1|          0|
    |inputBuf_135_fu_7006     |   1|   0|    1|          0|
    |inputBuf_1360_fu_11906   |   1|   0|    1|          0|
    |inputBuf_1361_fu_11910   |   1|   0|    1|          0|
    |inputBuf_1362_fu_11914   |   1|   0|    1|          0|
    |inputBuf_1363_fu_11918   |   1|   0|    1|          0|
    |inputBuf_1364_fu_11922   |   1|   0|    1|          0|
    |inputBuf_1365_fu_11926   |   1|   0|    1|          0|
    |inputBuf_1366_fu_11930   |   1|   0|    1|          0|
    |inputBuf_1367_fu_11934   |   1|   0|    1|          0|
    |inputBuf_1368_fu_11938   |   1|   0|    1|          0|
    |inputBuf_1369_fu_11942   |   1|   0|    1|          0|
    |inputBuf_136_fu_7010     |   1|   0|    1|          0|
    |inputBuf_1370_fu_11946   |   1|   0|    1|          0|
    |inputBuf_1371_fu_11950   |   1|   0|    1|          0|
    |inputBuf_1372_fu_11954   |   1|   0|    1|          0|
    |inputBuf_1373_fu_11958   |   1|   0|    1|          0|
    |inputBuf_1374_fu_11962   |   1|   0|    1|          0|
    |inputBuf_1375_fu_11966   |   1|   0|    1|          0|
    |inputBuf_1376_fu_11970   |   1|   0|    1|          0|
    |inputBuf_1377_fu_11974   |   1|   0|    1|          0|
    |inputBuf_1378_fu_11978   |   1|   0|    1|          0|
    |inputBuf_1379_fu_11982   |   1|   0|    1|          0|
    |inputBuf_137_fu_7014     |   1|   0|    1|          0|
    |inputBuf_1380_fu_11986   |   1|   0|    1|          0|
    |inputBuf_1381_fu_11990   |   1|   0|    1|          0|
    |inputBuf_1382_fu_11994   |   1|   0|    1|          0|
    |inputBuf_1383_fu_11998   |   1|   0|    1|          0|
    |inputBuf_1384_fu_12002   |   1|   0|    1|          0|
    |inputBuf_1385_fu_12006   |   1|   0|    1|          0|
    |inputBuf_1386_fu_12010   |   1|   0|    1|          0|
    |inputBuf_1387_fu_12014   |   1|   0|    1|          0|
    |inputBuf_1388_fu_12018   |   1|   0|    1|          0|
    |inputBuf_1389_fu_12022   |   1|   0|    1|          0|
    |inputBuf_138_fu_7018     |   1|   0|    1|          0|
    |inputBuf_1390_fu_12026   |   1|   0|    1|          0|
    |inputBuf_1391_fu_12030   |   1|   0|    1|          0|
    |inputBuf_1392_fu_12034   |   1|   0|    1|          0|
    |inputBuf_1393_fu_12038   |   1|   0|    1|          0|
    |inputBuf_1394_fu_12042   |   1|   0|    1|          0|
    |inputBuf_1395_fu_12046   |   1|   0|    1|          0|
    |inputBuf_1396_fu_12050   |   1|   0|    1|          0|
    |inputBuf_1397_fu_12054   |   1|   0|    1|          0|
    |inputBuf_1398_fu_12058   |   1|   0|    1|          0|
    |inputBuf_1399_fu_12062   |   1|   0|    1|          0|
    |inputBuf_139_fu_7022     |   1|   0|    1|          0|
    |inputBuf_13_fu_6518      |   1|   0|    1|          0|
    |inputBuf_1400_fu_12066   |   1|   0|    1|          0|
    |inputBuf_1401_fu_12070   |   1|   0|    1|          0|
    |inputBuf_1402_fu_12074   |   1|   0|    1|          0|
    |inputBuf_1403_fu_12078   |   1|   0|    1|          0|
    |inputBuf_1404_fu_12082   |   1|   0|    1|          0|
    |inputBuf_1405_fu_12086   |   1|   0|    1|          0|
    |inputBuf_1406_fu_12090   |   1|   0|    1|          0|
    |inputBuf_1407_fu_12094   |   1|   0|    1|          0|
    |inputBuf_1408_fu_12098   |   1|   0|    1|          0|
    |inputBuf_1409_fu_12102   |   1|   0|    1|          0|
    |inputBuf_140_fu_7026     |   1|   0|    1|          0|
    |inputBuf_1410_fu_12106   |   1|   0|    1|          0|
    |inputBuf_1411_fu_12110   |   1|   0|    1|          0|
    |inputBuf_1412_fu_12114   |   1|   0|    1|          0|
    |inputBuf_1413_fu_12118   |   1|   0|    1|          0|
    |inputBuf_1414_fu_12122   |   1|   0|    1|          0|
    |inputBuf_1415_fu_12126   |   1|   0|    1|          0|
    |inputBuf_1416_fu_12130   |   1|   0|    1|          0|
    |inputBuf_1417_fu_12134   |   1|   0|    1|          0|
    |inputBuf_1418_fu_12138   |   1|   0|    1|          0|
    |inputBuf_1419_fu_12142   |   1|   0|    1|          0|
    |inputBuf_141_fu_7030     |   1|   0|    1|          0|
    |inputBuf_1420_fu_12146   |   1|   0|    1|          0|
    |inputBuf_1421_fu_12150   |   1|   0|    1|          0|
    |inputBuf_1422_fu_12154   |   1|   0|    1|          0|
    |inputBuf_1423_fu_12158   |   1|   0|    1|          0|
    |inputBuf_1424_fu_12162   |   1|   0|    1|          0|
    |inputBuf_1425_fu_12166   |   1|   0|    1|          0|
    |inputBuf_1426_fu_12170   |   1|   0|    1|          0|
    |inputBuf_1427_fu_12174   |   1|   0|    1|          0|
    |inputBuf_1428_fu_12178   |   1|   0|    1|          0|
    |inputBuf_1429_fu_12182   |   1|   0|    1|          0|
    |inputBuf_142_fu_7034     |   1|   0|    1|          0|
    |inputBuf_1430_fu_12186   |   1|   0|    1|          0|
    |inputBuf_1431_fu_12190   |   1|   0|    1|          0|
    |inputBuf_1432_fu_12194   |   1|   0|    1|          0|
    |inputBuf_1433_fu_12198   |   1|   0|    1|          0|
    |inputBuf_1434_fu_12202   |   1|   0|    1|          0|
    |inputBuf_1435_fu_12206   |   1|   0|    1|          0|
    |inputBuf_1436_fu_12210   |   1|   0|    1|          0|
    |inputBuf_1437_fu_12214   |   1|   0|    1|          0|
    |inputBuf_1438_fu_12218   |   1|   0|    1|          0|
    |inputBuf_1439_fu_12222   |   1|   0|    1|          0|
    |inputBuf_143_fu_7038     |   1|   0|    1|          0|
    |inputBuf_1440_fu_12226   |   1|   0|    1|          0|
    |inputBuf_1441_fu_12230   |   1|   0|    1|          0|
    |inputBuf_1442_fu_12234   |   1|   0|    1|          0|
    |inputBuf_1443_fu_12238   |   1|   0|    1|          0|
    |inputBuf_1444_fu_12242   |   1|   0|    1|          0|
    |inputBuf_1445_fu_12246   |   1|   0|    1|          0|
    |inputBuf_1446_fu_12250   |   1|   0|    1|          0|
    |inputBuf_1447_fu_12254   |   1|   0|    1|          0|
    |inputBuf_1448_fu_12258   |   1|   0|    1|          0|
    |inputBuf_1449_fu_12262   |   1|   0|    1|          0|
    |inputBuf_144_fu_7042     |   1|   0|    1|          0|
    |inputBuf_1450_fu_12266   |   1|   0|    1|          0|
    |inputBuf_1451_fu_12270   |   1|   0|    1|          0|
    |inputBuf_1452_fu_12274   |   1|   0|    1|          0|
    |inputBuf_1453_fu_12278   |   1|   0|    1|          0|
    |inputBuf_1454_fu_12282   |   1|   0|    1|          0|
    |inputBuf_1455_fu_12286   |   1|   0|    1|          0|
    |inputBuf_1456_fu_12290   |   1|   0|    1|          0|
    |inputBuf_1457_fu_12294   |   1|   0|    1|          0|
    |inputBuf_1458_fu_12298   |   1|   0|    1|          0|
    |inputBuf_1459_fu_12302   |   1|   0|    1|          0|
    |inputBuf_145_fu_7046     |   1|   0|    1|          0|
    |inputBuf_1460_fu_12306   |   1|   0|    1|          0|
    |inputBuf_1461_fu_12310   |   1|   0|    1|          0|
    |inputBuf_1462_fu_12314   |   1|   0|    1|          0|
    |inputBuf_1463_fu_12318   |   1|   0|    1|          0|
    |inputBuf_1464_fu_12322   |   1|   0|    1|          0|
    |inputBuf_1465_fu_12326   |   1|   0|    1|          0|
    |inputBuf_1466_fu_12330   |   1|   0|    1|          0|
    |inputBuf_1467_fu_12334   |   1|   0|    1|          0|
    |inputBuf_1468_fu_12338   |   1|   0|    1|          0|
    |inputBuf_1469_fu_12342   |   1|   0|    1|          0|
    |inputBuf_146_fu_7050     |   1|   0|    1|          0|
    |inputBuf_1470_fu_12346   |   1|   0|    1|          0|
    |inputBuf_1471_fu_12350   |   1|   0|    1|          0|
    |inputBuf_1472_fu_12354   |   1|   0|    1|          0|
    |inputBuf_1473_fu_12358   |   1|   0|    1|          0|
    |inputBuf_1474_fu_12362   |   1|   0|    1|          0|
    |inputBuf_1475_fu_12366   |   1|   0|    1|          0|
    |inputBuf_1476_fu_12370   |   1|   0|    1|          0|
    |inputBuf_1477_fu_12374   |   1|   0|    1|          0|
    |inputBuf_1478_fu_12378   |   1|   0|    1|          0|
    |inputBuf_1479_fu_12382   |   1|   0|    1|          0|
    |inputBuf_147_fu_7054     |   1|   0|    1|          0|
    |inputBuf_1480_fu_12386   |   1|   0|    1|          0|
    |inputBuf_1481_fu_12390   |   1|   0|    1|          0|
    |inputBuf_1482_fu_12394   |   1|   0|    1|          0|
    |inputBuf_1483_fu_12398   |   1|   0|    1|          0|
    |inputBuf_1484_fu_12402   |   1|   0|    1|          0|
    |inputBuf_1485_fu_12406   |   1|   0|    1|          0|
    |inputBuf_1486_fu_12410   |   1|   0|    1|          0|
    |inputBuf_1487_fu_12414   |   1|   0|    1|          0|
    |inputBuf_1488_fu_12418   |   1|   0|    1|          0|
    |inputBuf_1489_fu_12422   |   1|   0|    1|          0|
    |inputBuf_148_fu_7058     |   1|   0|    1|          0|
    |inputBuf_1490_fu_12426   |   1|   0|    1|          0|
    |inputBuf_1491_fu_12430   |   1|   0|    1|          0|
    |inputBuf_1492_fu_12434   |   1|   0|    1|          0|
    |inputBuf_1493_fu_12438   |   1|   0|    1|          0|
    |inputBuf_1494_fu_12442   |   1|   0|    1|          0|
    |inputBuf_1495_fu_12446   |   1|   0|    1|          0|
    |inputBuf_1496_fu_12450   |   1|   0|    1|          0|
    |inputBuf_1497_fu_12454   |   1|   0|    1|          0|
    |inputBuf_1498_fu_12458   |   1|   0|    1|          0|
    |inputBuf_1499_fu_12462   |   1|   0|    1|          0|
    |inputBuf_149_fu_7062     |   1|   0|    1|          0|
    |inputBuf_14_fu_6522      |   1|   0|    1|          0|
    |inputBuf_1500_fu_12466   |   1|   0|    1|          0|
    |inputBuf_1501_fu_12470   |   1|   0|    1|          0|
    |inputBuf_1502_fu_12474   |   1|   0|    1|          0|
    |inputBuf_1503_fu_12478   |   1|   0|    1|          0|
    |inputBuf_1504_fu_12482   |   1|   0|    1|          0|
    |inputBuf_1505_fu_12486   |   1|   0|    1|          0|
    |inputBuf_1506_fu_12490   |   1|   0|    1|          0|
    |inputBuf_1507_fu_12494   |   1|   0|    1|          0|
    |inputBuf_1508_fu_12498   |   1|   0|    1|          0|
    |inputBuf_1509_fu_12502   |   1|   0|    1|          0|
    |inputBuf_150_fu_7066     |   1|   0|    1|          0|
    |inputBuf_1510_fu_12506   |   1|   0|    1|          0|
    |inputBuf_1511_fu_12510   |   1|   0|    1|          0|
    |inputBuf_1512_fu_12514   |   1|   0|    1|          0|
    |inputBuf_1513_fu_12518   |   1|   0|    1|          0|
    |inputBuf_1514_fu_12522   |   1|   0|    1|          0|
    |inputBuf_1515_fu_12526   |   1|   0|    1|          0|
    |inputBuf_1516_fu_12530   |   1|   0|    1|          0|
    |inputBuf_1517_fu_12534   |   1|   0|    1|          0|
    |inputBuf_1518_fu_12538   |   1|   0|    1|          0|
    |inputBuf_1519_fu_12542   |   1|   0|    1|          0|
    |inputBuf_151_fu_7070     |   1|   0|    1|          0|
    |inputBuf_1520_fu_12546   |   1|   0|    1|          0|
    |inputBuf_1521_fu_12550   |   1|   0|    1|          0|
    |inputBuf_1522_fu_12554   |   1|   0|    1|          0|
    |inputBuf_1523_fu_12558   |   1|   0|    1|          0|
    |inputBuf_1524_fu_12562   |   1|   0|    1|          0|
    |inputBuf_1525_fu_12566   |   1|   0|    1|          0|
    |inputBuf_1526_fu_12570   |   1|   0|    1|          0|
    |inputBuf_1527_fu_12574   |   1|   0|    1|          0|
    |inputBuf_1528_fu_12578   |   1|   0|    1|          0|
    |inputBuf_1529_fu_12582   |   1|   0|    1|          0|
    |inputBuf_152_fu_7074     |   1|   0|    1|          0|
    |inputBuf_1530_fu_12586   |   1|   0|    1|          0|
    |inputBuf_1531_fu_12590   |   1|   0|    1|          0|
    |inputBuf_1532_fu_12594   |   1|   0|    1|          0|
    |inputBuf_1533_fu_12598   |   1|   0|    1|          0|
    |inputBuf_1534_fu_12602   |   1|   0|    1|          0|
    |inputBuf_1535_fu_12606   |   1|   0|    1|          0|
    |inputBuf_1536_fu_12610   |   1|   0|    1|          0|
    |inputBuf_1537_fu_12614   |   1|   0|    1|          0|
    |inputBuf_1538_fu_12618   |   1|   0|    1|          0|
    |inputBuf_1539_fu_12622   |   1|   0|    1|          0|
    |inputBuf_153_fu_7078     |   1|   0|    1|          0|
    |inputBuf_1540_fu_12626   |   1|   0|    1|          0|
    |inputBuf_1541_fu_12630   |   1|   0|    1|          0|
    |inputBuf_1542_fu_12634   |   1|   0|    1|          0|
    |inputBuf_1543_fu_12638   |   1|   0|    1|          0|
    |inputBuf_1544_fu_12642   |   1|   0|    1|          0|
    |inputBuf_1545_fu_12646   |   1|   0|    1|          0|
    |inputBuf_1546_fu_12650   |   1|   0|    1|          0|
    |inputBuf_1547_fu_12654   |   1|   0|    1|          0|
    |inputBuf_1548_fu_12658   |   1|   0|    1|          0|
    |inputBuf_1549_fu_12662   |   1|   0|    1|          0|
    |inputBuf_154_fu_7082     |   1|   0|    1|          0|
    |inputBuf_1550_fu_12666   |   1|   0|    1|          0|
    |inputBuf_1551_fu_12670   |   1|   0|    1|          0|
    |inputBuf_1552_fu_12674   |   1|   0|    1|          0|
    |inputBuf_1553_fu_12678   |   1|   0|    1|          0|
    |inputBuf_1554_fu_12682   |   1|   0|    1|          0|
    |inputBuf_1555_fu_12686   |   1|   0|    1|          0|
    |inputBuf_1556_fu_12690   |   1|   0|    1|          0|
    |inputBuf_1557_fu_12694   |   1|   0|    1|          0|
    |inputBuf_1558_fu_12698   |   1|   0|    1|          0|
    |inputBuf_1559_fu_12702   |   1|   0|    1|          0|
    |inputBuf_155_fu_7086     |   1|   0|    1|          0|
    |inputBuf_1560_fu_12706   |   1|   0|    1|          0|
    |inputBuf_1561_fu_12710   |   1|   0|    1|          0|
    |inputBuf_1562_fu_12714   |   1|   0|    1|          0|
    |inputBuf_1563_fu_12718   |   1|   0|    1|          0|
    |inputBuf_1564_fu_12722   |   1|   0|    1|          0|
    |inputBuf_1565_fu_12726   |   1|   0|    1|          0|
    |inputBuf_1566_fu_12730   |   1|   0|    1|          0|
    |inputBuf_1567_fu_12734   |   1|   0|    1|          0|
    |inputBuf_1568_fu_12738   |   1|   0|    1|          0|
    |inputBuf_1569_fu_12742   |   1|   0|    1|          0|
    |inputBuf_156_fu_7090     |   1|   0|    1|          0|
    |inputBuf_1570_fu_12746   |   1|   0|    1|          0|
    |inputBuf_1571_fu_12750   |   1|   0|    1|          0|
    |inputBuf_1572_fu_12754   |   1|   0|    1|          0|
    |inputBuf_1573_fu_12758   |   1|   0|    1|          0|
    |inputBuf_1574_fu_12762   |   1|   0|    1|          0|
    |inputBuf_1575_fu_12766   |   1|   0|    1|          0|
    |inputBuf_1576_fu_12770   |   1|   0|    1|          0|
    |inputBuf_1577_fu_12774   |   1|   0|    1|          0|
    |inputBuf_1578_fu_12778   |   1|   0|    1|          0|
    |inputBuf_1579_fu_12782   |   1|   0|    1|          0|
    |inputBuf_157_fu_7094     |   1|   0|    1|          0|
    |inputBuf_1580_fu_12786   |   1|   0|    1|          0|
    |inputBuf_1581_fu_12790   |   1|   0|    1|          0|
    |inputBuf_1582_fu_12794   |   1|   0|    1|          0|
    |inputBuf_1583_fu_12798   |   1|   0|    1|          0|
    |inputBuf_1584_fu_12802   |   1|   0|    1|          0|
    |inputBuf_1585_fu_12806   |   1|   0|    1|          0|
    |inputBuf_1586_fu_12810   |   1|   0|    1|          0|
    |inputBuf_1587_fu_12814   |   1|   0|    1|          0|
    |inputBuf_1588_fu_12818   |   1|   0|    1|          0|
    |inputBuf_1589_fu_12822   |   1|   0|    1|          0|
    |inputBuf_158_fu_7098     |   1|   0|    1|          0|
    |inputBuf_1590_fu_12826   |   1|   0|    1|          0|
    |inputBuf_1591_fu_12830   |   1|   0|    1|          0|
    |inputBuf_1592_fu_12834   |   1|   0|    1|          0|
    |inputBuf_1593_fu_12838   |   1|   0|    1|          0|
    |inputBuf_1594_fu_12842   |   1|   0|    1|          0|
    |inputBuf_1595_fu_12846   |   1|   0|    1|          0|
    |inputBuf_1596_fu_12850   |   1|   0|    1|          0|
    |inputBuf_1597_fu_12854   |   1|   0|    1|          0|
    |inputBuf_1598_fu_12858   |   1|   0|    1|          0|
    |inputBuf_1599_fu_12862   |   1|   0|    1|          0|
    |inputBuf_159_fu_7102     |   1|   0|    1|          0|
    |inputBuf_15_fu_6526      |   1|   0|    1|          0|
    |inputBuf_1600_fu_12866   |   1|   0|    1|          0|
    |inputBuf_1601_fu_12870   |   1|   0|    1|          0|
    |inputBuf_1602_fu_12874   |   1|   0|    1|          0|
    |inputBuf_1603_fu_12878   |   1|   0|    1|          0|
    |inputBuf_1604_fu_12882   |   1|   0|    1|          0|
    |inputBuf_1605_fu_12886   |   1|   0|    1|          0|
    |inputBuf_1606_fu_12890   |   1|   0|    1|          0|
    |inputBuf_1607_fu_12894   |   1|   0|    1|          0|
    |inputBuf_1608_fu_12898   |   1|   0|    1|          0|
    |inputBuf_1609_fu_12902   |   1|   0|    1|          0|
    |inputBuf_160_fu_7106     |   1|   0|    1|          0|
    |inputBuf_1610_fu_12906   |   1|   0|    1|          0|
    |inputBuf_1611_fu_12910   |   1|   0|    1|          0|
    |inputBuf_1612_fu_12914   |   1|   0|    1|          0|
    |inputBuf_1613_fu_12918   |   1|   0|    1|          0|
    |inputBuf_1614_fu_12922   |   1|   0|    1|          0|
    |inputBuf_1615_fu_12926   |   1|   0|    1|          0|
    |inputBuf_1616_fu_12930   |   1|   0|    1|          0|
    |inputBuf_1617_fu_12934   |   1|   0|    1|          0|
    |inputBuf_1618_fu_12938   |   1|   0|    1|          0|
    |inputBuf_1619_fu_12942   |   1|   0|    1|          0|
    |inputBuf_161_fu_7110     |   1|   0|    1|          0|
    |inputBuf_1620_fu_12946   |   1|   0|    1|          0|
    |inputBuf_1621_fu_12950   |   1|   0|    1|          0|
    |inputBuf_1622_fu_12954   |   1|   0|    1|          0|
    |inputBuf_1623_fu_12958   |   1|   0|    1|          0|
    |inputBuf_1624_fu_12962   |   1|   0|    1|          0|
    |inputBuf_1625_fu_12966   |   1|   0|    1|          0|
    |inputBuf_1626_fu_12970   |   1|   0|    1|          0|
    |inputBuf_1627_fu_12974   |   1|   0|    1|          0|
    |inputBuf_1628_fu_12978   |   1|   0|    1|          0|
    |inputBuf_1629_fu_12982   |   1|   0|    1|          0|
    |inputBuf_162_fu_7114     |   1|   0|    1|          0|
    |inputBuf_1630_fu_12986   |   1|   0|    1|          0|
    |inputBuf_1631_fu_12990   |   1|   0|    1|          0|
    |inputBuf_1632_fu_12994   |   1|   0|    1|          0|
    |inputBuf_1633_fu_12998   |   1|   0|    1|          0|
    |inputBuf_1634_fu_13002   |   1|   0|    1|          0|
    |inputBuf_1635_fu_13006   |   1|   0|    1|          0|
    |inputBuf_1636_fu_13010   |   1|   0|    1|          0|
    |inputBuf_1637_fu_13014   |   1|   0|    1|          0|
    |inputBuf_1638_fu_13018   |   1|   0|    1|          0|
    |inputBuf_1639_fu_13022   |   1|   0|    1|          0|
    |inputBuf_163_fu_7118     |   1|   0|    1|          0|
    |inputBuf_1640_fu_13026   |   1|   0|    1|          0|
    |inputBuf_1641_fu_13030   |   1|   0|    1|          0|
    |inputBuf_1642_fu_13034   |   1|   0|    1|          0|
    |inputBuf_1643_fu_13038   |   1|   0|    1|          0|
    |inputBuf_1644_fu_13042   |   1|   0|    1|          0|
    |inputBuf_1645_fu_13046   |   1|   0|    1|          0|
    |inputBuf_1646_fu_13050   |   1|   0|    1|          0|
    |inputBuf_1647_fu_13054   |   1|   0|    1|          0|
    |inputBuf_1648_fu_13058   |   1|   0|    1|          0|
    |inputBuf_1649_fu_13062   |   1|   0|    1|          0|
    |inputBuf_164_fu_7122     |   1|   0|    1|          0|
    |inputBuf_1650_fu_13066   |   1|   0|    1|          0|
    |inputBuf_1651_fu_13070   |   1|   0|    1|          0|
    |inputBuf_1652_fu_13074   |   1|   0|    1|          0|
    |inputBuf_1653_fu_13078   |   1|   0|    1|          0|
    |inputBuf_1654_fu_13082   |   1|   0|    1|          0|
    |inputBuf_1655_fu_13086   |   1|   0|    1|          0|
    |inputBuf_1656_fu_13090   |   1|   0|    1|          0|
    |inputBuf_1657_fu_13094   |   1|   0|    1|          0|
    |inputBuf_1658_fu_13098   |   1|   0|    1|          0|
    |inputBuf_1659_fu_13102   |   1|   0|    1|          0|
    |inputBuf_165_fu_7126     |   1|   0|    1|          0|
    |inputBuf_1660_fu_13106   |   1|   0|    1|          0|
    |inputBuf_1661_fu_13110   |   1|   0|    1|          0|
    |inputBuf_1662_fu_13114   |   1|   0|    1|          0|
    |inputBuf_1663_fu_13118   |   1|   0|    1|          0|
    |inputBuf_1664_fu_13122   |   1|   0|    1|          0|
    |inputBuf_1665_fu_13126   |   1|   0|    1|          0|
    |inputBuf_1666_fu_13130   |   1|   0|    1|          0|
    |inputBuf_1667_fu_13134   |   1|   0|    1|          0|
    |inputBuf_1668_fu_13138   |   1|   0|    1|          0|
    |inputBuf_1669_fu_13142   |   1|   0|    1|          0|
    |inputBuf_166_fu_7130     |   1|   0|    1|          0|
    |inputBuf_1670_fu_13146   |   1|   0|    1|          0|
    |inputBuf_1671_fu_13150   |   1|   0|    1|          0|
    |inputBuf_1672_fu_13154   |   1|   0|    1|          0|
    |inputBuf_1673_fu_13158   |   1|   0|    1|          0|
    |inputBuf_1674_fu_13162   |   1|   0|    1|          0|
    |inputBuf_1675_fu_13166   |   1|   0|    1|          0|
    |inputBuf_1676_fu_13170   |   1|   0|    1|          0|
    |inputBuf_1677_fu_13174   |   1|   0|    1|          0|
    |inputBuf_1678_fu_13178   |   1|   0|    1|          0|
    |inputBuf_1679_fu_13182   |   1|   0|    1|          0|
    |inputBuf_167_fu_7134     |   1|   0|    1|          0|
    |inputBuf_1680_fu_13186   |   1|   0|    1|          0|
    |inputBuf_1681_fu_13190   |   1|   0|    1|          0|
    |inputBuf_1682_fu_13194   |   1|   0|    1|          0|
    |inputBuf_1683_fu_13198   |   1|   0|    1|          0|
    |inputBuf_1684_fu_13202   |   1|   0|    1|          0|
    |inputBuf_1685_fu_13206   |   1|   0|    1|          0|
    |inputBuf_1686_fu_13210   |   1|   0|    1|          0|
    |inputBuf_1687_fu_13214   |   1|   0|    1|          0|
    |inputBuf_1688_fu_13218   |   1|   0|    1|          0|
    |inputBuf_1689_fu_13222   |   1|   0|    1|          0|
    |inputBuf_168_fu_7138     |   1|   0|    1|          0|
    |inputBuf_1690_fu_13226   |   1|   0|    1|          0|
    |inputBuf_1691_fu_13230   |   1|   0|    1|          0|
    |inputBuf_1692_fu_13234   |   1|   0|    1|          0|
    |inputBuf_1693_fu_13238   |   1|   0|    1|          0|
    |inputBuf_1694_fu_13242   |   1|   0|    1|          0|
    |inputBuf_1695_fu_13246   |   1|   0|    1|          0|
    |inputBuf_1696_fu_13250   |   1|   0|    1|          0|
    |inputBuf_1697_fu_13254   |   1|   0|    1|          0|
    |inputBuf_1698_fu_13258   |   1|   0|    1|          0|
    |inputBuf_1699_fu_13262   |   1|   0|    1|          0|
    |inputBuf_169_fu_7142     |   1|   0|    1|          0|
    |inputBuf_16_fu_6530      |   1|   0|    1|          0|
    |inputBuf_1700_fu_13266   |   1|   0|    1|          0|
    |inputBuf_1701_fu_13270   |   1|   0|    1|          0|
    |inputBuf_1702_fu_13274   |   1|   0|    1|          0|
    |inputBuf_1703_fu_13278   |   1|   0|    1|          0|
    |inputBuf_1704_fu_13282   |   1|   0|    1|          0|
    |inputBuf_1705_fu_13286   |   1|   0|    1|          0|
    |inputBuf_1706_fu_13290   |   1|   0|    1|          0|
    |inputBuf_1707_fu_13294   |   1|   0|    1|          0|
    |inputBuf_1708_fu_13298   |   1|   0|    1|          0|
    |inputBuf_1709_fu_13302   |   1|   0|    1|          0|
    |inputBuf_170_fu_7146     |   1|   0|    1|          0|
    |inputBuf_1710_fu_13306   |   1|   0|    1|          0|
    |inputBuf_1711_fu_13310   |   1|   0|    1|          0|
    |inputBuf_1712_fu_13314   |   1|   0|    1|          0|
    |inputBuf_1713_fu_13318   |   1|   0|    1|          0|
    |inputBuf_1714_fu_13322   |   1|   0|    1|          0|
    |inputBuf_1715_fu_13326   |   1|   0|    1|          0|
    |inputBuf_1716_fu_13330   |   1|   0|    1|          0|
    |inputBuf_1717_fu_13334   |   1|   0|    1|          0|
    |inputBuf_1718_fu_13338   |   1|   0|    1|          0|
    |inputBuf_1719_fu_13342   |   1|   0|    1|          0|
    |inputBuf_171_fu_7150     |   1|   0|    1|          0|
    |inputBuf_1720_fu_13346   |   1|   0|    1|          0|
    |inputBuf_1721_fu_13350   |   1|   0|    1|          0|
    |inputBuf_1722_fu_13354   |   1|   0|    1|          0|
    |inputBuf_1723_fu_13358   |   1|   0|    1|          0|
    |inputBuf_1724_fu_13362   |   1|   0|    1|          0|
    |inputBuf_1725_fu_13366   |   1|   0|    1|          0|
    |inputBuf_1726_fu_13370   |   1|   0|    1|          0|
    |inputBuf_1727_fu_13374   |   1|   0|    1|          0|
    |inputBuf_1728_fu_13378   |   1|   0|    1|          0|
    |inputBuf_1729_fu_13382   |   1|   0|    1|          0|
    |inputBuf_172_fu_7154     |   1|   0|    1|          0|
    |inputBuf_1730_fu_13386   |   1|   0|    1|          0|
    |inputBuf_1731_fu_13390   |   1|   0|    1|          0|
    |inputBuf_1732_fu_13394   |   1|   0|    1|          0|
    |inputBuf_1733_fu_13398   |   1|   0|    1|          0|
    |inputBuf_1734_fu_13402   |   1|   0|    1|          0|
    |inputBuf_1735_fu_13406   |   1|   0|    1|          0|
    |inputBuf_1736_fu_13410   |   1|   0|    1|          0|
    |inputBuf_1737_fu_13414   |   1|   0|    1|          0|
    |inputBuf_1738_fu_13418   |   1|   0|    1|          0|
    |inputBuf_1739_fu_13422   |   1|   0|    1|          0|
    |inputBuf_173_fu_7158     |   1|   0|    1|          0|
    |inputBuf_1740_fu_13426   |   1|   0|    1|          0|
    |inputBuf_1741_fu_13430   |   1|   0|    1|          0|
    |inputBuf_1742_fu_13434   |   1|   0|    1|          0|
    |inputBuf_1743_fu_13438   |   1|   0|    1|          0|
    |inputBuf_1744_fu_13442   |   1|   0|    1|          0|
    |inputBuf_1745_fu_13446   |   1|   0|    1|          0|
    |inputBuf_1746_fu_13450   |   1|   0|    1|          0|
    |inputBuf_1747_fu_13454   |   1|   0|    1|          0|
    |inputBuf_1748_fu_13458   |   1|   0|    1|          0|
    |inputBuf_1749_fu_13462   |   1|   0|    1|          0|
    |inputBuf_174_fu_7162     |   1|   0|    1|          0|
    |inputBuf_1750_fu_13466   |   1|   0|    1|          0|
    |inputBuf_1751_fu_13470   |   1|   0|    1|          0|
    |inputBuf_1752_fu_13474   |   1|   0|    1|          0|
    |inputBuf_1753_fu_13478   |   1|   0|    1|          0|
    |inputBuf_1754_fu_13482   |   1|   0|    1|          0|
    |inputBuf_1755_fu_13486   |   1|   0|    1|          0|
    |inputBuf_1756_fu_13490   |   1|   0|    1|          0|
    |inputBuf_1757_fu_13494   |   1|   0|    1|          0|
    |inputBuf_1758_fu_13498   |   1|   0|    1|          0|
    |inputBuf_1759_fu_13502   |   1|   0|    1|          0|
    |inputBuf_175_fu_7166     |   1|   0|    1|          0|
    |inputBuf_1760_fu_13506   |   1|   0|    1|          0|
    |inputBuf_1761_fu_13510   |   1|   0|    1|          0|
    |inputBuf_1762_fu_13514   |   1|   0|    1|          0|
    |inputBuf_1763_fu_13518   |   1|   0|    1|          0|
    |inputBuf_1764_fu_13522   |   1|   0|    1|          0|
    |inputBuf_1765_fu_13526   |   1|   0|    1|          0|
    |inputBuf_1766_fu_13530   |   1|   0|    1|          0|
    |inputBuf_1767_fu_13534   |   1|   0|    1|          0|
    |inputBuf_1768_fu_13538   |   1|   0|    1|          0|
    |inputBuf_1769_fu_13542   |   1|   0|    1|          0|
    |inputBuf_176_fu_7170     |   1|   0|    1|          0|
    |inputBuf_1770_fu_13546   |   1|   0|    1|          0|
    |inputBuf_1771_fu_13550   |   1|   0|    1|          0|
    |inputBuf_1772_fu_13554   |   1|   0|    1|          0|
    |inputBuf_1773_fu_13558   |   1|   0|    1|          0|
    |inputBuf_1774_fu_13562   |   1|   0|    1|          0|
    |inputBuf_1775_fu_13566   |   1|   0|    1|          0|
    |inputBuf_1776_fu_13570   |   1|   0|    1|          0|
    |inputBuf_1777_fu_13574   |   1|   0|    1|          0|
    |inputBuf_1778_fu_13578   |   1|   0|    1|          0|
    |inputBuf_1779_fu_13582   |   1|   0|    1|          0|
    |inputBuf_177_fu_7174     |   1|   0|    1|          0|
    |inputBuf_1780_fu_13586   |   1|   0|    1|          0|
    |inputBuf_1781_fu_13590   |   1|   0|    1|          0|
    |inputBuf_1782_fu_13594   |   1|   0|    1|          0|
    |inputBuf_1783_fu_13598   |   1|   0|    1|          0|
    |inputBuf_1784_fu_13602   |   1|   0|    1|          0|
    |inputBuf_1785_fu_13606   |   1|   0|    1|          0|
    |inputBuf_1786_fu_13610   |   1|   0|    1|          0|
    |inputBuf_1787_fu_13614   |   1|   0|    1|          0|
    |inputBuf_1788_fu_13618   |   1|   0|    1|          0|
    |inputBuf_1789_fu_13622   |   1|   0|    1|          0|
    |inputBuf_178_fu_7178     |   1|   0|    1|          0|
    |inputBuf_1790_fu_13626   |   1|   0|    1|          0|
    |inputBuf_1791_fu_13630   |   1|   0|    1|          0|
    |inputBuf_1792_fu_13634   |   1|   0|    1|          0|
    |inputBuf_1793_fu_13638   |   1|   0|    1|          0|
    |inputBuf_1794_fu_13642   |   1|   0|    1|          0|
    |inputBuf_1795_fu_13646   |   1|   0|    1|          0|
    |inputBuf_1796_fu_13650   |   1|   0|    1|          0|
    |inputBuf_1797_fu_13654   |   1|   0|    1|          0|
    |inputBuf_1798_fu_13658   |   1|   0|    1|          0|
    |inputBuf_1799_fu_13662   |   1|   0|    1|          0|
    |inputBuf_179_fu_7182     |   1|   0|    1|          0|
    |inputBuf_17_fu_6534      |   1|   0|    1|          0|
    |inputBuf_1800_fu_13666   |   1|   0|    1|          0|
    |inputBuf_1801_fu_13670   |   1|   0|    1|          0|
    |inputBuf_1802_fu_13674   |   1|   0|    1|          0|
    |inputBuf_1803_fu_13678   |   1|   0|    1|          0|
    |inputBuf_1804_fu_13682   |   1|   0|    1|          0|
    |inputBuf_1805_fu_13686   |   1|   0|    1|          0|
    |inputBuf_1806_fu_13690   |   1|   0|    1|          0|
    |inputBuf_1807_fu_13694   |   1|   0|    1|          0|
    |inputBuf_1808_fu_13698   |   1|   0|    1|          0|
    |inputBuf_1809_fu_13702   |   1|   0|    1|          0|
    |inputBuf_180_fu_7186     |   1|   0|    1|          0|
    |inputBuf_1810_fu_13706   |   1|   0|    1|          0|
    |inputBuf_1811_fu_13710   |   1|   0|    1|          0|
    |inputBuf_1812_fu_13714   |   1|   0|    1|          0|
    |inputBuf_1813_fu_13718   |   1|   0|    1|          0|
    |inputBuf_1814_fu_13722   |   1|   0|    1|          0|
    |inputBuf_1815_fu_13726   |   1|   0|    1|          0|
    |inputBuf_1816_fu_13730   |   1|   0|    1|          0|
    |inputBuf_1817_fu_13734   |   1|   0|    1|          0|
    |inputBuf_1818_fu_13738   |   1|   0|    1|          0|
    |inputBuf_1819_fu_13742   |   1|   0|    1|          0|
    |inputBuf_181_fu_7190     |   1|   0|    1|          0|
    |inputBuf_1820_fu_13746   |   1|   0|    1|          0|
    |inputBuf_1821_fu_13750   |   1|   0|    1|          0|
    |inputBuf_1822_fu_13754   |   1|   0|    1|          0|
    |inputBuf_1823_fu_13758   |   1|   0|    1|          0|
    |inputBuf_1824_fu_13762   |   1|   0|    1|          0|
    |inputBuf_1825_fu_13766   |   1|   0|    1|          0|
    |inputBuf_1826_fu_13770   |   1|   0|    1|          0|
    |inputBuf_1827_fu_13774   |   1|   0|    1|          0|
    |inputBuf_1828_fu_13778   |   1|   0|    1|          0|
    |inputBuf_1829_fu_13782   |   1|   0|    1|          0|
    |inputBuf_182_fu_7194     |   1|   0|    1|          0|
    |inputBuf_1830_fu_13786   |   1|   0|    1|          0|
    |inputBuf_1831_fu_13790   |   1|   0|    1|          0|
    |inputBuf_1832_fu_13794   |   1|   0|    1|          0|
    |inputBuf_1833_fu_13798   |   1|   0|    1|          0|
    |inputBuf_1834_fu_13802   |   1|   0|    1|          0|
    |inputBuf_1835_fu_13806   |   1|   0|    1|          0|
    |inputBuf_1836_fu_13810   |   1|   0|    1|          0|
    |inputBuf_1837_fu_13814   |   1|   0|    1|          0|
    |inputBuf_1838_fu_13818   |   1|   0|    1|          0|
    |inputBuf_1839_fu_13822   |   1|   0|    1|          0|
    |inputBuf_183_fu_7198     |   1|   0|    1|          0|
    |inputBuf_1840_fu_13826   |   1|   0|    1|          0|
    |inputBuf_1841_fu_13830   |   1|   0|    1|          0|
    |inputBuf_1842_fu_13834   |   1|   0|    1|          0|
    |inputBuf_1843_fu_13838   |   1|   0|    1|          0|
    |inputBuf_1844_fu_13842   |   1|   0|    1|          0|
    |inputBuf_1845_fu_13846   |   1|   0|    1|          0|
    |inputBuf_1846_fu_13850   |   1|   0|    1|          0|
    |inputBuf_1847_fu_13854   |   1|   0|    1|          0|
    |inputBuf_1848_fu_13858   |   1|   0|    1|          0|
    |inputBuf_1849_fu_13862   |   1|   0|    1|          0|
    |inputBuf_184_fu_7202     |   1|   0|    1|          0|
    |inputBuf_1850_fu_13866   |   1|   0|    1|          0|
    |inputBuf_1851_fu_13870   |   1|   0|    1|          0|
    |inputBuf_1852_fu_13874   |   1|   0|    1|          0|
    |inputBuf_1853_fu_13878   |   1|   0|    1|          0|
    |inputBuf_1854_fu_13882   |   1|   0|    1|          0|
    |inputBuf_1855_fu_13886   |   1|   0|    1|          0|
    |inputBuf_1856_fu_13890   |   1|   0|    1|          0|
    |inputBuf_1857_fu_13894   |   1|   0|    1|          0|
    |inputBuf_1858_fu_13898   |   1|   0|    1|          0|
    |inputBuf_1859_fu_13902   |   1|   0|    1|          0|
    |inputBuf_185_fu_7206     |   1|   0|    1|          0|
    |inputBuf_1860_fu_13906   |   1|   0|    1|          0|
    |inputBuf_1861_fu_13910   |   1|   0|    1|          0|
    |inputBuf_1862_fu_13914   |   1|   0|    1|          0|
    |inputBuf_1863_fu_13918   |   1|   0|    1|          0|
    |inputBuf_1864_fu_13922   |   1|   0|    1|          0|
    |inputBuf_1865_fu_13926   |   1|   0|    1|          0|
    |inputBuf_1866_fu_13930   |   1|   0|    1|          0|
    |inputBuf_1867_fu_13934   |   1|   0|    1|          0|
    |inputBuf_1868_fu_13938   |   1|   0|    1|          0|
    |inputBuf_1869_fu_13942   |   1|   0|    1|          0|
    |inputBuf_186_fu_7210     |   1|   0|    1|          0|
    |inputBuf_1870_fu_13946   |   1|   0|    1|          0|
    |inputBuf_1871_fu_13950   |   1|   0|    1|          0|
    |inputBuf_1872_fu_13954   |   1|   0|    1|          0|
    |inputBuf_1873_fu_13958   |   1|   0|    1|          0|
    |inputBuf_1874_fu_13962   |   1|   0|    1|          0|
    |inputBuf_1875_fu_13966   |   1|   0|    1|          0|
    |inputBuf_1876_fu_13970   |   1|   0|    1|          0|
    |inputBuf_1877_fu_13974   |   1|   0|    1|          0|
    |inputBuf_1878_fu_13978   |   1|   0|    1|          0|
    |inputBuf_1879_fu_13982   |   1|   0|    1|          0|
    |inputBuf_187_fu_7214     |   1|   0|    1|          0|
    |inputBuf_1880_fu_13986   |   1|   0|    1|          0|
    |inputBuf_1881_fu_13990   |   1|   0|    1|          0|
    |inputBuf_1882_fu_13994   |   1|   0|    1|          0|
    |inputBuf_1883_fu_13998   |   1|   0|    1|          0|
    |inputBuf_1884_fu_14002   |   1|   0|    1|          0|
    |inputBuf_1885_fu_14006   |   1|   0|    1|          0|
    |inputBuf_1886_fu_14010   |   1|   0|    1|          0|
    |inputBuf_1887_fu_14014   |   1|   0|    1|          0|
    |inputBuf_1888_fu_14018   |   1|   0|    1|          0|
    |inputBuf_1889_fu_14022   |   1|   0|    1|          0|
    |inputBuf_188_fu_7218     |   1|   0|    1|          0|
    |inputBuf_1890_fu_14026   |   1|   0|    1|          0|
    |inputBuf_1891_fu_14030   |   1|   0|    1|          0|
    |inputBuf_1892_fu_14034   |   1|   0|    1|          0|
    |inputBuf_1893_fu_14038   |   1|   0|    1|          0|
    |inputBuf_1894_fu_14042   |   1|   0|    1|          0|
    |inputBuf_1895_fu_14046   |   1|   0|    1|          0|
    |inputBuf_1896_fu_14050   |   1|   0|    1|          0|
    |inputBuf_1897_fu_14054   |   1|   0|    1|          0|
    |inputBuf_1898_fu_14058   |   1|   0|    1|          0|
    |inputBuf_1899_fu_14062   |   1|   0|    1|          0|
    |inputBuf_189_fu_7222     |   1|   0|    1|          0|
    |inputBuf_18_fu_6538      |   1|   0|    1|          0|
    |inputBuf_1900_fu_14066   |   1|   0|    1|          0|
    |inputBuf_1901_fu_14070   |   1|   0|    1|          0|
    |inputBuf_1902_fu_14074   |   1|   0|    1|          0|
    |inputBuf_1903_fu_14078   |   1|   0|    1|          0|
    |inputBuf_1904_fu_14082   |   1|   0|    1|          0|
    |inputBuf_1905_fu_14086   |   1|   0|    1|          0|
    |inputBuf_1906_fu_14090   |   1|   0|    1|          0|
    |inputBuf_1907_fu_14094   |   1|   0|    1|          0|
    |inputBuf_1908_fu_14098   |   1|   0|    1|          0|
    |inputBuf_1909_fu_14102   |   1|   0|    1|          0|
    |inputBuf_190_fu_7226     |   1|   0|    1|          0|
    |inputBuf_1910_fu_14106   |   1|   0|    1|          0|
    |inputBuf_1911_fu_14110   |   1|   0|    1|          0|
    |inputBuf_1912_fu_14114   |   1|   0|    1|          0|
    |inputBuf_1913_fu_14118   |   1|   0|    1|          0|
    |inputBuf_1914_fu_14122   |   1|   0|    1|          0|
    |inputBuf_1915_fu_14126   |   1|   0|    1|          0|
    |inputBuf_1916_fu_14130   |   1|   0|    1|          0|
    |inputBuf_1917_fu_14134   |   1|   0|    1|          0|
    |inputBuf_1918_fu_14138   |   1|   0|    1|          0|
    |inputBuf_1919_fu_14142   |   1|   0|    1|          0|
    |inputBuf_191_fu_7230     |   1|   0|    1|          0|
    |inputBuf_1920_fu_14146   |   1|   0|    1|          0|
    |inputBuf_1921_fu_14150   |   1|   0|    1|          0|
    |inputBuf_1922_fu_14154   |   1|   0|    1|          0|
    |inputBuf_1923_fu_14158   |   1|   0|    1|          0|
    |inputBuf_1924_fu_14162   |   1|   0|    1|          0|
    |inputBuf_1925_fu_14166   |   1|   0|    1|          0|
    |inputBuf_1926_fu_14170   |   1|   0|    1|          0|
    |inputBuf_1927_fu_14174   |   1|   0|    1|          0|
    |inputBuf_1928_fu_14178   |   1|   0|    1|          0|
    |inputBuf_1929_fu_14182   |   1|   0|    1|          0|
    |inputBuf_192_fu_7234     |   1|   0|    1|          0|
    |inputBuf_1930_fu_14186   |   1|   0|    1|          0|
    |inputBuf_1931_fu_14190   |   1|   0|    1|          0|
    |inputBuf_1932_fu_14194   |   1|   0|    1|          0|
    |inputBuf_1933_fu_14198   |   1|   0|    1|          0|
    |inputBuf_1934_fu_14202   |   1|   0|    1|          0|
    |inputBuf_1935_fu_14206   |   1|   0|    1|          0|
    |inputBuf_1936_fu_14210   |   1|   0|    1|          0|
    |inputBuf_1937_fu_14214   |   1|   0|    1|          0|
    |inputBuf_1938_fu_14218   |   1|   0|    1|          0|
    |inputBuf_1939_fu_14222   |   1|   0|    1|          0|
    |inputBuf_193_fu_7238     |   1|   0|    1|          0|
    |inputBuf_1940_fu_14226   |   1|   0|    1|          0|
    |inputBuf_1941_fu_14230   |   1|   0|    1|          0|
    |inputBuf_1942_fu_14234   |   1|   0|    1|          0|
    |inputBuf_1943_fu_14238   |   1|   0|    1|          0|
    |inputBuf_1944_fu_14242   |   1|   0|    1|          0|
    |inputBuf_1945_fu_14246   |   1|   0|    1|          0|
    |inputBuf_1946_fu_14250   |   1|   0|    1|          0|
    |inputBuf_1947_fu_14254   |   1|   0|    1|          0|
    |inputBuf_1948_fu_14258   |   1|   0|    1|          0|
    |inputBuf_1949_fu_14262   |   1|   0|    1|          0|
    |inputBuf_194_fu_7242     |   1|   0|    1|          0|
    |inputBuf_1950_fu_14266   |   1|   0|    1|          0|
    |inputBuf_1951_fu_14270   |   1|   0|    1|          0|
    |inputBuf_1952_fu_14274   |   1|   0|    1|          0|
    |inputBuf_1953_fu_14278   |   1|   0|    1|          0|
    |inputBuf_1954_fu_14282   |   1|   0|    1|          0|
    |inputBuf_1955_fu_14286   |   1|   0|    1|          0|
    |inputBuf_1956_fu_14290   |   1|   0|    1|          0|
    |inputBuf_1957_fu_14294   |   1|   0|    1|          0|
    |inputBuf_1958_fu_14298   |   1|   0|    1|          0|
    |inputBuf_1959_fu_14302   |   1|   0|    1|          0|
    |inputBuf_195_fu_7246     |   1|   0|    1|          0|
    |inputBuf_1960_fu_14306   |   1|   0|    1|          0|
    |inputBuf_1961_fu_14310   |   1|   0|    1|          0|
    |inputBuf_1962_fu_14314   |   1|   0|    1|          0|
    |inputBuf_1963_fu_14318   |   1|   0|    1|          0|
    |inputBuf_1964_fu_14322   |   1|   0|    1|          0|
    |inputBuf_1965_fu_14326   |   1|   0|    1|          0|
    |inputBuf_1966_fu_14330   |   1|   0|    1|          0|
    |inputBuf_1967_fu_14334   |   1|   0|    1|          0|
    |inputBuf_1968_fu_14338   |   1|   0|    1|          0|
    |inputBuf_1969_fu_14342   |   1|   0|    1|          0|
    |inputBuf_196_fu_7250     |   1|   0|    1|          0|
    |inputBuf_1970_fu_14346   |   1|   0|    1|          0|
    |inputBuf_1971_fu_14350   |   1|   0|    1|          0|
    |inputBuf_1972_fu_14354   |   1|   0|    1|          0|
    |inputBuf_1973_fu_14358   |   1|   0|    1|          0|
    |inputBuf_1974_fu_14362   |   1|   0|    1|          0|
    |inputBuf_1975_fu_14366   |   1|   0|    1|          0|
    |inputBuf_1976_fu_14370   |   1|   0|    1|          0|
    |inputBuf_1977_fu_14374   |   1|   0|    1|          0|
    |inputBuf_1978_fu_14378   |   1|   0|    1|          0|
    |inputBuf_1979_fu_14382   |   1|   0|    1|          0|
    |inputBuf_197_fu_7254     |   1|   0|    1|          0|
    |inputBuf_1980_fu_14386   |   1|   0|    1|          0|
    |inputBuf_1981_fu_14390   |   1|   0|    1|          0|
    |inputBuf_1982_fu_14394   |   1|   0|    1|          0|
    |inputBuf_1983_fu_14398   |   1|   0|    1|          0|
    |inputBuf_1984_fu_14402   |   1|   0|    1|          0|
    |inputBuf_1985_fu_14406   |   1|   0|    1|          0|
    |inputBuf_1986_fu_14410   |   1|   0|    1|          0|
    |inputBuf_1987_fu_14414   |   1|   0|    1|          0|
    |inputBuf_1988_fu_14418   |   1|   0|    1|          0|
    |inputBuf_1989_fu_14422   |   1|   0|    1|          0|
    |inputBuf_198_fu_7258     |   1|   0|    1|          0|
    |inputBuf_1990_fu_14426   |   1|   0|    1|          0|
    |inputBuf_1991_fu_14430   |   1|   0|    1|          0|
    |inputBuf_1992_fu_14434   |   1|   0|    1|          0|
    |inputBuf_1993_fu_14438   |   1|   0|    1|          0|
    |inputBuf_1994_fu_14442   |   1|   0|    1|          0|
    |inputBuf_1995_fu_14446   |   1|   0|    1|          0|
    |inputBuf_1996_fu_14450   |   1|   0|    1|          0|
    |inputBuf_1997_fu_14454   |   1|   0|    1|          0|
    |inputBuf_1998_fu_14458   |   1|   0|    1|          0|
    |inputBuf_1999_fu_14462   |   1|   0|    1|          0|
    |inputBuf_199_fu_7262     |   1|   0|    1|          0|
    |inputBuf_19_fu_6542      |   1|   0|    1|          0|
    |inputBuf_1_fu_6470       |   1|   0|    1|          0|
    |inputBuf_2000_fu_14466   |   1|   0|    1|          0|
    |inputBuf_2001_fu_14470   |   1|   0|    1|          0|
    |inputBuf_2002_fu_14474   |   1|   0|    1|          0|
    |inputBuf_2003_fu_14478   |   1|   0|    1|          0|
    |inputBuf_2004_fu_14482   |   1|   0|    1|          0|
    |inputBuf_2005_fu_14486   |   1|   0|    1|          0|
    |inputBuf_2006_fu_14490   |   1|   0|    1|          0|
    |inputBuf_2007_fu_14494   |   1|   0|    1|          0|
    |inputBuf_2008_fu_14498   |   1|   0|    1|          0|
    |inputBuf_2009_fu_14502   |   1|   0|    1|          0|
    |inputBuf_200_fu_7266     |   1|   0|    1|          0|
    |inputBuf_2010_fu_14506   |   1|   0|    1|          0|
    |inputBuf_2011_fu_14510   |   1|   0|    1|          0|
    |inputBuf_2012_fu_14514   |   1|   0|    1|          0|
    |inputBuf_2013_fu_14518   |   1|   0|    1|          0|
    |inputBuf_2014_fu_14522   |   1|   0|    1|          0|
    |inputBuf_2015_fu_14526   |   1|   0|    1|          0|
    |inputBuf_2016_fu_14530   |   1|   0|    1|          0|
    |inputBuf_2017_fu_14534   |   1|   0|    1|          0|
    |inputBuf_2018_fu_14538   |   1|   0|    1|          0|
    |inputBuf_2019_fu_14542   |   1|   0|    1|          0|
    |inputBuf_201_fu_7270     |   1|   0|    1|          0|
    |inputBuf_2020_fu_14546   |   1|   0|    1|          0|
    |inputBuf_2021_fu_14550   |   1|   0|    1|          0|
    |inputBuf_2022_fu_14554   |   1|   0|    1|          0|
    |inputBuf_2023_fu_14558   |   1|   0|    1|          0|
    |inputBuf_2024_fu_14562   |   1|   0|    1|          0|
    |inputBuf_2025_fu_14566   |   1|   0|    1|          0|
    |inputBuf_2026_fu_14570   |   1|   0|    1|          0|
    |inputBuf_2027_fu_14574   |   1|   0|    1|          0|
    |inputBuf_2028_fu_14578   |   1|   0|    1|          0|
    |inputBuf_2029_fu_14582   |   1|   0|    1|          0|
    |inputBuf_202_fu_7274     |   1|   0|    1|          0|
    |inputBuf_2030_fu_14586   |   1|   0|    1|          0|
    |inputBuf_2031_fu_14590   |   1|   0|    1|          0|
    |inputBuf_2032_fu_14594   |   1|   0|    1|          0|
    |inputBuf_2033_fu_14598   |   1|   0|    1|          0|
    |inputBuf_2034_fu_14602   |   1|   0|    1|          0|
    |inputBuf_2035_fu_14606   |   1|   0|    1|          0|
    |inputBuf_2036_fu_14610   |   1|   0|    1|          0|
    |inputBuf_2037_fu_14614   |   1|   0|    1|          0|
    |inputBuf_2038_fu_14618   |   1|   0|    1|          0|
    |inputBuf_2039_fu_14622   |   1|   0|    1|          0|
    |inputBuf_203_fu_7278     |   1|   0|    1|          0|
    |inputBuf_2040_fu_14626   |   1|   0|    1|          0|
    |inputBuf_2041_fu_14630   |   1|   0|    1|          0|
    |inputBuf_2042_fu_14634   |   1|   0|    1|          0|
    |inputBuf_2043_fu_14638   |   1|   0|    1|          0|
    |inputBuf_2044_fu_14642   |   1|   0|    1|          0|
    |inputBuf_2045_fu_14646   |   1|   0|    1|          0|
    |inputBuf_2046_fu_14650   |   1|   0|    1|          0|
    |inputBuf_2047_fu_14654   |   1|   0|    1|          0|
    |inputBuf_2048_fu_14658   |   1|   0|    1|          0|
    |inputBuf_2049_fu_14662   |   1|   0|    1|          0|
    |inputBuf_204_fu_7282     |   1|   0|    1|          0|
    |inputBuf_2050_fu_14666   |   1|   0|    1|          0|
    |inputBuf_2051_fu_14670   |   1|   0|    1|          0|
    |inputBuf_2052_fu_14674   |   1|   0|    1|          0|
    |inputBuf_2053_fu_14678   |   1|   0|    1|          0|
    |inputBuf_2054_fu_14682   |   1|   0|    1|          0|
    |inputBuf_2055_fu_14686   |   1|   0|    1|          0|
    |inputBuf_2056_fu_14690   |   1|   0|    1|          0|
    |inputBuf_2057_fu_14694   |   1|   0|    1|          0|
    |inputBuf_2058_fu_14698   |   1|   0|    1|          0|
    |inputBuf_2059_fu_14702   |   1|   0|    1|          0|
    |inputBuf_205_fu_7286     |   1|   0|    1|          0|
    |inputBuf_2060_fu_14706   |   1|   0|    1|          0|
    |inputBuf_2061_fu_14710   |   1|   0|    1|          0|
    |inputBuf_2062_fu_14714   |   1|   0|    1|          0|
    |inputBuf_2063_fu_14718   |   1|   0|    1|          0|
    |inputBuf_2064_fu_14722   |   1|   0|    1|          0|
    |inputBuf_2065_fu_14726   |   1|   0|    1|          0|
    |inputBuf_2066_fu_14730   |   1|   0|    1|          0|
    |inputBuf_2067_fu_14734   |   1|   0|    1|          0|
    |inputBuf_2068_fu_14738   |   1|   0|    1|          0|
    |inputBuf_2069_fu_14742   |   1|   0|    1|          0|
    |inputBuf_206_fu_7290     |   1|   0|    1|          0|
    |inputBuf_2070_fu_14746   |   1|   0|    1|          0|
    |inputBuf_2071_fu_14750   |   1|   0|    1|          0|
    |inputBuf_2072_fu_14754   |   1|   0|    1|          0|
    |inputBuf_2073_fu_14758   |   1|   0|    1|          0|
    |inputBuf_2074_fu_14762   |   1|   0|    1|          0|
    |inputBuf_2075_fu_14766   |   1|   0|    1|          0|
    |inputBuf_2076_fu_14770   |   1|   0|    1|          0|
    |inputBuf_2077_fu_14774   |   1|   0|    1|          0|
    |inputBuf_2078_fu_14778   |   1|   0|    1|          0|
    |inputBuf_2079_fu_14782   |   1|   0|    1|          0|
    |inputBuf_207_fu_7294     |   1|   0|    1|          0|
    |inputBuf_2080_fu_14786   |   1|   0|    1|          0|
    |inputBuf_2081_fu_14790   |   1|   0|    1|          0|
    |inputBuf_2082_fu_14794   |   1|   0|    1|          0|
    |inputBuf_2083_fu_14798   |   1|   0|    1|          0|
    |inputBuf_2084_fu_14802   |   1|   0|    1|          0|
    |inputBuf_2085_fu_14806   |   1|   0|    1|          0|
    |inputBuf_2086_fu_14810   |   1|   0|    1|          0|
    |inputBuf_2087_fu_14814   |   1|   0|    1|          0|
    |inputBuf_2088_fu_14818   |   1|   0|    1|          0|
    |inputBuf_2089_fu_14822   |   1|   0|    1|          0|
    |inputBuf_208_fu_7298     |   1|   0|    1|          0|
    |inputBuf_2090_fu_14826   |   1|   0|    1|          0|
    |inputBuf_2091_fu_14830   |   1|   0|    1|          0|
    |inputBuf_2092_fu_14834   |   1|   0|    1|          0|
    |inputBuf_2093_fu_14838   |   1|   0|    1|          0|
    |inputBuf_2094_fu_14842   |   1|   0|    1|          0|
    |inputBuf_2095_fu_14846   |   1|   0|    1|          0|
    |inputBuf_2096_fu_14850   |   1|   0|    1|          0|
    |inputBuf_2097_fu_14854   |   1|   0|    1|          0|
    |inputBuf_2098_fu_14858   |   1|   0|    1|          0|
    |inputBuf_2099_fu_14862   |   1|   0|    1|          0|
    |inputBuf_209_fu_7302     |   1|   0|    1|          0|
    |inputBuf_20_fu_6546      |   1|   0|    1|          0|
    |inputBuf_2100_fu_14866   |   1|   0|    1|          0|
    |inputBuf_2101_fu_14870   |   1|   0|    1|          0|
    |inputBuf_2102_fu_14874   |   1|   0|    1|          0|
    |inputBuf_2103_fu_14878   |   1|   0|    1|          0|
    |inputBuf_2104_fu_14882   |   1|   0|    1|          0|
    |inputBuf_2105_fu_14886   |   1|   0|    1|          0|
    |inputBuf_2106_fu_14890   |   1|   0|    1|          0|
    |inputBuf_2107_fu_14894   |   1|   0|    1|          0|
    |inputBuf_2108_fu_14898   |   1|   0|    1|          0|
    |inputBuf_2109_fu_14902   |   1|   0|    1|          0|
    |inputBuf_210_fu_7306     |   1|   0|    1|          0|
    |inputBuf_2110_fu_14906   |   1|   0|    1|          0|
    |inputBuf_2111_fu_14910   |   1|   0|    1|          0|
    |inputBuf_2112_fu_14914   |   1|   0|    1|          0|
    |inputBuf_2113_fu_14918   |   1|   0|    1|          0|
    |inputBuf_2114_fu_14922   |   1|   0|    1|          0|
    |inputBuf_2115_fu_14926   |   1|   0|    1|          0|
    |inputBuf_2116_fu_14930   |   1|   0|    1|          0|
    |inputBuf_2117_fu_14934   |   1|   0|    1|          0|
    |inputBuf_2118_fu_14938   |   1|   0|    1|          0|
    |inputBuf_2119_fu_14942   |   1|   0|    1|          0|
    |inputBuf_211_fu_7310     |   1|   0|    1|          0|
    |inputBuf_2120_fu_14946   |   1|   0|    1|          0|
    |inputBuf_2121_fu_14950   |   1|   0|    1|          0|
    |inputBuf_2122_fu_14954   |   1|   0|    1|          0|
    |inputBuf_2123_fu_14958   |   1|   0|    1|          0|
    |inputBuf_2124_fu_14962   |   1|   0|    1|          0|
    |inputBuf_2125_fu_14966   |   1|   0|    1|          0|
    |inputBuf_2126_fu_14970   |   1|   0|    1|          0|
    |inputBuf_2127_fu_14974   |   1|   0|    1|          0|
    |inputBuf_2128_fu_14978   |   1|   0|    1|          0|
    |inputBuf_2129_fu_14982   |   1|   0|    1|          0|
    |inputBuf_212_fu_7314     |   1|   0|    1|          0|
    |inputBuf_2130_fu_14986   |   1|   0|    1|          0|
    |inputBuf_2131_fu_14990   |   1|   0|    1|          0|
    |inputBuf_2132_fu_14994   |   1|   0|    1|          0|
    |inputBuf_2133_fu_14998   |   1|   0|    1|          0|
    |inputBuf_2134_fu_15002   |   1|   0|    1|          0|
    |inputBuf_2135_fu_15006   |   1|   0|    1|          0|
    |inputBuf_2136_fu_15010   |   1|   0|    1|          0|
    |inputBuf_2137_fu_15014   |   1|   0|    1|          0|
    |inputBuf_2138_fu_15018   |   1|   0|    1|          0|
    |inputBuf_2139_fu_15022   |   1|   0|    1|          0|
    |inputBuf_213_fu_7318     |   1|   0|    1|          0|
    |inputBuf_2140_fu_15026   |   1|   0|    1|          0|
    |inputBuf_2141_fu_15030   |   1|   0|    1|          0|
    |inputBuf_2142_fu_15034   |   1|   0|    1|          0|
    |inputBuf_2143_fu_15038   |   1|   0|    1|          0|
    |inputBuf_2144_fu_15042   |   1|   0|    1|          0|
    |inputBuf_2145_fu_15046   |   1|   0|    1|          0|
    |inputBuf_2146_fu_15050   |   1|   0|    1|          0|
    |inputBuf_2147_fu_15054   |   1|   0|    1|          0|
    |inputBuf_2148_fu_15058   |   1|   0|    1|          0|
    |inputBuf_2149_fu_15062   |   1|   0|    1|          0|
    |inputBuf_214_fu_7322     |   1|   0|    1|          0|
    |inputBuf_2150_fu_15066   |   1|   0|    1|          0|
    |inputBuf_2151_fu_15070   |   1|   0|    1|          0|
    |inputBuf_2152_fu_15074   |   1|   0|    1|          0|
    |inputBuf_2153_fu_15078   |   1|   0|    1|          0|
    |inputBuf_2154_fu_15082   |   1|   0|    1|          0|
    |inputBuf_2155_fu_15086   |   1|   0|    1|          0|
    |inputBuf_2156_fu_15090   |   1|   0|    1|          0|
    |inputBuf_2157_fu_15094   |   1|   0|    1|          0|
    |inputBuf_2158_fu_15098   |   1|   0|    1|          0|
    |inputBuf_2159_fu_15102   |   1|   0|    1|          0|
    |inputBuf_215_fu_7326     |   1|   0|    1|          0|
    |inputBuf_2160_fu_15106   |   1|   0|    1|          0|
    |inputBuf_2161_fu_15110   |   1|   0|    1|          0|
    |inputBuf_2162_fu_15114   |   1|   0|    1|          0|
    |inputBuf_2163_fu_15118   |   1|   0|    1|          0|
    |inputBuf_2164_fu_15122   |   1|   0|    1|          0|
    |inputBuf_2165_fu_15126   |   1|   0|    1|          0|
    |inputBuf_2166_fu_15130   |   1|   0|    1|          0|
    |inputBuf_2167_fu_15134   |   1|   0|    1|          0|
    |inputBuf_2168_fu_15138   |   1|   0|    1|          0|
    |inputBuf_2169_fu_15142   |   1|   0|    1|          0|
    |inputBuf_216_fu_7330     |   1|   0|    1|          0|
    |inputBuf_2170_fu_15146   |   1|   0|    1|          0|
    |inputBuf_2171_fu_15150   |   1|   0|    1|          0|
    |inputBuf_2172_fu_15154   |   1|   0|    1|          0|
    |inputBuf_2173_fu_15158   |   1|   0|    1|          0|
    |inputBuf_2174_fu_15162   |   1|   0|    1|          0|
    |inputBuf_2175_fu_15166   |   1|   0|    1|          0|
    |inputBuf_2176_fu_15170   |   1|   0|    1|          0|
    |inputBuf_2177_fu_15174   |   1|   0|    1|          0|
    |inputBuf_2178_fu_15178   |   1|   0|    1|          0|
    |inputBuf_2179_fu_15182   |   1|   0|    1|          0|
    |inputBuf_217_fu_7334     |   1|   0|    1|          0|
    |inputBuf_2180_fu_15186   |   1|   0|    1|          0|
    |inputBuf_2181_fu_15190   |   1|   0|    1|          0|
    |inputBuf_2182_fu_15194   |   1|   0|    1|          0|
    |inputBuf_2183_fu_15198   |   1|   0|    1|          0|
    |inputBuf_2184_fu_15202   |   1|   0|    1|          0|
    |inputBuf_2185_fu_15206   |   1|   0|    1|          0|
    |inputBuf_2186_fu_15210   |   1|   0|    1|          0|
    |inputBuf_2187_fu_15214   |   1|   0|    1|          0|
    |inputBuf_2188_fu_15218   |   1|   0|    1|          0|
    |inputBuf_2189_fu_15222   |   1|   0|    1|          0|
    |inputBuf_218_fu_7338     |   1|   0|    1|          0|
    |inputBuf_2190_fu_15226   |   1|   0|    1|          0|
    |inputBuf_2191_fu_15230   |   1|   0|    1|          0|
    |inputBuf_2192_fu_15234   |   1|   0|    1|          0|
    |inputBuf_2193_fu_15238   |   1|   0|    1|          0|
    |inputBuf_2194_fu_15242   |   1|   0|    1|          0|
    |inputBuf_2195_fu_15246   |   1|   0|    1|          0|
    |inputBuf_2196_fu_15250   |   1|   0|    1|          0|
    |inputBuf_2197_fu_15254   |   1|   0|    1|          0|
    |inputBuf_2198_fu_15258   |   1|   0|    1|          0|
    |inputBuf_2199_fu_15262   |   1|   0|    1|          0|
    |inputBuf_219_fu_7342     |   1|   0|    1|          0|
    |inputBuf_21_fu_6550      |   1|   0|    1|          0|
    |inputBuf_2200_fu_15266   |   1|   0|    1|          0|
    |inputBuf_2201_fu_15270   |   1|   0|    1|          0|
    |inputBuf_2202_fu_15274   |   1|   0|    1|          0|
    |inputBuf_2203_fu_15278   |   1|   0|    1|          0|
    |inputBuf_2204_fu_15282   |   1|   0|    1|          0|
    |inputBuf_2205_fu_15286   |   1|   0|    1|          0|
    |inputBuf_2206_fu_15290   |   1|   0|    1|          0|
    |inputBuf_2207_fu_15294   |   1|   0|    1|          0|
    |inputBuf_2208_fu_15298   |   1|   0|    1|          0|
    |inputBuf_2209_fu_15302   |   1|   0|    1|          0|
    |inputBuf_220_fu_7346     |   1|   0|    1|          0|
    |inputBuf_2210_fu_15306   |   1|   0|    1|          0|
    |inputBuf_2211_fu_15310   |   1|   0|    1|          0|
    |inputBuf_2212_fu_15314   |   1|   0|    1|          0|
    |inputBuf_2213_fu_15318   |   1|   0|    1|          0|
    |inputBuf_2214_fu_15322   |   1|   0|    1|          0|
    |inputBuf_2215_fu_15326   |   1|   0|    1|          0|
    |inputBuf_2216_fu_15330   |   1|   0|    1|          0|
    |inputBuf_2217_fu_15334   |   1|   0|    1|          0|
    |inputBuf_2218_fu_15338   |   1|   0|    1|          0|
    |inputBuf_2219_fu_15342   |   1|   0|    1|          0|
    |inputBuf_221_fu_7350     |   1|   0|    1|          0|
    |inputBuf_2220_fu_15346   |   1|   0|    1|          0|
    |inputBuf_2221_fu_15350   |   1|   0|    1|          0|
    |inputBuf_2222_fu_15354   |   1|   0|    1|          0|
    |inputBuf_2223_fu_15358   |   1|   0|    1|          0|
    |inputBuf_2224_fu_15362   |   1|   0|    1|          0|
    |inputBuf_2225_fu_15366   |   1|   0|    1|          0|
    |inputBuf_2226_fu_15370   |   1|   0|    1|          0|
    |inputBuf_2227_fu_15374   |   1|   0|    1|          0|
    |inputBuf_2228_fu_15378   |   1|   0|    1|          0|
    |inputBuf_2229_fu_15382   |   1|   0|    1|          0|
    |inputBuf_222_fu_7354     |   1|   0|    1|          0|
    |inputBuf_2230_fu_15386   |   1|   0|    1|          0|
    |inputBuf_2231_fu_15390   |   1|   0|    1|          0|
    |inputBuf_2232_fu_15394   |   1|   0|    1|          0|
    |inputBuf_2233_fu_15398   |   1|   0|    1|          0|
    |inputBuf_2234_fu_15402   |   1|   0|    1|          0|
    |inputBuf_2235_fu_15406   |   1|   0|    1|          0|
    |inputBuf_2236_fu_15410   |   1|   0|    1|          0|
    |inputBuf_2237_fu_15414   |   1|   0|    1|          0|
    |inputBuf_2238_fu_15418   |   1|   0|    1|          0|
    |inputBuf_2239_fu_15422   |   1|   0|    1|          0|
    |inputBuf_223_fu_7358     |   1|   0|    1|          0|
    |inputBuf_2240_fu_15426   |   1|   0|    1|          0|
    |inputBuf_2241_fu_15430   |   1|   0|    1|          0|
    |inputBuf_2242_fu_15434   |   1|   0|    1|          0|
    |inputBuf_2243_fu_15438   |   1|   0|    1|          0|
    |inputBuf_2244_fu_15442   |   1|   0|    1|          0|
    |inputBuf_2245_fu_15446   |   1|   0|    1|          0|
    |inputBuf_2246_fu_15450   |   1|   0|    1|          0|
    |inputBuf_2247_fu_15454   |   1|   0|    1|          0|
    |inputBuf_2248_fu_15458   |   1|   0|    1|          0|
    |inputBuf_2249_fu_15462   |   1|   0|    1|          0|
    |inputBuf_224_fu_7362     |   1|   0|    1|          0|
    |inputBuf_2250_fu_15466   |   1|   0|    1|          0|
    |inputBuf_2251_fu_15470   |   1|   0|    1|          0|
    |inputBuf_2252_fu_15474   |   1|   0|    1|          0|
    |inputBuf_2253_fu_15478   |   1|   0|    1|          0|
    |inputBuf_2254_fu_15482   |   1|   0|    1|          0|
    |inputBuf_2255_fu_15486   |   1|   0|    1|          0|
    |inputBuf_2256_fu_15490   |   1|   0|    1|          0|
    |inputBuf_2257_fu_15494   |   1|   0|    1|          0|
    |inputBuf_2258_fu_15498   |   1|   0|    1|          0|
    |inputBuf_2259_fu_15502   |   1|   0|    1|          0|
    |inputBuf_225_fu_7366     |   1|   0|    1|          0|
    |inputBuf_2260_fu_15506   |   1|   0|    1|          0|
    |inputBuf_2261_fu_15510   |   1|   0|    1|          0|
    |inputBuf_2262_fu_15514   |   1|   0|    1|          0|
    |inputBuf_2263_fu_15518   |   1|   0|    1|          0|
    |inputBuf_2264_fu_15522   |   1|   0|    1|          0|
    |inputBuf_2265_fu_15526   |   1|   0|    1|          0|
    |inputBuf_2266_fu_15530   |   1|   0|    1|          0|
    |inputBuf_2267_fu_15534   |   1|   0|    1|          0|
    |inputBuf_2268_fu_15538   |   1|   0|    1|          0|
    |inputBuf_2269_fu_15542   |   1|   0|    1|          0|
    |inputBuf_226_fu_7370     |   1|   0|    1|          0|
    |inputBuf_2270_fu_15546   |   1|   0|    1|          0|
    |inputBuf_2271_fu_15550   |   1|   0|    1|          0|
    |inputBuf_2272_fu_15554   |   1|   0|    1|          0|
    |inputBuf_2273_fu_15558   |   1|   0|    1|          0|
    |inputBuf_2274_fu_15562   |   1|   0|    1|          0|
    |inputBuf_2275_fu_15566   |   1|   0|    1|          0|
    |inputBuf_2276_fu_15570   |   1|   0|    1|          0|
    |inputBuf_2277_fu_15574   |   1|   0|    1|          0|
    |inputBuf_2278_fu_15578   |   1|   0|    1|          0|
    |inputBuf_2279_fu_15582   |   1|   0|    1|          0|
    |inputBuf_227_fu_7374     |   1|   0|    1|          0|
    |inputBuf_2280_fu_15586   |   1|   0|    1|          0|
    |inputBuf_2281_fu_15590   |   1|   0|    1|          0|
    |inputBuf_2282_fu_15594   |   1|   0|    1|          0|
    |inputBuf_2283_fu_15598   |   1|   0|    1|          0|
    |inputBuf_2284_fu_15602   |   1|   0|    1|          0|
    |inputBuf_2285_fu_15606   |   1|   0|    1|          0|
    |inputBuf_2286_fu_15610   |   1|   0|    1|          0|
    |inputBuf_2287_fu_15614   |   1|   0|    1|          0|
    |inputBuf_2288_fu_15618   |   1|   0|    1|          0|
    |inputBuf_2289_fu_15622   |   1|   0|    1|          0|
    |inputBuf_228_fu_7378     |   1|   0|    1|          0|
    |inputBuf_2290_fu_15626   |   1|   0|    1|          0|
    |inputBuf_2291_fu_15630   |   1|   0|    1|          0|
    |inputBuf_2292_fu_15634   |   1|   0|    1|          0|
    |inputBuf_2293_fu_15638   |   1|   0|    1|          0|
    |inputBuf_2294_fu_15642   |   1|   0|    1|          0|
    |inputBuf_2295_fu_15646   |   1|   0|    1|          0|
    |inputBuf_2296_fu_15650   |   1|   0|    1|          0|
    |inputBuf_2297_fu_15654   |   1|   0|    1|          0|
    |inputBuf_2298_fu_15658   |   1|   0|    1|          0|
    |inputBuf_2299_fu_15662   |   1|   0|    1|          0|
    |inputBuf_229_fu_7382     |   1|   0|    1|          0|
    |inputBuf_22_fu_6554      |   1|   0|    1|          0|
    |inputBuf_2300_fu_15666   |   1|   0|    1|          0|
    |inputBuf_2301_fu_15670   |   1|   0|    1|          0|
    |inputBuf_2302_fu_15674   |   1|   0|    1|          0|
    |inputBuf_2303_fu_15678   |   1|   0|    1|          0|
    |inputBuf_2304_fu_15682   |   1|   0|    1|          0|
    |inputBuf_2305_fu_15686   |   1|   0|    1|          0|
    |inputBuf_2306_fu_15690   |   1|   0|    1|          0|
    |inputBuf_2307_fu_15694   |   1|   0|    1|          0|
    |inputBuf_2308_fu_15698   |   1|   0|    1|          0|
    |inputBuf_2309_fu_15702   |   1|   0|    1|          0|
    |inputBuf_230_fu_7386     |   1|   0|    1|          0|
    |inputBuf_2310_fu_15706   |   1|   0|    1|          0|
    |inputBuf_2311_fu_15710   |   1|   0|    1|          0|
    |inputBuf_2312_fu_15714   |   1|   0|    1|          0|
    |inputBuf_2313_fu_15718   |   1|   0|    1|          0|
    |inputBuf_2314_fu_15722   |   1|   0|    1|          0|
    |inputBuf_2315_fu_15726   |   1|   0|    1|          0|
    |inputBuf_2316_fu_15730   |   1|   0|    1|          0|
    |inputBuf_2317_fu_15734   |   1|   0|    1|          0|
    |inputBuf_2318_fu_15738   |   1|   0|    1|          0|
    |inputBuf_2319_fu_15742   |   1|   0|    1|          0|
    |inputBuf_231_fu_7390     |   1|   0|    1|          0|
    |inputBuf_2320_fu_15746   |   1|   0|    1|          0|
    |inputBuf_2321_fu_15750   |   1|   0|    1|          0|
    |inputBuf_2322_fu_15754   |   1|   0|    1|          0|
    |inputBuf_2323_fu_15758   |   1|   0|    1|          0|
    |inputBuf_2324_fu_15762   |   1|   0|    1|          0|
    |inputBuf_2325_fu_15766   |   1|   0|    1|          0|
    |inputBuf_2326_fu_15770   |   1|   0|    1|          0|
    |inputBuf_2327_fu_15774   |   1|   0|    1|          0|
    |inputBuf_2328_fu_15778   |   1|   0|    1|          0|
    |inputBuf_2329_fu_15782   |   1|   0|    1|          0|
    |inputBuf_232_fu_7394     |   1|   0|    1|          0|
    |inputBuf_2330_fu_15786   |   1|   0|    1|          0|
    |inputBuf_2331_fu_15790   |   1|   0|    1|          0|
    |inputBuf_2332_fu_15794   |   1|   0|    1|          0|
    |inputBuf_2333_fu_15798   |   1|   0|    1|          0|
    |inputBuf_2334_fu_15802   |   1|   0|    1|          0|
    |inputBuf_2335_fu_15806   |   1|   0|    1|          0|
    |inputBuf_2336_fu_15810   |   1|   0|    1|          0|
    |inputBuf_2337_fu_15814   |   1|   0|    1|          0|
    |inputBuf_2338_fu_15818   |   1|   0|    1|          0|
    |inputBuf_2339_fu_15822   |   1|   0|    1|          0|
    |inputBuf_233_fu_7398     |   1|   0|    1|          0|
    |inputBuf_2340_fu_15826   |   1|   0|    1|          0|
    |inputBuf_2341_fu_15830   |   1|   0|    1|          0|
    |inputBuf_2342_fu_15834   |   1|   0|    1|          0|
    |inputBuf_2343_fu_15838   |   1|   0|    1|          0|
    |inputBuf_2344_fu_15842   |   1|   0|    1|          0|
    |inputBuf_2345_fu_15846   |   1|   0|    1|          0|
    |inputBuf_2346_fu_15850   |   1|   0|    1|          0|
    |inputBuf_2347_fu_15854   |   1|   0|    1|          0|
    |inputBuf_2348_fu_15858   |   1|   0|    1|          0|
    |inputBuf_2349_fu_15862   |   1|   0|    1|          0|
    |inputBuf_234_fu_7402     |   1|   0|    1|          0|
    |inputBuf_2350_fu_15866   |   1|   0|    1|          0|
    |inputBuf_2351_fu_15870   |   1|   0|    1|          0|
    |inputBuf_2352_fu_15874   |   1|   0|    1|          0|
    |inputBuf_2353_fu_15878   |   1|   0|    1|          0|
    |inputBuf_2354_fu_15882   |   1|   0|    1|          0|
    |inputBuf_2355_fu_15886   |   1|   0|    1|          0|
    |inputBuf_2356_fu_15890   |   1|   0|    1|          0|
    |inputBuf_2357_fu_15894   |   1|   0|    1|          0|
    |inputBuf_2358_fu_15898   |   1|   0|    1|          0|
    |inputBuf_2359_fu_15902   |   1|   0|    1|          0|
    |inputBuf_235_fu_7406     |   1|   0|    1|          0|
    |inputBuf_2360_fu_15906   |   1|   0|    1|          0|
    |inputBuf_2361_fu_15910   |   1|   0|    1|          0|
    |inputBuf_2362_fu_15914   |   1|   0|    1|          0|
    |inputBuf_2363_fu_15918   |   1|   0|    1|          0|
    |inputBuf_2364_fu_15922   |   1|   0|    1|          0|
    |inputBuf_2365_fu_15926   |   1|   0|    1|          0|
    |inputBuf_2366_fu_15930   |   1|   0|    1|          0|
    |inputBuf_2367_fu_15934   |   1|   0|    1|          0|
    |inputBuf_2368_fu_15938   |   1|   0|    1|          0|
    |inputBuf_2369_fu_15942   |   1|   0|    1|          0|
    |inputBuf_236_fu_7410     |   1|   0|    1|          0|
    |inputBuf_2370_fu_15946   |   1|   0|    1|          0|
    |inputBuf_2371_fu_15950   |   1|   0|    1|          0|
    |inputBuf_2372_fu_15954   |   1|   0|    1|          0|
    |inputBuf_2373_fu_15958   |   1|   0|    1|          0|
    |inputBuf_2374_fu_15962   |   1|   0|    1|          0|
    |inputBuf_2375_fu_15966   |   1|   0|    1|          0|
    |inputBuf_2376_fu_15970   |   1|   0|    1|          0|
    |inputBuf_2377_fu_15974   |   1|   0|    1|          0|
    |inputBuf_2378_fu_15978   |   1|   0|    1|          0|
    |inputBuf_2379_fu_15982   |   1|   0|    1|          0|
    |inputBuf_237_fu_7414     |   1|   0|    1|          0|
    |inputBuf_2380_fu_15986   |   1|   0|    1|          0|
    |inputBuf_2381_fu_15990   |   1|   0|    1|          0|
    |inputBuf_2382_fu_15994   |   1|   0|    1|          0|
    |inputBuf_2383_fu_15998   |   1|   0|    1|          0|
    |inputBuf_2384_fu_16002   |   1|   0|    1|          0|
    |inputBuf_2385_fu_16006   |   1|   0|    1|          0|
    |inputBuf_2386_fu_16010   |   1|   0|    1|          0|
    |inputBuf_2387_fu_16014   |   1|   0|    1|          0|
    |inputBuf_2388_fu_16018   |   1|   0|    1|          0|
    |inputBuf_2389_fu_16022   |   1|   0|    1|          0|
    |inputBuf_238_fu_7418     |   1|   0|    1|          0|
    |inputBuf_2390_fu_16026   |   1|   0|    1|          0|
    |inputBuf_2391_fu_16030   |   1|   0|    1|          0|
    |inputBuf_2392_fu_16034   |   1|   0|    1|          0|
    |inputBuf_2393_fu_16038   |   1|   0|    1|          0|
    |inputBuf_2394_fu_16042   |   1|   0|    1|          0|
    |inputBuf_2395_fu_16046   |   1|   0|    1|          0|
    |inputBuf_2396_fu_16050   |   1|   0|    1|          0|
    |inputBuf_2397_fu_16054   |   1|   0|    1|          0|
    |inputBuf_2398_fu_16058   |   1|   0|    1|          0|
    |inputBuf_2399_fu_16062   |   1|   0|    1|          0|
    |inputBuf_239_fu_7422     |   1|   0|    1|          0|
    |inputBuf_23_fu_6558      |   1|   0|    1|          0|
    |inputBuf_2400_fu_16066   |   1|   0|    1|          0|
    |inputBuf_2401_fu_16070   |   1|   0|    1|          0|
    |inputBuf_2402_fu_16074   |   1|   0|    1|          0|
    |inputBuf_2403_fu_16078   |   1|   0|    1|          0|
    |inputBuf_2404_fu_16082   |   1|   0|    1|          0|
    |inputBuf_2405_fu_16086   |   1|   0|    1|          0|
    |inputBuf_2406_fu_16090   |   1|   0|    1|          0|
    |inputBuf_2407_fu_16094   |   1|   0|    1|          0|
    |inputBuf_2408_fu_16098   |   1|   0|    1|          0|
    |inputBuf_2409_fu_16102   |   1|   0|    1|          0|
    |inputBuf_240_fu_7426     |   1|   0|    1|          0|
    |inputBuf_2410_fu_16106   |   1|   0|    1|          0|
    |inputBuf_2411_fu_16110   |   1|   0|    1|          0|
    |inputBuf_2412_fu_16114   |   1|   0|    1|          0|
    |inputBuf_2413_fu_16118   |   1|   0|    1|          0|
    |inputBuf_2414_fu_16122   |   1|   0|    1|          0|
    |inputBuf_2415_fu_16126   |   1|   0|    1|          0|
    |inputBuf_2416_fu_16130   |   1|   0|    1|          0|
    |inputBuf_2417_fu_16134   |   1|   0|    1|          0|
    |inputBuf_2418_fu_16138   |   1|   0|    1|          0|
    |inputBuf_2419_fu_16142   |   1|   0|    1|          0|
    |inputBuf_241_fu_7430     |   1|   0|    1|          0|
    |inputBuf_2420_fu_16146   |   1|   0|    1|          0|
    |inputBuf_2421_fu_16150   |   1|   0|    1|          0|
    |inputBuf_2422_fu_16154   |   1|   0|    1|          0|
    |inputBuf_2423_fu_16158   |   1|   0|    1|          0|
    |inputBuf_2424_fu_16162   |   1|   0|    1|          0|
    |inputBuf_2425_fu_16166   |   1|   0|    1|          0|
    |inputBuf_2426_fu_16170   |   1|   0|    1|          0|
    |inputBuf_2427_fu_16174   |   1|   0|    1|          0|
    |inputBuf_2428_fu_16178   |   1|   0|    1|          0|
    |inputBuf_2429_fu_16182   |   1|   0|    1|          0|
    |inputBuf_242_fu_7434     |   1|   0|    1|          0|
    |inputBuf_2430_fu_16186   |   1|   0|    1|          0|
    |inputBuf_2431_fu_16190   |   1|   0|    1|          0|
    |inputBuf_2432_fu_16194   |   1|   0|    1|          0|
    |inputBuf_2433_fu_16198   |   1|   0|    1|          0|
    |inputBuf_2434_fu_16202   |   1|   0|    1|          0|
    |inputBuf_2435_fu_16206   |   1|   0|    1|          0|
    |inputBuf_2436_fu_16210   |   1|   0|    1|          0|
    |inputBuf_2437_fu_16214   |   1|   0|    1|          0|
    |inputBuf_2438_fu_16218   |   1|   0|    1|          0|
    |inputBuf_2439_fu_16222   |   1|   0|    1|          0|
    |inputBuf_243_fu_7438     |   1|   0|    1|          0|
    |inputBuf_2440_fu_16226   |   1|   0|    1|          0|
    |inputBuf_2441_fu_16230   |   1|   0|    1|          0|
    |inputBuf_2442_fu_16234   |   1|   0|    1|          0|
    |inputBuf_2443_fu_16238   |   1|   0|    1|          0|
    |inputBuf_2444_fu_16242   |   1|   0|    1|          0|
    |inputBuf_2445_fu_16246   |   1|   0|    1|          0|
    |inputBuf_2446_fu_16250   |   1|   0|    1|          0|
    |inputBuf_2447_fu_16254   |   1|   0|    1|          0|
    |inputBuf_2448_fu_16258   |   1|   0|    1|          0|
    |inputBuf_2449_fu_16262   |   1|   0|    1|          0|
    |inputBuf_244_fu_7442     |   1|   0|    1|          0|
    |inputBuf_2450_fu_16266   |   1|   0|    1|          0|
    |inputBuf_2451_fu_16270   |   1|   0|    1|          0|
    |inputBuf_2452_fu_16274   |   1|   0|    1|          0|
    |inputBuf_2453_fu_16278   |   1|   0|    1|          0|
    |inputBuf_2454_fu_16282   |   1|   0|    1|          0|
    |inputBuf_2455_fu_16286   |   1|   0|    1|          0|
    |inputBuf_2456_fu_16290   |   1|   0|    1|          0|
    |inputBuf_2457_fu_16294   |   1|   0|    1|          0|
    |inputBuf_2458_fu_16298   |   1|   0|    1|          0|
    |inputBuf_2459_fu_16302   |   1|   0|    1|          0|
    |inputBuf_245_fu_7446     |   1|   0|    1|          0|
    |inputBuf_2460_fu_16306   |   1|   0|    1|          0|
    |inputBuf_2461_fu_16310   |   1|   0|    1|          0|
    |inputBuf_2462_fu_16314   |   1|   0|    1|          0|
    |inputBuf_2463_fu_16318   |   1|   0|    1|          0|
    |inputBuf_2464_fu_16322   |   1|   0|    1|          0|
    |inputBuf_2465_fu_16326   |   1|   0|    1|          0|
    |inputBuf_2466_fu_16330   |   1|   0|    1|          0|
    |inputBuf_2467_fu_16334   |   1|   0|    1|          0|
    |inputBuf_2468_fu_16338   |   1|   0|    1|          0|
    |inputBuf_2469_fu_16342   |   1|   0|    1|          0|
    |inputBuf_246_fu_7450     |   1|   0|    1|          0|
    |inputBuf_2470_fu_16346   |   1|   0|    1|          0|
    |inputBuf_2471_fu_16350   |   1|   0|    1|          0|
    |inputBuf_2472_fu_16354   |   1|   0|    1|          0|
    |inputBuf_2473_fu_16358   |   1|   0|    1|          0|
    |inputBuf_2474_fu_16362   |   1|   0|    1|          0|
    |inputBuf_2475_fu_16366   |   1|   0|    1|          0|
    |inputBuf_2476_fu_16370   |   1|   0|    1|          0|
    |inputBuf_2477_fu_16374   |   1|   0|    1|          0|
    |inputBuf_2478_fu_16378   |   1|   0|    1|          0|
    |inputBuf_2479_fu_16382   |   1|   0|    1|          0|
    |inputBuf_247_fu_7454     |   1|   0|    1|          0|
    |inputBuf_2480_fu_16386   |   1|   0|    1|          0|
    |inputBuf_2481_fu_16390   |   1|   0|    1|          0|
    |inputBuf_2482_fu_16394   |   1|   0|    1|          0|
    |inputBuf_2483_fu_16398   |   1|   0|    1|          0|
    |inputBuf_2484_fu_16402   |   1|   0|    1|          0|
    |inputBuf_2485_fu_16406   |   1|   0|    1|          0|
    |inputBuf_2486_fu_16410   |   1|   0|    1|          0|
    |inputBuf_2487_fu_16414   |   1|   0|    1|          0|
    |inputBuf_2488_fu_16418   |   1|   0|    1|          0|
    |inputBuf_2489_fu_16422   |   1|   0|    1|          0|
    |inputBuf_248_fu_7458     |   1|   0|    1|          0|
    |inputBuf_2490_fu_16426   |   1|   0|    1|          0|
    |inputBuf_2491_fu_16430   |   1|   0|    1|          0|
    |inputBuf_2492_fu_16434   |   1|   0|    1|          0|
    |inputBuf_2493_fu_16438   |   1|   0|    1|          0|
    |inputBuf_2494_fu_16442   |   1|   0|    1|          0|
    |inputBuf_2495_fu_16446   |   1|   0|    1|          0|
    |inputBuf_2496_fu_16450   |   1|   0|    1|          0|
    |inputBuf_2497_fu_16454   |   1|   0|    1|          0|
    |inputBuf_2498_fu_16458   |   1|   0|    1|          0|
    |inputBuf_2499_fu_16462   |   1|   0|    1|          0|
    |inputBuf_249_fu_7462     |   1|   0|    1|          0|
    |inputBuf_24_fu_6562      |   1|   0|    1|          0|
    |inputBuf_2500_fu_16466   |   1|   0|    1|          0|
    |inputBuf_2501_fu_16470   |   1|   0|    1|          0|
    |inputBuf_2502_fu_16474   |   1|   0|    1|          0|
    |inputBuf_2503_fu_16478   |   1|   0|    1|          0|
    |inputBuf_2504_fu_16482   |   1|   0|    1|          0|
    |inputBuf_2505_fu_16486   |   1|   0|    1|          0|
    |inputBuf_2506_fu_16490   |   1|   0|    1|          0|
    |inputBuf_2507_fu_16494   |   1|   0|    1|          0|
    |inputBuf_2508_fu_16498   |   1|   0|    1|          0|
    |inputBuf_2509_fu_16502   |   1|   0|    1|          0|
    |inputBuf_250_fu_7466     |   1|   0|    1|          0|
    |inputBuf_2510_fu_16506   |   1|   0|    1|          0|
    |inputBuf_2511_fu_16510   |   1|   0|    1|          0|
    |inputBuf_2512_fu_16514   |   1|   0|    1|          0|
    |inputBuf_2513_fu_16518   |   1|   0|    1|          0|
    |inputBuf_2514_fu_16522   |   1|   0|    1|          0|
    |inputBuf_2515_fu_16526   |   1|   0|    1|          0|
    |inputBuf_2516_fu_16530   |   1|   0|    1|          0|
    |inputBuf_2517_fu_16534   |   1|   0|    1|          0|
    |inputBuf_2518_fu_16538   |   1|   0|    1|          0|
    |inputBuf_2519_fu_16542   |   1|   0|    1|          0|
    |inputBuf_251_fu_7470     |   1|   0|    1|          0|
    |inputBuf_2520_fu_16546   |   1|   0|    1|          0|
    |inputBuf_2521_fu_16550   |   1|   0|    1|          0|
    |inputBuf_2522_fu_16554   |   1|   0|    1|          0|
    |inputBuf_2523_fu_16558   |   1|   0|    1|          0|
    |inputBuf_2524_fu_16562   |   1|   0|    1|          0|
    |inputBuf_2525_fu_16566   |   1|   0|    1|          0|
    |inputBuf_2526_fu_16570   |   1|   0|    1|          0|
    |inputBuf_2527_fu_16574   |   1|   0|    1|          0|
    |inputBuf_2528_fu_16578   |   1|   0|    1|          0|
    |inputBuf_2529_fu_16582   |   1|   0|    1|          0|
    |inputBuf_252_fu_7474     |   1|   0|    1|          0|
    |inputBuf_2530_fu_16586   |   1|   0|    1|          0|
    |inputBuf_2531_fu_16590   |   1|   0|    1|          0|
    |inputBuf_2532_fu_16594   |   1|   0|    1|          0|
    |inputBuf_2533_fu_16598   |   1|   0|    1|          0|
    |inputBuf_2534_fu_16602   |   1|   0|    1|          0|
    |inputBuf_2535_fu_16606   |   1|   0|    1|          0|
    |inputBuf_2536_fu_16610   |   1|   0|    1|          0|
    |inputBuf_2537_fu_16614   |   1|   0|    1|          0|
    |inputBuf_2538_fu_16618   |   1|   0|    1|          0|
    |inputBuf_2539_fu_16622   |   1|   0|    1|          0|
    |inputBuf_253_fu_7478     |   1|   0|    1|          0|
    |inputBuf_2540_fu_16626   |   1|   0|    1|          0|
    |inputBuf_2541_fu_16630   |   1|   0|    1|          0|
    |inputBuf_2542_fu_16634   |   1|   0|    1|          0|
    |inputBuf_2543_fu_16638   |   1|   0|    1|          0|
    |inputBuf_2544_fu_16642   |   1|   0|    1|          0|
    |inputBuf_2545_fu_16646   |   1|   0|    1|          0|
    |inputBuf_2546_fu_16650   |   1|   0|    1|          0|
    |inputBuf_2547_fu_16654   |   1|   0|    1|          0|
    |inputBuf_2548_fu_16658   |   1|   0|    1|          0|
    |inputBuf_2549_fu_16662   |   1|   0|    1|          0|
    |inputBuf_254_fu_7482     |   1|   0|    1|          0|
    |inputBuf_2550_fu_16666   |   1|   0|    1|          0|
    |inputBuf_2551_fu_16670   |   1|   0|    1|          0|
    |inputBuf_2552_fu_16674   |   1|   0|    1|          0|
    |inputBuf_2553_fu_16678   |   1|   0|    1|          0|
    |inputBuf_2554_fu_16682   |   1|   0|    1|          0|
    |inputBuf_2555_fu_16686   |   1|   0|    1|          0|
    |inputBuf_2556_fu_16690   |   1|   0|    1|          0|
    |inputBuf_2557_fu_16694   |   1|   0|    1|          0|
    |inputBuf_2558_fu_16698   |   1|   0|    1|          0|
    |inputBuf_2559_fu_16702   |   1|   0|    1|          0|
    |inputBuf_255_fu_7486     |   1|   0|    1|          0|
    |inputBuf_2560_fu_16706   |   1|   0|    1|          0|
    |inputBuf_2561_fu_16710   |   1|   0|    1|          0|
    |inputBuf_2562_fu_16714   |   1|   0|    1|          0|
    |inputBuf_2563_fu_16718   |   1|   0|    1|          0|
    |inputBuf_2564_fu_16722   |   1|   0|    1|          0|
    |inputBuf_2565_fu_16726   |   1|   0|    1|          0|
    |inputBuf_2566_fu_16730   |   1|   0|    1|          0|
    |inputBuf_2567_fu_16734   |   1|   0|    1|          0|
    |inputBuf_2568_fu_16738   |   1|   0|    1|          0|
    |inputBuf_2569_fu_16742   |   1|   0|    1|          0|
    |inputBuf_256_fu_7490     |   1|   0|    1|          0|
    |inputBuf_2570_fu_16746   |   1|   0|    1|          0|
    |inputBuf_2571_fu_16750   |   1|   0|    1|          0|
    |inputBuf_2572_fu_16754   |   1|   0|    1|          0|
    |inputBuf_2573_fu_16758   |   1|   0|    1|          0|
    |inputBuf_2574_fu_16762   |   1|   0|    1|          0|
    |inputBuf_2575_fu_16766   |   1|   0|    1|          0|
    |inputBuf_2576_fu_16770   |   1|   0|    1|          0|
    |inputBuf_2577_fu_16774   |   1|   0|    1|          0|
    |inputBuf_2578_fu_16778   |   1|   0|    1|          0|
    |inputBuf_2579_fu_16782   |   1|   0|    1|          0|
    |inputBuf_257_fu_7494     |   1|   0|    1|          0|
    |inputBuf_2580_fu_16786   |   1|   0|    1|          0|
    |inputBuf_2581_fu_16790   |   1|   0|    1|          0|
    |inputBuf_2582_fu_16794   |   1|   0|    1|          0|
    |inputBuf_2583_fu_16798   |   1|   0|    1|          0|
    |inputBuf_2584_fu_16802   |   1|   0|    1|          0|
    |inputBuf_2585_fu_16806   |   1|   0|    1|          0|
    |inputBuf_2586_fu_16810   |   1|   0|    1|          0|
    |inputBuf_2587_fu_16814   |   1|   0|    1|          0|
    |inputBuf_2588_fu_16818   |   1|   0|    1|          0|
    |inputBuf_2589_fu_16822   |   1|   0|    1|          0|
    |inputBuf_258_fu_7498     |   1|   0|    1|          0|
    |inputBuf_2590_fu_16826   |   1|   0|    1|          0|
    |inputBuf_2591_fu_16830   |   1|   0|    1|          0|
    |inputBuf_2592_fu_16834   |   1|   0|    1|          0|
    |inputBuf_2593_fu_16838   |   1|   0|    1|          0|
    |inputBuf_2594_fu_16842   |   1|   0|    1|          0|
    |inputBuf_2595_fu_16846   |   1|   0|    1|          0|
    |inputBuf_2596_fu_16850   |   1|   0|    1|          0|
    |inputBuf_2597_fu_16854   |   1|   0|    1|          0|
    |inputBuf_2598_fu_16858   |   1|   0|    1|          0|
    |inputBuf_2599_fu_16862   |   1|   0|    1|          0|
    |inputBuf_259_fu_7502     |   1|   0|    1|          0|
    |inputBuf_25_fu_6566      |   1|   0|    1|          0|
    |inputBuf_2600_fu_16866   |   1|   0|    1|          0|
    |inputBuf_2601_fu_16870   |   1|   0|    1|          0|
    |inputBuf_2602_fu_16874   |   1|   0|    1|          0|
    |inputBuf_2603_fu_16878   |   1|   0|    1|          0|
    |inputBuf_2604_fu_16882   |   1|   0|    1|          0|
    |inputBuf_2605_fu_16886   |   1|   0|    1|          0|
    |inputBuf_2606_fu_16890   |   1|   0|    1|          0|
    |inputBuf_2607_fu_16894   |   1|   0|    1|          0|
    |inputBuf_2608_fu_16898   |   1|   0|    1|          0|
    |inputBuf_2609_fu_16902   |   1|   0|    1|          0|
    |inputBuf_260_fu_7506     |   1|   0|    1|          0|
    |inputBuf_2610_fu_16906   |   1|   0|    1|          0|
    |inputBuf_2611_fu_16910   |   1|   0|    1|          0|
    |inputBuf_2612_fu_16914   |   1|   0|    1|          0|
    |inputBuf_2613_fu_16918   |   1|   0|    1|          0|
    |inputBuf_2614_fu_16922   |   1|   0|    1|          0|
    |inputBuf_2615_fu_16926   |   1|   0|    1|          0|
    |inputBuf_2616_fu_16930   |   1|   0|    1|          0|
    |inputBuf_2617_fu_16934   |   1|   0|    1|          0|
    |inputBuf_2618_fu_16938   |   1|   0|    1|          0|
    |inputBuf_2619_fu_16942   |   1|   0|    1|          0|
    |inputBuf_261_fu_7510     |   1|   0|    1|          0|
    |inputBuf_2620_fu_16946   |   1|   0|    1|          0|
    |inputBuf_2621_fu_16950   |   1|   0|    1|          0|
    |inputBuf_2622_fu_16954   |   1|   0|    1|          0|
    |inputBuf_2623_fu_16958   |   1|   0|    1|          0|
    |inputBuf_2624_fu_16962   |   1|   0|    1|          0|
    |inputBuf_2625_fu_16966   |   1|   0|    1|          0|
    |inputBuf_2626_fu_16970   |   1|   0|    1|          0|
    |inputBuf_2627_fu_16974   |   1|   0|    1|          0|
    |inputBuf_2628_fu_16978   |   1|   0|    1|          0|
    |inputBuf_2629_fu_16982   |   1|   0|    1|          0|
    |inputBuf_262_fu_7514     |   1|   0|    1|          0|
    |inputBuf_2630_fu_16986   |   1|   0|    1|          0|
    |inputBuf_2631_fu_16990   |   1|   0|    1|          0|
    |inputBuf_2632_fu_16994   |   1|   0|    1|          0|
    |inputBuf_2633_fu_16998   |   1|   0|    1|          0|
    |inputBuf_2634_fu_17002   |   1|   0|    1|          0|
    |inputBuf_2635_fu_17006   |   1|   0|    1|          0|
    |inputBuf_2636_fu_17010   |   1|   0|    1|          0|
    |inputBuf_2637_fu_17014   |   1|   0|    1|          0|
    |inputBuf_2638_fu_17018   |   1|   0|    1|          0|
    |inputBuf_2639_fu_17022   |   1|   0|    1|          0|
    |inputBuf_263_fu_7518     |   1|   0|    1|          0|
    |inputBuf_2640_fu_17026   |   1|   0|    1|          0|
    |inputBuf_2641_fu_17030   |   1|   0|    1|          0|
    |inputBuf_2642_fu_17034   |   1|   0|    1|          0|
    |inputBuf_2643_fu_17038   |   1|   0|    1|          0|
    |inputBuf_2644_fu_17042   |   1|   0|    1|          0|
    |inputBuf_2645_fu_17046   |   1|   0|    1|          0|
    |inputBuf_2646_fu_17050   |   1|   0|    1|          0|
    |inputBuf_2647_fu_17054   |   1|   0|    1|          0|
    |inputBuf_2648_fu_17058   |   1|   0|    1|          0|
    |inputBuf_2649_fu_17062   |   1|   0|    1|          0|
    |inputBuf_264_fu_7522     |   1|   0|    1|          0|
    |inputBuf_2650_fu_17066   |   1|   0|    1|          0|
    |inputBuf_2651_fu_17070   |   1|   0|    1|          0|
    |inputBuf_2652_fu_17074   |   1|   0|    1|          0|
    |inputBuf_2653_fu_17078   |   1|   0|    1|          0|
    |inputBuf_2654_fu_17082   |   1|   0|    1|          0|
    |inputBuf_2655_fu_17086   |   1|   0|    1|          0|
    |inputBuf_2656_fu_17090   |   1|   0|    1|          0|
    |inputBuf_2657_fu_17094   |   1|   0|    1|          0|
    |inputBuf_2658_fu_17098   |   1|   0|    1|          0|
    |inputBuf_2659_fu_17102   |   1|   0|    1|          0|
    |inputBuf_265_fu_7526     |   1|   0|    1|          0|
    |inputBuf_2660_fu_17106   |   1|   0|    1|          0|
    |inputBuf_2661_fu_17110   |   1|   0|    1|          0|
    |inputBuf_2662_fu_17114   |   1|   0|    1|          0|
    |inputBuf_2663_fu_17118   |   1|   0|    1|          0|
    |inputBuf_2664_fu_17122   |   1|   0|    1|          0|
    |inputBuf_2665_fu_17126   |   1|   0|    1|          0|
    |inputBuf_2666_fu_17130   |   1|   0|    1|          0|
    |inputBuf_2667_fu_17134   |   1|   0|    1|          0|
    |inputBuf_2668_fu_17138   |   1|   0|    1|          0|
    |inputBuf_2669_fu_17142   |   1|   0|    1|          0|
    |inputBuf_266_fu_7530     |   1|   0|    1|          0|
    |inputBuf_2670_fu_17146   |   1|   0|    1|          0|
    |inputBuf_2671_fu_17150   |   1|   0|    1|          0|
    |inputBuf_2672_fu_17154   |   1|   0|    1|          0|
    |inputBuf_2673_fu_17158   |   1|   0|    1|          0|
    |inputBuf_2674_fu_17162   |   1|   0|    1|          0|
    |inputBuf_2675_fu_17166   |   1|   0|    1|          0|
    |inputBuf_2676_fu_17170   |   1|   0|    1|          0|
    |inputBuf_2677_fu_17174   |   1|   0|    1|          0|
    |inputBuf_2678_fu_17178   |   1|   0|    1|          0|
    |inputBuf_2679_fu_17182   |   1|   0|    1|          0|
    |inputBuf_267_fu_7534     |   1|   0|    1|          0|
    |inputBuf_2680_fu_17186   |   1|   0|    1|          0|
    |inputBuf_2681_fu_17190   |   1|   0|    1|          0|
    |inputBuf_2682_fu_17194   |   1|   0|    1|          0|
    |inputBuf_2683_fu_17198   |   1|   0|    1|          0|
    |inputBuf_2684_fu_17202   |   1|   0|    1|          0|
    |inputBuf_2685_fu_17206   |   1|   0|    1|          0|
    |inputBuf_2686_fu_17210   |   1|   0|    1|          0|
    |inputBuf_2687_fu_17214   |   1|   0|    1|          0|
    |inputBuf_2688_fu_17218   |   1|   0|    1|          0|
    |inputBuf_2689_fu_17222   |   1|   0|    1|          0|
    |inputBuf_268_fu_7538     |   1|   0|    1|          0|
    |inputBuf_2690_fu_17226   |   1|   0|    1|          0|
    |inputBuf_2691_fu_17230   |   1|   0|    1|          0|
    |inputBuf_2692_fu_17234   |   1|   0|    1|          0|
    |inputBuf_2693_fu_17238   |   1|   0|    1|          0|
    |inputBuf_2694_fu_17242   |   1|   0|    1|          0|
    |inputBuf_2695_fu_17246   |   1|   0|    1|          0|
    |inputBuf_2696_fu_17250   |   1|   0|    1|          0|
    |inputBuf_2697_fu_17254   |   1|   0|    1|          0|
    |inputBuf_2698_fu_17258   |   1|   0|    1|          0|
    |inputBuf_2699_fu_17262   |   1|   0|    1|          0|
    |inputBuf_269_fu_7542     |   1|   0|    1|          0|
    |inputBuf_26_fu_6570      |   1|   0|    1|          0|
    |inputBuf_2700_fu_17266   |   1|   0|    1|          0|
    |inputBuf_2701_fu_17270   |   1|   0|    1|          0|
    |inputBuf_2702_fu_17274   |   1|   0|    1|          0|
    |inputBuf_2703_fu_17278   |   1|   0|    1|          0|
    |inputBuf_2704_fu_17282   |   1|   0|    1|          0|
    |inputBuf_2705_fu_17286   |   1|   0|    1|          0|
    |inputBuf_2706_fu_17290   |   1|   0|    1|          0|
    |inputBuf_2707_fu_17294   |   1|   0|    1|          0|
    |inputBuf_2708_fu_17298   |   1|   0|    1|          0|
    |inputBuf_2709_fu_17302   |   1|   0|    1|          0|
    |inputBuf_270_fu_7546     |   1|   0|    1|          0|
    |inputBuf_2710_fu_17306   |   1|   0|    1|          0|
    |inputBuf_2711_fu_17310   |   1|   0|    1|          0|
    |inputBuf_2712_fu_17314   |   1|   0|    1|          0|
    |inputBuf_2713_fu_17318   |   1|   0|    1|          0|
    |inputBuf_2714_fu_17322   |   1|   0|    1|          0|
    |inputBuf_2715_fu_17326   |   1|   0|    1|          0|
    |inputBuf_2716_fu_17330   |   1|   0|    1|          0|
    |inputBuf_2717_fu_17334   |   1|   0|    1|          0|
    |inputBuf_2718_fu_17338   |   1|   0|    1|          0|
    |inputBuf_2719_fu_17342   |   1|   0|    1|          0|
    |inputBuf_271_fu_7550     |   1|   0|    1|          0|
    |inputBuf_2720_fu_17346   |   1|   0|    1|          0|
    |inputBuf_2721_fu_17350   |   1|   0|    1|          0|
    |inputBuf_2722_fu_17354   |   1|   0|    1|          0|
    |inputBuf_2723_fu_17358   |   1|   0|    1|          0|
    |inputBuf_2724_fu_17362   |   1|   0|    1|          0|
    |inputBuf_2725_fu_17366   |   1|   0|    1|          0|
    |inputBuf_2726_fu_17370   |   1|   0|    1|          0|
    |inputBuf_2727_fu_17374   |   1|   0|    1|          0|
    |inputBuf_2728_fu_17378   |   1|   0|    1|          0|
    |inputBuf_2729_fu_17382   |   1|   0|    1|          0|
    |inputBuf_272_fu_7554     |   1|   0|    1|          0|
    |inputBuf_2730_fu_17386   |   1|   0|    1|          0|
    |inputBuf_2731_fu_17390   |   1|   0|    1|          0|
    |inputBuf_2732_fu_17394   |   1|   0|    1|          0|
    |inputBuf_2733_fu_17398   |   1|   0|    1|          0|
    |inputBuf_2734_fu_17402   |   1|   0|    1|          0|
    |inputBuf_2735_fu_17406   |   1|   0|    1|          0|
    |inputBuf_2736_fu_17410   |   1|   0|    1|          0|
    |inputBuf_2737_fu_17414   |   1|   0|    1|          0|
    |inputBuf_2738_fu_17418   |   1|   0|    1|          0|
    |inputBuf_2739_fu_17422   |   1|   0|    1|          0|
    |inputBuf_273_fu_7558     |   1|   0|    1|          0|
    |inputBuf_2740_fu_17426   |   1|   0|    1|          0|
    |inputBuf_2741_fu_17430   |   1|   0|    1|          0|
    |inputBuf_2742_fu_17434   |   1|   0|    1|          0|
    |inputBuf_2743_fu_17438   |   1|   0|    1|          0|
    |inputBuf_2744_fu_17442   |   1|   0|    1|          0|
    |inputBuf_2745_fu_17446   |   1|   0|    1|          0|
    |inputBuf_2746_fu_17450   |   1|   0|    1|          0|
    |inputBuf_2747_fu_17454   |   1|   0|    1|          0|
    |inputBuf_2748_fu_17458   |   1|   0|    1|          0|
    |inputBuf_2749_fu_17462   |   1|   0|    1|          0|
    |inputBuf_274_fu_7562     |   1|   0|    1|          0|
    |inputBuf_2750_fu_17466   |   1|   0|    1|          0|
    |inputBuf_2751_fu_17470   |   1|   0|    1|          0|
    |inputBuf_2752_fu_17474   |   1|   0|    1|          0|
    |inputBuf_2753_fu_17478   |   1|   0|    1|          0|
    |inputBuf_2754_fu_17482   |   1|   0|    1|          0|
    |inputBuf_2755_fu_17486   |   1|   0|    1|          0|
    |inputBuf_2756_fu_17490   |   1|   0|    1|          0|
    |inputBuf_2757_fu_17494   |   1|   0|    1|          0|
    |inputBuf_2758_fu_17498   |   1|   0|    1|          0|
    |inputBuf_2759_fu_17502   |   1|   0|    1|          0|
    |inputBuf_275_fu_7566     |   1|   0|    1|          0|
    |inputBuf_2760_fu_17506   |   1|   0|    1|          0|
    |inputBuf_2761_fu_17510   |   1|   0|    1|          0|
    |inputBuf_2762_fu_17514   |   1|   0|    1|          0|
    |inputBuf_2763_fu_17518   |   1|   0|    1|          0|
    |inputBuf_2764_fu_17522   |   1|   0|    1|          0|
    |inputBuf_2765_fu_17526   |   1|   0|    1|          0|
    |inputBuf_2766_fu_17530   |   1|   0|    1|          0|
    |inputBuf_2767_fu_17534   |   1|   0|    1|          0|
    |inputBuf_2768_fu_17538   |   1|   0|    1|          0|
    |inputBuf_2769_fu_17542   |   1|   0|    1|          0|
    |inputBuf_276_fu_7570     |   1|   0|    1|          0|
    |inputBuf_2770_fu_17546   |   1|   0|    1|          0|
    |inputBuf_2771_fu_17550   |   1|   0|    1|          0|
    |inputBuf_2772_fu_17554   |   1|   0|    1|          0|
    |inputBuf_2773_fu_17558   |   1|   0|    1|          0|
    |inputBuf_2774_fu_17562   |   1|   0|    1|          0|
    |inputBuf_2775_fu_17566   |   1|   0|    1|          0|
    |inputBuf_2776_fu_17570   |   1|   0|    1|          0|
    |inputBuf_2777_fu_17574   |   1|   0|    1|          0|
    |inputBuf_2778_fu_17578   |   1|   0|    1|          0|
    |inputBuf_2779_fu_17582   |   1|   0|    1|          0|
    |inputBuf_277_fu_7574     |   1|   0|    1|          0|
    |inputBuf_2780_fu_17586   |   1|   0|    1|          0|
    |inputBuf_2781_fu_17590   |   1|   0|    1|          0|
    |inputBuf_2782_fu_17594   |   1|   0|    1|          0|
    |inputBuf_2783_fu_17598   |   1|   0|    1|          0|
    |inputBuf_2784_fu_17602   |   1|   0|    1|          0|
    |inputBuf_2785_fu_17606   |   1|   0|    1|          0|
    |inputBuf_2786_fu_17610   |   1|   0|    1|          0|
    |inputBuf_2787_fu_17614   |   1|   0|    1|          0|
    |inputBuf_2788_fu_17618   |   1|   0|    1|          0|
    |inputBuf_2789_fu_17622   |   1|   0|    1|          0|
    |inputBuf_278_fu_7578     |   1|   0|    1|          0|
    |inputBuf_2790_fu_17626   |   1|   0|    1|          0|
    |inputBuf_2791_fu_17630   |   1|   0|    1|          0|
    |inputBuf_2792_fu_17634   |   1|   0|    1|          0|
    |inputBuf_2793_fu_17638   |   1|   0|    1|          0|
    |inputBuf_2794_fu_17642   |   1|   0|    1|          0|
    |inputBuf_2795_fu_17646   |   1|   0|    1|          0|
    |inputBuf_2796_fu_17650   |   1|   0|    1|          0|
    |inputBuf_2797_fu_17654   |   1|   0|    1|          0|
    |inputBuf_2798_fu_17658   |   1|   0|    1|          0|
    |inputBuf_2799_fu_17662   |   1|   0|    1|          0|
    |inputBuf_279_fu_7582     |   1|   0|    1|          0|
    |inputBuf_27_fu_6574      |   1|   0|    1|          0|
    |inputBuf_2800_fu_17666   |   1|   0|    1|          0|
    |inputBuf_2801_fu_17670   |   1|   0|    1|          0|
    |inputBuf_2802_fu_17674   |   1|   0|    1|          0|
    |inputBuf_2803_fu_17678   |   1|   0|    1|          0|
    |inputBuf_2804_fu_17682   |   1|   0|    1|          0|
    |inputBuf_2805_fu_17686   |   1|   0|    1|          0|
    |inputBuf_2806_fu_17690   |   1|   0|    1|          0|
    |inputBuf_2807_fu_17694   |   1|   0|    1|          0|
    |inputBuf_2808_fu_17698   |   1|   0|    1|          0|
    |inputBuf_2809_fu_17702   |   1|   0|    1|          0|
    |inputBuf_280_fu_7586     |   1|   0|    1|          0|
    |inputBuf_2810_fu_17706   |   1|   0|    1|          0|
    |inputBuf_2811_fu_17710   |   1|   0|    1|          0|
    |inputBuf_2812_fu_17714   |   1|   0|    1|          0|
    |inputBuf_2813_fu_17718   |   1|   0|    1|          0|
    |inputBuf_2814_fu_17722   |   1|   0|    1|          0|
    |inputBuf_2815_fu_17726   |   1|   0|    1|          0|
    |inputBuf_2816_fu_17730   |   1|   0|    1|          0|
    |inputBuf_2817_fu_17734   |   1|   0|    1|          0|
    |inputBuf_2818_fu_17738   |   1|   0|    1|          0|
    |inputBuf_2819_fu_17742   |   1|   0|    1|          0|
    |inputBuf_281_fu_7590     |   1|   0|    1|          0|
    |inputBuf_2820_fu_17746   |   1|   0|    1|          0|
    |inputBuf_2821_fu_17750   |   1|   0|    1|          0|
    |inputBuf_2822_fu_17754   |   1|   0|    1|          0|
    |inputBuf_2823_fu_17758   |   1|   0|    1|          0|
    |inputBuf_2824_fu_17762   |   1|   0|    1|          0|
    |inputBuf_2825_fu_17766   |   1|   0|    1|          0|
    |inputBuf_2826_fu_17770   |   1|   0|    1|          0|
    |inputBuf_2827_fu_17774   |   1|   0|    1|          0|
    |inputBuf_2828_fu_17778   |   1|   0|    1|          0|
    |inputBuf_2829_fu_17782   |   1|   0|    1|          0|
    |inputBuf_282_fu_7594     |   1|   0|    1|          0|
    |inputBuf_2830_fu_17786   |   1|   0|    1|          0|
    |inputBuf_2831_fu_17790   |   1|   0|    1|          0|
    |inputBuf_2832_fu_17794   |   1|   0|    1|          0|
    |inputBuf_2833_fu_17798   |   1|   0|    1|          0|
    |inputBuf_2834_fu_17802   |   1|   0|    1|          0|
    |inputBuf_2835_fu_17806   |   1|   0|    1|          0|
    |inputBuf_2836_fu_17810   |   1|   0|    1|          0|
    |inputBuf_2837_fu_17814   |   1|   0|    1|          0|
    |inputBuf_2838_fu_17818   |   1|   0|    1|          0|
    |inputBuf_2839_fu_17822   |   1|   0|    1|          0|
    |inputBuf_283_fu_7598     |   1|   0|    1|          0|
    |inputBuf_2840_fu_17826   |   1|   0|    1|          0|
    |inputBuf_2841_fu_17830   |   1|   0|    1|          0|
    |inputBuf_2842_fu_17834   |   1|   0|    1|          0|
    |inputBuf_2843_fu_17838   |   1|   0|    1|          0|
    |inputBuf_2844_fu_17842   |   1|   0|    1|          0|
    |inputBuf_2845_fu_17846   |   1|   0|    1|          0|
    |inputBuf_2846_fu_17850   |   1|   0|    1|          0|
    |inputBuf_2847_fu_17854   |   1|   0|    1|          0|
    |inputBuf_2848_fu_17858   |   1|   0|    1|          0|
    |inputBuf_2849_fu_17862   |   1|   0|    1|          0|
    |inputBuf_284_fu_7602     |   1|   0|    1|          0|
    |inputBuf_2850_fu_17866   |   1|   0|    1|          0|
    |inputBuf_2851_fu_17870   |   1|   0|    1|          0|
    |inputBuf_2852_fu_17874   |   1|   0|    1|          0|
    |inputBuf_2853_fu_17878   |   1|   0|    1|          0|
    |inputBuf_2854_fu_17882   |   1|   0|    1|          0|
    |inputBuf_2855_fu_17886   |   1|   0|    1|          0|
    |inputBuf_2856_fu_17890   |   1|   0|    1|          0|
    |inputBuf_2857_fu_17894   |   1|   0|    1|          0|
    |inputBuf_2858_fu_17898   |   1|   0|    1|          0|
    |inputBuf_2859_fu_17902   |   1|   0|    1|          0|
    |inputBuf_285_fu_7606     |   1|   0|    1|          0|
    |inputBuf_2860_fu_17906   |   1|   0|    1|          0|
    |inputBuf_2861_fu_17910   |   1|   0|    1|          0|
    |inputBuf_2862_fu_17914   |   1|   0|    1|          0|
    |inputBuf_2863_fu_17918   |   1|   0|    1|          0|
    |inputBuf_2864_fu_17922   |   1|   0|    1|          0|
    |inputBuf_2865_fu_17926   |   1|   0|    1|          0|
    |inputBuf_2866_fu_17930   |   1|   0|    1|          0|
    |inputBuf_2867_fu_17934   |   1|   0|    1|          0|
    |inputBuf_2868_fu_17938   |   1|   0|    1|          0|
    |inputBuf_2869_fu_17942   |   1|   0|    1|          0|
    |inputBuf_286_fu_7610     |   1|   0|    1|          0|
    |inputBuf_2870_fu_17946   |   1|   0|    1|          0|
    |inputBuf_2871_fu_17950   |   1|   0|    1|          0|
    |inputBuf_2872_fu_17954   |   1|   0|    1|          0|
    |inputBuf_2873_fu_17958   |   1|   0|    1|          0|
    |inputBuf_2874_fu_17962   |   1|   0|    1|          0|
    |inputBuf_2875_fu_17966   |   1|   0|    1|          0|
    |inputBuf_2876_fu_17970   |   1|   0|    1|          0|
    |inputBuf_2877_fu_17974   |   1|   0|    1|          0|
    |inputBuf_2878_fu_17978   |   1|   0|    1|          0|
    |inputBuf_2879_fu_17982   |   1|   0|    1|          0|
    |inputBuf_287_fu_7614     |   1|   0|    1|          0|
    |inputBuf_2880_fu_17986   |   1|   0|    1|          0|
    |inputBuf_2881_fu_17990   |   1|   0|    1|          0|
    |inputBuf_2882_fu_17994   |   1|   0|    1|          0|
    |inputBuf_2883_fu_17998   |   1|   0|    1|          0|
    |inputBuf_2884_fu_18002   |   1|   0|    1|          0|
    |inputBuf_2885_fu_18006   |   1|   0|    1|          0|
    |inputBuf_2886_fu_18010   |   1|   0|    1|          0|
    |inputBuf_2887_fu_18014   |   1|   0|    1|          0|
    |inputBuf_2888_fu_18018   |   1|   0|    1|          0|
    |inputBuf_2889_fu_18022   |   1|   0|    1|          0|
    |inputBuf_288_fu_7618     |   1|   0|    1|          0|
    |inputBuf_2890_fu_18026   |   1|   0|    1|          0|
    |inputBuf_2891_fu_18030   |   1|   0|    1|          0|
    |inputBuf_2892_fu_18034   |   1|   0|    1|          0|
    |inputBuf_2893_fu_18038   |   1|   0|    1|          0|
    |inputBuf_2894_fu_18042   |   1|   0|    1|          0|
    |inputBuf_2895_fu_18046   |   1|   0|    1|          0|
    |inputBuf_2896_fu_18050   |   1|   0|    1|          0|
    |inputBuf_2897_fu_18054   |   1|   0|    1|          0|
    |inputBuf_2898_fu_18058   |   1|   0|    1|          0|
    |inputBuf_2899_fu_18062   |   1|   0|    1|          0|
    |inputBuf_289_fu_7622     |   1|   0|    1|          0|
    |inputBuf_28_fu_6578      |   1|   0|    1|          0|
    |inputBuf_2900_fu_18066   |   1|   0|    1|          0|
    |inputBuf_2901_fu_18070   |   1|   0|    1|          0|
    |inputBuf_2902_fu_18074   |   1|   0|    1|          0|
    |inputBuf_2903_fu_18078   |   1|   0|    1|          0|
    |inputBuf_2904_fu_18082   |   1|   0|    1|          0|
    |inputBuf_2905_fu_18086   |   1|   0|    1|          0|
    |inputBuf_2906_fu_18090   |   1|   0|    1|          0|
    |inputBuf_2907_fu_18094   |   1|   0|    1|          0|
    |inputBuf_2908_fu_18098   |   1|   0|    1|          0|
    |inputBuf_2909_fu_18102   |   1|   0|    1|          0|
    |inputBuf_290_fu_7626     |   1|   0|    1|          0|
    |inputBuf_2910_fu_18106   |   1|   0|    1|          0|
    |inputBuf_2911_fu_18110   |   1|   0|    1|          0|
    |inputBuf_2912_fu_18114   |   1|   0|    1|          0|
    |inputBuf_2913_fu_18118   |   1|   0|    1|          0|
    |inputBuf_2914_fu_18122   |   1|   0|    1|          0|
    |inputBuf_2915_fu_18126   |   1|   0|    1|          0|
    |inputBuf_2916_fu_18130   |   1|   0|    1|          0|
    |inputBuf_2917_fu_18134   |   1|   0|    1|          0|
    |inputBuf_2918_fu_18138   |   1|   0|    1|          0|
    |inputBuf_2919_fu_18142   |   1|   0|    1|          0|
    |inputBuf_291_fu_7630     |   1|   0|    1|          0|
    |inputBuf_2920_fu_18146   |   1|   0|    1|          0|
    |inputBuf_2921_fu_18150   |   1|   0|    1|          0|
    |inputBuf_2922_fu_18154   |   1|   0|    1|          0|
    |inputBuf_2923_fu_18158   |   1|   0|    1|          0|
    |inputBuf_2924_fu_18162   |   1|   0|    1|          0|
    |inputBuf_2925_fu_18166   |   1|   0|    1|          0|
    |inputBuf_2926_fu_18170   |   1|   0|    1|          0|
    |inputBuf_2927_fu_18174   |   1|   0|    1|          0|
    |inputBuf_2928_fu_18178   |   1|   0|    1|          0|
    |inputBuf_2929_fu_18182   |   1|   0|    1|          0|
    |inputBuf_292_fu_7634     |   1|   0|    1|          0|
    |inputBuf_2930_fu_18186   |   1|   0|    1|          0|
    |inputBuf_2931_fu_18190   |   1|   0|    1|          0|
    |inputBuf_2932_fu_18194   |   1|   0|    1|          0|
    |inputBuf_2933_fu_18198   |   1|   0|    1|          0|
    |inputBuf_2934_fu_18202   |   1|   0|    1|          0|
    |inputBuf_2935_fu_18206   |   1|   0|    1|          0|
    |inputBuf_2936_fu_18210   |   1|   0|    1|          0|
    |inputBuf_2937_fu_18214   |   1|   0|    1|          0|
    |inputBuf_2938_fu_18218   |   1|   0|    1|          0|
    |inputBuf_2939_fu_18222   |   1|   0|    1|          0|
    |inputBuf_293_fu_7638     |   1|   0|    1|          0|
    |inputBuf_2940_fu_18226   |   1|   0|    1|          0|
    |inputBuf_2941_fu_18230   |   1|   0|    1|          0|
    |inputBuf_2942_fu_18234   |   1|   0|    1|          0|
    |inputBuf_2943_fu_18238   |   1|   0|    1|          0|
    |inputBuf_2944_fu_18242   |   1|   0|    1|          0|
    |inputBuf_2945_fu_18246   |   1|   0|    1|          0|
    |inputBuf_2946_fu_18250   |   1|   0|    1|          0|
    |inputBuf_2947_fu_18254   |   1|   0|    1|          0|
    |inputBuf_2948_fu_18258   |   1|   0|    1|          0|
    |inputBuf_2949_fu_18262   |   1|   0|    1|          0|
    |inputBuf_294_fu_7642     |   1|   0|    1|          0|
    |inputBuf_2950_fu_18266   |   1|   0|    1|          0|
    |inputBuf_2951_fu_18270   |   1|   0|    1|          0|
    |inputBuf_2952_fu_18274   |   1|   0|    1|          0|
    |inputBuf_2953_fu_18278   |   1|   0|    1|          0|
    |inputBuf_2954_fu_18282   |   1|   0|    1|          0|
    |inputBuf_2955_fu_18286   |   1|   0|    1|          0|
    |inputBuf_2956_fu_18290   |   1|   0|    1|          0|
    |inputBuf_2957_fu_18294   |   1|   0|    1|          0|
    |inputBuf_2958_fu_18298   |   1|   0|    1|          0|
    |inputBuf_2959_fu_18302   |   1|   0|    1|          0|
    |inputBuf_295_fu_7646     |   1|   0|    1|          0|
    |inputBuf_2960_fu_18306   |   1|   0|    1|          0|
    |inputBuf_2961_fu_18310   |   1|   0|    1|          0|
    |inputBuf_2962_fu_18314   |   1|   0|    1|          0|
    |inputBuf_2963_fu_18318   |   1|   0|    1|          0|
    |inputBuf_2964_fu_18322   |   1|   0|    1|          0|
    |inputBuf_2965_fu_18326   |   1|   0|    1|          0|
    |inputBuf_2966_fu_18330   |   1|   0|    1|          0|
    |inputBuf_2967_fu_18334   |   1|   0|    1|          0|
    |inputBuf_2968_fu_18338   |   1|   0|    1|          0|
    |inputBuf_2969_fu_18342   |   1|   0|    1|          0|
    |inputBuf_296_fu_7650     |   1|   0|    1|          0|
    |inputBuf_2970_fu_18346   |   1|   0|    1|          0|
    |inputBuf_2971_fu_18350   |   1|   0|    1|          0|
    |inputBuf_2972_fu_18354   |   1|   0|    1|          0|
    |inputBuf_2973_fu_18358   |   1|   0|    1|          0|
    |inputBuf_2974_fu_18362   |   1|   0|    1|          0|
    |inputBuf_2975_fu_18366   |   1|   0|    1|          0|
    |inputBuf_2976_fu_18370   |   1|   0|    1|          0|
    |inputBuf_2977_fu_18374   |   1|   0|    1|          0|
    |inputBuf_2978_fu_18378   |   1|   0|    1|          0|
    |inputBuf_2979_fu_18382   |   1|   0|    1|          0|
    |inputBuf_297_fu_7654     |   1|   0|    1|          0|
    |inputBuf_2980_fu_18386   |   1|   0|    1|          0|
    |inputBuf_2981_fu_18390   |   1|   0|    1|          0|
    |inputBuf_2982_fu_18394   |   1|   0|    1|          0|
    |inputBuf_2983_fu_18398   |   1|   0|    1|          0|
    |inputBuf_2984_fu_18402   |   1|   0|    1|          0|
    |inputBuf_2985_fu_18406   |   1|   0|    1|          0|
    |inputBuf_2986_fu_18410   |   1|   0|    1|          0|
    |inputBuf_2987_fu_18414   |   1|   0|    1|          0|
    |inputBuf_2988_fu_18418   |   1|   0|    1|          0|
    |inputBuf_2989_fu_18422   |   1|   0|    1|          0|
    |inputBuf_298_fu_7658     |   1|   0|    1|          0|
    |inputBuf_2990_fu_18426   |   1|   0|    1|          0|
    |inputBuf_2991_fu_18430   |   1|   0|    1|          0|
    |inputBuf_2992_fu_18434   |   1|   0|    1|          0|
    |inputBuf_2993_fu_18438   |   1|   0|    1|          0|
    |inputBuf_2994_fu_18442   |   1|   0|    1|          0|
    |inputBuf_2995_fu_18446   |   1|   0|    1|          0|
    |inputBuf_2996_fu_18450   |   1|   0|    1|          0|
    |inputBuf_2997_fu_18454   |   1|   0|    1|          0|
    |inputBuf_2998_fu_18458   |   1|   0|    1|          0|
    |inputBuf_2999_fu_18462   |   1|   0|    1|          0|
    |inputBuf_299_fu_7662     |   1|   0|    1|          0|
    |inputBuf_29_fu_6582      |   1|   0|    1|          0|
    |inputBuf_2_fu_6474       |   1|   0|    1|          0|
    |inputBuf_3000_fu_18466   |   1|   0|    1|          0|
    |inputBuf_3001_fu_18470   |   1|   0|    1|          0|
    |inputBuf_3002_fu_18474   |   1|   0|    1|          0|
    |inputBuf_3003_fu_18478   |   1|   0|    1|          0|
    |inputBuf_3004_fu_18482   |   1|   0|    1|          0|
    |inputBuf_3005_fu_18486   |   1|   0|    1|          0|
    |inputBuf_3006_fu_18490   |   1|   0|    1|          0|
    |inputBuf_3007_fu_18494   |   1|   0|    1|          0|
    |inputBuf_3008_fu_18498   |   1|   0|    1|          0|
    |inputBuf_3009_fu_18502   |   1|   0|    1|          0|
    |inputBuf_300_fu_7666     |   1|   0|    1|          0|
    |inputBuf_3010_fu_18506   |   1|   0|    1|          0|
    |inputBuf_3011_fu_18510   |   1|   0|    1|          0|
    |inputBuf_3012_fu_18514   |   1|   0|    1|          0|
    |inputBuf_3013_fu_18518   |   1|   0|    1|          0|
    |inputBuf_3014_fu_18522   |   1|   0|    1|          0|
    |inputBuf_3015_fu_18526   |   1|   0|    1|          0|
    |inputBuf_3016_fu_18530   |   1|   0|    1|          0|
    |inputBuf_3017_fu_18534   |   1|   0|    1|          0|
    |inputBuf_3018_fu_18538   |   1|   0|    1|          0|
    |inputBuf_3019_fu_18542   |   1|   0|    1|          0|
    |inputBuf_301_fu_7670     |   1|   0|    1|          0|
    |inputBuf_3020_fu_18546   |   1|   0|    1|          0|
    |inputBuf_3021_fu_18550   |   1|   0|    1|          0|
    |inputBuf_3022_fu_18554   |   1|   0|    1|          0|
    |inputBuf_3023_fu_18558   |   1|   0|    1|          0|
    |inputBuf_3024_fu_18562   |   1|   0|    1|          0|
    |inputBuf_3025_fu_18566   |   1|   0|    1|          0|
    |inputBuf_3026_fu_18570   |   1|   0|    1|          0|
    |inputBuf_3027_fu_18574   |   1|   0|    1|          0|
    |inputBuf_3028_fu_18578   |   1|   0|    1|          0|
    |inputBuf_3029_fu_18582   |   1|   0|    1|          0|
    |inputBuf_302_fu_7674     |   1|   0|    1|          0|
    |inputBuf_3030_fu_18586   |   1|   0|    1|          0|
    |inputBuf_3031_fu_18590   |   1|   0|    1|          0|
    |inputBuf_3032_fu_18594   |   1|   0|    1|          0|
    |inputBuf_3033_fu_18598   |   1|   0|    1|          0|
    |inputBuf_3034_fu_18602   |   1|   0|    1|          0|
    |inputBuf_3035_fu_18606   |   1|   0|    1|          0|
    |inputBuf_3036_fu_18610   |   1|   0|    1|          0|
    |inputBuf_3037_fu_18614   |   1|   0|    1|          0|
    |inputBuf_3038_fu_18618   |   1|   0|    1|          0|
    |inputBuf_3039_fu_18622   |   1|   0|    1|          0|
    |inputBuf_303_fu_7678     |   1|   0|    1|          0|
    |inputBuf_3040_fu_18626   |   1|   0|    1|          0|
    |inputBuf_3041_fu_18630   |   1|   0|    1|          0|
    |inputBuf_3042_fu_18634   |   1|   0|    1|          0|
    |inputBuf_3043_fu_18638   |   1|   0|    1|          0|
    |inputBuf_3044_fu_18642   |   1|   0|    1|          0|
    |inputBuf_3045_fu_18646   |   1|   0|    1|          0|
    |inputBuf_3046_fu_18650   |   1|   0|    1|          0|
    |inputBuf_3047_fu_18654   |   1|   0|    1|          0|
    |inputBuf_3048_fu_18658   |   1|   0|    1|          0|
    |inputBuf_3049_fu_18662   |   1|   0|    1|          0|
    |inputBuf_304_fu_7682     |   1|   0|    1|          0|
    |inputBuf_3050_fu_18666   |   1|   0|    1|          0|
    |inputBuf_3051_fu_18670   |   1|   0|    1|          0|
    |inputBuf_3052_fu_18674   |   1|   0|    1|          0|
    |inputBuf_3053_fu_18678   |   1|   0|    1|          0|
    |inputBuf_3054_fu_18682   |   1|   0|    1|          0|
    |inputBuf_3055_fu_18686   |   1|   0|    1|          0|
    |inputBuf_3056_fu_18690   |   1|   0|    1|          0|
    |inputBuf_3057_fu_18694   |   1|   0|    1|          0|
    |inputBuf_3058_fu_18698   |   1|   0|    1|          0|
    |inputBuf_3059_fu_18702   |   1|   0|    1|          0|
    |inputBuf_305_fu_7686     |   1|   0|    1|          0|
    |inputBuf_3060_fu_18706   |   1|   0|    1|          0|
    |inputBuf_3061_fu_18710   |   1|   0|    1|          0|
    |inputBuf_3062_fu_18714   |   1|   0|    1|          0|
    |inputBuf_3063_fu_18718   |   1|   0|    1|          0|
    |inputBuf_3064_fu_18722   |   1|   0|    1|          0|
    |inputBuf_3065_fu_18726   |   1|   0|    1|          0|
    |inputBuf_3066_fu_18730   |   1|   0|    1|          0|
    |inputBuf_3067_fu_18734   |   1|   0|    1|          0|
    |inputBuf_3068_fu_18738   |   1|   0|    1|          0|
    |inputBuf_3069_fu_18742   |   1|   0|    1|          0|
    |inputBuf_306_fu_7690     |   1|   0|    1|          0|
    |inputBuf_3070_fu_18746   |   1|   0|    1|          0|
    |inputBuf_3071_fu_18750   |   1|   0|    1|          0|
    |inputBuf_3072_fu_18754   |   1|   0|    1|          0|
    |inputBuf_3073_fu_18758   |   1|   0|    1|          0|
    |inputBuf_3074_fu_18762   |   1|   0|    1|          0|
    |inputBuf_3075_fu_18766   |   1|   0|    1|          0|
    |inputBuf_3076_fu_18770   |   1|   0|    1|          0|
    |inputBuf_3077_fu_18774   |   1|   0|    1|          0|
    |inputBuf_3078_fu_18778   |   1|   0|    1|          0|
    |inputBuf_3079_fu_18782   |   1|   0|    1|          0|
    |inputBuf_307_fu_7694     |   1|   0|    1|          0|
    |inputBuf_3080_fu_18786   |   1|   0|    1|          0|
    |inputBuf_3081_fu_18790   |   1|   0|    1|          0|
    |inputBuf_3082_fu_18794   |   1|   0|    1|          0|
    |inputBuf_3083_fu_18798   |   1|   0|    1|          0|
    |inputBuf_3084_fu_18802   |   1|   0|    1|          0|
    |inputBuf_3085_fu_18806   |   1|   0|    1|          0|
    |inputBuf_3086_fu_18810   |   1|   0|    1|          0|
    |inputBuf_3087_fu_18814   |   1|   0|    1|          0|
    |inputBuf_3088_fu_18818   |   1|   0|    1|          0|
    |inputBuf_3089_fu_18822   |   1|   0|    1|          0|
    |inputBuf_308_fu_7698     |   1|   0|    1|          0|
    |inputBuf_3090_fu_18826   |   1|   0|    1|          0|
    |inputBuf_3091_fu_18830   |   1|   0|    1|          0|
    |inputBuf_3092_fu_18834   |   1|   0|    1|          0|
    |inputBuf_3093_fu_18838   |   1|   0|    1|          0|
    |inputBuf_3094_fu_18842   |   1|   0|    1|          0|
    |inputBuf_3095_fu_18846   |   1|   0|    1|          0|
    |inputBuf_3096_fu_18850   |   1|   0|    1|          0|
    |inputBuf_3097_fu_18854   |   1|   0|    1|          0|
    |inputBuf_3098_fu_18858   |   1|   0|    1|          0|
    |inputBuf_3099_fu_18862   |   1|   0|    1|          0|
    |inputBuf_309_fu_7702     |   1|   0|    1|          0|
    |inputBuf_30_fu_6586      |   1|   0|    1|          0|
    |inputBuf_3100_fu_18866   |   1|   0|    1|          0|
    |inputBuf_3101_fu_18870   |   1|   0|    1|          0|
    |inputBuf_3102_fu_18874   |   1|   0|    1|          0|
    |inputBuf_3103_fu_18878   |   1|   0|    1|          0|
    |inputBuf_3104_fu_18882   |   1|   0|    1|          0|
    |inputBuf_3105_fu_18886   |   1|   0|    1|          0|
    |inputBuf_3106_fu_18890   |   1|   0|    1|          0|
    |inputBuf_3107_fu_18894   |   1|   0|    1|          0|
    |inputBuf_3108_fu_18898   |   1|   0|    1|          0|
    |inputBuf_3109_fu_18902   |   1|   0|    1|          0|
    |inputBuf_310_fu_7706     |   1|   0|    1|          0|
    |inputBuf_3110_fu_18906   |   1|   0|    1|          0|
    |inputBuf_3111_fu_18910   |   1|   0|    1|          0|
    |inputBuf_3112_fu_18914   |   1|   0|    1|          0|
    |inputBuf_3113_fu_18918   |   1|   0|    1|          0|
    |inputBuf_3114_fu_18922   |   1|   0|    1|          0|
    |inputBuf_3115_fu_18926   |   1|   0|    1|          0|
    |inputBuf_3116_fu_18930   |   1|   0|    1|          0|
    |inputBuf_3117_fu_18934   |   1|   0|    1|          0|
    |inputBuf_3118_fu_18938   |   1|   0|    1|          0|
    |inputBuf_3119_fu_18942   |   1|   0|    1|          0|
    |inputBuf_311_fu_7710     |   1|   0|    1|          0|
    |inputBuf_3120_fu_18946   |   1|   0|    1|          0|
    |inputBuf_3121_fu_18950   |   1|   0|    1|          0|
    |inputBuf_3122_fu_18954   |   1|   0|    1|          0|
    |inputBuf_3123_fu_18958   |   1|   0|    1|          0|
    |inputBuf_3124_fu_18962   |   1|   0|    1|          0|
    |inputBuf_3125_fu_18966   |   1|   0|    1|          0|
    |inputBuf_3126_fu_18970   |   1|   0|    1|          0|
    |inputBuf_3127_fu_18974   |   1|   0|    1|          0|
    |inputBuf_3128_fu_18978   |   1|   0|    1|          0|
    |inputBuf_3129_fu_18982   |   1|   0|    1|          0|
    |inputBuf_312_fu_7714     |   1|   0|    1|          0|
    |inputBuf_3130_fu_18986   |   1|   0|    1|          0|
    |inputBuf_3131_fu_18990   |   1|   0|    1|          0|
    |inputBuf_3132_fu_18994   |   1|   0|    1|          0|
    |inputBuf_3133_fu_18998   |   1|   0|    1|          0|
    |inputBuf_3134_fu_19002   |   1|   0|    1|          0|
    |inputBuf_3135_fu_19006   |   1|   0|    1|          0|
    |inputBuf_3136_fu_19010   |   1|   0|    1|          0|
    |inputBuf_3137_fu_19014   |   1|   0|    1|          0|
    |inputBuf_3138_fu_19018   |   1|   0|    1|          0|
    |inputBuf_3139_fu_19022   |   1|   0|    1|          0|
    |inputBuf_313_fu_7718     |   1|   0|    1|          0|
    |inputBuf_3140_fu_19026   |   1|   0|    1|          0|
    |inputBuf_3141_fu_19030   |   1|   0|    1|          0|
    |inputBuf_3142_fu_19034   |   1|   0|    1|          0|
    |inputBuf_3143_fu_19038   |   1|   0|    1|          0|
    |inputBuf_3144_fu_19042   |   1|   0|    1|          0|
    |inputBuf_3145_fu_19046   |   1|   0|    1|          0|
    |inputBuf_3146_fu_19050   |   1|   0|    1|          0|
    |inputBuf_3147_fu_19054   |   1|   0|    1|          0|
    |inputBuf_3148_fu_19058   |   1|   0|    1|          0|
    |inputBuf_3149_fu_19062   |   1|   0|    1|          0|
    |inputBuf_314_fu_7722     |   1|   0|    1|          0|
    |inputBuf_3150_fu_19066   |   1|   0|    1|          0|
    |inputBuf_3151_fu_19070   |   1|   0|    1|          0|
    |inputBuf_3152_fu_19074   |   1|   0|    1|          0|
    |inputBuf_3153_fu_19078   |   1|   0|    1|          0|
    |inputBuf_3154_fu_19082   |   1|   0|    1|          0|
    |inputBuf_3155_fu_19086   |   1|   0|    1|          0|
    |inputBuf_3156_fu_19090   |   1|   0|    1|          0|
    |inputBuf_3157_fu_19094   |   1|   0|    1|          0|
    |inputBuf_3158_fu_19098   |   1|   0|    1|          0|
    |inputBuf_3159_fu_19102   |   1|   0|    1|          0|
    |inputBuf_315_fu_7726     |   1|   0|    1|          0|
    |inputBuf_3160_fu_19106   |   1|   0|    1|          0|
    |inputBuf_3161_fu_19110   |   1|   0|    1|          0|
    |inputBuf_3162_fu_19114   |   1|   0|    1|          0|
    |inputBuf_3163_fu_19118   |   1|   0|    1|          0|
    |inputBuf_3164_fu_19122   |   1|   0|    1|          0|
    |inputBuf_3165_fu_19126   |   1|   0|    1|          0|
    |inputBuf_3166_fu_19130   |   1|   0|    1|          0|
    |inputBuf_3167_fu_19134   |   1|   0|    1|          0|
    |inputBuf_3168_fu_19138   |   1|   0|    1|          0|
    |inputBuf_3169_fu_19142   |   1|   0|    1|          0|
    |inputBuf_316_fu_7730     |   1|   0|    1|          0|
    |inputBuf_3170_fu_19146   |   1|   0|    1|          0|
    |inputBuf_3171_fu_19150   |   1|   0|    1|          0|
    |inputBuf_3172_fu_19154   |   1|   0|    1|          0|
    |inputBuf_3173_fu_19158   |   1|   0|    1|          0|
    |inputBuf_3174_fu_19162   |   1|   0|    1|          0|
    |inputBuf_3175_fu_19166   |   1|   0|    1|          0|
    |inputBuf_3176_fu_19170   |   1|   0|    1|          0|
    |inputBuf_3177_fu_19174   |   1|   0|    1|          0|
    |inputBuf_3178_fu_19178   |   1|   0|    1|          0|
    |inputBuf_3179_fu_19182   |   1|   0|    1|          0|
    |inputBuf_317_fu_7734     |   1|   0|    1|          0|
    |inputBuf_3180_fu_19186   |   1|   0|    1|          0|
    |inputBuf_3181_fu_19190   |   1|   0|    1|          0|
    |inputBuf_3182_fu_19194   |   1|   0|    1|          0|
    |inputBuf_3183_fu_19198   |   1|   0|    1|          0|
    |inputBuf_3184_fu_19202   |   1|   0|    1|          0|
    |inputBuf_3185_fu_19206   |   1|   0|    1|          0|
    |inputBuf_3186_fu_19210   |   1|   0|    1|          0|
    |inputBuf_3187_fu_19214   |   1|   0|    1|          0|
    |inputBuf_3188_fu_19218   |   1|   0|    1|          0|
    |inputBuf_3189_fu_19222   |   1|   0|    1|          0|
    |inputBuf_318_fu_7738     |   1|   0|    1|          0|
    |inputBuf_3190_fu_19226   |   1|   0|    1|          0|
    |inputBuf_3191_fu_19230   |   1|   0|    1|          0|
    |inputBuf_3192_fu_19234   |   1|   0|    1|          0|
    |inputBuf_3193_fu_19238   |   1|   0|    1|          0|
    |inputBuf_3194_fu_19242   |   1|   0|    1|          0|
    |inputBuf_3195_fu_19246   |   1|   0|    1|          0|
    |inputBuf_3196_fu_19250   |   1|   0|    1|          0|
    |inputBuf_3197_fu_19254   |   1|   0|    1|          0|
    |inputBuf_3198_fu_19258   |   1|   0|    1|          0|
    |inputBuf_3199_fu_19262   |   1|   0|    1|          0|
    |inputBuf_319_fu_7742     |   1|   0|    1|          0|
    |inputBuf_31_fu_6590      |   1|   0|    1|          0|
    |inputBuf_320_fu_7746     |   1|   0|    1|          0|
    |inputBuf_321_fu_7750     |   1|   0|    1|          0|
    |inputBuf_322_fu_7754     |   1|   0|    1|          0|
    |inputBuf_323_fu_7758     |   1|   0|    1|          0|
    |inputBuf_324_fu_7762     |   1|   0|    1|          0|
    |inputBuf_325_fu_7766     |   1|   0|    1|          0|
    |inputBuf_326_fu_7770     |   1|   0|    1|          0|
    |inputBuf_327_fu_7774     |   1|   0|    1|          0|
    |inputBuf_328_fu_7778     |   1|   0|    1|          0|
    |inputBuf_329_fu_7782     |   1|   0|    1|          0|
    |inputBuf_32_fu_6594      |   1|   0|    1|          0|
    |inputBuf_330_fu_7786     |   1|   0|    1|          0|
    |inputBuf_331_fu_7790     |   1|   0|    1|          0|
    |inputBuf_332_fu_7794     |   1|   0|    1|          0|
    |inputBuf_333_fu_7798     |   1|   0|    1|          0|
    |inputBuf_334_fu_7802     |   1|   0|    1|          0|
    |inputBuf_335_fu_7806     |   1|   0|    1|          0|
    |inputBuf_336_fu_7810     |   1|   0|    1|          0|
    |inputBuf_337_fu_7814     |   1|   0|    1|          0|
    |inputBuf_338_fu_7818     |   1|   0|    1|          0|
    |inputBuf_339_fu_7822     |   1|   0|    1|          0|
    |inputBuf_33_fu_6598      |   1|   0|    1|          0|
    |inputBuf_340_fu_7826     |   1|   0|    1|          0|
    |inputBuf_341_fu_7830     |   1|   0|    1|          0|
    |inputBuf_342_fu_7834     |   1|   0|    1|          0|
    |inputBuf_343_fu_7838     |   1|   0|    1|          0|
    |inputBuf_344_fu_7842     |   1|   0|    1|          0|
    |inputBuf_345_fu_7846     |   1|   0|    1|          0|
    |inputBuf_346_fu_7850     |   1|   0|    1|          0|
    |inputBuf_347_fu_7854     |   1|   0|    1|          0|
    |inputBuf_348_fu_7858     |   1|   0|    1|          0|
    |inputBuf_349_fu_7862     |   1|   0|    1|          0|
    |inputBuf_34_fu_6602      |   1|   0|    1|          0|
    |inputBuf_350_fu_7866     |   1|   0|    1|          0|
    |inputBuf_351_fu_7870     |   1|   0|    1|          0|
    |inputBuf_352_fu_7874     |   1|   0|    1|          0|
    |inputBuf_353_fu_7878     |   1|   0|    1|          0|
    |inputBuf_354_fu_7882     |   1|   0|    1|          0|
    |inputBuf_355_fu_7886     |   1|   0|    1|          0|
    |inputBuf_356_fu_7890     |   1|   0|    1|          0|
    |inputBuf_357_fu_7894     |   1|   0|    1|          0|
    |inputBuf_358_fu_7898     |   1|   0|    1|          0|
    |inputBuf_359_fu_7902     |   1|   0|    1|          0|
    |inputBuf_35_fu_6606      |   1|   0|    1|          0|
    |inputBuf_360_fu_7906     |   1|   0|    1|          0|
    |inputBuf_361_fu_7910     |   1|   0|    1|          0|
    |inputBuf_362_fu_7914     |   1|   0|    1|          0|
    |inputBuf_363_fu_7918     |   1|   0|    1|          0|
    |inputBuf_364_fu_7922     |   1|   0|    1|          0|
    |inputBuf_365_fu_7926     |   1|   0|    1|          0|
    |inputBuf_366_fu_7930     |   1|   0|    1|          0|
    |inputBuf_367_fu_7934     |   1|   0|    1|          0|
    |inputBuf_368_fu_7938     |   1|   0|    1|          0|
    |inputBuf_369_fu_7942     |   1|   0|    1|          0|
    |inputBuf_36_fu_6610      |   1|   0|    1|          0|
    |inputBuf_370_fu_7946     |   1|   0|    1|          0|
    |inputBuf_371_fu_7950     |   1|   0|    1|          0|
    |inputBuf_372_fu_7954     |   1|   0|    1|          0|
    |inputBuf_373_fu_7958     |   1|   0|    1|          0|
    |inputBuf_374_fu_7962     |   1|   0|    1|          0|
    |inputBuf_375_fu_7966     |   1|   0|    1|          0|
    |inputBuf_376_fu_7970     |   1|   0|    1|          0|
    |inputBuf_377_fu_7974     |   1|   0|    1|          0|
    |inputBuf_378_fu_7978     |   1|   0|    1|          0|
    |inputBuf_379_fu_7982     |   1|   0|    1|          0|
    |inputBuf_37_fu_6614      |   1|   0|    1|          0|
    |inputBuf_380_fu_7986     |   1|   0|    1|          0|
    |inputBuf_381_fu_7990     |   1|   0|    1|          0|
    |inputBuf_382_fu_7994     |   1|   0|    1|          0|
    |inputBuf_383_fu_7998     |   1|   0|    1|          0|
    |inputBuf_384_fu_8002     |   1|   0|    1|          0|
    |inputBuf_385_fu_8006     |   1|   0|    1|          0|
    |inputBuf_386_fu_8010     |   1|   0|    1|          0|
    |inputBuf_387_fu_8014     |   1|   0|    1|          0|
    |inputBuf_388_fu_8018     |   1|   0|    1|          0|
    |inputBuf_389_fu_8022     |   1|   0|    1|          0|
    |inputBuf_38_fu_6618      |   1|   0|    1|          0|
    |inputBuf_390_fu_8026     |   1|   0|    1|          0|
    |inputBuf_391_fu_8030     |   1|   0|    1|          0|
    |inputBuf_392_fu_8034     |   1|   0|    1|          0|
    |inputBuf_393_fu_8038     |   1|   0|    1|          0|
    |inputBuf_394_fu_8042     |   1|   0|    1|          0|
    |inputBuf_395_fu_8046     |   1|   0|    1|          0|
    |inputBuf_396_fu_8050     |   1|   0|    1|          0|
    |inputBuf_397_fu_8054     |   1|   0|    1|          0|
    |inputBuf_398_fu_8058     |   1|   0|    1|          0|
    |inputBuf_399_fu_8062     |   1|   0|    1|          0|
    |inputBuf_39_fu_6622      |   1|   0|    1|          0|
    |inputBuf_3_fu_6478       |   1|   0|    1|          0|
    |inputBuf_400_fu_8066     |   1|   0|    1|          0|
    |inputBuf_401_fu_8070     |   1|   0|    1|          0|
    |inputBuf_402_fu_8074     |   1|   0|    1|          0|
    |inputBuf_403_fu_8078     |   1|   0|    1|          0|
    |inputBuf_404_fu_8082     |   1|   0|    1|          0|
    |inputBuf_405_fu_8086     |   1|   0|    1|          0|
    |inputBuf_406_fu_8090     |   1|   0|    1|          0|
    |inputBuf_407_fu_8094     |   1|   0|    1|          0|
    |inputBuf_408_fu_8098     |   1|   0|    1|          0|
    |inputBuf_409_fu_8102     |   1|   0|    1|          0|
    |inputBuf_40_fu_6626      |   1|   0|    1|          0|
    |inputBuf_410_fu_8106     |   1|   0|    1|          0|
    |inputBuf_411_fu_8110     |   1|   0|    1|          0|
    |inputBuf_412_fu_8114     |   1|   0|    1|          0|
    |inputBuf_413_fu_8118     |   1|   0|    1|          0|
    |inputBuf_414_fu_8122     |   1|   0|    1|          0|
    |inputBuf_415_fu_8126     |   1|   0|    1|          0|
    |inputBuf_416_fu_8130     |   1|   0|    1|          0|
    |inputBuf_417_fu_8134     |   1|   0|    1|          0|
    |inputBuf_418_fu_8138     |   1|   0|    1|          0|
    |inputBuf_419_fu_8142     |   1|   0|    1|          0|
    |inputBuf_41_fu_6630      |   1|   0|    1|          0|
    |inputBuf_420_fu_8146     |   1|   0|    1|          0|
    |inputBuf_421_fu_8150     |   1|   0|    1|          0|
    |inputBuf_422_fu_8154     |   1|   0|    1|          0|
    |inputBuf_423_fu_8158     |   1|   0|    1|          0|
    |inputBuf_424_fu_8162     |   1|   0|    1|          0|
    |inputBuf_425_fu_8166     |   1|   0|    1|          0|
    |inputBuf_426_fu_8170     |   1|   0|    1|          0|
    |inputBuf_427_fu_8174     |   1|   0|    1|          0|
    |inputBuf_428_fu_8178     |   1|   0|    1|          0|
    |inputBuf_429_fu_8182     |   1|   0|    1|          0|
    |inputBuf_42_fu_6634      |   1|   0|    1|          0|
    |inputBuf_430_fu_8186     |   1|   0|    1|          0|
    |inputBuf_431_fu_8190     |   1|   0|    1|          0|
    |inputBuf_432_fu_8194     |   1|   0|    1|          0|
    |inputBuf_433_fu_8198     |   1|   0|    1|          0|
    |inputBuf_434_fu_8202     |   1|   0|    1|          0|
    |inputBuf_435_fu_8206     |   1|   0|    1|          0|
    |inputBuf_436_fu_8210     |   1|   0|    1|          0|
    |inputBuf_437_fu_8214     |   1|   0|    1|          0|
    |inputBuf_438_fu_8218     |   1|   0|    1|          0|
    |inputBuf_439_fu_8222     |   1|   0|    1|          0|
    |inputBuf_43_fu_6638      |   1|   0|    1|          0|
    |inputBuf_440_fu_8226     |   1|   0|    1|          0|
    |inputBuf_441_fu_8230     |   1|   0|    1|          0|
    |inputBuf_442_fu_8234     |   1|   0|    1|          0|
    |inputBuf_443_fu_8238     |   1|   0|    1|          0|
    |inputBuf_444_fu_8242     |   1|   0|    1|          0|
    |inputBuf_445_fu_8246     |   1|   0|    1|          0|
    |inputBuf_446_fu_8250     |   1|   0|    1|          0|
    |inputBuf_447_fu_8254     |   1|   0|    1|          0|
    |inputBuf_448_fu_8258     |   1|   0|    1|          0|
    |inputBuf_449_fu_8262     |   1|   0|    1|          0|
    |inputBuf_44_fu_6642      |   1|   0|    1|          0|
    |inputBuf_450_fu_8266     |   1|   0|    1|          0|
    |inputBuf_451_fu_8270     |   1|   0|    1|          0|
    |inputBuf_452_fu_8274     |   1|   0|    1|          0|
    |inputBuf_453_fu_8278     |   1|   0|    1|          0|
    |inputBuf_454_fu_8282     |   1|   0|    1|          0|
    |inputBuf_455_fu_8286     |   1|   0|    1|          0|
    |inputBuf_456_fu_8290     |   1|   0|    1|          0|
    |inputBuf_457_fu_8294     |   1|   0|    1|          0|
    |inputBuf_458_fu_8298     |   1|   0|    1|          0|
    |inputBuf_459_fu_8302     |   1|   0|    1|          0|
    |inputBuf_45_fu_6646      |   1|   0|    1|          0|
    |inputBuf_460_fu_8306     |   1|   0|    1|          0|
    |inputBuf_461_fu_8310     |   1|   0|    1|          0|
    |inputBuf_462_fu_8314     |   1|   0|    1|          0|
    |inputBuf_463_fu_8318     |   1|   0|    1|          0|
    |inputBuf_464_fu_8322     |   1|   0|    1|          0|
    |inputBuf_465_fu_8326     |   1|   0|    1|          0|
    |inputBuf_466_fu_8330     |   1|   0|    1|          0|
    |inputBuf_467_fu_8334     |   1|   0|    1|          0|
    |inputBuf_468_fu_8338     |   1|   0|    1|          0|
    |inputBuf_469_fu_8342     |   1|   0|    1|          0|
    |inputBuf_46_fu_6650      |   1|   0|    1|          0|
    |inputBuf_470_fu_8346     |   1|   0|    1|          0|
    |inputBuf_471_fu_8350     |   1|   0|    1|          0|
    |inputBuf_472_fu_8354     |   1|   0|    1|          0|
    |inputBuf_473_fu_8358     |   1|   0|    1|          0|
    |inputBuf_474_fu_8362     |   1|   0|    1|          0|
    |inputBuf_475_fu_8366     |   1|   0|    1|          0|
    |inputBuf_476_fu_8370     |   1|   0|    1|          0|
    |inputBuf_477_fu_8374     |   1|   0|    1|          0|
    |inputBuf_478_fu_8378     |   1|   0|    1|          0|
    |inputBuf_479_fu_8382     |   1|   0|    1|          0|
    |inputBuf_47_fu_6654      |   1|   0|    1|          0|
    |inputBuf_480_fu_8386     |   1|   0|    1|          0|
    |inputBuf_481_fu_8390     |   1|   0|    1|          0|
    |inputBuf_482_fu_8394     |   1|   0|    1|          0|
    |inputBuf_483_fu_8398     |   1|   0|    1|          0|
    |inputBuf_484_fu_8402     |   1|   0|    1|          0|
    |inputBuf_485_fu_8406     |   1|   0|    1|          0|
    |inputBuf_486_fu_8410     |   1|   0|    1|          0|
    |inputBuf_487_fu_8414     |   1|   0|    1|          0|
    |inputBuf_488_fu_8418     |   1|   0|    1|          0|
    |inputBuf_489_fu_8422     |   1|   0|    1|          0|
    |inputBuf_48_fu_6658      |   1|   0|    1|          0|
    |inputBuf_490_fu_8426     |   1|   0|    1|          0|
    |inputBuf_491_fu_8430     |   1|   0|    1|          0|
    |inputBuf_492_fu_8434     |   1|   0|    1|          0|
    |inputBuf_493_fu_8438     |   1|   0|    1|          0|
    |inputBuf_494_fu_8442     |   1|   0|    1|          0|
    |inputBuf_495_fu_8446     |   1|   0|    1|          0|
    |inputBuf_496_fu_8450     |   1|   0|    1|          0|
    |inputBuf_497_fu_8454     |   1|   0|    1|          0|
    |inputBuf_498_fu_8458     |   1|   0|    1|          0|
    |inputBuf_499_fu_8462     |   1|   0|    1|          0|
    |inputBuf_49_fu_6662      |   1|   0|    1|          0|
    |inputBuf_4_fu_6482       |   1|   0|    1|          0|
    |inputBuf_500_fu_8466     |   1|   0|    1|          0|
    |inputBuf_501_fu_8470     |   1|   0|    1|          0|
    |inputBuf_502_fu_8474     |   1|   0|    1|          0|
    |inputBuf_503_fu_8478     |   1|   0|    1|          0|
    |inputBuf_504_fu_8482     |   1|   0|    1|          0|
    |inputBuf_505_fu_8486     |   1|   0|    1|          0|
    |inputBuf_506_fu_8490     |   1|   0|    1|          0|
    |inputBuf_507_fu_8494     |   1|   0|    1|          0|
    |inputBuf_508_fu_8498     |   1|   0|    1|          0|
    |inputBuf_509_fu_8502     |   1|   0|    1|          0|
    |inputBuf_50_fu_6666      |   1|   0|    1|          0|
    |inputBuf_510_fu_8506     |   1|   0|    1|          0|
    |inputBuf_511_fu_8510     |   1|   0|    1|          0|
    |inputBuf_512_fu_8514     |   1|   0|    1|          0|
    |inputBuf_513_fu_8518     |   1|   0|    1|          0|
    |inputBuf_514_fu_8522     |   1|   0|    1|          0|
    |inputBuf_515_fu_8526     |   1|   0|    1|          0|
    |inputBuf_516_fu_8530     |   1|   0|    1|          0|
    |inputBuf_517_fu_8534     |   1|   0|    1|          0|
    |inputBuf_518_fu_8538     |   1|   0|    1|          0|
    |inputBuf_519_fu_8542     |   1|   0|    1|          0|
    |inputBuf_51_fu_6670      |   1|   0|    1|          0|
    |inputBuf_520_fu_8546     |   1|   0|    1|          0|
    |inputBuf_521_fu_8550     |   1|   0|    1|          0|
    |inputBuf_522_fu_8554     |   1|   0|    1|          0|
    |inputBuf_523_fu_8558     |   1|   0|    1|          0|
    |inputBuf_524_fu_8562     |   1|   0|    1|          0|
    |inputBuf_525_fu_8566     |   1|   0|    1|          0|
    |inputBuf_526_fu_8570     |   1|   0|    1|          0|
    |inputBuf_527_fu_8574     |   1|   0|    1|          0|
    |inputBuf_528_fu_8578     |   1|   0|    1|          0|
    |inputBuf_529_fu_8582     |   1|   0|    1|          0|
    |inputBuf_52_fu_6674      |   1|   0|    1|          0|
    |inputBuf_530_fu_8586     |   1|   0|    1|          0|
    |inputBuf_531_fu_8590     |   1|   0|    1|          0|
    |inputBuf_532_fu_8594     |   1|   0|    1|          0|
    |inputBuf_533_fu_8598     |   1|   0|    1|          0|
    |inputBuf_534_fu_8602     |   1|   0|    1|          0|
    |inputBuf_535_fu_8606     |   1|   0|    1|          0|
    |inputBuf_536_fu_8610     |   1|   0|    1|          0|
    |inputBuf_537_fu_8614     |   1|   0|    1|          0|
    |inputBuf_538_fu_8618     |   1|   0|    1|          0|
    |inputBuf_539_fu_8622     |   1|   0|    1|          0|
    |inputBuf_53_fu_6678      |   1|   0|    1|          0|
    |inputBuf_540_fu_8626     |   1|   0|    1|          0|
    |inputBuf_541_fu_8630     |   1|   0|    1|          0|
    |inputBuf_542_fu_8634     |   1|   0|    1|          0|
    |inputBuf_543_fu_8638     |   1|   0|    1|          0|
    |inputBuf_544_fu_8642     |   1|   0|    1|          0|
    |inputBuf_545_fu_8646     |   1|   0|    1|          0|
    |inputBuf_546_fu_8650     |   1|   0|    1|          0|
    |inputBuf_547_fu_8654     |   1|   0|    1|          0|
    |inputBuf_548_fu_8658     |   1|   0|    1|          0|
    |inputBuf_549_fu_8662     |   1|   0|    1|          0|
    |inputBuf_54_fu_6682      |   1|   0|    1|          0|
    |inputBuf_550_fu_8666     |   1|   0|    1|          0|
    |inputBuf_551_fu_8670     |   1|   0|    1|          0|
    |inputBuf_552_fu_8674     |   1|   0|    1|          0|
    |inputBuf_553_fu_8678     |   1|   0|    1|          0|
    |inputBuf_554_fu_8682     |   1|   0|    1|          0|
    |inputBuf_555_fu_8686     |   1|   0|    1|          0|
    |inputBuf_556_fu_8690     |   1|   0|    1|          0|
    |inputBuf_557_fu_8694     |   1|   0|    1|          0|
    |inputBuf_558_fu_8698     |   1|   0|    1|          0|
    |inputBuf_559_fu_8702     |   1|   0|    1|          0|
    |inputBuf_55_fu_6686      |   1|   0|    1|          0|
    |inputBuf_560_fu_8706     |   1|   0|    1|          0|
    |inputBuf_561_fu_8710     |   1|   0|    1|          0|
    |inputBuf_562_fu_8714     |   1|   0|    1|          0|
    |inputBuf_563_fu_8718     |   1|   0|    1|          0|
    |inputBuf_564_fu_8722     |   1|   0|    1|          0|
    |inputBuf_565_fu_8726     |   1|   0|    1|          0|
    |inputBuf_566_fu_8730     |   1|   0|    1|          0|
    |inputBuf_567_fu_8734     |   1|   0|    1|          0|
    |inputBuf_568_fu_8738     |   1|   0|    1|          0|
    |inputBuf_569_fu_8742     |   1|   0|    1|          0|
    |inputBuf_56_fu_6690      |   1|   0|    1|          0|
    |inputBuf_570_fu_8746     |   1|   0|    1|          0|
    |inputBuf_571_fu_8750     |   1|   0|    1|          0|
    |inputBuf_572_fu_8754     |   1|   0|    1|          0|
    |inputBuf_573_fu_8758     |   1|   0|    1|          0|
    |inputBuf_574_fu_8762     |   1|   0|    1|          0|
    |inputBuf_575_fu_8766     |   1|   0|    1|          0|
    |inputBuf_576_fu_8770     |   1|   0|    1|          0|
    |inputBuf_577_fu_8774     |   1|   0|    1|          0|
    |inputBuf_578_fu_8778     |   1|   0|    1|          0|
    |inputBuf_579_fu_8782     |   1|   0|    1|          0|
    |inputBuf_57_fu_6694      |   1|   0|    1|          0|
    |inputBuf_580_fu_8786     |   1|   0|    1|          0|
    |inputBuf_581_fu_8790     |   1|   0|    1|          0|
    |inputBuf_582_fu_8794     |   1|   0|    1|          0|
    |inputBuf_583_fu_8798     |   1|   0|    1|          0|
    |inputBuf_584_fu_8802     |   1|   0|    1|          0|
    |inputBuf_585_fu_8806     |   1|   0|    1|          0|
    |inputBuf_586_fu_8810     |   1|   0|    1|          0|
    |inputBuf_587_fu_8814     |   1|   0|    1|          0|
    |inputBuf_588_fu_8818     |   1|   0|    1|          0|
    |inputBuf_589_fu_8822     |   1|   0|    1|          0|
    |inputBuf_58_fu_6698      |   1|   0|    1|          0|
    |inputBuf_590_fu_8826     |   1|   0|    1|          0|
    |inputBuf_591_fu_8830     |   1|   0|    1|          0|
    |inputBuf_592_fu_8834     |   1|   0|    1|          0|
    |inputBuf_593_fu_8838     |   1|   0|    1|          0|
    |inputBuf_594_fu_8842     |   1|   0|    1|          0|
    |inputBuf_595_fu_8846     |   1|   0|    1|          0|
    |inputBuf_596_fu_8850     |   1|   0|    1|          0|
    |inputBuf_597_fu_8854     |   1|   0|    1|          0|
    |inputBuf_598_fu_8858     |   1|   0|    1|          0|
    |inputBuf_599_fu_8862     |   1|   0|    1|          0|
    |inputBuf_59_fu_6702      |   1|   0|    1|          0|
    |inputBuf_5_fu_6486       |   1|   0|    1|          0|
    |inputBuf_600_fu_8866     |   1|   0|    1|          0|
    |inputBuf_601_fu_8870     |   1|   0|    1|          0|
    |inputBuf_602_fu_8874     |   1|   0|    1|          0|
    |inputBuf_603_fu_8878     |   1|   0|    1|          0|
    |inputBuf_604_fu_8882     |   1|   0|    1|          0|
    |inputBuf_605_fu_8886     |   1|   0|    1|          0|
    |inputBuf_606_fu_8890     |   1|   0|    1|          0|
    |inputBuf_607_fu_8894     |   1|   0|    1|          0|
    |inputBuf_608_fu_8898     |   1|   0|    1|          0|
    |inputBuf_609_fu_8902     |   1|   0|    1|          0|
    |inputBuf_60_fu_6706      |   1|   0|    1|          0|
    |inputBuf_610_fu_8906     |   1|   0|    1|          0|
    |inputBuf_611_fu_8910     |   1|   0|    1|          0|
    |inputBuf_612_fu_8914     |   1|   0|    1|          0|
    |inputBuf_613_fu_8918     |   1|   0|    1|          0|
    |inputBuf_614_fu_8922     |   1|   0|    1|          0|
    |inputBuf_615_fu_8926     |   1|   0|    1|          0|
    |inputBuf_616_fu_8930     |   1|   0|    1|          0|
    |inputBuf_617_fu_8934     |   1|   0|    1|          0|
    |inputBuf_618_fu_8938     |   1|   0|    1|          0|
    |inputBuf_619_fu_8942     |   1|   0|    1|          0|
    |inputBuf_61_fu_6710      |   1|   0|    1|          0|
    |inputBuf_620_fu_8946     |   1|   0|    1|          0|
    |inputBuf_621_fu_8950     |   1|   0|    1|          0|
    |inputBuf_622_fu_8954     |   1|   0|    1|          0|
    |inputBuf_623_fu_8958     |   1|   0|    1|          0|
    |inputBuf_624_fu_8962     |   1|   0|    1|          0|
    |inputBuf_625_fu_8966     |   1|   0|    1|          0|
    |inputBuf_626_fu_8970     |   1|   0|    1|          0|
    |inputBuf_627_fu_8974     |   1|   0|    1|          0|
    |inputBuf_628_fu_8978     |   1|   0|    1|          0|
    |inputBuf_629_fu_8982     |   1|   0|    1|          0|
    |inputBuf_62_fu_6714      |   1|   0|    1|          0|
    |inputBuf_630_fu_8986     |   1|   0|    1|          0|
    |inputBuf_631_fu_8990     |   1|   0|    1|          0|
    |inputBuf_632_fu_8994     |   1|   0|    1|          0|
    |inputBuf_633_fu_8998     |   1|   0|    1|          0|
    |inputBuf_634_fu_9002     |   1|   0|    1|          0|
    |inputBuf_635_fu_9006     |   1|   0|    1|          0|
    |inputBuf_636_fu_9010     |   1|   0|    1|          0|
    |inputBuf_637_fu_9014     |   1|   0|    1|          0|
    |inputBuf_638_fu_9018     |   1|   0|    1|          0|
    |inputBuf_639_fu_9022     |   1|   0|    1|          0|
    |inputBuf_63_fu_6718      |   1|   0|    1|          0|
    |inputBuf_640_fu_9026     |   1|   0|    1|          0|
    |inputBuf_641_fu_9030     |   1|   0|    1|          0|
    |inputBuf_642_fu_9034     |   1|   0|    1|          0|
    |inputBuf_643_fu_9038     |   1|   0|    1|          0|
    |inputBuf_644_fu_9042     |   1|   0|    1|          0|
    |inputBuf_645_fu_9046     |   1|   0|    1|          0|
    |inputBuf_646_fu_9050     |   1|   0|    1|          0|
    |inputBuf_647_fu_9054     |   1|   0|    1|          0|
    |inputBuf_648_fu_9058     |   1|   0|    1|          0|
    |inputBuf_649_fu_9062     |   1|   0|    1|          0|
    |inputBuf_64_fu_6722      |   1|   0|    1|          0|
    |inputBuf_650_fu_9066     |   1|   0|    1|          0|
    |inputBuf_651_fu_9070     |   1|   0|    1|          0|
    |inputBuf_652_fu_9074     |   1|   0|    1|          0|
    |inputBuf_653_fu_9078     |   1|   0|    1|          0|
    |inputBuf_654_fu_9082     |   1|   0|    1|          0|
    |inputBuf_655_fu_9086     |   1|   0|    1|          0|
    |inputBuf_656_fu_9090     |   1|   0|    1|          0|
    |inputBuf_657_fu_9094     |   1|   0|    1|          0|
    |inputBuf_658_fu_9098     |   1|   0|    1|          0|
    |inputBuf_659_fu_9102     |   1|   0|    1|          0|
    |inputBuf_65_fu_6726      |   1|   0|    1|          0|
    |inputBuf_660_fu_9106     |   1|   0|    1|          0|
    |inputBuf_661_fu_9110     |   1|   0|    1|          0|
    |inputBuf_662_fu_9114     |   1|   0|    1|          0|
    |inputBuf_663_fu_9118     |   1|   0|    1|          0|
    |inputBuf_664_fu_9122     |   1|   0|    1|          0|
    |inputBuf_665_fu_9126     |   1|   0|    1|          0|
    |inputBuf_666_fu_9130     |   1|   0|    1|          0|
    |inputBuf_667_fu_9134     |   1|   0|    1|          0|
    |inputBuf_668_fu_9138     |   1|   0|    1|          0|
    |inputBuf_669_fu_9142     |   1|   0|    1|          0|
    |inputBuf_66_fu_6730      |   1|   0|    1|          0|
    |inputBuf_670_fu_9146     |   1|   0|    1|          0|
    |inputBuf_671_fu_9150     |   1|   0|    1|          0|
    |inputBuf_672_fu_9154     |   1|   0|    1|          0|
    |inputBuf_673_fu_9158     |   1|   0|    1|          0|
    |inputBuf_674_fu_9162     |   1|   0|    1|          0|
    |inputBuf_675_fu_9166     |   1|   0|    1|          0|
    |inputBuf_676_fu_9170     |   1|   0|    1|          0|
    |inputBuf_677_fu_9174     |   1|   0|    1|          0|
    |inputBuf_678_fu_9178     |   1|   0|    1|          0|
    |inputBuf_679_fu_9182     |   1|   0|    1|          0|
    |inputBuf_67_fu_6734      |   1|   0|    1|          0|
    |inputBuf_680_fu_9186     |   1|   0|    1|          0|
    |inputBuf_681_fu_9190     |   1|   0|    1|          0|
    |inputBuf_682_fu_9194     |   1|   0|    1|          0|
    |inputBuf_683_fu_9198     |   1|   0|    1|          0|
    |inputBuf_684_fu_9202     |   1|   0|    1|          0|
    |inputBuf_685_fu_9206     |   1|   0|    1|          0|
    |inputBuf_686_fu_9210     |   1|   0|    1|          0|
    |inputBuf_687_fu_9214     |   1|   0|    1|          0|
    |inputBuf_688_fu_9218     |   1|   0|    1|          0|
    |inputBuf_689_fu_9222     |   1|   0|    1|          0|
    |inputBuf_68_fu_6738      |   1|   0|    1|          0|
    |inputBuf_690_fu_9226     |   1|   0|    1|          0|
    |inputBuf_691_fu_9230     |   1|   0|    1|          0|
    |inputBuf_692_fu_9234     |   1|   0|    1|          0|
    |inputBuf_693_fu_9238     |   1|   0|    1|          0|
    |inputBuf_694_fu_9242     |   1|   0|    1|          0|
    |inputBuf_695_fu_9246     |   1|   0|    1|          0|
    |inputBuf_696_fu_9250     |   1|   0|    1|          0|
    |inputBuf_697_fu_9254     |   1|   0|    1|          0|
    |inputBuf_698_fu_9258     |   1|   0|    1|          0|
    |inputBuf_699_fu_9262     |   1|   0|    1|          0|
    |inputBuf_69_fu_6742      |   1|   0|    1|          0|
    |inputBuf_6_fu_6490       |   1|   0|    1|          0|
    |inputBuf_700_fu_9266     |   1|   0|    1|          0|
    |inputBuf_701_fu_9270     |   1|   0|    1|          0|
    |inputBuf_702_fu_9274     |   1|   0|    1|          0|
    |inputBuf_703_fu_9278     |   1|   0|    1|          0|
    |inputBuf_704_fu_9282     |   1|   0|    1|          0|
    |inputBuf_705_fu_9286     |   1|   0|    1|          0|
    |inputBuf_706_fu_9290     |   1|   0|    1|          0|
    |inputBuf_707_fu_9294     |   1|   0|    1|          0|
    |inputBuf_708_fu_9298     |   1|   0|    1|          0|
    |inputBuf_709_fu_9302     |   1|   0|    1|          0|
    |inputBuf_70_fu_6746      |   1|   0|    1|          0|
    |inputBuf_710_fu_9306     |   1|   0|    1|          0|
    |inputBuf_711_fu_9310     |   1|   0|    1|          0|
    |inputBuf_712_fu_9314     |   1|   0|    1|          0|
    |inputBuf_713_fu_9318     |   1|   0|    1|          0|
    |inputBuf_714_fu_9322     |   1|   0|    1|          0|
    |inputBuf_715_fu_9326     |   1|   0|    1|          0|
    |inputBuf_716_fu_9330     |   1|   0|    1|          0|
    |inputBuf_717_fu_9334     |   1|   0|    1|          0|
    |inputBuf_718_fu_9338     |   1|   0|    1|          0|
    |inputBuf_719_fu_9342     |   1|   0|    1|          0|
    |inputBuf_71_fu_6750      |   1|   0|    1|          0|
    |inputBuf_720_fu_9346     |   1|   0|    1|          0|
    |inputBuf_721_fu_9350     |   1|   0|    1|          0|
    |inputBuf_722_fu_9354     |   1|   0|    1|          0|
    |inputBuf_723_fu_9358     |   1|   0|    1|          0|
    |inputBuf_724_fu_9362     |   1|   0|    1|          0|
    |inputBuf_725_fu_9366     |   1|   0|    1|          0|
    |inputBuf_726_fu_9370     |   1|   0|    1|          0|
    |inputBuf_727_fu_9374     |   1|   0|    1|          0|
    |inputBuf_728_fu_9378     |   1|   0|    1|          0|
    |inputBuf_729_fu_9382     |   1|   0|    1|          0|
    |inputBuf_72_fu_6754      |   1|   0|    1|          0|
    |inputBuf_730_fu_9386     |   1|   0|    1|          0|
    |inputBuf_731_fu_9390     |   1|   0|    1|          0|
    |inputBuf_732_fu_9394     |   1|   0|    1|          0|
    |inputBuf_733_fu_9398     |   1|   0|    1|          0|
    |inputBuf_734_fu_9402     |   1|   0|    1|          0|
    |inputBuf_735_fu_9406     |   1|   0|    1|          0|
    |inputBuf_736_fu_9410     |   1|   0|    1|          0|
    |inputBuf_737_fu_9414     |   1|   0|    1|          0|
    |inputBuf_738_fu_9418     |   1|   0|    1|          0|
    |inputBuf_739_fu_9422     |   1|   0|    1|          0|
    |inputBuf_73_fu_6758      |   1|   0|    1|          0|
    |inputBuf_740_fu_9426     |   1|   0|    1|          0|
    |inputBuf_741_fu_9430     |   1|   0|    1|          0|
    |inputBuf_742_fu_9434     |   1|   0|    1|          0|
    |inputBuf_743_fu_9438     |   1|   0|    1|          0|
    |inputBuf_744_fu_9442     |   1|   0|    1|          0|
    |inputBuf_745_fu_9446     |   1|   0|    1|          0|
    |inputBuf_746_fu_9450     |   1|   0|    1|          0|
    |inputBuf_747_fu_9454     |   1|   0|    1|          0|
    |inputBuf_748_fu_9458     |   1|   0|    1|          0|
    |inputBuf_749_fu_9462     |   1|   0|    1|          0|
    |inputBuf_74_fu_6762      |   1|   0|    1|          0|
    |inputBuf_750_fu_9466     |   1|   0|    1|          0|
    |inputBuf_751_fu_9470     |   1|   0|    1|          0|
    |inputBuf_752_fu_9474     |   1|   0|    1|          0|
    |inputBuf_753_fu_9478     |   1|   0|    1|          0|
    |inputBuf_754_fu_9482     |   1|   0|    1|          0|
    |inputBuf_755_fu_9486     |   1|   0|    1|          0|
    |inputBuf_756_fu_9490     |   1|   0|    1|          0|
    |inputBuf_757_fu_9494     |   1|   0|    1|          0|
    |inputBuf_758_fu_9498     |   1|   0|    1|          0|
    |inputBuf_759_fu_9502     |   1|   0|    1|          0|
    |inputBuf_75_fu_6766      |   1|   0|    1|          0|
    |inputBuf_760_fu_9506     |   1|   0|    1|          0|
    |inputBuf_761_fu_9510     |   1|   0|    1|          0|
    |inputBuf_762_fu_9514     |   1|   0|    1|          0|
    |inputBuf_763_fu_9518     |   1|   0|    1|          0|
    |inputBuf_764_fu_9522     |   1|   0|    1|          0|
    |inputBuf_765_fu_9526     |   1|   0|    1|          0|
    |inputBuf_766_fu_9530     |   1|   0|    1|          0|
    |inputBuf_767_fu_9534     |   1|   0|    1|          0|
    |inputBuf_768_fu_9538     |   1|   0|    1|          0|
    |inputBuf_769_fu_9542     |   1|   0|    1|          0|
    |inputBuf_76_fu_6770      |   1|   0|    1|          0|
    |inputBuf_770_fu_9546     |   1|   0|    1|          0|
    |inputBuf_771_fu_9550     |   1|   0|    1|          0|
    |inputBuf_772_fu_9554     |   1|   0|    1|          0|
    |inputBuf_773_fu_9558     |   1|   0|    1|          0|
    |inputBuf_774_fu_9562     |   1|   0|    1|          0|
    |inputBuf_775_fu_9566     |   1|   0|    1|          0|
    |inputBuf_776_fu_9570     |   1|   0|    1|          0|
    |inputBuf_777_fu_9574     |   1|   0|    1|          0|
    |inputBuf_778_fu_9578     |   1|   0|    1|          0|
    |inputBuf_779_fu_9582     |   1|   0|    1|          0|
    |inputBuf_77_fu_6774      |   1|   0|    1|          0|
    |inputBuf_780_fu_9586     |   1|   0|    1|          0|
    |inputBuf_781_fu_9590     |   1|   0|    1|          0|
    |inputBuf_782_fu_9594     |   1|   0|    1|          0|
    |inputBuf_783_fu_9598     |   1|   0|    1|          0|
    |inputBuf_784_fu_9602     |   1|   0|    1|          0|
    |inputBuf_785_fu_9606     |   1|   0|    1|          0|
    |inputBuf_786_fu_9610     |   1|   0|    1|          0|
    |inputBuf_787_fu_9614     |   1|   0|    1|          0|
    |inputBuf_788_fu_9618     |   1|   0|    1|          0|
    |inputBuf_789_fu_9622     |   1|   0|    1|          0|
    |inputBuf_78_fu_6778      |   1|   0|    1|          0|
    |inputBuf_790_fu_9626     |   1|   0|    1|          0|
    |inputBuf_791_fu_9630     |   1|   0|    1|          0|
    |inputBuf_792_fu_9634     |   1|   0|    1|          0|
    |inputBuf_793_fu_9638     |   1|   0|    1|          0|
    |inputBuf_794_fu_9642     |   1|   0|    1|          0|
    |inputBuf_795_fu_9646     |   1|   0|    1|          0|
    |inputBuf_796_fu_9650     |   1|   0|    1|          0|
    |inputBuf_797_fu_9654     |   1|   0|    1|          0|
    |inputBuf_798_fu_9658     |   1|   0|    1|          0|
    |inputBuf_799_fu_9662     |   1|   0|    1|          0|
    |inputBuf_79_fu_6782      |   1|   0|    1|          0|
    |inputBuf_7_fu_6494       |   1|   0|    1|          0|
    |inputBuf_800_fu_9666     |   1|   0|    1|          0|
    |inputBuf_801_fu_9670     |   1|   0|    1|          0|
    |inputBuf_802_fu_9674     |   1|   0|    1|          0|
    |inputBuf_803_fu_9678     |   1|   0|    1|          0|
    |inputBuf_804_fu_9682     |   1|   0|    1|          0|
    |inputBuf_805_fu_9686     |   1|   0|    1|          0|
    |inputBuf_806_fu_9690     |   1|   0|    1|          0|
    |inputBuf_807_fu_9694     |   1|   0|    1|          0|
    |inputBuf_808_fu_9698     |   1|   0|    1|          0|
    |inputBuf_809_fu_9702     |   1|   0|    1|          0|
    |inputBuf_80_fu_6786      |   1|   0|    1|          0|
    |inputBuf_810_fu_9706     |   1|   0|    1|          0|
    |inputBuf_811_fu_9710     |   1|   0|    1|          0|
    |inputBuf_812_fu_9714     |   1|   0|    1|          0|
    |inputBuf_813_fu_9718     |   1|   0|    1|          0|
    |inputBuf_814_fu_9722     |   1|   0|    1|          0|
    |inputBuf_815_fu_9726     |   1|   0|    1|          0|
    |inputBuf_816_fu_9730     |   1|   0|    1|          0|
    |inputBuf_817_fu_9734     |   1|   0|    1|          0|
    |inputBuf_818_fu_9738     |   1|   0|    1|          0|
    |inputBuf_819_fu_9742     |   1|   0|    1|          0|
    |inputBuf_81_fu_6790      |   1|   0|    1|          0|
    |inputBuf_820_fu_9746     |   1|   0|    1|          0|
    |inputBuf_821_fu_9750     |   1|   0|    1|          0|
    |inputBuf_822_fu_9754     |   1|   0|    1|          0|
    |inputBuf_823_fu_9758     |   1|   0|    1|          0|
    |inputBuf_824_fu_9762     |   1|   0|    1|          0|
    |inputBuf_825_fu_9766     |   1|   0|    1|          0|
    |inputBuf_826_fu_9770     |   1|   0|    1|          0|
    |inputBuf_827_fu_9774     |   1|   0|    1|          0|
    |inputBuf_828_fu_9778     |   1|   0|    1|          0|
    |inputBuf_829_fu_9782     |   1|   0|    1|          0|
    |inputBuf_82_fu_6794      |   1|   0|    1|          0|
    |inputBuf_830_fu_9786     |   1|   0|    1|          0|
    |inputBuf_831_fu_9790     |   1|   0|    1|          0|
    |inputBuf_832_fu_9794     |   1|   0|    1|          0|
    |inputBuf_833_fu_9798     |   1|   0|    1|          0|
    |inputBuf_834_fu_9802     |   1|   0|    1|          0|
    |inputBuf_835_fu_9806     |   1|   0|    1|          0|
    |inputBuf_836_fu_9810     |   1|   0|    1|          0|
    |inputBuf_837_fu_9814     |   1|   0|    1|          0|
    |inputBuf_838_fu_9818     |   1|   0|    1|          0|
    |inputBuf_839_fu_9822     |   1|   0|    1|          0|
    |inputBuf_83_fu_6798      |   1|   0|    1|          0|
    |inputBuf_840_fu_9826     |   1|   0|    1|          0|
    |inputBuf_841_fu_9830     |   1|   0|    1|          0|
    |inputBuf_842_fu_9834     |   1|   0|    1|          0|
    |inputBuf_843_fu_9838     |   1|   0|    1|          0|
    |inputBuf_844_fu_9842     |   1|   0|    1|          0|
    |inputBuf_845_fu_9846     |   1|   0|    1|          0|
    |inputBuf_846_fu_9850     |   1|   0|    1|          0|
    |inputBuf_847_fu_9854     |   1|   0|    1|          0|
    |inputBuf_848_fu_9858     |   1|   0|    1|          0|
    |inputBuf_849_fu_9862     |   1|   0|    1|          0|
    |inputBuf_84_fu_6802      |   1|   0|    1|          0|
    |inputBuf_850_fu_9866     |   1|   0|    1|          0|
    |inputBuf_851_fu_9870     |   1|   0|    1|          0|
    |inputBuf_852_fu_9874     |   1|   0|    1|          0|
    |inputBuf_853_fu_9878     |   1|   0|    1|          0|
    |inputBuf_854_fu_9882     |   1|   0|    1|          0|
    |inputBuf_855_fu_9886     |   1|   0|    1|          0|
    |inputBuf_856_fu_9890     |   1|   0|    1|          0|
    |inputBuf_857_fu_9894     |   1|   0|    1|          0|
    |inputBuf_858_fu_9898     |   1|   0|    1|          0|
    |inputBuf_859_fu_9902     |   1|   0|    1|          0|
    |inputBuf_85_fu_6806      |   1|   0|    1|          0|
    |inputBuf_860_fu_9906     |   1|   0|    1|          0|
    |inputBuf_861_fu_9910     |   1|   0|    1|          0|
    |inputBuf_862_fu_9914     |   1|   0|    1|          0|
    |inputBuf_863_fu_9918     |   1|   0|    1|          0|
    |inputBuf_864_fu_9922     |   1|   0|    1|          0|
    |inputBuf_865_fu_9926     |   1|   0|    1|          0|
    |inputBuf_866_fu_9930     |   1|   0|    1|          0|
    |inputBuf_867_fu_9934     |   1|   0|    1|          0|
    |inputBuf_868_fu_9938     |   1|   0|    1|          0|
    |inputBuf_869_fu_9942     |   1|   0|    1|          0|
    |inputBuf_86_fu_6810      |   1|   0|    1|          0|
    |inputBuf_870_fu_9946     |   1|   0|    1|          0|
    |inputBuf_871_fu_9950     |   1|   0|    1|          0|
    |inputBuf_872_fu_9954     |   1|   0|    1|          0|
    |inputBuf_873_fu_9958     |   1|   0|    1|          0|
    |inputBuf_874_fu_9962     |   1|   0|    1|          0|
    |inputBuf_875_fu_9966     |   1|   0|    1|          0|
    |inputBuf_876_fu_9970     |   1|   0|    1|          0|
    |inputBuf_877_fu_9974     |   1|   0|    1|          0|
    |inputBuf_878_fu_9978     |   1|   0|    1|          0|
    |inputBuf_879_fu_9982     |   1|   0|    1|          0|
    |inputBuf_87_fu_6814      |   1|   0|    1|          0|
    |inputBuf_880_fu_9986     |   1|   0|    1|          0|
    |inputBuf_881_fu_9990     |   1|   0|    1|          0|
    |inputBuf_882_fu_9994     |   1|   0|    1|          0|
    |inputBuf_883_fu_9998     |   1|   0|    1|          0|
    |inputBuf_884_fu_10002    |   1|   0|    1|          0|
    |inputBuf_885_fu_10006    |   1|   0|    1|          0|
    |inputBuf_886_fu_10010    |   1|   0|    1|          0|
    |inputBuf_887_fu_10014    |   1|   0|    1|          0|
    |inputBuf_888_fu_10018    |   1|   0|    1|          0|
    |inputBuf_889_fu_10022    |   1|   0|    1|          0|
    |inputBuf_88_fu_6818      |   1|   0|    1|          0|
    |inputBuf_890_fu_10026    |   1|   0|    1|          0|
    |inputBuf_891_fu_10030    |   1|   0|    1|          0|
    |inputBuf_892_fu_10034    |   1|   0|    1|          0|
    |inputBuf_893_fu_10038    |   1|   0|    1|          0|
    |inputBuf_894_fu_10042    |   1|   0|    1|          0|
    |inputBuf_895_fu_10046    |   1|   0|    1|          0|
    |inputBuf_896_fu_10050    |   1|   0|    1|          0|
    |inputBuf_897_fu_10054    |   1|   0|    1|          0|
    |inputBuf_898_fu_10058    |   1|   0|    1|          0|
    |inputBuf_899_fu_10062    |   1|   0|    1|          0|
    |inputBuf_89_fu_6822      |   1|   0|    1|          0|
    |inputBuf_8_fu_6498       |   1|   0|    1|          0|
    |inputBuf_900_fu_10066    |   1|   0|    1|          0|
    |inputBuf_901_fu_10070    |   1|   0|    1|          0|
    |inputBuf_902_fu_10074    |   1|   0|    1|          0|
    |inputBuf_903_fu_10078    |   1|   0|    1|          0|
    |inputBuf_904_fu_10082    |   1|   0|    1|          0|
    |inputBuf_905_fu_10086    |   1|   0|    1|          0|
    |inputBuf_906_fu_10090    |   1|   0|    1|          0|
    |inputBuf_907_fu_10094    |   1|   0|    1|          0|
    |inputBuf_908_fu_10098    |   1|   0|    1|          0|
    |inputBuf_909_fu_10102    |   1|   0|    1|          0|
    |inputBuf_90_fu_6826      |   1|   0|    1|          0|
    |inputBuf_910_fu_10106    |   1|   0|    1|          0|
    |inputBuf_911_fu_10110    |   1|   0|    1|          0|
    |inputBuf_912_fu_10114    |   1|   0|    1|          0|
    |inputBuf_913_fu_10118    |   1|   0|    1|          0|
    |inputBuf_914_fu_10122    |   1|   0|    1|          0|
    |inputBuf_915_fu_10126    |   1|   0|    1|          0|
    |inputBuf_916_fu_10130    |   1|   0|    1|          0|
    |inputBuf_917_fu_10134    |   1|   0|    1|          0|
    |inputBuf_918_fu_10138    |   1|   0|    1|          0|
    |inputBuf_919_fu_10142    |   1|   0|    1|          0|
    |inputBuf_91_fu_6830      |   1|   0|    1|          0|
    |inputBuf_920_fu_10146    |   1|   0|    1|          0|
    |inputBuf_921_fu_10150    |   1|   0|    1|          0|
    |inputBuf_922_fu_10154    |   1|   0|    1|          0|
    |inputBuf_923_fu_10158    |   1|   0|    1|          0|
    |inputBuf_924_fu_10162    |   1|   0|    1|          0|
    |inputBuf_925_fu_10166    |   1|   0|    1|          0|
    |inputBuf_926_fu_10170    |   1|   0|    1|          0|
    |inputBuf_927_fu_10174    |   1|   0|    1|          0|
    |inputBuf_928_fu_10178    |   1|   0|    1|          0|
    |inputBuf_929_fu_10182    |   1|   0|    1|          0|
    |inputBuf_92_fu_6834      |   1|   0|    1|          0|
    |inputBuf_930_fu_10186    |   1|   0|    1|          0|
    |inputBuf_931_fu_10190    |   1|   0|    1|          0|
    |inputBuf_932_fu_10194    |   1|   0|    1|          0|
    |inputBuf_933_fu_10198    |   1|   0|    1|          0|
    |inputBuf_934_fu_10202    |   1|   0|    1|          0|
    |inputBuf_935_fu_10206    |   1|   0|    1|          0|
    |inputBuf_936_fu_10210    |   1|   0|    1|          0|
    |inputBuf_937_fu_10214    |   1|   0|    1|          0|
    |inputBuf_938_fu_10218    |   1|   0|    1|          0|
    |inputBuf_939_fu_10222    |   1|   0|    1|          0|
    |inputBuf_93_fu_6838      |   1|   0|    1|          0|
    |inputBuf_940_fu_10226    |   1|   0|    1|          0|
    |inputBuf_941_fu_10230    |   1|   0|    1|          0|
    |inputBuf_942_fu_10234    |   1|   0|    1|          0|
    |inputBuf_943_fu_10238    |   1|   0|    1|          0|
    |inputBuf_944_fu_10242    |   1|   0|    1|          0|
    |inputBuf_945_fu_10246    |   1|   0|    1|          0|
    |inputBuf_946_fu_10250    |   1|   0|    1|          0|
    |inputBuf_947_fu_10254    |   1|   0|    1|          0|
    |inputBuf_948_fu_10258    |   1|   0|    1|          0|
    |inputBuf_949_fu_10262    |   1|   0|    1|          0|
    |inputBuf_94_fu_6842      |   1|   0|    1|          0|
    |inputBuf_950_fu_10266    |   1|   0|    1|          0|
    |inputBuf_951_fu_10270    |   1|   0|    1|          0|
    |inputBuf_952_fu_10274    |   1|   0|    1|          0|
    |inputBuf_953_fu_10278    |   1|   0|    1|          0|
    |inputBuf_954_fu_10282    |   1|   0|    1|          0|
    |inputBuf_955_fu_10286    |   1|   0|    1|          0|
    |inputBuf_956_fu_10290    |   1|   0|    1|          0|
    |inputBuf_957_fu_10294    |   1|   0|    1|          0|
    |inputBuf_958_fu_10298    |   1|   0|    1|          0|
    |inputBuf_959_fu_10302    |   1|   0|    1|          0|
    |inputBuf_95_fu_6846      |   1|   0|    1|          0|
    |inputBuf_960_fu_10306    |   1|   0|    1|          0|
    |inputBuf_961_fu_10310    |   1|   0|    1|          0|
    |inputBuf_962_fu_10314    |   1|   0|    1|          0|
    |inputBuf_963_fu_10318    |   1|   0|    1|          0|
    |inputBuf_964_fu_10322    |   1|   0|    1|          0|
    |inputBuf_965_fu_10326    |   1|   0|    1|          0|
    |inputBuf_966_fu_10330    |   1|   0|    1|          0|
    |inputBuf_967_fu_10334    |   1|   0|    1|          0|
    |inputBuf_968_fu_10338    |   1|   0|    1|          0|
    |inputBuf_969_fu_10342    |   1|   0|    1|          0|
    |inputBuf_96_fu_6850      |   1|   0|    1|          0|
    |inputBuf_970_fu_10346    |   1|   0|    1|          0|
    |inputBuf_971_fu_10350    |   1|   0|    1|          0|
    |inputBuf_972_fu_10354    |   1|   0|    1|          0|
    |inputBuf_973_fu_10358    |   1|   0|    1|          0|
    |inputBuf_974_fu_10362    |   1|   0|    1|          0|
    |inputBuf_975_fu_10366    |   1|   0|    1|          0|
    |inputBuf_976_fu_10370    |   1|   0|    1|          0|
    |inputBuf_977_fu_10374    |   1|   0|    1|          0|
    |inputBuf_978_fu_10378    |   1|   0|    1|          0|
    |inputBuf_979_fu_10382    |   1|   0|    1|          0|
    |inputBuf_97_fu_6854      |   1|   0|    1|          0|
    |inputBuf_980_fu_10386    |   1|   0|    1|          0|
    |inputBuf_981_fu_10390    |   1|   0|    1|          0|
    |inputBuf_982_fu_10394    |   1|   0|    1|          0|
    |inputBuf_983_fu_10398    |   1|   0|    1|          0|
    |inputBuf_984_fu_10402    |   1|   0|    1|          0|
    |inputBuf_985_fu_10406    |   1|   0|    1|          0|
    |inputBuf_986_fu_10410    |   1|   0|    1|          0|
    |inputBuf_987_fu_10414    |   1|   0|    1|          0|
    |inputBuf_988_fu_10418    |   1|   0|    1|          0|
    |inputBuf_989_fu_10422    |   1|   0|    1|          0|
    |inputBuf_98_fu_6858      |   1|   0|    1|          0|
    |inputBuf_990_fu_10426    |   1|   0|    1|          0|
    |inputBuf_991_fu_10430    |   1|   0|    1|          0|
    |inputBuf_992_fu_10434    |   1|   0|    1|          0|
    |inputBuf_993_fu_10438    |   1|   0|    1|          0|
    |inputBuf_994_fu_10442    |   1|   0|    1|          0|
    |inputBuf_995_fu_10446    |   1|   0|    1|          0|
    |inputBuf_996_fu_10450    |   1|   0|    1|          0|
    |inputBuf_997_fu_10454    |   1|   0|    1|          0|
    |inputBuf_998_fu_10458    |   1|   0|    1|          0|
    |inputBuf_999_fu_10462    |   1|   0|    1|          0|
    |inputBuf_99_fu_6862      |   1|   0|    1|          0|
    |inputBuf_9_fu_6502       |   1|   0|    1|          0|
    |inputBuf_fu_6466         |   1|   0|    1|          0|
    |nf_fu_19266              |  32|   0|   32|          0|
    |sf_fu_6450               |  32|   0|   32|          0|
    |tile_fu_6454             |  32|   0|   32|          0|
    |trunc_ln123_reg_70741    |  12|   0|   12|          0|
    +-------------------------+----+----+-----+-----------+
    |Total                    |3366|   0| 3366|          0|
    +-------------------------+----+----+-----+-----------+



================================================================
== Interface
================================================================
* Summary: 
+------------------------+-----+-----+------------+---------------------------------------+--------------+
|        RTL Ports       | Dir | Bits|  Protocol  |             Source Object             |    C Type    |
+------------------------+-----+-----+------------+---------------------------------------+--------------+
|ap_clk                  |   in|    1|  ap_ctrl_hs|  fc1full_top_Pipeline_VITIS_LOOP_131_1|  return value|
|ap_rst                  |   in|    1|  ap_ctrl_hs|  fc1full_top_Pipeline_VITIS_LOOP_131_1|  return value|
|ap_start                |   in|    1|  ap_ctrl_hs|  fc1full_top_Pipeline_VITIS_LOOP_131_1|  return value|
|ap_done                 |  out|    1|  ap_ctrl_hs|  fc1full_top_Pipeline_VITIS_LOOP_131_1|  return value|
|ap_idle                 |  out|    1|  ap_ctrl_hs|  fc1full_top_Pipeline_VITIS_LOOP_131_1|  return value|
|ap_ready                |  out|    1|  ap_ctrl_hs|  fc1full_top_Pipeline_VITIS_LOOP_131_1|  return value|
|in_stream_dout          |   in|    1|     ap_fifo|                              in_stream|       pointer|
|in_stream_empty_n       |   in|    1|     ap_fifo|                              in_stream|       pointer|
|in_stream_read          |  out|    1|     ap_fifo|                              in_stream|       pointer|
|out_stream_din          |  out|    1|     ap_fifo|                             out_stream|       pointer|
|out_stream_full_n       |   in|    1|     ap_fifo|                             out_stream|       pointer|
|out_stream_write        |  out|    1|     ap_fifo|                             out_stream|       pointer|
|fc1_weights_0_address0  |  out|   18|   ap_memory|                          fc1_weights_0|         array|
|fc1_weights_0_ce0       |  out|    1|   ap_memory|                          fc1_weights_0|         array|
|fc1_weights_0_q0        |   in|    3|   ap_memory|                          fc1_weights_0|         array|
+------------------------+-----+-----+------------+---------------------------------------+--------------+

