

================================================================
== Vitis HLS Report for 'fc2full_top_Pipeline_VITIS_LOOP_75_1'
================================================================
* Date:           Thu Apr 30 14:19:07 2026

* Version:        2023.1 (Build 3854077 on May  4 2023)
* Project:        fc2full_prj
* Solution:       xcvu9p-flga2577-2-e (Vivado IP Flow Target)
* Product family: virtexuplus
* Target device:  xcvu9p-flga2577-2-e


================================================================
== Performance Estimates
================================================================
+ Timing: 
    * Summary: 
    +--------+----------+----------+------------+
    |  Clock |  Target  | Estimated| Uncertainty|
    +--------+----------+----------+------------+
    |ap_clk  |  10.00 ns|  1.424 ns|     2.70 ns|
    +--------+----------+----------+------------+

+ Latency: 
    * Summary: 
    +---------+---------+----------+----------+-----+-----+---------+
    |  Latency (cycles) |  Latency (absolute) |  Interval | Pipeline|
    |   min   |   max   |    min   |    max   | min | max |   Type  |
    +---------+---------+----------+----------+-----+-----+---------+
    |       66|       66|  0.660 us|  0.660 us|   66|   66|       no|
    +---------+---------+----------+----------+-----+-----+---------+

    + Detail: 
        * Instance: 
        N/A

        * Loop: 
        +-------------------+---------+---------+----------+-----------+-----------+------+----------+
        |                   |  Latency (cycles) | Iteration|  Initiation Interval  | Trip |          |
        |     Loop Name     |   min   |   max   |  Latency |  achieved |   target  | Count| Pipelined|
        +-------------------+---------+---------+----------+-----------+-----------+------+----------+
        |- VITIS_LOOP_75_1  |       64|       64|         2|          1|          1|    64|       yes|
        +-------------------+---------+---------+----------+-----------+-----------+------+----------+



================================================================
== Utilization Estimates
================================================================
* Summary: 
+---------------------+---------+------+---------+---------+-----+
|         Name        | BRAM_18K|  DSP |    FF   |   LUT   | URAM|
+---------------------+---------+------+---------+---------+-----+
|DSP                  |        -|     -|        -|        -|    -|
|Expression           |        -|     -|        0|       33|    -|
|FIFO                 |        -|     -|        -|        -|    -|
|Instance             |        -|     -|        0|      273|    -|
|Memory               |        -|     -|        -|        -|    -|
|Multiplexer          |        -|     -|        -|       45|    -|
|Register             |        -|     -|       11|        -|    -|
+---------------------+---------+------+---------+---------+-----+
|Total                |        0|     0|       11|      351|    0|
+---------------------+---------+------+---------+---------+-----+
|Available SLR        |     1440|  2280|   788160|   394080|  320|
+---------------------+---------+------+---------+---------+-----+
|Utilization SLR (%)  |        0|     0|       ~0|       ~0|    0|
+---------------------+---------+------+---------+---------+-----+
|Available            |     4320|  6840|  2364480|  1182240|  960|
+---------------------+---------+------+---------+---------+-----+
|Utilization (%)      |        0|     0|       ~0|       ~0|    0|
+---------------------+---------+------+---------+---------+-----+

+ Detail: 
    * Instance: 
    +-------------------+----------------+---------+----+---+-----+-----+
    |      Instance     |     Module     | BRAM_18K| DSP| FF| LUT | URAM|
    +-------------------+----------------+---------+----+---+-----+-----+
    |mux_64_6_1_1_1_U4  |mux_64_6_1_1_1  |        0|   0|  0|  273|    0|
    +-------------------+----------------+---------+----+---+-----+-----+
    |Total              |                |        0|   0|  0|  273|    0|
    +-------------------+----------------+---------+----+---+-----+-----+

    * DSP: 
    N/A

    * Memory: 
    N/A

    * FIFO: 
    N/A

    * Expression: 
    +---------------------------+----------+----+---+----+------------+------------+
    |       Variable Name       | Operation| DSP| FF| LUT| Bitwidth P0| Bitwidth P1|
    +---------------------------+----------+----+---+----+------------+------------+
    |add_ln75_fu_573_p2         |         +|   0|  0|  14|           7|           1|
    |ap_block_pp0_stage0_01001  |       and|   0|  0|   2|           1|           1|
    |icmp_ln75_fu_567_p2        |      icmp|   0|  0|  15|           7|           8|
    |ap_enable_pp0              |       xor|   0|  0|   2|           1|           2|
    +---------------------------+----------+----+---+----+------------+------------+
    |Total                      |          |   0|  0|  33|          16|          12|
    +---------------------------+----------+----+---+----+------------+------------+

    * Multiplexer: 
    +-------------------------+----+-----------+-----+-----------+
    |           Name          | LUT| Input Size| Bits| Total Bits|
    +-------------------------+----+-----------+-----+-----------+
    |ap_done_int              |   9|          2|    1|          2|
    |ap_enable_reg_pp0_iter1  |   9|          2|    1|          2|
    |ap_sig_allocacmp_i_1     |   9|          2|    7|         14|
    |i_fu_164                 |   9|          2|    7|         14|
    |in_stream_blk_n          |   9|          2|    1|          2|
    +-------------------------+----+-----------+-----+-----------+
    |Total                    |  45|         10|   17|         34|
    +-------------------------+----+-----------+-----+-----------+

    * Register: 
    +-------------------------+---+----+-----+-----------+
    |           Name          | FF| LUT| Bits| Const Bits|
    +-------------------------+---+----+-----+-----------+
    |ap_CS_fsm                |  1|   0|    1|          0|
    |ap_done_reg              |  1|   0|    1|          0|
    |ap_enable_reg_pp0_iter1  |  1|   0|    1|          0|
    |i_fu_164                 |  7|   0|    7|          0|
    |p_0_reg_732              |  1|   0|    1|          0|
    +-------------------------+---+----+-----+-----------+
    |Total                    | 11|   0|   11|          0|
    +-------------------------+---+----+-----+-----------+



================================================================
== Interface
================================================================
* Summary: 
+------------------+-----+-----+------------+--------------------------------------+--------------+
|     RTL Ports    | Dir | Bits|  Protocol  |             Source Object            |    C Type    |
+------------------+-----+-----+------------+--------------------------------------+--------------+
|ap_clk            |   in|    1|  ap_ctrl_hs|  fc2full_top_Pipeline_VITIS_LOOP_75_1|  return value|
|ap_rst            |   in|    1|  ap_ctrl_hs|  fc2full_top_Pipeline_VITIS_LOOP_75_1|  return value|
|ap_start          |   in|    1|  ap_ctrl_hs|  fc2full_top_Pipeline_VITIS_LOOP_75_1|  return value|
|ap_done           |  out|    1|  ap_ctrl_hs|  fc2full_top_Pipeline_VITIS_LOOP_75_1|  return value|
|ap_idle           |  out|    1|  ap_ctrl_hs|  fc2full_top_Pipeline_VITIS_LOOP_75_1|  return value|
|ap_ready          |  out|    1|  ap_ctrl_hs|  fc2full_top_Pipeline_VITIS_LOOP_75_1|  return value|
|in_stream_din     |  out|    1|     ap_fifo|                             in_stream|       pointer|
|in_stream_full_n  |   in|    1|     ap_fifo|                             in_stream|       pointer|
|in_stream_write   |  out|    1|     ap_fifo|                             in_stream|       pointer|
|in_0_load         |   in|    1|     ap_none|                             in_0_load|        scalar|
|in_1_load         |   in|    1|     ap_none|                             in_1_load|        scalar|
|in_2_load         |   in|    1|     ap_none|                             in_2_load|        scalar|
|in_3_load         |   in|    1|     ap_none|                             in_3_load|        scalar|
|in_4_load         |   in|    1|     ap_none|                             in_4_load|        scalar|
|in_5_load         |   in|    1|     ap_none|                             in_5_load|        scalar|
|in_6_load         |   in|    1|     ap_none|                             in_6_load|        scalar|
|in_7_load         |   in|    1|     ap_none|                             in_7_load|        scalar|
|in_8_load         |   in|    1|     ap_none|                             in_8_load|        scalar|
|in_9_load         |   in|    1|     ap_none|                             in_9_load|        scalar|
|in_10_load        |   in|    1|     ap_none|                            in_10_load|        scalar|
|in_11_load        |   in|    1|     ap_none|                            in_11_load|        scalar|
|in_12_load        |   in|    1|     ap_none|                            in_12_load|        scalar|
|in_13_load        |   in|    1|     ap_none|                            in_13_load|        scalar|
|in_14_load        |   in|    1|     ap_none|                            in_14_load|        scalar|
|in_15_load        |   in|    1|     ap_none|                            in_15_load|        scalar|
|in_16_load        |   in|    1|     ap_none|                            in_16_load|        scalar|
|in_17_load        |   in|    1|     ap_none|                            in_17_load|        scalar|
|in_18_load        |   in|    1|     ap_none|                            in_18_load|        scalar|
|in_19_load        |   in|    1|     ap_none|                            in_19_load|        scalar|
|in_20_load        |   in|    1|     ap_none|                            in_20_load|        scalar|
|in_21_load        |   in|    1|     ap_none|                            in_21_load|        scalar|
|in_22_load        |   in|    1|     ap_none|                            in_22_load|        scalar|
|in_23_load        |   in|    1|     ap_none|                            in_23_load|        scalar|
|in_24_load        |   in|    1|     ap_none|                            in_24_load|        scalar|
|in_25_load        |   in|    1|     ap_none|                            in_25_load|        scalar|
|in_26_load        |   in|    1|     ap_none|                            in_26_load|        scalar|
|in_27_load        |   in|    1|     ap_none|                            in_27_load|        scalar|
|in_28_load        |   in|    1|     ap_none|                            in_28_load|        scalar|
|in_29_load        |   in|    1|     ap_none|                            in_29_load|        scalar|
|in_30_load        |   in|    1|     ap_none|                            in_30_load|        scalar|
|in_31_load        |   in|    1|     ap_none|                            in_31_load|        scalar|
|in_32_load        |   in|    1|     ap_none|                            in_32_load|        scalar|
|in_33_load        |   in|    1|     ap_none|                            in_33_load|        scalar|
|in_34_load        |   in|    1|     ap_none|                            in_34_load|        scalar|
|in_35_load        |   in|    1|     ap_none|                            in_35_load|        scalar|
|in_36_load        |   in|    1|     ap_none|                            in_36_load|        scalar|
|in_37_load        |   in|    1|     ap_none|                            in_37_load|        scalar|
|in_38_load        |   in|    1|     ap_none|                            in_38_load|        scalar|
|in_39_load        |   in|    1|     ap_none|                            in_39_load|        scalar|
|in_40_load        |   in|    1|     ap_none|                            in_40_load|        scalar|
|in_41_load        |   in|    1|     ap_none|                            in_41_load|        scalar|
|in_42_load        |   in|    1|     ap_none|                            in_42_load|        scalar|
|in_43_load        |   in|    1|     ap_none|                            in_43_load|        scalar|
|in_44_load        |   in|    1|     ap_none|                            in_44_load|        scalar|
|in_45_load        |   in|    1|     ap_none|                            in_45_load|        scalar|
|in_46_load        |   in|    1|     ap_none|                            in_46_load|        scalar|
|in_47_load        |   in|    1|     ap_none|                            in_47_load|        scalar|
|in_48_load        |   in|    1|     ap_none|                            in_48_load|        scalar|
|in_49_load        |   in|    1|     ap_none|                            in_49_load|        scalar|
|in_50_load        |   in|    1|     ap_none|                            in_50_load|        scalar|
|in_51_load        |   in|    1|     ap_none|                            in_51_load|        scalar|
|in_52_load        |   in|    1|     ap_none|                            in_52_load|        scalar|
|in_53_load        |   in|    1|     ap_none|                            in_53_load|        scalar|
|in_54_load        |   in|    1|     ap_none|                            in_54_load|        scalar|
|in_55_load        |   in|    1|     ap_none|                            in_55_load|        scalar|
|in_56_load        |   in|    1|     ap_none|                            in_56_load|        scalar|
|in_57_load        |   in|    1|     ap_none|                            in_57_load|        scalar|
|in_58_load        |   in|    1|     ap_none|                            in_58_load|        scalar|
|in_59_load        |   in|    1|     ap_none|                            in_59_load|        scalar|
|in_60_load        |   in|    1|     ap_none|                            in_60_load|        scalar|
|in_61_load        |   in|    1|     ap_none|                            in_61_load|        scalar|
|in_62_load        |   in|    1|     ap_none|                            in_62_load|        scalar|
|in_63_load        |   in|    1|     ap_none|                            in_63_load|        scalar|
+------------------+-----+-----+------------+--------------------------------------+--------------+

============================================================
+ Verbose Summary: Synthesis Manager
============================================================
InlineROM: 1
ExposeGlobal: 0
============================================================
+ Verbose Summary: CDFG Model
============================================================
IsTopModel: 0
ResetActiveHigh: 1
IsCombinational: 2
IsDatapathOnly: 2
HasWiredReturn: 1
HasMFsm: 2
HasVarLatency: 1
IsPipeline: 0
IsRtlPipelined: 0
IsInstanceOverlapped: 0
IsDontTouch: 0
HasImplIP: 0
IsGatedGlobalClock: 0

+ Individual pipeline summary: 
  * Pipeline-0: initiation interval (II) = 1, depth = 2


============================================================
+ Verbose Summary: Schedule
============================================================
* Number of FSM states : 2
* Pipeline : 1
  Pipeline-0 : II = 1, D = 2, States = { 1 2 }
* Dataflow Pipeline: 0

* FSM state transitions: 
1 --> 2 
2 --> 

* FSM state operations: 

State 1 <SV = 0> <Delay = 1.09>
ST_1 : Operation 5 [1/1] (0.00ns)   --->   "%i = alloca i32 1"   --->   Operation 5 'alloca' 'i' <Predicate = true> <Delay = 0.00>
ST_1 : Operation 6 [1/1] (0.00ns)   --->   "%specinterface_ln0 = specinterface void @_ssdm_op_SpecInterface, i1 %in_stream, void @empty_4, i32 0, i32 0, void @empty, i32 0, i32 0, void @empty, void @empty, void @empty, i32 0, i32 0, i32 0, i32 0, void @empty, void @empty, i32 4294967295, i32 0"   --->   Operation 6 'specinterface' 'specinterface_ln0' <Predicate = true> <Delay = 0.00>
ST_1 : Operation 7 [1/1] (0.00ns)   --->   "%in_63_load_read = read i1 @_ssdm_op_Read.ap_auto.i1, i1 %in_63_load"   --->   Operation 7 'read' 'in_63_load_read' <Predicate = true> <Delay = 0.00>
ST_1 : Operation 8 [1/1] (0.00ns)   --->   "%in_62_load_read = read i1 @_ssdm_op_Read.ap_auto.i1, i1 %in_62_load"   --->   Operation 8 'read' 'in_62_load_read' <Predicate = true> <Delay = 0.00>
ST_1 : Operation 9 [1/1] (0.00ns)   --->   "%in_61_load_read = read i1 @_ssdm_op_Read.ap_auto.i1, i1 %in_61_load"   --->   Operation 9 'read' 'in_61_load_read' <Predicate = true> <Delay = 0.00>
ST_1 : Operation 10 [1/1] (0.00ns)   --->   "%in_60_load_read = read i1 @_ssdm_op_Read.ap_auto.i1, i1 %in_60_load"   --->   Operation 10 'read' 'in_60_load_read' <Predicate = true> <Delay = 0.00>
ST_1 : Operation 11 [1/1] (0.00ns)   --->   "%in_59_load_read = read i1 @_ssdm_op_Read.ap_auto.i1, i1 %in_59_load"   --->   Operation 11 'read' 'in_59_load_read' <Predicate = true> <Delay = 0.00>
ST_1 : Operation 12 [1/1] (0.00ns)   --->   "%in_58_load_read = read i1 @_ssdm_op_Read.ap_auto.i1, i1 %in_58_load"   --->   Operation 12 'read' 'in_58_load_read' <Predicate = true> <Delay = 0.00>
ST_1 : Operation 13 [1/1] (0.00ns)   --->   "%in_57_load_read = read i1 @_ssdm_op_Read.ap_auto.i1, i1 %in_57_load"   --->   Operation 13 'read' 'in_57_load_read' <Predicate = true> <Delay = 0.00>
ST_1 : Operation 14 [1/1] (0.00ns)   --->   "%in_56_load_read = read i1 @_ssdm_op_Read.ap_auto.i1, i1 %in_56_load"   --->   Operation 14 'read' 'in_56_load_read' <Predicate = true> <Delay = 0.00>
ST_1 : Operation 15 [1/1] (0.00ns)   --->   "%in_55_load_read = read i1 @_ssdm_op_Read.ap_auto.i1, i1 %in_55_load"   --->   Operation 15 'read' 'in_55_load_read' <Predicate = true> <Delay = 0.00>
ST_1 : Operation 16 [1/1] (0.00ns)   --->   "%in_54_load_read = read i1 @_ssdm_op_Read.ap_auto.i1, i1 %in_54_load"   --->   Operation 16 'read' 'in_54_load_read' <Predicate = true> <Delay = 0.00>
ST_1 : Operation 17 [1/1] (0.00ns)   --->   "%in_53_load_read = read i1 @_ssdm_op_Read.ap_auto.i1, i1 %in_53_load"   --->   Operation 17 'read' 'in_53_load_read' <Predicate = true> <Delay = 0.00>
ST_1 : Operation 18 [1/1] (0.00ns)   --->   "%in_52_load_read = read i1 @_ssdm_op_Read.ap_auto.i1, i1 %in_52_load"   --->   Operation 18 'read' 'in_52_load_read' <Predicate = true> <Delay = 0.00>
ST_1 : Operation 19 [1/1] (0.00ns)   --->   "%in_51_load_read = read i1 @_ssdm_op_Read.ap_auto.i1, i1 %in_51_load"   --->   Operation 19 'read' 'in_51_load_read' <Predicate = true> <Delay = 0.00>
ST_1 : Operation 20 [1/1] (0.00ns)   --->   "%in_50_load_read = read i1 @_ssdm_op_Read.ap_auto.i1, i1 %in_50_load"   --->   Operation 20 'read' 'in_50_load_read' <Predicate = true> <Delay = 0.00>
ST_1 : Operation 21 [1/1] (0.00ns)   --->   "%in_49_load_read = read i1 @_ssdm_op_Read.ap_auto.i1, i1 %in_49_load"   --->   Operation 21 'read' 'in_49_load_read' <Predicate = true> <Delay = 0.00>
ST_1 : Operation 22 [1/1] (0.00ns)   --->   "%in_48_load_read = read i1 @_ssdm_op_Read.ap_auto.i1, i1 %in_48_load"   --->   Operation 22 'read' 'in_48_load_read' <Predicate = true> <Delay = 0.00>
ST_1 : Operation 23 [1/1] (0.00ns)   --->   "%in_47_load_read = read i1 @_ssdm_op_Read.ap_auto.i1, i1 %in_47_load"   --->   Operation 23 'read' 'in_47_load_read' <Predicate = true> <Delay = 0.00>
ST_1 : Operation 24 [1/1] (0.00ns)   --->   "%in_46_load_read = read i1 @_ssdm_op_Read.ap_auto.i1, i1 %in_46_load"   --->   Operation 24 'read' 'in_46_load_read' <Predicate = true> <Delay = 0.00>
ST_1 : Operation 25 [1/1] (0.00ns)   --->   "%in_45_load_read = read i1 @_ssdm_op_Read.ap_auto.i1, i1 %in_45_load"   --->   Operation 25 'read' 'in_45_load_read' <Predicate = true> <Delay = 0.00>
ST_1 : Operation 26 [1/1] (0.00ns)   --->   "%in_44_load_read = read i1 @_ssdm_op_Read.ap_auto.i1, i1 %in_44_load"   --->   Operation 26 'read' 'in_44_load_read' <Predicate = true> <Delay = 0.00>
ST_1 : Operation 27 [1/1] (0.00ns)   --->   "%in_43_load_read = read i1 @_ssdm_op_Read.ap_auto.i1, i1 %in_43_load"   --->   Operation 27 'read' 'in_43_load_read' <Predicate = true> <Delay = 0.00>
ST_1 : Operation 28 [1/1] (0.00ns)   --->   "%in_42_load_read = read i1 @_ssdm_op_Read.ap_auto.i1, i1 %in_42_load"   --->   Operation 28 'read' 'in_42_load_read' <Predicate = true> <Delay = 0.00>
ST_1 : Operation 29 [1/1] (0.00ns)   --->   "%in_41_load_read = read i1 @_ssdm_op_Read.ap_auto.i1, i1 %in_41_load"   --->   Operation 29 'read' 'in_41_load_read' <Predicate = true> <Delay = 0.00>
ST_1 : Operation 30 [1/1] (0.00ns)   --->   "%in_40_load_read = read i1 @_ssdm_op_Read.ap_auto.i1, i1 %in_40_load"   --->   Operation 30 'read' 'in_40_load_read' <Predicate = true> <Delay = 0.00>
ST_1 : Operation 31 [1/1] (0.00ns)   --->   "%in_39_load_read = read i1 @_ssdm_op_Read.ap_auto.i1, i1 %in_39_load"   --->   Operation 31 'read' 'in_39_load_read' <Predicate = true> <Delay = 0.00>
ST_1 : Operation 32 [1/1] (0.00ns)   --->   "%in_38_load_read = read i1 @_ssdm_op_Read.ap_auto.i1, i1 %in_38_load"   --->   Operation 32 'read' 'in_38_load_read' <Predicate = true> <Delay = 0.00>
ST_1 : Operation 33 [1/1] (0.00ns)   --->   "%in_37_load_read = read i1 @_ssdm_op_Read.ap_auto.i1, i1 %in_37_load"   --->   Operation 33 'read' 'in_37_load_read' <Predicate = true> <Delay = 0.00>
ST_1 : Operation 34 [1/1] (0.00ns)   --->   "%in_36_load_read = read i1 @_ssdm_op_Read.ap_auto.i1, i1 %in_36_load"   --->   Operation 34 'read' 'in_36_load_read' <Predicate = true> <Delay = 0.00>
ST_1 : Operation 35 [1/1] (0.00ns)   --->   "%in_35_load_read = read i1 @_ssdm_op_Read.ap_auto.i1, i1 %in_35_load"   --->   Operation 35 'read' 'in_35_load_read' <Predicate = true> <Delay = 0.00>
ST_1 : Operation 36 [1/1] (0.00ns)   --->   "%in_34_load_read = read i1 @_ssdm_op_Read.ap_auto.i1, i1 %in_34_load"   --->   Operation 36 'read' 'in_34_load_read' <Predicate = true> <Delay = 0.00>
ST_1 : Operation 37 [1/1] (0.00ns)   --->   "%in_33_load_read = read i1 @_ssdm_op_Read.ap_auto.i1, i1 %in_33_load"   --->   Operation 37 'read' 'in_33_load_read' <Predicate = true> <Delay = 0.00>
ST_1 : Operation 38 [1/1] (0.00ns)   --->   "%in_32_load_read = read i1 @_ssdm_op_Read.ap_auto.i1, i1 %in_32_load"   --->   Operation 38 'read' 'in_32_load_read' <Predicate = true> <Delay = 0.00>
ST_1 : Operation 39 [1/1] (0.00ns)   --->   "%in_31_load_read = read i1 @_ssdm_op_Read.ap_auto.i1, i1 %in_31_load"   --->   Operation 39 'read' 'in_31_load_read' <Predicate = true> <Delay = 0.00>
ST_1 : Operation 40 [1/1] (0.00ns)   --->   "%in_30_load_read = read i1 @_ssdm_op_Read.ap_auto.i1, i1 %in_30_load"   --->   Operation 40 'read' 'in_30_load_read' <Predicate = true> <Delay = 0.00>
ST_1 : Operation 41 [1/1] (0.00ns)   --->   "%in_29_load_read = read i1 @_ssdm_op_Read.ap_auto.i1, i1 %in_29_load"   --->   Operation 41 'read' 'in_29_load_read' <Predicate = true> <Delay = 0.00>
ST_1 : Operation 42 [1/1] (0.00ns)   --->   "%in_28_load_read = read i1 @_ssdm_op_Read.ap_auto.i1, i1 %in_28_load"   --->   Operation 42 'read' 'in_28_load_read' <Predicate = true> <Delay = 0.00>
ST_1 : Operation 43 [1/1] (0.00ns)   --->   "%in_27_load_read = read i1 @_ssdm_op_Read.ap_auto.i1, i1 %in_27_load"   --->   Operation 43 'read' 'in_27_load_read' <Predicate = true> <Delay = 0.00>
ST_1 : Operation 44 [1/1] (0.00ns)   --->   "%in_26_load_read = read i1 @_ssdm_op_Read.ap_auto.i1, i1 %in_26_load"   --->   Operation 44 'read' 'in_26_load_read' <Predicate = true> <Delay = 0.00>
ST_1 : Operation 45 [1/1] (0.00ns)   --->   "%in_25_load_read = read i1 @_ssdm_op_Read.ap_auto.i1, i1 %in_25_load"   --->   Operation 45 'read' 'in_25_load_read' <Predicate = true> <Delay = 0.00>
ST_1 : Operation 46 [1/1] (0.00ns)   --->   "%in_24_load_read = read i1 @_ssdm_op_Read.ap_auto.i1, i1 %in_24_load"   --->   Operation 46 'read' 'in_24_load_read' <Predicate = true> <Delay = 0.00>
ST_1 : Operation 47 [1/1] (0.00ns)   --->   "%in_23_load_read = read i1 @_ssdm_op_Read.ap_auto.i1, i1 %in_23_load"   --->   Operation 47 'read' 'in_23_load_read' <Predicate = true> <Delay = 0.00>
ST_1 : Operation 48 [1/1] (0.00ns)   --->   "%in_22_load_read = read i1 @_ssdm_op_Read.ap_auto.i1, i1 %in_22_load"   --->   Operation 48 'read' 'in_22_load_read' <Predicate = true> <Delay = 0.00>
ST_1 : Operation 49 [1/1] (0.00ns)   --->   "%in_21_load_read = read i1 @_ssdm_op_Read.ap_auto.i1, i1 %in_21_load"   --->   Operation 49 'read' 'in_21_load_read' <Predicate = true> <Delay = 0.00>
ST_1 : Operation 50 [1/1] (0.00ns)   --->   "%in_20_load_read = read i1 @_ssdm_op_Read.ap_auto.i1, i1 %in_20_load"   --->   Operation 50 'read' 'in_20_load_read' <Predicate = true> <Delay = 0.00>
ST_1 : Operation 51 [1/1] (0.00ns)   --->   "%in_19_load_read = read i1 @_ssdm_op_Read.ap_auto.i1, i1 %in_19_load"   --->   Operation 51 'read' 'in_19_load_read' <Predicate = true> <Delay = 0.00>
ST_1 : Operation 52 [1/1] (0.00ns)   --->   "%in_18_load_read = read i1 @_ssdm_op_Read.ap_auto.i1, i1 %in_18_load"   --->   Operation 52 'read' 'in_18_load_read' <Predicate = true> <Delay = 0.00>
ST_1 : Operation 53 [1/1] (0.00ns)   --->   "%in_17_load_read = read i1 @_ssdm_op_Read.ap_auto.i1, i1 %in_17_load"   --->   Operation 53 'read' 'in_17_load_read' <Predicate = true> <Delay = 0.00>
ST_1 : Operation 54 [1/1] (0.00ns)   --->   "%in_16_load_read = read i1 @_ssdm_op_Read.ap_auto.i1, i1 %in_16_load"   --->   Operation 54 'read' 'in_16_load_read' <Predicate = true> <Delay = 0.00>
ST_1 : Operation 55 [1/1] (0.00ns)   --->   "%in_15_load_read = read i1 @_ssdm_op_Read.ap_auto.i1, i1 %in_15_load"   --->   Operation 55 'read' 'in_15_load_read' <Predicate = true> <Delay = 0.00>
ST_1 : Operation 56 [1/1] (0.00ns)   --->   "%in_14_load_read = read i1 @_ssdm_op_Read.ap_auto.i1, i1 %in_14_load"   --->   Operation 56 'read' 'in_14_load_read' <Predicate = true> <Delay = 0.00>
ST_1 : Operation 57 [1/1] (0.00ns)   --->   "%in_13_load_read = read i1 @_ssdm_op_Read.ap_auto.i1, i1 %in_13_load"   --->   Operation 57 'read' 'in_13_load_read' <Predicate = true> <Delay = 0.00>
ST_1 : Operation 58 [1/1] (0.00ns)   --->   "%in_12_load_read = read i1 @_ssdm_op_Read.ap_auto.i1, i1 %in_12_load"   --->   Operation 58 'read' 'in_12_load_read' <Predicate = true> <Delay = 0.00>
ST_1 : Operation 59 [1/1] (0.00ns)   --->   "%in_11_load_read = read i1 @_ssdm_op_Read.ap_auto.i1, i1 %in_11_load"   --->   Operation 59 'read' 'in_11_load_read' <Predicate = true> <Delay = 0.00>
ST_1 : Operation 60 [1/1] (0.00ns)   --->   "%in_10_load_read = read i1 @_ssdm_op_Read.ap_auto.i1, i1 %in_10_load"   --->   Operation 60 'read' 'in_10_load_read' <Predicate = true> <Delay = 0.00>
ST_1 : Operation 61 [1/1] (0.00ns)   --->   "%in_9_load_read = read i1 @_ssdm_op_Read.ap_auto.i1, i1 %in_9_load"   --->   Operation 61 'read' 'in_9_load_read' <Predicate = true> <Delay = 0.00>
ST_1 : Operation 62 [1/1] (0.00ns)   --->   "%in_8_load_read = read i1 @_ssdm_op_Read.ap_auto.i1, i1 %in_8_load"   --->   Operation 62 'read' 'in_8_load_read' <Predicate = true> <Delay = 0.00>
ST_1 : Operation 63 [1/1] (0.00ns)   --->   "%in_7_load_read = read i1 @_ssdm_op_Read.ap_auto.i1, i1 %in_7_load"   --->   Operation 63 'read' 'in_7_load_read' <Predicate = true> <Delay = 0.00>
ST_1 : Operation 64 [1/1] (0.00ns)   --->   "%in_6_load_read = read i1 @_ssdm_op_Read.ap_auto.i1, i1 %in_6_load"   --->   Operation 64 'read' 'in_6_load_read' <Predicate = true> <Delay = 0.00>
ST_1 : Operation 65 [1/1] (0.00ns)   --->   "%in_5_load_read = read i1 @_ssdm_op_Read.ap_auto.i1, i1 %in_5_load"   --->   Operation 65 'read' 'in_5_load_read' <Predicate = true> <Delay = 0.00>
ST_1 : Operation 66 [1/1] (0.00ns)   --->   "%in_4_load_read = read i1 @_ssdm_op_Read.ap_auto.i1, i1 %in_4_load"   --->   Operation 66 'read' 'in_4_load_read' <Predicate = true> <Delay = 0.00>
ST_1 : Operation 67 [1/1] (0.00ns)   --->   "%in_3_load_read = read i1 @_ssdm_op_Read.ap_auto.i1, i1 %in_3_load"   --->   Operation 67 'read' 'in_3_load_read' <Predicate = true> <Delay = 0.00>
ST_1 : Operation 68 [1/1] (0.00ns)   --->   "%in_2_load_read = read i1 @_ssdm_op_Read.ap_auto.i1, i1 %in_2_load"   --->   Operation 68 'read' 'in_2_load_read' <Predicate = true> <Delay = 0.00>
ST_1 : Operation 69 [1/1] (0.00ns)   --->   "%in_1_load_read = read i1 @_ssdm_op_Read.ap_auto.i1, i1 %in_1_load"   --->   Operation 69 'read' 'in_1_load_read' <Predicate = true> <Delay = 0.00>
ST_1 : Operation 70 [1/1] (0.00ns)   --->   "%in_0_load_read = read i1 @_ssdm_op_Read.ap_auto.i1, i1 %in_0_load"   --->   Operation 70 'read' 'in_0_load_read' <Predicate = true> <Delay = 0.00>
ST_1 : Operation 71 [1/1] (0.38ns)   --->   "%store_ln0 = store i7 0, i7 %i"   --->   Operation 71 'store' 'store_ln0' <Predicate = true> <Delay = 0.38>
ST_1 : Operation 72 [1/1] (0.00ns)   --->   "%br_ln0 = br void %for.inc"   --->   Operation 72 'br' 'br_ln0' <Predicate = true> <Delay = 0.00>
ST_1 : Operation 73 [1/1] (0.00ns)   --->   "%i_1 = load i7 %i" [/home/coder/Desktop/s2n2/convSNN/fc2full_top.cpp:75]   --->   Operation 73 'load' 'i_1' <Predicate = true> <Delay = 0.00>
ST_1 : Operation 74 [1/1] (0.70ns)   --->   "%icmp_ln75 = icmp_eq  i7 %i_1, i7 64" [/home/coder/Desktop/s2n2/convSNN/fc2full_top.cpp:75]   --->   Operation 74 'icmp' 'icmp_ln75' <Predicate = true> <Delay = 0.70> <CoreInst = "Cmp">   --->   Core 9 'Cmp' <Latency = 0> <II = 1> <Delay = 0.70> <FuncUnit> <Opcode : 'icmp'> <InPorts = 2> <OutPorts = 1>
ST_1 : Operation 75 [1/1] (0.70ns)   --->   "%add_ln75 = add i7 %i_1, i7 1" [/home/coder/Desktop/s2n2/convSNN/fc2full_top.cpp:75]   --->   Operation 75 'add' 'add_ln75' <Predicate = true> <Delay = 0.70> <CoreInst = "Adder">   --->   Core 1 'Adder' <Latency = 0> <II = 1> <Delay = 0.70> <FuncUnit> <Opcode : 'add' 'sub'> <InPorts = 2> <OutPorts = 1>
ST_1 : Operation 76 [1/1] (0.00ns)   --->   "%br_ln75 = br i1 %icmp_ln75, void %for.inc.split, void %for.body.i.preheader.exitStub" [/home/coder/Desktop/s2n2/convSNN/fc2full_top.cpp:75]   --->   Operation 76 'br' 'br_ln75' <Predicate = true> <Delay = 0.00>
ST_1 : Operation 77 [1/1] (0.00ns)   --->   "%trunc_ln75 = trunc i7 %i_1" [/home/coder/Desktop/s2n2/convSNN/fc2full_top.cpp:75]   --->   Operation 77 'trunc' 'trunc_ln75' <Predicate = (!icmp_ln75)> <Delay = 0.00>
ST_1 : Operation 78 [1/1] (0.75ns)   --->   "%p_0 = mux i1 @_ssdm_op_Mux.ap_auto.64i1.i6, i1 %in_0_load_read, i1 %in_1_load_read, i1 %in_2_load_read, i1 %in_3_load_read, i1 %in_4_load_read, i1 %in_5_load_read, i1 %in_6_load_read, i1 %in_7_load_read, i1 %in_8_load_read, i1 %in_9_load_read, i1 %in_10_load_read, i1 %in_11_load_read, i1 %in_12_load_read, i1 %in_13_load_read, i1 %in_14_load_read, i1 %in_15_load_read, i1 %in_16_load_read, i1 %in_17_load_read, i1 %in_18_load_read, i1 %in_19_load_read, i1 %in_20_load_read, i1 %in_21_load_read, i1 %in_22_load_read, i1 %in_23_load_read, i1 %in_24_load_read, i1 %in_25_load_read, i1 %in_26_load_read, i1 %in_27_load_read, i1 %in_28_load_read, i1 %in_29_load_read, i1 %in_30_load_read, i1 %in_31_load_read, i1 %in_32_load_read, i1 %in_33_load_read, i1 %in_34_load_read, i1 %in_35_load_read, i1 %in_36_load_read, i1 %in_37_load_read, i1 %in_38_load_read, i1 %in_39_load_read, i1 %in_40_load_read, i1 %in_41_load_read, i1 %in_42_load_read, i1 %in_43_load_read, i1 %in_44_load_read, i1 %in_45_load_read, i1 %in_46_load_read, i1 %in_47_load_read, i1 %in_48_load_read, i1 %in_49_load_read, i1 %in_50_load_read, i1 %in_51_load_read, i1 %in_52_load_read, i1 %in_53_load_read, i1 %in_54_load_read, i1 %in_55_load_read, i1 %in_56_load_read, i1 %in_57_load_read, i1 %in_58_load_read, i1 %in_59_load_read, i1 %in_60_load_read, i1 %in_61_load_read, i1 %in_62_load_read, i1 %in_63_load_read, i6 %trunc_ln75" [/home/coder/Desktop/s2n2/convSNN/fc2full_top.cpp:77]   --->   Operation 78 'mux' 'p_0' <Predicate = (!icmp_ln75)> <Delay = 0.75> <CoreInst = "Multiplexer">   --->   Core 76 'Multiplexer' <Latency = 0> <II = 1> <Delay = 0.75> <FuncUnit> <Opcode : 'mux'> <InPorts = 2> <OutPorts = 1>
ST_1 : Operation 79 [1/1] (0.38ns)   --->   "%store_ln75 = store i7 %add_ln75, i7 %i" [/home/coder/Desktop/s2n2/convSNN/fc2full_top.cpp:75]   --->   Operation 79 'store' 'store_ln75' <Predicate = (!icmp_ln75)> <Delay = 0.38>
ST_1 : Operation 85 [1/1] (0.00ns)   --->   "%ret_ln0 = ret"   --->   Operation 85 'ret' 'ret_ln0' <Predicate = (icmp_ln75)> <Delay = 0.00>

State 2 <SV = 1> <Delay = 1.42>
ST_2 : Operation 80 [1/1] (0.00ns)   --->   "%specpipeline_ln76 = specpipeline void @_ssdm_op_SpecPipeline, i32 1, i32 0, i32 0, i32 0, void @empty" [/home/coder/Desktop/s2n2/convSNN/fc2full_top.cpp:76]   --->   Operation 80 'specpipeline' 'specpipeline_ln76' <Predicate = true> <Delay = 0.00>
ST_2 : Operation 81 [1/1] (0.00ns)   --->   "%speclooptripcount_ln75 = speclooptripcount void @_ssdm_op_SpecLoopTripCount, i64 64, i64 64, i64 64" [/home/coder/Desktop/s2n2/convSNN/fc2full_top.cpp:75]   --->   Operation 81 'speclooptripcount' 'speclooptripcount_ln75' <Predicate = true> <Delay = 0.00>
ST_2 : Operation 82 [1/1] (0.00ns)   --->   "%specloopname_ln75 = specloopname void @_ssdm_op_SpecLoopName, void @empty_1" [/home/coder/Desktop/s2n2/convSNN/fc2full_top.cpp:75]   --->   Operation 82 'specloopname' 'specloopname_ln75' <Predicate = true> <Delay = 0.00>
ST_2 : Operation 83 [1/1] (1.42ns)   --->   "%write_ln77 = write void @_ssdm_op_Write.ap_fifo.volatile.i1P0A, i1 %in_stream, i1 %p_0" [/home/coder/Desktop/s2n2/convSNN/fc2full_top.cpp:77]   --->   Operation 83 'write' 'write_ln77' <Predicate = true> <Delay = 1.42> <CoreInst = "FIFO_SRL">   --->   Core 81 'FIFO_SRL' <Latency = 0> <II = 1> <Delay = 1.42> <Storage> <Opcode : 'read' 'write' 'nbread' 'nbwrite'> <Ports = 0> <Width = 1> <Depth = 128> <FIFO>
ST_2 : Operation 84 [1/1] (0.00ns)   --->   "%br_ln75 = br void %for.inc" [/home/coder/Desktop/s2n2/convSNN/fc2full_top.cpp:75]   --->   Operation 84 'br' 'br_ln75' <Predicate = true> <Delay = 0.00>


============================================================
+ Verbose Summary: Binding
============================================================
STG Binding: 
---------------- STG Properties BEGIN ----------------
- Is combinational: 0
- Is one-state seq: 0
- Is datapath-only: 0
- Is pipelined: 0
- Is top level: 0
Port [ Return ] is wired: 1; IO mode=ap_ctrl_hs:ce=0
Port [ in_0_load]:  wired=1; compound=0; hidden=0; nouse=0; global=0; static=0; extern=0; dir=0; type=0; pingpong=0; private_global=0; IO mode=ap_none:ce=0
Port [ in_1_load]:  wired=1; compound=0; hidden=0; nouse=0; global=0; static=0; extern=0; dir=0; type=0; pingpong=0; private_global=0; IO mode=ap_none:ce=0
Port [ in_2_load]:  wired=1; compound=0; hidden=0; nouse=0; global=0; static=0; extern=0; dir=0; type=0; pingpong=0; private_global=0; IO mode=ap_none:ce=0
Port [ in_3_load]:  wired=1; compound=0; hidden=0; nouse=0; global=0; static=0; extern=0; dir=0; type=0; pingpong=0; private_global=0; IO mode=ap_none:ce=0
Port [ in_4_load]:  wired=1; compound=0; hidden=0; nouse=0; global=0; static=0; extern=0; dir=0; type=0; pingpong=0; private_global=0; IO mode=ap_none:ce=0
Port [ in_5_load]:  wired=1; compound=0; hidden=0; nouse=0; global=0; static=0; extern=0; dir=0; type=0; pingpong=0; private_global=0; IO mode=ap_none:ce=0
Port [ in_6_load]:  wired=1; compound=0; hidden=0; nouse=0; global=0; static=0; extern=0; dir=0; type=0; pingpong=0; private_global=0; IO mode=ap_none:ce=0
Port [ in_7_load]:  wired=1; compound=0; hidden=0; nouse=0; global=0; static=0; extern=0; dir=0; type=0; pingpong=0; private_global=0; IO mode=ap_none:ce=0
Port [ in_8_load]:  wired=1; compound=0; hidden=0; nouse=0; global=0; static=0; extern=0; dir=0; type=0; pingpong=0; private_global=0; IO mode=ap_none:ce=0
Port [ in_9_load]:  wired=1; compound=0; hidden=0; nouse=0; global=0; static=0; extern=0; dir=0; type=0; pingpong=0; private_global=0; IO mode=ap_none:ce=0
Port [ in_10_load]:  wired=1; compound=0; hidden=0; nouse=0; global=0; static=0; extern=0; dir=0; type=0; pingpong=0; private_global=0; IO mode=ap_none:ce=0
Port [ in_11_load]:  wired=1; compound=0; hidden=0; nouse=0; global=0; static=0; extern=0; dir=0; type=0; pingpong=0; private_global=0; IO mode=ap_none:ce=0
Port [ in_12_load]:  wired=1; compound=0; hidden=0; nouse=0; global=0; static=0; extern=0; dir=0; type=0; pingpong=0; private_global=0; IO mode=ap_none:ce=0
Port [ in_13_load]:  wired=1; compound=0; hidden=0; nouse=0; global=0; static=0; extern=0; dir=0; type=0; pingpong=0; private_global=0; IO mode=ap_none:ce=0
Port [ in_14_load]:  wired=1; compound=0; hidden=0; nouse=0; global=0; static=0; extern=0; dir=0; type=0; pingpong=0; private_global=0; IO mode=ap_none:ce=0
Port [ in_15_load]:  wired=1; compound=0; hidden=0; nouse=0; global=0; static=0; extern=0; dir=0; type=0; pingpong=0; private_global=0; IO mode=ap_none:ce=0
Port [ in_16_load]:  wired=1; compound=0; hidden=0; nouse=0; global=0; static=0; extern=0; dir=0; type=0; pingpong=0; private_global=0; IO mode=ap_none:ce=0
Port [ in_17_load]:  wired=1; compound=0; hidden=0; nouse=0; global=0; static=0; extern=0; dir=0; type=0; pingpong=0; private_global=0; IO mode=ap_none:ce=0
Port [ in_18_load]:  wired=1; compound=0; hidden=0; nouse=0; global=0; static=0; extern=0; dir=0; type=0; pingpong=0; private_global=0; IO mode=ap_none:ce=0
Port [ in_19_load]:  wired=1; compound=0; hidden=0; nouse=0; global=0; static=0; extern=0; dir=0; type=0; pingpong=0; private_global=0; IO mode=ap_none:ce=0
Port [ in_20_load]:  wired=1; compound=0; hidden=0; nouse=0; global=0; static=0; extern=0; dir=0; type=0; pingpong=0; private_global=0; IO mode=ap_none:ce=0
Port [ in_21_load]:  wired=1; compound=0; hidden=0; nouse=0; global=0; static=0; extern=0; dir=0; type=0; pingpong=0; private_global=0; IO mode=ap_none:ce=0
Port [ in_22_load]:  wired=1; compound=0; hidden=0; nouse=0; global=0; static=0; extern=0; dir=0; type=0; pingpong=0; private_global=0; IO mode=ap_none:ce=0
Port [ in_23_load]:  wired=1; compound=0; hidden=0; nouse=0; global=0; static=0; extern=0; dir=0; type=0; pingpong=0; private_global=0; IO mode=ap_none:ce=0
Port [ in_24_load]:  wired=1; compound=0; hidden=0; nouse=0; global=0; static=0; extern=0; dir=0; type=0; pingpong=0; private_global=0; IO mode=ap_none:ce=0
Port [ in_25_load]:  wired=1; compound=0; hidden=0; nouse=0; global=0; static=0; extern=0; dir=0; type=0; pingpong=0; private_global=0; IO mode=ap_none:ce=0
Port [ in_26_load]:  wired=1; compound=0; hidden=0; nouse=0; global=0; static=0; extern=0; dir=0; type=0; pingpong=0; private_global=0; IO mode=ap_none:ce=0
Port [ in_27_load]:  wired=1; compound=0; hidden=0; nouse=0; global=0; static=0; extern=0; dir=0; type=0; pingpong=0; private_global=0; IO mode=ap_none:ce=0
Port [ in_28_load]:  wired=1; compound=0; hidden=0; nouse=0; global=0; static=0; extern=0; dir=0; type=0; pingpong=0; private_global=0; IO mode=ap_none:ce=0
Port [ in_29_load]:  wired=1; compound=0; hidden=0; nouse=0; global=0; static=0; extern=0; dir=0; type=0; pingpong=0; private_global=0; IO mode=ap_none:ce=0
Port [ in_30_load]:  wired=1; compound=0; hidden=0; nouse=0; global=0; static=0; extern=0; dir=0; type=0; pingpong=0; private_global=0; IO mode=ap_none:ce=0
Port [ in_31_load]:  wired=1; compound=0; hidden=0; nouse=0; global=0; static=0; extern=0; dir=0; type=0; pingpong=0; private_global=0; IO mode=ap_none:ce=0
Port [ in_32_load]:  wired=1; compound=0; hidden=0; nouse=0; global=0; static=0; extern=0; dir=0; type=0; pingpong=0; private_global=0; IO mode=ap_none:ce=0
Port [ in_33_load]:  wired=1; compound=0; hidden=0; nouse=0; global=0; static=0; extern=0; dir=0; type=0; pingpong=0; private_global=0; IO mode=ap_none:ce=0
Port [ in_34_load]:  wired=1; compound=0; hidden=0; nouse=0; global=0; static=0; extern=0; dir=0; type=0; pingpong=0; private_global=0; IO mode=ap_none:ce=0
Port [ in_35_load]:  wired=1; compound=0; hidden=0; nouse=0; global=0; static=0; extern=0; dir=0; type=0; pingpong=0; private_global=0; IO mode=ap_none:ce=0
Port [ in_36_load]:  wired=1; compound=0; hidden=0; nouse=0; global=0; static=0; extern=0; dir=0; type=0; pingpong=0; private_global=0; IO mode=ap_none:ce=0
Port [ in_37_load]:  wired=1; compound=0; hidden=0; nouse=0; global=0; static=0; extern=0; dir=0; type=0; pingpong=0; private_global=0; IO mode=ap_none:ce=0
Port [ in_38_load]:  wired=1; compound=0; hidden=0; nouse=0; global=0; static=0; extern=0; dir=0; type=0; pingpong=0; private_global=0; IO mode=ap_none:ce=0
Port [ in_39_load]:  wired=1; compound=0; hidden=0; nouse=0; global=0; static=0; extern=0; dir=0; type=0; pingpong=0; private_global=0; IO mode=ap_none:ce=0
Port [ in_40_load]:  wired=1; compound=0; hidden=0; nouse=0; global=0; static=0; extern=0; dir=0; type=0; pingpong=0; private_global=0; IO mode=ap_none:ce=0
Port [ in_41_load]:  wired=1; compound=0; hidden=0; nouse=0; global=0; static=0; extern=0; dir=0; type=0; pingpong=0; private_global=0; IO mode=ap_none:ce=0
Port [ in_42_load]:  wired=1; compound=0; hidden=0; nouse=0; global=0; static=0; extern=0; dir=0; type=0; pingpong=0; private_global=0; IO mode=ap_none:ce=0
Port [ in_43_load]:  wired=1; compound=0; hidden=0; nouse=0; global=0; static=0; extern=0; dir=0; type=0; pingpong=0; private_global=0; IO mode=ap_none:ce=0
Port [ in_44_load]:  wired=1; compound=0; hidden=0; nouse=0; global=0; static=0; extern=0; dir=0; type=0; pingpong=0; private_global=0; IO mode=ap_none:ce=0
Port [ in_45_load]:  wired=1; compound=0; hidden=0; nouse=0; global=0; static=0; extern=0; dir=0; type=0; pingpong=0; private_global=0; IO mode=ap_none:ce=0
Port [ in_46_load]:  wired=1; compound=0; hidden=0; nouse=0; global=0; static=0; extern=0; dir=0; type=0; pingpong=0; private_global=0; IO mode=ap_none:ce=0
Port [ in_47_load]:  wired=1; compound=0; hidden=0; nouse=0; global=0; static=0; extern=0; dir=0; type=0; pingpong=0; private_global=0; IO mode=ap_none:ce=0
Port [ in_48_load]:  wired=1; compound=0; hidden=0; nouse=0; global=0; static=0; extern=0; dir=0; type=0; pingpong=0; private_global=0; IO mode=ap_none:ce=0
Port [ in_49_load]:  wired=1; compound=0; hidden=0; nouse=0; global=0; static=0; extern=0; dir=0; type=0; pingpong=0; private_global=0; IO mode=ap_none:ce=0
Port [ in_50_load]:  wired=1; compound=0; hidden=0; nouse=0; global=0; static=0; extern=0; dir=0; type=0; pingpong=0; private_global=0; IO mode=ap_none:ce=0
Port [ in_51_load]:  wired=1; compound=0; hidden=0; nouse=0; global=0; static=0; extern=0; dir=0; type=0; pingpong=0; private_global=0; IO mode=ap_none:ce=0
Port [ in_52_load]:  wired=1; compound=0; hidden=0; nouse=0; global=0; static=0; extern=0; dir=0; type=0; pingpong=0; private_global=0; IO mode=ap_none:ce=0
Port [ in_53_load]:  wired=1; compound=0; hidden=0; nouse=0; global=0; static=0; extern=0; dir=0; type=0; pingpong=0; private_global=0; IO mode=ap_none:ce=0
Port [ in_54_load]:  wired=1; compound=0; hidden=0; nouse=0; global=0; static=0; extern=0; dir=0; type=0; pingpong=0; private_global=0; IO mode=ap_none:ce=0
Port [ in_55_load]:  wired=1; compound=0; hidden=0; nouse=0; global=0; static=0; extern=0; dir=0; type=0; pingpong=0; private_global=0; IO mode=ap_none:ce=0
Port [ in_56_load]:  wired=1; compound=0; hidden=0; nouse=0; global=0; static=0; extern=0; dir=0; type=0; pingpong=0; private_global=0; IO mode=ap_none:ce=0
Port [ in_57_load]:  wired=1; compound=0; hidden=0; nouse=0; global=0; static=0; extern=0; dir=0; type=0; pingpong=0; private_global=0; IO mode=ap_none:ce=0
Port [ in_58_load]:  wired=1; compound=0; hidden=0; nouse=0; global=0; static=0; extern=0; dir=0; type=0; pingpong=0; private_global=0; IO mode=ap_none:ce=0
Port [ in_59_load]:  wired=1; compound=0; hidden=0; nouse=0; global=0; static=0; extern=0; dir=0; type=0; pingpong=0; private_global=0; IO mode=ap_none:ce=0
Port [ in_60_load]:  wired=1; compound=0; hidden=0; nouse=0; global=0; static=0; extern=0; dir=0; type=0; pingpong=0; private_global=0; IO mode=ap_none:ce=0
Port [ in_61_load]:  wired=1; compound=0; hidden=0; nouse=0; global=0; static=0; extern=0; dir=0; type=0; pingpong=0; private_global=0; IO mode=ap_none:ce=0
Port [ in_62_load]:  wired=1; compound=0; hidden=0; nouse=0; global=0; static=0; extern=0; dir=0; type=0; pingpong=0; private_global=0; IO mode=ap_none:ce=0
Port [ in_63_load]:  wired=1; compound=0; hidden=0; nouse=0; global=0; static=0; extern=0; dir=0; type=0; pingpong=0; private_global=0; IO mode=ap_none:ce=0
Port [ in_stream]:  wired=1; compound=1; hidden=0; nouse=0; global=0; static=0; extern=0; dir=1; type=3; pingpong=0; private_global=0; IO mode=ap_fifo:ce=0
---------------- STG Properties END ------------------

---------------- Datapath Model BEGIN ----------------

<LifeTime>
<method=bitvector/>
i                      (alloca           ) [ 010]
specinterface_ln0      (specinterface    ) [ 000]
in_63_load_read        (read             ) [ 000]
in_62_load_read        (read             ) [ 000]
in_61_load_read        (read             ) [ 000]
in_60_load_read        (read             ) [ 000]
in_59_load_read        (read             ) [ 000]
in_58_load_read        (read             ) [ 000]
in_57_load_read        (read             ) [ 000]
in_56_load_read        (read             ) [ 000]
in_55_load_read        (read             ) [ 000]
in_54_load_read        (read             ) [ 000]
in_53_load_read        (read             ) [ 000]
in_52_load_read        (read             ) [ 000]
in_51_load_read        (read             ) [ 000]
in_50_load_read        (read             ) [ 000]
in_49_load_read        (read             ) [ 000]
in_48_load_read        (read             ) [ 000]
in_47_load_read        (read             ) [ 000]
in_46_load_read        (read             ) [ 000]
in_45_load_read        (read             ) [ 000]
in_44_load_read        (read             ) [ 000]
in_43_load_read        (read             ) [ 000]
in_42_load_read        (read             ) [ 000]
in_41_load_read        (read             ) [ 000]
in_40_load_read        (read             ) [ 000]
in_39_load_read        (read             ) [ 000]
in_38_load_read        (read             ) [ 000]
in_37_load_read        (read             ) [ 000]
in_36_load_read        (read             ) [ 000]
in_35_load_read        (read             ) [ 000]
in_34_load_read        (read             ) [ 000]
in_33_load_read        (read             ) [ 000]
in_32_load_read        (read             ) [ 000]
in_31_load_read        (read             ) [ 000]
in_30_load_read        (read             ) [ 000]
in_29_load_read        (read             ) [ 000]
in_28_load_read        (read             ) [ 000]
in_27_load_read        (read             ) [ 000]
in_26_load_read        (read             ) [ 000]
in_25_load_read        (read             ) [ 000]
in_24_load_read        (read             ) [ 000]
in_23_load_read        (read             ) [ 000]
in_22_load_read        (read             ) [ 000]
in_21_load_read        (read             ) [ 000]
in_20_load_read        (read             ) [ 000]
in_19_load_read        (read             ) [ 000]
in_18_load_read        (read             ) [ 000]
in_17_load_read        (read             ) [ 000]
in_16_load_read        (read             ) [ 000]
in_15_load_read        (read             ) [ 000]
in_14_load_read        (read             ) [ 000]
in_13_load_read        (read             ) [ 000]
in_12_load_read        (read             ) [ 000]
in_11_load_read        (read             ) [ 000]
in_10_load_read        (read             ) [ 000]
in_9_load_read         (read             ) [ 000]
in_8_load_read         (read             ) [ 000]
in_7_load_read         (read             ) [ 000]
in_6_load_read         (read             ) [ 000]
in_5_load_read         (read             ) [ 000]
in_4_load_read         (read             ) [ 000]
in_3_load_read         (read             ) [ 000]
in_2_load_read         (read             ) [ 000]
in_1_load_read         (read             ) [ 000]
in_0_load_read         (read             ) [ 000]
store_ln0              (store            ) [ 000]
br_ln0                 (br               ) [ 000]
i_1                    (load             ) [ 000]
icmp_ln75              (icmp             ) [ 010]
add_ln75               (add              ) [ 000]
br_ln75                (br               ) [ 000]
trunc_ln75             (trunc            ) [ 000]
p_0                    (mux              ) [ 011]
store_ln75             (store            ) [ 000]
specpipeline_ln76      (specpipeline     ) [ 000]
speclooptripcount_ln75 (speclooptripcount) [ 000]
specloopname_ln75      (specloopname     ) [ 000]
write_ln77             (write            ) [ 000]
br_ln75                (br               ) [ 000]
ret_ln0                (ret              ) [ 000]
</LifeTime>

<model>

<comp_list>
<comp id="0" class="1000" name="in_0_load">
<pin_list>
<pin id="1" dir="1" index="0" bw="1" slack="0"/>
</pin_list>
<bind>
<StgValue><ssdm name="in_0_load"/></StgValue>
</bind>
</comp>

<comp id="2" class="1000" name="in_1_load">
<pin_list>
<pin id="3" dir="1" index="0" bw="1" slack="0"/>
</pin_list>
<bind>
<StgValue><ssdm name="in_1_load"/></StgValue>
</bind>
</comp>

<comp id="4" class="1000" name="in_2_load">
<pin_list>
<pin id="5" dir="1" index="0" bw="1" slack="0"/>
</pin_list>
<bind>
<StgValue><ssdm name="in_2_load"/></StgValue>
</bind>
</comp>

<comp id="6" class="1000" name="in_3_load">
<pin_list>
<pin id="7" dir="1" index="0" bw="1" slack="0"/>
</pin_list>
<bind>
<StgValue><ssdm name="in_3_load"/></StgValue>
</bind>
</comp>

<comp id="8" class="1000" name="in_4_load">
<pin_list>
<pin id="9" dir="1" index="0" bw="1" slack="0"/>
</pin_list>
<bind>
<StgValue><ssdm name="in_4_load"/></StgValue>
</bind>
</comp>

<comp id="10" class="1000" name="in_5_load">
<pin_list>
<pin id="11" dir="1" index="0" bw="1" slack="0"/>
</pin_list>
<bind>
<StgValue><ssdm name="in_5_load"/></StgValue>
</bind>
</comp>

<comp id="12" class="1000" name="in_6_load">
<pin_list>
<pin id="13" dir="1" index="0" bw="1" slack="0"/>
</pin_list>
<bind>
<StgValue><ssdm name="in_6_load"/></StgValue>
</bind>
</comp>

<comp id="14" class="1000" name="in_7_load">
<pin_list>
<pin id="15" dir="1" index="0" bw="1" slack="0"/>
</pin_list>
<bind>
<StgValue><ssdm name="in_7_load"/></StgValue>
</bind>
</comp>

<comp id="16" class="1000" name="in_8_load">
<pin_list>
<pin id="17" dir="1" index="0" bw="1" slack="0"/>
</pin_list>
<bind>
<StgValue><ssdm name="in_8_load"/></StgValue>
</bind>
</comp>

<comp id="18" class="1000" name="in_9_load">
<pin_list>
<pin id="19" dir="1" index="0" bw="1" slack="0"/>
</pin_list>
<bind>
<StgValue><ssdm name="in_9_load"/></StgValue>
</bind>
</comp>

<comp id="20" class="1000" name="in_10_load">
<pin_list>
<pin id="21" dir="1" index="0" bw="1" slack="0"/>
</pin_list>
<bind>
<StgValue><ssdm name="in_10_load"/></StgValue>
</bind>
</comp>

<comp id="22" class="1000" name="in_11_load">
<pin_list>
<pin id="23" dir="1" index="0" bw="1" slack="0"/>
</pin_list>
<bind>
<StgValue><ssdm name="in_11_load"/></StgValue>
</bind>
</comp>

<comp id="24" class="1000" name="in_12_load">
<pin_list>
<pin id="25" dir="1" index="0" bw="1" slack="0"/>
</pin_list>
<bind>
<StgValue><ssdm name="in_12_load"/></StgValue>
</bind>
</comp>

<comp id="26" class="1000" name="in_13_load">
<pin_list>
<pin id="27" dir="1" index="0" bw="1" slack="0"/>
</pin_list>
<bind>
<StgValue><ssdm name="in_13_load"/></StgValue>
</bind>
</comp>

<comp id="28" class="1000" name="in_14_load">
<pin_list>
<pin id="29" dir="1" index="0" bw="1" slack="0"/>
</pin_list>
<bind>
<StgValue><ssdm name="in_14_load"/></StgValue>
</bind>
</comp>

<comp id="30" class="1000" name="in_15_load">
<pin_list>
<pin id="31" dir="1" index="0" bw="1" slack="0"/>
</pin_list>
<bind>
<StgValue><ssdm name="in_15_load"/></StgValue>
</bind>
</comp>

<comp id="32" class="1000" name="in_16_load">
<pin_list>
<pin id="33" dir="1" index="0" bw="1" slack="0"/>
</pin_list>
<bind>
<StgValue><ssdm name="in_16_load"/></StgValue>
</bind>
</comp>

<comp id="34" class="1000" name="in_17_load">
<pin_list>
<pin id="35" dir="1" index="0" bw="1" slack="0"/>
</pin_list>
<bind>
<StgValue><ssdm name="in_17_load"/></StgValue>
</bind>
</comp>

<comp id="36" class="1000" name="in_18_load">
<pin_list>
<pin id="37" dir="1" index="0" bw="1" slack="0"/>
</pin_list>
<bind>
<StgValue><ssdm name="in_18_load"/></StgValue>
</bind>
</comp>

<comp id="38" class="1000" name="in_19_load">
<pin_list>
<pin id="39" dir="1" index="0" bw="1" slack="0"/>
</pin_list>
<bind>
<StgValue><ssdm name="in_19_load"/></StgValue>
</bind>
</comp>

<comp id="40" class="1000" name="in_20_load">
<pin_list>
<pin id="41" dir="1" index="0" bw="1" slack="0"/>
</pin_list>
<bind>
<StgValue><ssdm name="in_20_load"/></StgValue>
</bind>
</comp>

<comp id="42" class="1000" name="in_21_load">
<pin_list>
<pin id="43" dir="1" index="0" bw="1" slack="0"/>
</pin_list>
<bind>
<StgValue><ssdm name="in_21_load"/></StgValue>
</bind>
</comp>

<comp id="44" class="1000" name="in_22_load">
<pin_list>
<pin id="45" dir="1" index="0" bw="1" slack="0"/>
</pin_list>
<bind>
<StgValue><ssdm name="in_22_load"/></StgValue>
</bind>
</comp>

<comp id="46" class="1000" name="in_23_load">
<pin_list>
<pin id="47" dir="1" index="0" bw="1" slack="0"/>
</pin_list>
<bind>
<StgValue><ssdm name="in_23_load"/></StgValue>
</bind>
</comp>

<comp id="48" class="1000" name="in_24_load">
<pin_list>
<pin id="49" dir="1" index="0" bw="1" slack="0"/>
</pin_list>
<bind>
<StgValue><ssdm name="in_24_load"/></StgValue>
</bind>
</comp>

<comp id="50" class="1000" name="in_25_load">
<pin_list>
<pin id="51" dir="1" index="0" bw="1" slack="0"/>
</pin_list>
<bind>
<StgValue><ssdm name="in_25_load"/></StgValue>
</bind>
</comp>

<comp id="52" class="1000" name="in_26_load">
<pin_list>
<pin id="53" dir="1" index="0" bw="1" slack="0"/>
</pin_list>
<bind>
<StgValue><ssdm name="in_26_load"/></StgValue>
</bind>
</comp>

<comp id="54" class="1000" name="in_27_load">
<pin_list>
<pin id="55" dir="1" index="0" bw="1" slack="0"/>
</pin_list>
<bind>
<StgValue><ssdm name="in_27_load"/></StgValue>
</bind>
</comp>

<comp id="56" class="1000" name="in_28_load">
<pin_list>
<pin id="57" dir="1" index="0" bw="1" slack="0"/>
</pin_list>
<bind>
<StgValue><ssdm name="in_28_load"/></StgValue>
</bind>
</comp>

<comp id="58" class="1000" name="in_29_load">
<pin_list>
<pin id="59" dir="1" index="0" bw="1" slack="0"/>
</pin_list>
<bind>
<StgValue><ssdm name="in_29_load"/></StgValue>
</bind>
</comp>

<comp id="60" class="1000" name="in_30_load">
<pin_list>
<pin id="61" dir="1" index="0" bw="1" slack="0"/>
</pin_list>
<bind>
<StgValue><ssdm name="in_30_load"/></StgValue>
</bind>
</comp>

<comp id="62" class="1000" name="in_31_load">
<pin_list>
<pin id="63" dir="1" index="0" bw="1" slack="0"/>
</pin_list>
<bind>
<StgValue><ssdm name="in_31_load"/></StgValue>
</bind>
</comp>

<comp id="64" class="1000" name="in_32_load">
<pin_list>
<pin id="65" dir="1" index="0" bw="1" slack="0"/>
</pin_list>
<bind>
<StgValue><ssdm name="in_32_load"/></StgValue>
</bind>
</comp>

<comp id="66" class="1000" name="in_33_load">
<pin_list>
<pin id="67" dir="1" index="0" bw="1" slack="0"/>
</pin_list>
<bind>
<StgValue><ssdm name="in_33_load"/></StgValue>
</bind>
</comp>

<comp id="68" class="1000" name="in_34_load">
<pin_list>
<pin id="69" dir="1" index="0" bw="1" slack="0"/>
</pin_list>
<bind>
<StgValue><ssdm name="in_34_load"/></StgValue>
</bind>
</comp>

<comp id="70" class="1000" name="in_35_load">
<pin_list>
<pin id="71" dir="1" index="0" bw="1" slack="0"/>
</pin_list>
<bind>
<StgValue><ssdm name="in_35_load"/></StgValue>
</bind>
</comp>

<comp id="72" class="1000" name="in_36_load">
<pin_list>
<pin id="73" dir="1" index="0" bw="1" slack="0"/>
</pin_list>
<bind>
<StgValue><ssdm name="in_36_load"/></StgValue>
</bind>
</comp>

<comp id="74" class="1000" name="in_37_load">
<pin_list>
<pin id="75" dir="1" index="0" bw="1" slack="0"/>
</pin_list>
<bind>
<StgValue><ssdm name="in_37_load"/></StgValue>
</bind>
</comp>

<comp id="76" class="1000" name="in_38_load">
<pin_list>
<pin id="77" dir="1" index="0" bw="1" slack="0"/>
</pin_list>
<bind>
<StgValue><ssdm name="in_38_load"/></StgValue>
</bind>
</comp>

<comp id="78" class="1000" name="in_39_load">
<pin_list>
<pin id="79" dir="1" index="0" bw="1" slack="0"/>
</pin_list>
<bind>
<StgValue><ssdm name="in_39_load"/></StgValue>
</bind>
</comp>

<comp id="80" class="1000" name="in_40_load">
<pin_list>
<pin id="81" dir="1" index="0" bw="1" slack="0"/>
</pin_list>
<bind>
<StgValue><ssdm name="in_40_load"/></StgValue>
</bind>
</comp>

<comp id="82" class="1000" name="in_41_load">
<pin_list>
<pin id="83" dir="1" index="0" bw="1" slack="0"/>
</pin_list>
<bind>
<StgValue><ssdm name="in_41_load"/></StgValue>
</bind>
</comp>

<comp id="84" class="1000" name="in_42_load">
<pin_list>
<pin id="85" dir="1" index="0" bw="1" slack="0"/>
</pin_list>
<bind>
<StgValue><ssdm name="in_42_load"/></StgValue>
</bind>
</comp>

<comp id="86" class="1000" name="in_43_load">
<pin_list>
<pin id="87" dir="1" index="0" bw="1" slack="0"/>
</pin_list>
<bind>
<StgValue><ssdm name="in_43_load"/></StgValue>
</bind>
</comp>

<comp id="88" class="1000" name="in_44_load">
<pin_list>
<pin id="89" dir="1" index="0" bw="1" slack="0"/>
</pin_list>
<bind>
<StgValue><ssdm name="in_44_load"/></StgValue>
</bind>
</comp>

<comp id="90" class="1000" name="in_45_load">
<pin_list>
<pin id="91" dir="1" index="0" bw="1" slack="0"/>
</pin_list>
<bind>
<StgValue><ssdm name="in_45_load"/></StgValue>
</bind>
</comp>

<comp id="92" class="1000" name="in_46_load">
<pin_list>
<pin id="93" dir="1" index="0" bw="1" slack="0"/>
</pin_list>
<bind>
<StgValue><ssdm name="in_46_load"/></StgValue>
</bind>
</comp>

<comp id="94" class="1000" name="in_47_load">
<pin_list>
<pin id="95" dir="1" index="0" bw="1" slack="0"/>
</pin_list>
<bind>
<StgValue><ssdm name="in_47_load"/></StgValue>
</bind>
</comp>

<comp id="96" class="1000" name="in_48_load">
<pin_list>
<pin id="97" dir="1" index="0" bw="1" slack="0"/>
</pin_list>
<bind>
<StgValue><ssdm name="in_48_load"/></StgValue>
</bind>
</comp>

<comp id="98" class="1000" name="in_49_load">
<pin_list>
<pin id="99" dir="1" index="0" bw="1" slack="0"/>
</pin_list>
<bind>
<StgValue><ssdm name="in_49_load"/></StgValue>
</bind>
</comp>

<comp id="100" class="1000" name="in_50_load">
<pin_list>
<pin id="101" dir="1" index="0" bw="1" slack="0"/>
</pin_list>
<bind>
<StgValue><ssdm name="in_50_load"/></StgValue>
</bind>
</comp>

<comp id="102" class="1000" name="in_51_load">
<pin_list>
<pin id="103" dir="1" index="0" bw="1" slack="0"/>
</pin_list>
<bind>
<StgValue><ssdm name="in_51_load"/></StgValue>
</bind>
</comp>

<comp id="104" class="1000" name="in_52_load">
<pin_list>
<pin id="105" dir="1" index="0" bw="1" slack="0"/>
</pin_list>
<bind>
<StgValue><ssdm name="in_52_load"/></StgValue>
</bind>
</comp>

<comp id="106" class="1000" name="in_53_load">
<pin_list>
<pin id="107" dir="1" index="0" bw="1" slack="0"/>
</pin_list>
<bind>
<StgValue><ssdm name="in_53_load"/></StgValue>
</bind>
</comp>

<comp id="108" class="1000" name="in_54_load">
<pin_list>
<pin id="109" dir="1" index="0" bw="1" slack="0"/>
</pin_list>
<bind>
<StgValue><ssdm name="in_54_load"/></StgValue>
</bind>
</comp>

<comp id="110" class="1000" name="in_55_load">
<pin_list>
<pin id="111" dir="1" index="0" bw="1" slack="0"/>
</pin_list>
<bind>
<StgValue><ssdm name="in_55_load"/></StgValue>
</bind>
</comp>

<comp id="112" class="1000" name="in_56_load">
<pin_list>
<pin id="113" dir="1" index="0" bw="1" slack="0"/>
</pin_list>
<bind>
<StgValue><ssdm name="in_56_load"/></StgValue>
</bind>
</comp>

<comp id="114" class="1000" name="in_57_load">
<pin_list>
<pin id="115" dir="1" index="0" bw="1" slack="0"/>
</pin_list>
<bind>
<StgValue><ssdm name="in_57_load"/></StgValue>
</bind>
</comp>

<comp id="116" class="1000" name="in_58_load">
<pin_list>
<pin id="117" dir="1" index="0" bw="1" slack="0"/>
</pin_list>
<bind>
<StgValue><ssdm name="in_58_load"/></StgValue>
</bind>
</comp>

<comp id="118" class="1000" name="in_59_load">
<pin_list>
<pin id="119" dir="1" index="0" bw="1" slack="0"/>
</pin_list>
<bind>
<StgValue><ssdm name="in_59_load"/></StgValue>
</bind>
</comp>

<comp id="120" class="1000" name="in_60_load">
<pin_list>
<pin id="121" dir="1" index="0" bw="1" slack="0"/>
</pin_list>
<bind>
<StgValue><ssdm name="in_60_load"/></StgValue>
</bind>
</comp>

<comp id="122" class="1000" name="in_61_load">
<pin_list>
<pin id="123" dir="1" index="0" bw="1" slack="0"/>
</pin_list>
<bind>
<StgValue><ssdm name="in_61_load"/></StgValue>
</bind>
</comp>

<comp id="124" class="1000" name="in_62_load">
<pin_list>
<pin id="125" dir="1" index="0" bw="1" slack="0"/>
</pin_list>
<bind>
<StgValue><ssdm name="in_62_load"/></StgValue>
</bind>
</comp>

<comp id="126" class="1000" name="in_63_load">
<pin_list>
<pin id="127" dir="1" index="0" bw="1" slack="0"/>
</pin_list>
<bind>
<StgValue><ssdm name="in_63_load"/></StgValue>
</bind>
</comp>

<comp id="128" class="1000" name="in_stream">
<pin_list>
<pin id="129" dir="1" index="0" bw="1" slack="0"/>
</pin_list>
<bind>
<StgValue><ssdm name="in_stream"/></StgValue>
</bind>
</comp>

<comp id="130" class="1001" name="const_130">
<pin_list>
<pin id="131" dir="1" index="0" bw="1" slack="0"/>
</pin_list>
<bind>
<StgValue><ssdm name=""/></StgValue>
</bind>
</comp>

<comp id="132" class="1001" name="const_132">
<pin_list>
<pin id="133" dir="1" index="0" bw="1" slack="2147483647"/>
</pin_list>
<bind>
<StgValue><ssdm name="_ssdm_op_SpecInterface"/></StgValue>
</bind>
</comp>

<comp id="134" class="1001" name="const_134">
<pin_list>
<pin id="135" dir="1" index="0" bw="1" slack="2147483647"/>
</pin_list>
<bind>
<StgValue><ssdm name="empty_4"/></StgValue>
</bind>
</comp>

<comp id="136" class="1001" name="const_136">
<pin_list>
<pin id="137" dir="1" index="0" bw="1" slack="2147483647"/>
</pin_list>
<bind>
<StgValue><ssdm name=""/></StgValue>
</bind>
</comp>

<comp id="138" class="1001" name="const_138">
<pin_list>
<pin id="139" dir="1" index="0" bw="1" slack="2147483647"/>
</pin_list>
<bind>
<StgValue><ssdm name="empty"/></StgValue>
</bind>
</comp>

<comp id="140" class="1001" name="const_140">
<pin_list>
<pin id="141" dir="1" index="0" bw="1" slack="2147483647"/>
</pin_list>
<bind>
<StgValue><ssdm name=""/></StgValue>
</bind>
</comp>

<comp id="142" class="1001" name="const_142">
<pin_list>
<pin id="143" dir="1" index="0" bw="1" slack="0"/>
</pin_list>
<bind>
<StgValue><ssdm name="_ssdm_op_Read.ap_auto.i1"/></StgValue>
</bind>
</comp>

<comp id="144" class="1001" name="const_144">
<pin_list>
<pin id="145" dir="1" index="0" bw="1" slack="0"/>
</pin_list>
<bind>
<StgValue><ssdm name=""/></StgValue>
</bind>
</comp>

<comp id="146" class="1001" name="const_146">
<pin_list>
<pin id="147" dir="1" index="0" bw="1" slack="0"/>
</pin_list>
<bind>
<StgValue><ssdm name=""/></StgValue>
</bind>
</comp>

<comp id="148" class="1001" name="const_148">
<pin_list>
<pin id="149" dir="1" index="0" bw="1" slack="0"/>
</pin_list>
<bind>
<StgValue><ssdm name=""/></StgValue>
</bind>
</comp>

<comp id="150" class="1001" name="const_150">
<pin_list>
<pin id="151" dir="1" index="0" bw="1" slack="0"/>
</pin_list>
<bind>
<StgValue><ssdm name="_ssdm_op_Mux.ap_auto.64i1.i6"/></StgValue>
</bind>
</comp>

<comp id="152" class="1001" name="const_152">
<pin_list>
<pin id="153" dir="1" index="0" bw="1" slack="2147483647"/>
</pin_list>
<bind>
<StgValue><ssdm name="_ssdm_op_SpecPipeline"/></StgValue>
</bind>
</comp>

<comp id="154" class="1001" name="const_154">
<pin_list>
<pin id="155" dir="1" index="0" bw="1" slack="2147483647"/>
</pin_list>
<bind>
<StgValue><ssdm name="_ssdm_op_SpecLoopTripCount"/></StgValue>
</bind>
</comp>

<comp id="156" class="1001" name="const_156">
<pin_list>
<pin id="157" dir="1" index="0" bw="1" slack="2147483647"/>
</pin_list>
<bind>
<StgValue><ssdm name=""/></StgValue>
</bind>
</comp>

<comp id="158" class="1001" name="const_158">
<pin_list>
<pin id="159" dir="1" index="0" bw="1" slack="2147483647"/>
</pin_list>
<bind>
<StgValue><ssdm name="_ssdm_op_SpecLoopName"/></StgValue>
</bind>
</comp>

<comp id="160" class="1001" name="const_160">
<pin_list>
<pin id="161" dir="1" index="0" bw="1" slack="2147483647"/>
</pin_list>
<bind>
<StgValue><ssdm name="empty_1"/></StgValue>
</bind>
</comp>

<comp id="162" class="1001" name="const_162">
<pin_list>
<pin id="163" dir="1" index="0" bw="1" slack="0"/>
</pin_list>
<bind>
<StgValue><ssdm name="_ssdm_op_Write.ap_fifo.volatile.i1P0A"/></StgValue>
</bind>
</comp>

<comp id="164" class="1004" name="i_fu_164">
<pin_list>
<pin id="165" dir="0" index="0" bw="1" slack="0"/>
<pin id="166" dir="1" index="1" bw="7" slack="0"/>
</pin_list>
<bind>
<opcode="alloca(26) " fcode="alloca"/>
<opset="i/1 "/>
</bind>
</comp>

<comp id="168" class="1004" name="in_63_load_read_read_fu_168">
<pin_list>
<pin id="169" dir="0" index="0" bw="1" slack="0"/>
<pin id="170" dir="0" index="1" bw="1" slack="0"/>
<pin id="171" dir="1" index="2" bw="1" slack="0"/>
</pin_list>
<bind>
<opcode="read(1150) " fcode="read"/>
<opset="in_63_load_read/1 "/>
</bind>
</comp>

<comp id="174" class="1004" name="in_62_load_read_read_fu_174">
<pin_list>
<pin id="175" dir="0" index="0" bw="1" slack="0"/>
<pin id="176" dir="0" index="1" bw="1" slack="0"/>
<pin id="177" dir="1" index="2" bw="1" slack="0"/>
</pin_list>
<bind>
<opcode="read(1150) " fcode="read"/>
<opset="in_62_load_read/1 "/>
</bind>
</comp>

<comp id="180" class="1004" name="in_61_load_read_read_fu_180">
<pin_list>
<pin id="181" dir="0" index="0" bw="1" slack="0"/>
<pin id="182" dir="0" index="1" bw="1" slack="0"/>
<pin id="183" dir="1" index="2" bw="1" slack="0"/>
</pin_list>
<bind>
<opcode="read(1150) " fcode="read"/>
<opset="in_61_load_read/1 "/>
</bind>
</comp>

<comp id="186" class="1004" name="in_60_load_read_read_fu_186">
<pin_list>
<pin id="187" dir="0" index="0" bw="1" slack="0"/>
<pin id="188" dir="0" index="1" bw="1" slack="0"/>
<pin id="189" dir="1" index="2" bw="1" slack="0"/>
</pin_list>
<bind>
<opcode="read(1150) " fcode="read"/>
<opset="in_60_load_read/1 "/>
</bind>
</comp>

<comp id="192" class="1004" name="in_59_load_read_read_fu_192">
<pin_list>
<pin id="193" dir="0" index="0" bw="1" slack="0"/>
<pin id="194" dir="0" index="1" bw="1" slack="0"/>
<pin id="195" dir="1" index="2" bw="1" slack="0"/>
</pin_list>
<bind>
<opcode="read(1150) " fcode="read"/>
<opset="in_59_load_read/1 "/>
</bind>
</comp>

<comp id="198" class="1004" name="in_58_load_read_read_fu_198">
<pin_list>
<pin id="199" dir="0" index="0" bw="1" slack="0"/>
<pin id="200" dir="0" index="1" bw="1" slack="0"/>
<pin id="201" dir="1" index="2" bw="1" slack="0"/>
</pin_list>
<bind>
<opcode="read(1150) " fcode="read"/>
<opset="in_58_load_read/1 "/>
</bind>
</comp>

<comp id="204" class="1004" name="in_57_load_read_read_fu_204">
<pin_list>
<pin id="205" dir="0" index="0" bw="1" slack="0"/>
<pin id="206" dir="0" index="1" bw="1" slack="0"/>
<pin id="207" dir="1" index="2" bw="1" slack="0"/>
</pin_list>
<bind>
<opcode="read(1150) " fcode="read"/>
<opset="in_57_load_read/1 "/>
</bind>
</comp>

<comp id="210" class="1004" name="in_56_load_read_read_fu_210">
<pin_list>
<pin id="211" dir="0" index="0" bw="1" slack="0"/>
<pin id="212" dir="0" index="1" bw="1" slack="0"/>
<pin id="213" dir="1" index="2" bw="1" slack="0"/>
</pin_list>
<bind>
<opcode="read(1150) " fcode="read"/>
<opset="in_56_load_read/1 "/>
</bind>
</comp>

<comp id="216" class="1004" name="in_55_load_read_read_fu_216">
<pin_list>
<pin id="217" dir="0" index="0" bw="1" slack="0"/>
<pin id="218" dir="0" index="1" bw="1" slack="0"/>
<pin id="219" dir="1" index="2" bw="1" slack="0"/>
</pin_list>
<bind>
<opcode="read(1150) " fcode="read"/>
<opset="in_55_load_read/1 "/>
</bind>
</comp>

<comp id="222" class="1004" name="in_54_load_read_read_fu_222">
<pin_list>
<pin id="223" dir="0" index="0" bw="1" slack="0"/>
<pin id="224" dir="0" index="1" bw="1" slack="0"/>
<pin id="225" dir="1" index="2" bw="1" slack="0"/>
</pin_list>
<bind>
<opcode="read(1150) " fcode="read"/>
<opset="in_54_load_read/1 "/>
</bind>
</comp>

<comp id="228" class="1004" name="in_53_load_read_read_fu_228">
<pin_list>
<pin id="229" dir="0" index="0" bw="1" slack="0"/>
<pin id="230" dir="0" index="1" bw="1" slack="0"/>
<pin id="231" dir="1" index="2" bw="1" slack="0"/>
</pin_list>
<bind>
<opcode="read(1150) " fcode="read"/>
<opset="in_53_load_read/1 "/>
</bind>
</comp>

<comp id="234" class="1004" name="in_52_load_read_read_fu_234">
<pin_list>
<pin id="235" dir="0" index="0" bw="1" slack="0"/>
<pin id="236" dir="0" index="1" bw="1" slack="0"/>
<pin id="237" dir="1" index="2" bw="1" slack="0"/>
</pin_list>
<bind>
<opcode="read(1150) " fcode="read"/>
<opset="in_52_load_read/1 "/>
</bind>
</comp>

<comp id="240" class="1004" name="in_51_load_read_read_fu_240">
<pin_list>
<pin id="241" dir="0" index="0" bw="1" slack="0"/>
<pin id="242" dir="0" index="1" bw="1" slack="0"/>
<pin id="243" dir="1" index="2" bw="1" slack="0"/>
</pin_list>
<bind>
<opcode="read(1150) " fcode="read"/>
<opset="in_51_load_read/1 "/>
</bind>
</comp>

<comp id="246" class="1004" name="in_50_load_read_read_fu_246">
<pin_list>
<pin id="247" dir="0" index="0" bw="1" slack="0"/>
<pin id="248" dir="0" index="1" bw="1" slack="0"/>
<pin id="249" dir="1" index="2" bw="1" slack="0"/>
</pin_list>
<bind>
<opcode="read(1150) " fcode="read"/>
<opset="in_50_load_read/1 "/>
</bind>
</comp>

<comp id="252" class="1004" name="in_49_load_read_read_fu_252">
<pin_list>
<pin id="253" dir="0" index="0" bw="1" slack="0"/>
<pin id="254" dir="0" index="1" bw="1" slack="0"/>
<pin id="255" dir="1" index="2" bw="1" slack="0"/>
</pin_list>
<bind>
<opcode="read(1150) " fcode="read"/>
<opset="in_49_load_read/1 "/>
</bind>
</comp>

<comp id="258" class="1004" name="in_48_load_read_read_fu_258">
<pin_list>
<pin id="259" dir="0" index="0" bw="1" slack="0"/>
<pin id="260" dir="0" index="1" bw="1" slack="0"/>
<pin id="261" dir="1" index="2" bw="1" slack="0"/>
</pin_list>
<bind>
<opcode="read(1150) " fcode="read"/>
<opset="in_48_load_read/1 "/>
</bind>
</comp>

<comp id="264" class="1004" name="in_47_load_read_read_fu_264">
<pin_list>
<pin id="265" dir="0" index="0" bw="1" slack="0"/>
<pin id="266" dir="0" index="1" bw="1" slack="0"/>
<pin id="267" dir="1" index="2" bw="1" slack="0"/>
</pin_list>
<bind>
<opcode="read(1150) " fcode="read"/>
<opset="in_47_load_read/1 "/>
</bind>
</comp>

<comp id="270" class="1004" name="in_46_load_read_read_fu_270">
<pin_list>
<pin id="271" dir="0" index="0" bw="1" slack="0"/>
<pin id="272" dir="0" index="1" bw="1" slack="0"/>
<pin id="273" dir="1" index="2" bw="1" slack="0"/>
</pin_list>
<bind>
<opcode="read(1150) " fcode="read"/>
<opset="in_46_load_read/1 "/>
</bind>
</comp>

<comp id="276" class="1004" name="in_45_load_read_read_fu_276">
<pin_list>
<pin id="277" dir="0" index="0" bw="1" slack="0"/>
<pin id="278" dir="0" index="1" bw="1" slack="0"/>
<pin id="279" dir="1" index="2" bw="1" slack="0"/>
</pin_list>
<bind>
<opcode="read(1150) " fcode="read"/>
<opset="in_45_load_read/1 "/>
</bind>
</comp>

<comp id="282" class="1004" name="in_44_load_read_read_fu_282">
<pin_list>
<pin id="283" dir="0" index="0" bw="1" slack="0"/>
<pin id="284" dir="0" index="1" bw="1" slack="0"/>
<pin id="285" dir="1" index="2" bw="1" slack="0"/>
</pin_list>
<bind>
<opcode="read(1150) " fcode="read"/>
<opset="in_44_load_read/1 "/>
</bind>
</comp>

<comp id="288" class="1004" name="in_43_load_read_read_fu_288">
<pin_list>
<pin id="289" dir="0" index="0" bw="1" slack="0"/>
<pin id="290" dir="0" index="1" bw="1" slack="0"/>
<pin id="291" dir="1" index="2" bw="1" slack="0"/>
</pin_list>
<bind>
<opcode="read(1150) " fcode="read"/>
<opset="in_43_load_read/1 "/>
</bind>
</comp>

<comp id="294" class="1004" name="in_42_load_read_read_fu_294">
<pin_list>
<pin id="295" dir="0" index="0" bw="1" slack="0"/>
<pin id="296" dir="0" index="1" bw="1" slack="0"/>
<pin id="297" dir="1" index="2" bw="1" slack="0"/>
</pin_list>
<bind>
<opcode="read(1150) " fcode="read"/>
<opset="in_42_load_read/1 "/>
</bind>
</comp>

<comp id="300" class="1004" name="in_41_load_read_read_fu_300">
<pin_list>
<pin id="301" dir="0" index="0" bw="1" slack="0"/>
<pin id="302" dir="0" index="1" bw="1" slack="0"/>
<pin id="303" dir="1" index="2" bw="1" slack="0"/>
</pin_list>
<bind>
<opcode="read(1150) " fcode="read"/>
<opset="in_41_load_read/1 "/>
</bind>
</comp>

<comp id="306" class="1004" name="in_40_load_read_read_fu_306">
<pin_list>
<pin id="307" dir="0" index="0" bw="1" slack="0"/>
<pin id="308" dir="0" index="1" bw="1" slack="0"/>
<pin id="309" dir="1" index="2" bw="1" slack="0"/>
</pin_list>
<bind>
<opcode="read(1150) " fcode="read"/>
<opset="in_40_load_read/1 "/>
</bind>
</comp>

<comp id="312" class="1004" name="in_39_load_read_read_fu_312">
<pin_list>
<pin id="313" dir="0" index="0" bw="1" slack="0"/>
<pin id="314" dir="0" index="1" bw="1" slack="0"/>
<pin id="315" dir="1" index="2" bw="1" slack="0"/>
</pin_list>
<bind>
<opcode="read(1150) " fcode="read"/>
<opset="in_39_load_read/1 "/>
</bind>
</comp>

<comp id="318" class="1004" name="in_38_load_read_read_fu_318">
<pin_list>
<pin id="319" dir="0" index="0" bw="1" slack="0"/>
<pin id="320" dir="0" index="1" bw="1" slack="0"/>
<pin id="321" dir="1" index="2" bw="1" slack="0"/>
</pin_list>
<bind>
<opcode="read(1150) " fcode="read"/>
<opset="in_38_load_read/1 "/>
</bind>
</comp>

<comp id="324" class="1004" name="in_37_load_read_read_fu_324">
<pin_list>
<pin id="325" dir="0" index="0" bw="1" slack="0"/>
<pin id="326" dir="0" index="1" bw="1" slack="0"/>
<pin id="327" dir="1" index="2" bw="1" slack="0"/>
</pin_list>
<bind>
<opcode="read(1150) " fcode="read"/>
<opset="in_37_load_read/1 "/>
</bind>
</comp>

<comp id="330" class="1004" name="in_36_load_read_read_fu_330">
<pin_list>
<pin id="331" dir="0" index="0" bw="1" slack="0"/>
<pin id="332" dir="0" index="1" bw="1" slack="0"/>
<pin id="333" dir="1" index="2" bw="1" slack="0"/>
</pin_list>
<bind>
<opcode="read(1150) " fcode="read"/>
<opset="in_36_load_read/1 "/>
</bind>
</comp>

<comp id="336" class="1004" name="in_35_load_read_read_fu_336">
<pin_list>
<pin id="337" dir="0" index="0" bw="1" slack="0"/>
<pin id="338" dir="0" index="1" bw="1" slack="0"/>
<pin id="339" dir="1" index="2" bw="1" slack="0"/>
</pin_list>
<bind>
<opcode="read(1150) " fcode="read"/>
<opset="in_35_load_read/1 "/>
</bind>
</comp>

<comp id="342" class="1004" name="in_34_load_read_read_fu_342">
<pin_list>
<pin id="343" dir="0" index="0" bw="1" slack="0"/>
<pin id="344" dir="0" index="1" bw="1" slack="0"/>
<pin id="345" dir="1" index="2" bw="1" slack="0"/>
</pin_list>
<bind>
<opcode="read(1150) " fcode="read"/>
<opset="in_34_load_read/1 "/>
</bind>
</comp>

<comp id="348" class="1004" name="in_33_load_read_read_fu_348">
<pin_list>
<pin id="349" dir="0" index="0" bw="1" slack="0"/>
<pin id="350" dir="0" index="1" bw="1" slack="0"/>
<pin id="351" dir="1" index="2" bw="1" slack="0"/>
</pin_list>
<bind>
<opcode="read(1150) " fcode="read"/>
<opset="in_33_load_read/1 "/>
</bind>
</comp>

<comp id="354" class="1004" name="in_32_load_read_read_fu_354">
<pin_list>
<pin id="355" dir="0" index="0" bw="1" slack="0"/>
<pin id="356" dir="0" index="1" bw="1" slack="0"/>
<pin id="357" dir="1" index="2" bw="1" slack="0"/>
</pin_list>
<bind>
<opcode="read(1150) " fcode="read"/>
<opset="in_32_load_read/1 "/>
</bind>
</comp>

<comp id="360" class="1004" name="in_31_load_read_read_fu_360">
<pin_list>
<pin id="361" dir="0" index="0" bw="1" slack="0"/>
<pin id="362" dir="0" index="1" bw="1" slack="0"/>
<pin id="363" dir="1" index="2" bw="1" slack="0"/>
</pin_list>
<bind>
<opcode="read(1150) " fcode="read"/>
<opset="in_31_load_read/1 "/>
</bind>
</comp>

<comp id="366" class="1004" name="in_30_load_read_read_fu_366">
<pin_list>
<pin id="367" dir="0" index="0" bw="1" slack="0"/>
<pin id="368" dir="0" index="1" bw="1" slack="0"/>
<pin id="369" dir="1" index="2" bw="1" slack="0"/>
</pin_list>
<bind>
<opcode="read(1150) " fcode="read"/>
<opset="in_30_load_read/1 "/>
</bind>
</comp>

<comp id="372" class="1004" name="in_29_load_read_read_fu_372">
<pin_list>
<pin id="373" dir="0" index="0" bw="1" slack="0"/>
<pin id="374" dir="0" index="1" bw="1" slack="0"/>
<pin id="375" dir="1" index="2" bw="1" slack="0"/>
</pin_list>
<bind>
<opcode="read(1150) " fcode="read"/>
<opset="in_29_load_read/1 "/>
</bind>
</comp>

<comp id="378" class="1004" name="in_28_load_read_read_fu_378">
<pin_list>
<pin id="379" dir="0" index="0" bw="1" slack="0"/>
<pin id="380" dir="0" index="1" bw="1" slack="0"/>
<pin id="381" dir="1" index="2" bw="1" slack="0"/>
</pin_list>
<bind>
<opcode="read(1150) " fcode="read"/>
<opset="in_28_load_read/1 "/>
</bind>
</comp>

<comp id="384" class="1004" name="in_27_load_read_read_fu_384">
<pin_list>
<pin id="385" dir="0" index="0" bw="1" slack="0"/>
<pin id="386" dir="0" index="1" bw="1" slack="0"/>
<pin id="387" dir="1" index="2" bw="1" slack="0"/>
</pin_list>
<bind>
<opcode="read(1150) " fcode="read"/>
<opset="in_27_load_read/1 "/>
</bind>
</comp>

<comp id="390" class="1004" name="in_26_load_read_read_fu_390">
<pin_list>
<pin id="391" dir="0" index="0" bw="1" slack="0"/>
<pin id="392" dir="0" index="1" bw="1" slack="0"/>
<pin id="393" dir="1" index="2" bw="1" slack="0"/>
</pin_list>
<bind>
<opcode="read(1150) " fcode="read"/>
<opset="in_26_load_read/1 "/>
</bind>
</comp>

<comp id="396" class="1004" name="in_25_load_read_read_fu_396">
<pin_list>
<pin id="397" dir="0" index="0" bw="1" slack="0"/>
<pin id="398" dir="0" index="1" bw="1" slack="0"/>
<pin id="399" dir="1" index="2" bw="1" slack="0"/>
</pin_list>
<bind>
<opcode="read(1150) " fcode="read"/>
<opset="in_25_load_read/1 "/>
</bind>
</comp>

<comp id="402" class="1004" name="in_24_load_read_read_fu_402">
<pin_list>
<pin id="403" dir="0" index="0" bw="1" slack="0"/>
<pin id="404" dir="0" index="1" bw="1" slack="0"/>
<pin id="405" dir="1" index="2" bw="1" slack="0"/>
</pin_list>
<bind>
<opcode="read(1150) " fcode="read"/>
<opset="in_24_load_read/1 "/>
</bind>
</comp>

<comp id="408" class="1004" name="in_23_load_read_read_fu_408">
<pin_list>
<pin id="409" dir="0" index="0" bw="1" slack="0"/>
<pin id="410" dir="0" index="1" bw="1" slack="0"/>
<pin id="411" dir="1" index="2" bw="1" slack="0"/>
</pin_list>
<bind>
<opcode="read(1150) " fcode="read"/>
<opset="in_23_load_read/1 "/>
</bind>
</comp>

<comp id="414" class="1004" name="in_22_load_read_read_fu_414">
<pin_list>
<pin id="415" dir="0" index="0" bw="1" slack="0"/>
<pin id="416" dir="0" index="1" bw="1" slack="0"/>
<pin id="417" dir="1" index="2" bw="1" slack="0"/>
</pin_list>
<bind>
<opcode="read(1150) " fcode="read"/>
<opset="in_22_load_read/1 "/>
</bind>
</comp>

<comp id="420" class="1004" name="in_21_load_read_read_fu_420">
<pin_list>
<pin id="421" dir="0" index="0" bw="1" slack="0"/>
<pin id="422" dir="0" index="1" bw="1" slack="0"/>
<pin id="423" dir="1" index="2" bw="1" slack="0"/>
</pin_list>
<bind>
<opcode="read(1150) " fcode="read"/>
<opset="in_21_load_read/1 "/>
</bind>
</comp>

<comp id="426" class="1004" name="in_20_load_read_read_fu_426">
<pin_list>
<pin id="427" dir="0" index="0" bw="1" slack="0"/>
<pin id="428" dir="0" index="1" bw="1" slack="0"/>
<pin id="429" dir="1" index="2" bw="1" slack="0"/>
</pin_list>
<bind>
<opcode="read(1150) " fcode="read"/>
<opset="in_20_load_read/1 "/>
</bind>
</comp>

<comp id="432" class="1004" name="in_19_load_read_read_fu_432">
<pin_list>
<pin id="433" dir="0" index="0" bw="1" slack="0"/>
<pin id="434" dir="0" index="1" bw="1" slack="0"/>
<pin id="435" dir="1" index="2" bw="1" slack="0"/>
</pin_list>
<bind>
<opcode="read(1150) " fcode="read"/>
<opset="in_19_load_read/1 "/>
</bind>
</comp>

<comp id="438" class="1004" name="in_18_load_read_read_fu_438">
<pin_list>
<pin id="439" dir="0" index="0" bw="1" slack="0"/>
<pin id="440" dir="0" index="1" bw="1" slack="0"/>
<pin id="441" dir="1" index="2" bw="1" slack="0"/>
</pin_list>
<bind>
<opcode="read(1150) " fcode="read"/>
<opset="in_18_load_read/1 "/>
</bind>
</comp>

<comp id="444" class="1004" name="in_17_load_read_read_fu_444">
<pin_list>
<pin id="445" dir="0" index="0" bw="1" slack="0"/>
<pin id="446" dir="0" index="1" bw="1" slack="0"/>
<pin id="447" dir="1" index="2" bw="1" slack="0"/>
</pin_list>
<bind>
<opcode="read(1150) " fcode="read"/>
<opset="in_17_load_read/1 "/>
</bind>
</comp>

<comp id="450" class="1004" name="in_16_load_read_read_fu_450">
<pin_list>
<pin id="451" dir="0" index="0" bw="1" slack="0"/>
<pin id="452" dir="0" index="1" bw="1" slack="0"/>
<pin id="453" dir="1" index="2" bw="1" slack="0"/>
</pin_list>
<bind>
<opcode="read(1150) " fcode="read"/>
<opset="in_16_load_read/1 "/>
</bind>
</comp>

<comp id="456" class="1004" name="in_15_load_read_read_fu_456">
<pin_list>
<pin id="457" dir="0" index="0" bw="1" slack="0"/>
<pin id="458" dir="0" index="1" bw="1" slack="0"/>
<pin id="459" dir="1" index="2" bw="1" slack="0"/>
</pin_list>
<bind>
<opcode="read(1150) " fcode="read"/>
<opset="in_15_load_read/1 "/>
</bind>
</comp>

<comp id="462" class="1004" name="in_14_load_read_read_fu_462">
<pin_list>
<pin id="463" dir="0" index="0" bw="1" slack="0"/>
<pin id="464" dir="0" index="1" bw="1" slack="0"/>
<pin id="465" dir="1" index="2" bw="1" slack="0"/>
</pin_list>
<bind>
<opcode="read(1150) " fcode="read"/>
<opset="in_14_load_read/1 "/>
</bind>
</comp>

<comp id="468" class="1004" name="in_13_load_read_read_fu_468">
<pin_list>
<pin id="469" dir="0" index="0" bw="1" slack="0"/>
<pin id="470" dir="0" index="1" bw="1" slack="0"/>
<pin id="471" dir="1" index="2" bw="1" slack="0"/>
</pin_list>
<bind>
<opcode="read(1150) " fcode="read"/>
<opset="in_13_load_read/1 "/>
</bind>
</comp>

<comp id="474" class="1004" name="in_12_load_read_read_fu_474">
<pin_list>
<pin id="475" dir="0" index="0" bw="1" slack="0"/>
<pin id="476" dir="0" index="1" bw="1" slack="0"/>
<pin id="477" dir="1" index="2" bw="1" slack="0"/>
</pin_list>
<bind>
<opcode="read(1150) " fcode="read"/>
<opset="in_12_load_read/1 "/>
</bind>
</comp>

<comp id="480" class="1004" name="in_11_load_read_read_fu_480">
<pin_list>
<pin id="481" dir="0" index="0" bw="1" slack="0"/>
<pin id="482" dir="0" index="1" bw="1" slack="0"/>
<pin id="483" dir="1" index="2" bw="1" slack="0"/>
</pin_list>
<bind>
<opcode="read(1150) " fcode="read"/>
<opset="in_11_load_read/1 "/>
</bind>
</comp>

<comp id="486" class="1004" name="in_10_load_read_read_fu_486">
<pin_list>
<pin id="487" dir="0" index="0" bw="1" slack="0"/>
<pin id="488" dir="0" index="1" bw="1" slack="0"/>
<pin id="489" dir="1" index="2" bw="1" slack="0"/>
</pin_list>
<bind>
<opcode="read(1150) " fcode="read"/>
<opset="in_10_load_read/1 "/>
</bind>
</comp>

<comp id="492" class="1004" name="in_9_load_read_read_fu_492">
<pin_list>
<pin id="493" dir="0" index="0" bw="1" slack="0"/>
<pin id="494" dir="0" index="1" bw="1" slack="0"/>
<pin id="495" dir="1" index="2" bw="1" slack="0"/>
</pin_list>
<bind>
<opcode="read(1150) " fcode="read"/>
<opset="in_9_load_read/1 "/>
</bind>
</comp>

<comp id="498" class="1004" name="in_8_load_read_read_fu_498">
<pin_list>
<pin id="499" dir="0" index="0" bw="1" slack="0"/>
<pin id="500" dir="0" index="1" bw="1" slack="0"/>
<pin id="501" dir="1" index="2" bw="1" slack="0"/>
</pin_list>
<bind>
<opcode="read(1150) " fcode="read"/>
<opset="in_8_load_read/1 "/>
</bind>
</comp>

<comp id="504" class="1004" name="in_7_load_read_read_fu_504">
<pin_list>
<pin id="505" dir="0" index="0" bw="1" slack="0"/>
<pin id="506" dir="0" index="1" bw="1" slack="0"/>
<pin id="507" dir="1" index="2" bw="1" slack="0"/>
</pin_list>
<bind>
<opcode="read(1150) " fcode="read"/>
<opset="in_7_load_read/1 "/>
</bind>
</comp>

<comp id="510" class="1004" name="in_6_load_read_read_fu_510">
<pin_list>
<pin id="511" dir="0" index="0" bw="1" slack="0"/>
<pin id="512" dir="0" index="1" bw="1" slack="0"/>
<pin id="513" dir="1" index="2" bw="1" slack="0"/>
</pin_list>
<bind>
<opcode="read(1150) " fcode="read"/>
<opset="in_6_load_read/1 "/>
</bind>
</comp>

<comp id="516" class="1004" name="in_5_load_read_read_fu_516">
<pin_list>
<pin id="517" dir="0" index="0" bw="1" slack="0"/>
<pin id="518" dir="0" index="1" bw="1" slack="0"/>
<pin id="519" dir="1" index="2" bw="1" slack="0"/>
</pin_list>
<bind>
<opcode="read(1150) " fcode="read"/>
<opset="in_5_load_read/1 "/>
</bind>
</comp>

<comp id="522" class="1004" name="in_4_load_read_read_fu_522">
<pin_list>
<pin id="523" dir="0" index="0" bw="1" slack="0"/>
<pin id="524" dir="0" index="1" bw="1" slack="0"/>
<pin id="525" dir="1" index="2" bw="1" slack="0"/>
</pin_list>
<bind>
<opcode="read(1150) " fcode="read"/>
<opset="in_4_load_read/1 "/>
</bind>
</comp>

<comp id="528" class="1004" name="in_3_load_read_read_fu_528">
<pin_list>
<pin id="529" dir="0" index="0" bw="1" slack="0"/>
<pin id="530" dir="0" index="1" bw="1" slack="0"/>
<pin id="531" dir="1" index="2" bw="1" slack="0"/>
</pin_list>
<bind>
<opcode="read(1150) " fcode="read"/>
<opset="in_3_load_read/1 "/>
</bind>
</comp>

<comp id="534" class="1004" name="in_2_load_read_read_fu_534">
<pin_list>
<pin id="535" dir="0" index="0" bw="1" slack="0"/>
<pin id="536" dir="0" index="1" bw="1" slack="0"/>
<pin id="537" dir="1" index="2" bw="1" slack="0"/>
</pin_list>
<bind>
<opcode="read(1150) " fcode="read"/>
<opset="in_2_load_read/1 "/>
</bind>
</comp>

<comp id="540" class="1004" name="in_1_load_read_read_fu_540">
<pin_list>
<pin id="541" dir="0" index="0" bw="1" slack="0"/>
<pin id="542" dir="0" index="1" bw="1" slack="0"/>
<pin id="543" dir="1" index="2" bw="1" slack="0"/>
</pin_list>
<bind>
<opcode="read(1150) " fcode="read"/>
<opset="in_1_load_read/1 "/>
</bind>
</comp>

<comp id="546" class="1004" name="in_0_load_read_read_fu_546">
<pin_list>
<pin id="547" dir="0" index="0" bw="1" slack="0"/>
<pin id="548" dir="0" index="1" bw="1" slack="0"/>
<pin id="549" dir="1" index="2" bw="1" slack="0"/>
</pin_list>
<bind>
<opcode="read(1150) " fcode="read"/>
<opset="in_0_load_read/1 "/>
</bind>
</comp>

<comp id="552" class="1004" name="write_ln77_write_fu_552">
<pin_list>
<pin id="553" dir="0" index="0" bw="0" slack="0"/>
<pin id="554" dir="0" index="1" bw="1" slack="0"/>
<pin id="555" dir="0" index="2" bw="1" slack="1"/>
<pin id="556" dir="1" index="3" bw="0" slack="2147483647"/>
</pin_list>
<bind>
<opcode="write(1151) " fcode="write"/>
<opset="write_ln77/2 "/>
</bind>
</comp>

<comp id="559" class="1004" name="store_ln0_store_fu_559">
<pin_list>
<pin id="560" dir="0" index="0" bw="1" slack="0"/>
<pin id="561" dir="0" index="1" bw="7" slack="0"/>
<pin id="562" dir="1" index="2" bw="0" slack="2147483647"/>
</pin_list>
<bind>
<opcode="store(28) " fcode="store"/>
<opset="store_ln0/1 "/>
</bind>
</comp>

<comp id="564" class="1004" name="i_1_load_fu_564">
<pin_list>
<pin id="565" dir="0" index="0" bw="7" slack="0"/>
<pin id="566" dir="1" index="1" bw="7" slack="0"/>
</pin_list>
<bind>
<opcode="load(27) " fcode="load"/>
<opset="i_1/1 "/>
</bind>
</comp>

<comp id="567" class="1004" name="icmp_ln75_fu_567">
<pin_list>
<pin id="568" dir="0" index="0" bw="7" slack="0"/>
<pin id="569" dir="0" index="1" bw="7" slack="0"/>
<pin id="570" dir="1" index="2" bw="1" slack="2147483647"/>
</pin_list>
<bind>
<opcode="icmp(45) " fcode="icmp"/>
<opset="icmp_ln75/1 "/>
</bind>
</comp>

<comp id="573" class="1004" name="add_ln75_fu_573">
<pin_list>
<pin id="574" dir="0" index="0" bw="7" slack="0"/>
<pin id="575" dir="0" index="1" bw="1" slack="0"/>
<pin id="576" dir="1" index="2" bw="7" slack="0"/>
</pin_list>
<bind>
<opcode="add(8) " fcode="add"/>
<opset="add_ln75/1 "/>
</bind>
</comp>

<comp id="579" class="1004" name="trunc_ln75_fu_579">
<pin_list>
<pin id="580" dir="0" index="0" bw="7" slack="0"/>
<pin id="581" dir="1" index="1" bw="6" slack="0"/>
</pin_list>
<bind>
<opcode="trunc(33) " fcode="trunc"/>
<opset="trunc_ln75/1 "/>
</bind>
</comp>

<comp id="583" class="1004" name="p_0_fu_583">
<pin_list>
<pin id="584" dir="0" index="0" bw="1" slack="0"/>
<pin id="585" dir="0" index="1" bw="1" slack="0"/>
<pin id="586" dir="0" index="2" bw="1" slack="0"/>
<pin id="587" dir="0" index="3" bw="1" slack="0"/>
<pin id="588" dir="0" index="4" bw="1" slack="0"/>
<pin id="589" dir="0" index="5" bw="1" slack="0"/>
<pin id="590" dir="0" index="6" bw="1" slack="0"/>
<pin id="591" dir="0" index="7" bw="1" slack="0"/>
<pin id="592" dir="0" index="8" bw="1" slack="0"/>
<pin id="593" dir="0" index="9" bw="1" slack="0"/>
<pin id="594" dir="0" index="10" bw="1" slack="0"/>
<pin id="595" dir="0" index="11" bw="1" slack="0"/>
<pin id="596" dir="0" index="12" bw="1" slack="0"/>
<pin id="597" dir="0" index="13" bw="1" slack="0"/>
<pin id="598" dir="0" index="14" bw="1" slack="0"/>
<pin id="599" dir="0" index="15" bw="1" slack="0"/>
<pin id="600" dir="0" index="16" bw="1" slack="0"/>
<pin id="601" dir="0" index="17" bw="1" slack="0"/>
<pin id="602" dir="0" index="18" bw="1" slack="0"/>
<pin id="603" dir="0" index="19" bw="1" slack="0"/>
<pin id="604" dir="0" index="20" bw="1" slack="0"/>
<pin id="605" dir="0" index="21" bw="1" slack="0"/>
<pin id="606" dir="0" index="22" bw="1" slack="0"/>
<pin id="607" dir="0" index="23" bw="1" slack="0"/>
<pin id="608" dir="0" index="24" bw="1" slack="0"/>
<pin id="609" dir="0" index="25" bw="1" slack="0"/>
<pin id="610" dir="0" index="26" bw="1" slack="0"/>
<pin id="611" dir="0" index="27" bw="1" slack="0"/>
<pin id="612" dir="0" index="28" bw="1" slack="0"/>
<pin id="613" dir="0" index="29" bw="1" slack="0"/>
<pin id="614" dir="0" index="30" bw="1" slack="0"/>
<pin id="615" dir="0" index="31" bw="1" slack="0"/>
<pin id="616" dir="0" index="32" bw="1" slack="0"/>
<pin id="617" dir="0" index="33" bw="1" slack="0"/>
<pin id="618" dir="0" index="34" bw="1" slack="0"/>
<pin id="619" dir="0" index="35" bw="1" slack="0"/>
<pin id="620" dir="0" index="36" bw="1" slack="0"/>
<pin id="621" dir="0" index="37" bw="1" slack="0"/>
<pin id="622" dir="0" index="38" bw="1" slack="0"/>
<pin id="623" dir="0" index="39" bw="1" slack="0"/>
<pin id="624" dir="0" index="40" bw="1" slack="0"/>
<pin id="625" dir="0" index="41" bw="1" slack="0"/>
<pin id="626" dir="0" index="42" bw="1" slack="0"/>
<pin id="627" dir="0" index="43" bw="1" slack="0"/>
<pin id="628" dir="0" index="44" bw="1" slack="0"/>
<pin id="629" dir="0" index="45" bw="1" slack="0"/>
<pin id="630" dir="0" index="46" bw="1" slack="0"/>
<pin id="631" dir="0" index="47" bw="1" slack="0"/>
<pin id="632" dir="0" index="48" bw="1" slack="0"/>
<pin id="633" dir="0" index="49" bw="1" slack="0"/>
<pin id="634" dir="0" index="50" bw="1" slack="0"/>
<pin id="635" dir="0" index="51" bw="1" slack="0"/>
<pin id="636" dir="0" index="52" bw="1" slack="0"/>
<pin id="637" dir="0" index="53" bw="1" slack="0"/>
<pin id="638" dir="0" index="54" bw="1" slack="0"/>
<pin id="639" dir="0" index="55" bw="1" slack="0"/>
<pin id="640" dir="0" index="56" bw="1" slack="0"/>
<pin id="641" dir="0" index="57" bw="1" slack="0"/>
<pin id="642" dir="0" index="58" bw="1" slack="0"/>
<pin id="643" dir="0" index="59" bw="1" slack="0"/>
<pin id="644" dir="0" index="60" bw="1" slack="0"/>
<pin id="645" dir="0" index="61" bw="1" slack="0"/>
<pin id="646" dir="0" index="62" bw="1" slack="0"/>
<pin id="647" dir="0" index="63" bw="1" slack="0"/>
<pin id="648" dir="0" index="64" bw="1" slack="0"/>
<pin id="649" dir="0" index="65" bw="6" slack="0"/>
<pin id="650" dir="1" index="66" bw="1" slack="1"/>
</pin_list>
<bind>
<opcode="mux(1196) " fcode="mux"/>
<opset="p_0/1 "/>
</bind>
</comp>

<comp id="717" class="1004" name="store_ln75_store_fu_717">
<pin_list>
<pin id="718" dir="0" index="0" bw="7" slack="0"/>
<pin id="719" dir="0" index="1" bw="7" slack="0"/>
<pin id="720" dir="1" index="2" bw="0" slack="2147483647"/>
</pin_list>
<bind>
<opcode="store(28) " fcode="store"/>
<opset="store_ln75/1 "/>
</bind>
</comp>

<comp id="722" class="1005" name="i_reg_722">
<pin_list>
<pin id="723" dir="0" index="0" bw="7" slack="0"/>
<pin id="724" dir="1" index="1" bw="7" slack="0"/>
</pin_list>
<bind>
<opset="i "/>
</bind>
</comp>

<comp id="732" class="1005" name="p_0_reg_732">
<pin_list>
<pin id="733" dir="0" index="0" bw="1" slack="1"/>
<pin id="734" dir="1" index="1" bw="1" slack="1"/>
</pin_list>
<bind>
<opset="p_0 "/>
</bind>
</comp>

</comp_list>

<net_list>
<net id="167"><net_src comp="130" pin="0"/><net_sink comp="164" pin=0"/></net>

<net id="172"><net_src comp="142" pin="0"/><net_sink comp="168" pin=0"/></net>

<net id="173"><net_src comp="126" pin="0"/><net_sink comp="168" pin=1"/></net>

<net id="178"><net_src comp="142" pin="0"/><net_sink comp="174" pin=0"/></net>

<net id="179"><net_src comp="124" pin="0"/><net_sink comp="174" pin=1"/></net>

<net id="184"><net_src comp="142" pin="0"/><net_sink comp="180" pin=0"/></net>

<net id="185"><net_src comp="122" pin="0"/><net_sink comp="180" pin=1"/></net>

<net id="190"><net_src comp="142" pin="0"/><net_sink comp="186" pin=0"/></net>

<net id="191"><net_src comp="120" pin="0"/><net_sink comp="186" pin=1"/></net>

<net id="196"><net_src comp="142" pin="0"/><net_sink comp="192" pin=0"/></net>

<net id="197"><net_src comp="118" pin="0"/><net_sink comp="192" pin=1"/></net>

<net id="202"><net_src comp="142" pin="0"/><net_sink comp="198" pin=0"/></net>

<net id="203"><net_src comp="116" pin="0"/><net_sink comp="198" pin=1"/></net>

<net id="208"><net_src comp="142" pin="0"/><net_sink comp="204" pin=0"/></net>

<net id="209"><net_src comp="114" pin="0"/><net_sink comp="204" pin=1"/></net>

<net id="214"><net_src comp="142" pin="0"/><net_sink comp="210" pin=0"/></net>

<net id="215"><net_src comp="112" pin="0"/><net_sink comp="210" pin=1"/></net>

<net id="220"><net_src comp="142" pin="0"/><net_sink comp="216" pin=0"/></net>

<net id="221"><net_src comp="110" pin="0"/><net_sink comp="216" pin=1"/></net>

<net id="226"><net_src comp="142" pin="0"/><net_sink comp="222" pin=0"/></net>

<net id="227"><net_src comp="108" pin="0"/><net_sink comp="222" pin=1"/></net>

<net id="232"><net_src comp="142" pin="0"/><net_sink comp="228" pin=0"/></net>

<net id="233"><net_src comp="106" pin="0"/><net_sink comp="228" pin=1"/></net>

<net id="238"><net_src comp="142" pin="0"/><net_sink comp="234" pin=0"/></net>

<net id="239"><net_src comp="104" pin="0"/><net_sink comp="234" pin=1"/></net>

<net id="244"><net_src comp="142" pin="0"/><net_sink comp="240" pin=0"/></net>

<net id="245"><net_src comp="102" pin="0"/><net_sink comp="240" pin=1"/></net>

<net id="250"><net_src comp="142" pin="0"/><net_sink comp="246" pin=0"/></net>

<net id="251"><net_src comp="100" pin="0"/><net_sink comp="246" pin=1"/></net>

<net id="256"><net_src comp="142" pin="0"/><net_sink comp="252" pin=0"/></net>

<net id="257"><net_src comp="98" pin="0"/><net_sink comp="252" pin=1"/></net>

<net id="262"><net_src comp="142" pin="0"/><net_sink comp="258" pin=0"/></net>

<net id="263"><net_src comp="96" pin="0"/><net_sink comp="258" pin=1"/></net>

<net id="268"><net_src comp="142" pin="0"/><net_sink comp="264" pin=0"/></net>

<net id="269"><net_src comp="94" pin="0"/><net_sink comp="264" pin=1"/></net>

<net id="274"><net_src comp="142" pin="0"/><net_sink comp="270" pin=0"/></net>

<net id="275"><net_src comp="92" pin="0"/><net_sink comp="270" pin=1"/></net>

<net id="280"><net_src comp="142" pin="0"/><net_sink comp="276" pin=0"/></net>

<net id="281"><net_src comp="90" pin="0"/><net_sink comp="276" pin=1"/></net>

<net id="286"><net_src comp="142" pin="0"/><net_sink comp="282" pin=0"/></net>

<net id="287"><net_src comp="88" pin="0"/><net_sink comp="282" pin=1"/></net>

<net id="292"><net_src comp="142" pin="0"/><net_sink comp="288" pin=0"/></net>

<net id="293"><net_src comp="86" pin="0"/><net_sink comp="288" pin=1"/></net>

<net id="298"><net_src comp="142" pin="0"/><net_sink comp="294" pin=0"/></net>

<net id="299"><net_src comp="84" pin="0"/><net_sink comp="294" pin=1"/></net>

<net id="304"><net_src comp="142" pin="0"/><net_sink comp="300" pin=0"/></net>

<net id="305"><net_src comp="82" pin="0"/><net_sink comp="300" pin=1"/></net>

<net id="310"><net_src comp="142" pin="0"/><net_sink comp="306" pin=0"/></net>

<net id="311"><net_src comp="80" pin="0"/><net_sink comp="306" pin=1"/></net>

<net id="316"><net_src comp="142" pin="0"/><net_sink comp="312" pin=0"/></net>

<net id="317"><net_src comp="78" pin="0"/><net_sink comp="312" pin=1"/></net>

<net id="322"><net_src comp="142" pin="0"/><net_sink comp="318" pin=0"/></net>

<net id="323"><net_src comp="76" pin="0"/><net_sink comp="318" pin=1"/></net>

<net id="328"><net_src comp="142" pin="0"/><net_sink comp="324" pin=0"/></net>

<net id="329"><net_src comp="74" pin="0"/><net_sink comp="324" pin=1"/></net>

<net id="334"><net_src comp="142" pin="0"/><net_sink comp="330" pin=0"/></net>

<net id="335"><net_src comp="72" pin="0"/><net_sink comp="330" pin=1"/></net>

<net id="340"><net_src comp="142" pin="0"/><net_sink comp="336" pin=0"/></net>

<net id="341"><net_src comp="70" pin="0"/><net_sink comp="336" pin=1"/></net>

<net id="346"><net_src comp="142" pin="0"/><net_sink comp="342" pin=0"/></net>

<net id="347"><net_src comp="68" pin="0"/><net_sink comp="342" pin=1"/></net>

<net id="352"><net_src comp="142" pin="0"/><net_sink comp="348" pin=0"/></net>

<net id="353"><net_src comp="66" pin="0"/><net_sink comp="348" pin=1"/></net>

<net id="358"><net_src comp="142" pin="0"/><net_sink comp="354" pin=0"/></net>

<net id="359"><net_src comp="64" pin="0"/><net_sink comp="354" pin=1"/></net>

<net id="364"><net_src comp="142" pin="0"/><net_sink comp="360" pin=0"/></net>

<net id="365"><net_src comp="62" pin="0"/><net_sink comp="360" pin=1"/></net>

<net id="370"><net_src comp="142" pin="0"/><net_sink comp="366" pin=0"/></net>

<net id="371"><net_src comp="60" pin="0"/><net_sink comp="366" pin=1"/></net>

<net id="376"><net_src comp="142" pin="0"/><net_sink comp="372" pin=0"/></net>

<net id="377"><net_src comp="58" pin="0"/><net_sink comp="372" pin=1"/></net>

<net id="382"><net_src comp="142" pin="0"/><net_sink comp="378" pin=0"/></net>

<net id="383"><net_src comp="56" pin="0"/><net_sink comp="378" pin=1"/></net>

<net id="388"><net_src comp="142" pin="0"/><net_sink comp="384" pin=0"/></net>

<net id="389"><net_src comp="54" pin="0"/><net_sink comp="384" pin=1"/></net>

<net id="394"><net_src comp="142" pin="0"/><net_sink comp="390" pin=0"/></net>

<net id="395"><net_src comp="52" pin="0"/><net_sink comp="390" pin=1"/></net>

<net id="400"><net_src comp="142" pin="0"/><net_sink comp="396" pin=0"/></net>

<net id="401"><net_src comp="50" pin="0"/><net_sink comp="396" pin=1"/></net>

<net id="406"><net_src comp="142" pin="0"/><net_sink comp="402" pin=0"/></net>

<net id="407"><net_src comp="48" pin="0"/><net_sink comp="402" pin=1"/></net>

<net id="412"><net_src comp="142" pin="0"/><net_sink comp="408" pin=0"/></net>

<net id="413"><net_src comp="46" pin="0"/><net_sink comp="408" pin=1"/></net>

<net id="418"><net_src comp="142" pin="0"/><net_sink comp="414" pin=0"/></net>

<net id="419"><net_src comp="44" pin="0"/><net_sink comp="414" pin=1"/></net>

<net id="424"><net_src comp="142" pin="0"/><net_sink comp="420" pin=0"/></net>

<net id="425"><net_src comp="42" pin="0"/><net_sink comp="420" pin=1"/></net>

<net id="430"><net_src comp="142" pin="0"/><net_sink comp="426" pin=0"/></net>

<net id="431"><net_src comp="40" pin="0"/><net_sink comp="426" pin=1"/></net>

<net id="436"><net_src comp="142" pin="0"/><net_sink comp="432" pin=0"/></net>

<net id="437"><net_src comp="38" pin="0"/><net_sink comp="432" pin=1"/></net>

<net id="442"><net_src comp="142" pin="0"/><net_sink comp="438" pin=0"/></net>

<net id="443"><net_src comp="36" pin="0"/><net_sink comp="438" pin=1"/></net>

<net id="448"><net_src comp="142" pin="0"/><net_sink comp="444" pin=0"/></net>

<net id="449"><net_src comp="34" pin="0"/><net_sink comp="444" pin=1"/></net>

<net id="454"><net_src comp="142" pin="0"/><net_sink comp="450" pin=0"/></net>

<net id="455"><net_src comp="32" pin="0"/><net_sink comp="450" pin=1"/></net>

<net id="460"><net_src comp="142" pin="0"/><net_sink comp="456" pin=0"/></net>

<net id="461"><net_src comp="30" pin="0"/><net_sink comp="456" pin=1"/></net>

<net id="466"><net_src comp="142" pin="0"/><net_sink comp="462" pin=0"/></net>

<net id="467"><net_src comp="28" pin="0"/><net_sink comp="462" pin=1"/></net>

<net id="472"><net_src comp="142" pin="0"/><net_sink comp="468" pin=0"/></net>

<net id="473"><net_src comp="26" pin="0"/><net_sink comp="468" pin=1"/></net>

<net id="478"><net_src comp="142" pin="0"/><net_sink comp="474" pin=0"/></net>

<net id="479"><net_src comp="24" pin="0"/><net_sink comp="474" pin=1"/></net>

<net id="484"><net_src comp="142" pin="0"/><net_sink comp="480" pin=0"/></net>

<net id="485"><net_src comp="22" pin="0"/><net_sink comp="480" pin=1"/></net>

<net id="490"><net_src comp="142" pin="0"/><net_sink comp="486" pin=0"/></net>

<net id="491"><net_src comp="20" pin="0"/><net_sink comp="486" pin=1"/></net>

<net id="496"><net_src comp="142" pin="0"/><net_sink comp="492" pin=0"/></net>

<net id="497"><net_src comp="18" pin="0"/><net_sink comp="492" pin=1"/></net>

<net id="502"><net_src comp="142" pin="0"/><net_sink comp="498" pin=0"/></net>

<net id="503"><net_src comp="16" pin="0"/><net_sink comp="498" pin=1"/></net>

<net id="508"><net_src comp="142" pin="0"/><net_sink comp="504" pin=0"/></net>

<net id="509"><net_src comp="14" pin="0"/><net_sink comp="504" pin=1"/></net>

<net id="514"><net_src comp="142" pin="0"/><net_sink comp="510" pin=0"/></net>

<net id="515"><net_src comp="12" pin="0"/><net_sink comp="510" pin=1"/></net>

<net id="520"><net_src comp="142" pin="0"/><net_sink comp="516" pin=0"/></net>

<net id="521"><net_src comp="10" pin="0"/><net_sink comp="516" pin=1"/></net>

<net id="526"><net_src comp="142" pin="0"/><net_sink comp="522" pin=0"/></net>

<net id="527"><net_src comp="8" pin="0"/><net_sink comp="522" pin=1"/></net>

<net id="532"><net_src comp="142" pin="0"/><net_sink comp="528" pin=0"/></net>

<net id="533"><net_src comp="6" pin="0"/><net_sink comp="528" pin=1"/></net>

<net id="538"><net_src comp="142" pin="0"/><net_sink comp="534" pin=0"/></net>

<net id="539"><net_src comp="4" pin="0"/><net_sink comp="534" pin=1"/></net>

<net id="544"><net_src comp="142" pin="0"/><net_sink comp="540" pin=0"/></net>

<net id="545"><net_src comp="2" pin="0"/><net_sink comp="540" pin=1"/></net>

<net id="550"><net_src comp="142" pin="0"/><net_sink comp="546" pin=0"/></net>

<net id="551"><net_src comp="0" pin="0"/><net_sink comp="546" pin=1"/></net>

<net id="557"><net_src comp="162" pin="0"/><net_sink comp="552" pin=0"/></net>

<net id="558"><net_src comp="128" pin="0"/><net_sink comp="552" pin=1"/></net>

<net id="563"><net_src comp="144" pin="0"/><net_sink comp="559" pin=0"/></net>

<net id="571"><net_src comp="564" pin="1"/><net_sink comp="567" pin=0"/></net>

<net id="572"><net_src comp="146" pin="0"/><net_sink comp="567" pin=1"/></net>

<net id="577"><net_src comp="564" pin="1"/><net_sink comp="573" pin=0"/></net>

<net id="578"><net_src comp="148" pin="0"/><net_sink comp="573" pin=1"/></net>

<net id="582"><net_src comp="564" pin="1"/><net_sink comp="579" pin=0"/></net>

<net id="651"><net_src comp="150" pin="0"/><net_sink comp="583" pin=0"/></net>

<net id="652"><net_src comp="546" pin="2"/><net_sink comp="583" pin=1"/></net>

<net id="653"><net_src comp="540" pin="2"/><net_sink comp="583" pin=2"/></net>

<net id="654"><net_src comp="534" pin="2"/><net_sink comp="583" pin=3"/></net>

<net id="655"><net_src comp="528" pin="2"/><net_sink comp="583" pin=4"/></net>

<net id="656"><net_src comp="522" pin="2"/><net_sink comp="583" pin=5"/></net>

<net id="657"><net_src comp="516" pin="2"/><net_sink comp="583" pin=6"/></net>

<net id="658"><net_src comp="510" pin="2"/><net_sink comp="583" pin=7"/></net>

<net id="659"><net_src comp="504" pin="2"/><net_sink comp="583" pin=8"/></net>

<net id="660"><net_src comp="498" pin="2"/><net_sink comp="583" pin=9"/></net>

<net id="661"><net_src comp="492" pin="2"/><net_sink comp="583" pin=10"/></net>

<net id="662"><net_src comp="486" pin="2"/><net_sink comp="583" pin=11"/></net>

<net id="663"><net_src comp="480" pin="2"/><net_sink comp="583" pin=12"/></net>

<net id="664"><net_src comp="474" pin="2"/><net_sink comp="583" pin=13"/></net>

<net id="665"><net_src comp="468" pin="2"/><net_sink comp="583" pin=14"/></net>

<net id="666"><net_src comp="462" pin="2"/><net_sink comp="583" pin=15"/></net>

<net id="667"><net_src comp="456" pin="2"/><net_sink comp="583" pin=16"/></net>

<net id="668"><net_src comp="450" pin="2"/><net_sink comp="583" pin=17"/></net>

<net id="669"><net_src comp="444" pin="2"/><net_sink comp="583" pin=18"/></net>

<net id="670"><net_src comp="438" pin="2"/><net_sink comp="583" pin=19"/></net>

<net id="671"><net_src comp="432" pin="2"/><net_sink comp="583" pin=20"/></net>

<net id="672"><net_src comp="426" pin="2"/><net_sink comp="583" pin=21"/></net>

<net id="673"><net_src comp="420" pin="2"/><net_sink comp="583" pin=22"/></net>

<net id="674"><net_src comp="414" pin="2"/><net_sink comp="583" pin=23"/></net>

<net id="675"><net_src comp="408" pin="2"/><net_sink comp="583" pin=24"/></net>

<net id="676"><net_src comp="402" pin="2"/><net_sink comp="583" pin=25"/></net>

<net id="677"><net_src comp="396" pin="2"/><net_sink comp="583" pin=26"/></net>

<net id="678"><net_src comp="390" pin="2"/><net_sink comp="583" pin=27"/></net>

<net id="679"><net_src comp="384" pin="2"/><net_sink comp="583" pin=28"/></net>

<net id="680"><net_src comp="378" pin="2"/><net_sink comp="583" pin=29"/></net>

<net id="681"><net_src comp="372" pin="2"/><net_sink comp="583" pin=30"/></net>

<net id="682"><net_src comp="366" pin="2"/><net_sink comp="583" pin=31"/></net>

<net id="683"><net_src comp="360" pin="2"/><net_sink comp="583" pin=32"/></net>

<net id="684"><net_src comp="354" pin="2"/><net_sink comp="583" pin=33"/></net>

<net id="685"><net_src comp="348" pin="2"/><net_sink comp="583" pin=34"/></net>

<net id="686"><net_src comp="342" pin="2"/><net_sink comp="583" pin=35"/></net>

<net id="687"><net_src comp="336" pin="2"/><net_sink comp="583" pin=36"/></net>

<net id="688"><net_src comp="330" pin="2"/><net_sink comp="583" pin=37"/></net>

<net id="689"><net_src comp="324" pin="2"/><net_sink comp="583" pin=38"/></net>

<net id="690"><net_src comp="318" pin="2"/><net_sink comp="583" pin=39"/></net>

<net id="691"><net_src comp="312" pin="2"/><net_sink comp="583" pin=40"/></net>

<net id="692"><net_src comp="306" pin="2"/><net_sink comp="583" pin=41"/></net>

<net id="693"><net_src comp="300" pin="2"/><net_sink comp="583" pin=42"/></net>

<net id="694"><net_src comp="294" pin="2"/><net_sink comp="583" pin=43"/></net>

<net id="695"><net_src comp="288" pin="2"/><net_sink comp="583" pin=44"/></net>

<net id="696"><net_src comp="282" pin="2"/><net_sink comp="583" pin=45"/></net>

<net id="697"><net_src comp="276" pin="2"/><net_sink comp="583" pin=46"/></net>

<net id="698"><net_src comp="270" pin="2"/><net_sink comp="583" pin=47"/></net>

<net id="699"><net_src comp="264" pin="2"/><net_sink comp="583" pin=48"/></net>

<net id="700"><net_src comp="258" pin="2"/><net_sink comp="583" pin=49"/></net>

<net id="701"><net_src comp="252" pin="2"/><net_sink comp="583" pin=50"/></net>

<net id="702"><net_src comp="246" pin="2"/><net_sink comp="583" pin=51"/></net>

<net id="703"><net_src comp="240" pin="2"/><net_sink comp="583" pin=52"/></net>

<net id="704"><net_src comp="234" pin="2"/><net_sink comp="583" pin=53"/></net>

<net id="705"><net_src comp="228" pin="2"/><net_sink comp="583" pin=54"/></net>

<net id="706"><net_src comp="222" pin="2"/><net_sink comp="583" pin=55"/></net>

<net id="707"><net_src comp="216" pin="2"/><net_sink comp="583" pin=56"/></net>

<net id="708"><net_src comp="210" pin="2"/><net_sink comp="583" pin=57"/></net>

<net id="709"><net_src comp="204" pin="2"/><net_sink comp="583" pin=58"/></net>

<net id="710"><net_src comp="198" pin="2"/><net_sink comp="583" pin=59"/></net>

<net id="711"><net_src comp="192" pin="2"/><net_sink comp="583" pin=60"/></net>

<net id="712"><net_src comp="186" pin="2"/><net_sink comp="583" pin=61"/></net>

<net id="713"><net_src comp="180" pin="2"/><net_sink comp="583" pin=62"/></net>

<net id="714"><net_src comp="174" pin="2"/><net_sink comp="583" pin=63"/></net>

<net id="715"><net_src comp="168" pin="2"/><net_sink comp="583" pin=64"/></net>

<net id="716"><net_src comp="579" pin="1"/><net_sink comp="583" pin=65"/></net>

<net id="721"><net_src comp="573" pin="2"/><net_sink comp="717" pin=0"/></net>

<net id="725"><net_src comp="164" pin="1"/><net_sink comp="722" pin=0"/></net>

<net id="726"><net_src comp="722" pin="1"/><net_sink comp="559" pin=1"/></net>

<net id="727"><net_src comp="722" pin="1"/><net_sink comp="564" pin=0"/></net>

<net id="728"><net_src comp="722" pin="1"/><net_sink comp="717" pin=1"/></net>

<net id="735"><net_src comp="583" pin="66"/><net_sink comp="732" pin=0"/></net>

<net id="736"><net_src comp="732" pin="1"/><net_sink comp="552" pin=2"/></net>

</net_list>

</model> 
---------------- Datapath Model END ------------------

* FSMD analyzer results:
  - Output states:
	Port: in_stream | {2 }
 - Input state : 
	Port: fc2full_top_Pipeline_VITIS_LOOP_75_1 : in_0_load | {1 }
	Port: fc2full_top_Pipeline_VITIS_LOOP_75_1 : in_1_load | {1 }
	Port: fc2full_top_Pipeline_VITIS_LOOP_75_1 : in_2_load | {1 }
	Port: fc2full_top_Pipeline_VITIS_LOOP_75_1 : in_3_load | {1 }
	Port: fc2full_top_Pipeline_VITIS_LOOP_75_1 : in_4_load | {1 }
	Port: fc2full_top_Pipeline_VITIS_LOOP_75_1 : in_5_load | {1 }
	Port: fc2full_top_Pipeline_VITIS_LOOP_75_1 : in_6_load | {1 }
	Port: fc2full_top_Pipeline_VITIS_LOOP_75_1 : in_7_load | {1 }
	Port: fc2full_top_Pipeline_VITIS_LOOP_75_1 : in_8_load | {1 }
	Port: fc2full_top_Pipeline_VITIS_LOOP_75_1 : in_9_load | {1 }
	Port: fc2full_top_Pipeline_VITIS_LOOP_75_1 : in_10_load | {1 }
	Port: fc2full_top_Pipeline_VITIS_LOOP_75_1 : in_11_load | {1 }
	Port: fc2full_top_Pipeline_VITIS_LOOP_75_1 : in_12_load | {1 }
	Port: fc2full_top_Pipeline_VITIS_LOOP_75_1 : in_13_load | {1 }
	Port: fc2full_top_Pipeline_VITIS_LOOP_75_1 : in_14_load | {1 }
	Port: fc2full_top_Pipeline_VITIS_LOOP_75_1 : in_15_load | {1 }
	Port: fc2full_top_Pipeline_VITIS_LOOP_75_1 : in_16_load | {1 }
	Port: fc2full_top_Pipeline_VITIS_LOOP_75_1 : in_17_load | {1 }
	Port: fc2full_top_Pipeline_VITIS_LOOP_75_1 : in_18_load | {1 }
	Port: fc2full_top_Pipeline_VITIS_LOOP_75_1 : in_19_load | {1 }
	Port: fc2full_top_Pipeline_VITIS_LOOP_75_1 : in_20_load | {1 }
	Port: fc2full_top_Pipeline_VITIS_LOOP_75_1 : in_21_load | {1 }
	Port: fc2full_top_Pipeline_VITIS_LOOP_75_1 : in_22_load | {1 }
	Port: fc2full_top_Pipeline_VITIS_LOOP_75_1 : in_23_load | {1 }
	Port: fc2full_top_Pipeline_VITIS_LOOP_75_1 : in_24_load | {1 }
	Port: fc2full_top_Pipeline_VITIS_LOOP_75_1 : in_25_load | {1 }
	Port: fc2full_top_Pipeline_VITIS_LOOP_75_1 : in_26_load | {1 }
	Port: fc2full_top_Pipeline_VITIS_LOOP_75_1 : in_27_load | {1 }
	Port: fc2full_top_Pipeline_VITIS_LOOP_75_1 : in_28_load | {1 }
	Port: fc2full_top_Pipeline_VITIS_LOOP_75_1 : in_29_load | {1 }
	Port: fc2full_top_Pipeline_VITIS_LOOP_75_1 : in_30_load | {1 }
	Port: fc2full_top_Pipeline_VITIS_LOOP_75_1 : in_31_load | {1 }
	Port: fc2full_top_Pipeline_VITIS_LOOP_75_1 : in_32_load | {1 }
	Port: fc2full_top_Pipeline_VITIS_LOOP_75_1 : in_33_load | {1 }
	Port: fc2full_top_Pipeline_VITIS_LOOP_75_1 : in_34_load | {1 }
	Port: fc2full_top_Pipeline_VITIS_LOOP_75_1 : in_35_load | {1 }
	Port: fc2full_top_Pipeline_VITIS_LOOP_75_1 : in_36_load | {1 }
	Port: fc2full_top_Pipeline_VITIS_LOOP_75_1 : in_37_load | {1 }
	Port: fc2full_top_Pipeline_VITIS_LOOP_75_1 : in_38_load | {1 }
	Port: fc2full_top_Pipeline_VITIS_LOOP_75_1 : in_39_load | {1 }
	Port: fc2full_top_Pipeline_VITIS_LOOP_75_1 : in_40_load | {1 }
	Port: fc2full_top_Pipeline_VITIS_LOOP_75_1 : in_41_load | {1 }
	Port: fc2full_top_Pipeline_VITIS_LOOP_75_1 : in_42_load | {1 }
	Port: fc2full_top_Pipeline_VITIS_LOOP_75_1 : in_43_load | {1 }
	Port: fc2full_top_Pipeline_VITIS_LOOP_75_1 : in_44_load | {1 }
	Port: fc2full_top_Pipeline_VITIS_LOOP_75_1 : in_45_load | {1 }
	Port: fc2full_top_Pipeline_VITIS_LOOP_75_1 : in_46_load | {1 }
	Port: fc2full_top_Pipeline_VITIS_LOOP_75_1 : in_47_load | {1 }
	Port: fc2full_top_Pipeline_VITIS_LOOP_75_1 : in_48_load | {1 }
	Port: fc2full_top_Pipeline_VITIS_LOOP_75_1 : in_49_load | {1 }
	Port: fc2full_top_Pipeline_VITIS_LOOP_75_1 : in_50_load | {1 }
	Port: fc2full_top_Pipeline_VITIS_LOOP_75_1 : in_51_load | {1 }
	Port: fc2full_top_Pipeline_VITIS_LOOP_75_1 : in_52_load | {1 }
	Port: fc2full_top_Pipeline_VITIS_LOOP_75_1 : in_53_load | {1 }
	Port: fc2full_top_Pipeline_VITIS_LOOP_75_1 : in_54_load | {1 }
	Port: fc2full_top_Pipeline_VITIS_LOOP_75_1 : in_55_load | {1 }
	Port: fc2full_top_Pipeline_VITIS_LOOP_75_1 : in_56_load | {1 }
	Port: fc2full_top_Pipeline_VITIS_LOOP_75_1 : in_57_load | {1 }
	Port: fc2full_top_Pipeline_VITIS_LOOP_75_1 : in_58_load | {1 }
	Port: fc2full_top_Pipeline_VITIS_LOOP_75_1 : in_59_load | {1 }
	Port: fc2full_top_Pipeline_VITIS_LOOP_75_1 : in_60_load | {1 }
	Port: fc2full_top_Pipeline_VITIS_LOOP_75_1 : in_61_load | {1 }
	Port: fc2full_top_Pipeline_VITIS_LOOP_75_1 : in_62_load | {1 }
	Port: fc2full_top_Pipeline_VITIS_LOOP_75_1 : in_63_load | {1 }
  - Chain level:
	State 1
		store_ln0 : 1
		i_1 : 1
		icmp_ln75 : 2
		add_ln75 : 2
		br_ln75 : 3
		trunc_ln75 : 2
		p_0 : 3
		store_ln75 : 3
	State 2


============================================================
+ Verbose Summary: Datapath Resource usage 
============================================================

* Functional unit list:
|----------|-----------------------------|---------|---------|
| Operation|       Functional Unit       |    FF   |   LUT   |
|----------|-----------------------------|---------|---------|
|    mux   |          p_0_fu_583         |    0    |   273   |
|----------|-----------------------------|---------|---------|
|   icmp   |       icmp_ln75_fu_567      |    0    |    14   |
|----------|-----------------------------|---------|---------|
|    add   |       add_ln75_fu_573       |    0    |    14   |
|----------|-----------------------------|---------|---------|
|          | in_63_load_read_read_fu_168 |    0    |    0    |
|          | in_62_load_read_read_fu_174 |    0    |    0    |
|          | in_61_load_read_read_fu_180 |    0    |    0    |
|          | in_60_load_read_read_fu_186 |    0    |    0    |
|          | in_59_load_read_read_fu_192 |    0    |    0    |
|          | in_58_load_read_read_fu_198 |    0    |    0    |
|          | in_57_load_read_read_fu_204 |    0    |    0    |
|          | in_56_load_read_read_fu_210 |    0    |    0    |
|          | in_55_load_read_read_fu_216 |    0    |    0    |
|          | in_54_load_read_read_fu_222 |    0    |    0    |
|          | in_53_load_read_read_fu_228 |    0    |    0    |
|          | in_52_load_read_read_fu_234 |    0    |    0    |
|          | in_51_load_read_read_fu_240 |    0    |    0    |
|          | in_50_load_read_read_fu_246 |    0    |    0    |
|          | in_49_load_read_read_fu_252 |    0    |    0    |
|          | in_48_load_read_read_fu_258 |    0    |    0    |
|          | in_47_load_read_read_fu_264 |    0    |    0    |
|          | in_46_load_read_read_fu_270 |    0    |    0    |
|          | in_45_load_read_read_fu_276 |    0    |    0    |
|          | in_44_load_read_read_fu_282 |    0    |    0    |
|          | in_43_load_read_read_fu_288 |    0    |    0    |
|          | in_42_load_read_read_fu_294 |    0    |    0    |
|          | in_41_load_read_read_fu_300 |    0    |    0    |
|          | in_40_load_read_read_fu_306 |    0    |    0    |
|          | in_39_load_read_read_fu_312 |    0    |    0    |
|          | in_38_load_read_read_fu_318 |    0    |    0    |
|          | in_37_load_read_read_fu_324 |    0    |    0    |
|          | in_36_load_read_read_fu_330 |    0    |    0    |
|          | in_35_load_read_read_fu_336 |    0    |    0    |
|          | in_34_load_read_read_fu_342 |    0    |    0    |
|          | in_33_load_read_read_fu_348 |    0    |    0    |
|   read   | in_32_load_read_read_fu_354 |    0    |    0    |
|          | in_31_load_read_read_fu_360 |    0    |    0    |
|          | in_30_load_read_read_fu_366 |    0    |    0    |
|          | in_29_load_read_read_fu_372 |    0    |    0    |
|          | in_28_load_read_read_fu_378 |    0    |    0    |
|          | in_27_load_read_read_fu_384 |    0    |    0    |
|          | in_26_load_read_read_fu_390 |    0    |    0    |
|          | in_25_load_read_read_fu_396 |    0    |    0    |
|          | in_24_load_read_read_fu_402 |    0    |    0    |
|          | in_23_load_read_read_fu_408 |    0    |    0    |
|          | in_22_load_read_read_fu_414 |    0    |    0    |
|          | in_21_load_read_read_fu_420 |    0    |    0    |
|          | in_20_load_read_read_fu_426 |    0    |    0    |
|          | in_19_load_read_read_fu_432 |    0    |    0    |
|          | in_18_load_read_read_fu_438 |    0    |    0    |
|          | in_17_load_read_read_fu_444 |    0    |    0    |
|          | in_16_load_read_read_fu_450 |    0    |    0    |
|          | in_15_load_read_read_fu_456 |    0    |    0    |
|          | in_14_load_read_read_fu_462 |    0    |    0    |
|          | in_13_load_read_read_fu_468 |    0    |    0    |
|          | in_12_load_read_read_fu_474 |    0    |    0    |
|          | in_11_load_read_read_fu_480 |    0    |    0    |
|          | in_10_load_read_read_fu_486 |    0    |    0    |
|          |  in_9_load_read_read_fu_492 |    0    |    0    |
|          |  in_8_load_read_read_fu_498 |    0    |    0    |
|          |  in_7_load_read_read_fu_504 |    0    |    0    |
|          |  in_6_load_read_read_fu_510 |    0    |    0    |
|          |  in_5_load_read_read_fu_516 |    0    |    0    |
|          |  in_4_load_read_read_fu_522 |    0    |    0    |
|          |  in_3_load_read_read_fu_528 |    0    |    0    |
|          |  in_2_load_read_read_fu_534 |    0    |    0    |
|          |  in_1_load_read_read_fu_540 |    0    |    0    |
|          |  in_0_load_read_read_fu_546 |    0    |    0    |
|----------|-----------------------------|---------|---------|
|   write  |   write_ln77_write_fu_552   |    0    |    0    |
|----------|-----------------------------|---------|---------|
|   trunc  |      trunc_ln75_fu_579      |    0    |    0    |
|----------|-----------------------------|---------|---------|
|   Total  |                             |    0    |   301   |
|----------|-----------------------------|---------|---------|

Memories:
N/A

* Register list:
+-----------+--------+
|           |   FF   |
+-----------+--------+
| i_reg_722 |    7   |
|p_0_reg_732|    1   |
+-----------+--------+
|   Total   |    8   |
+-----------+--------+

* Multiplexer (MUX) list: 
|--------|------|------|------|--------|
|  Comp  |  Pin | Size |  BW  | S x BW |
|--------|------|------|------|--------|
|  Total |      |      |      |    0   |
|--------|------|------|------|--------|



* Summary:
+-----------+--------+--------+
|           |   FF   |   LUT  |
+-----------+--------+--------+
|  Function |    0   |   301  |
|   Memory  |    -   |    -   |
|Multiplexer|    -   |    -   |
|  Register |    8   |    -   |
+-----------+--------+--------+
|   Total   |    8   |   301  |
+-----------+--------+--------+
