

================================================================
== Vitis HLS Report for 'fc2full_top_Pipeline_VITIS_LOOP_131_1'
================================================================
* Date:           Thu Apr 30 14:18:54 2026

* Version:        2023.1 (Build 3854077 on May  4 2023)
* Project:        fc2full_prj
* Solution:       xcvu9p-flga2577-2-e (Vivado IP Flow Target)
* Product family: virtexuplus
* Target device:  xcvu9p-flga2577-2-e


================================================================
== Performance Estimates
================================================================
+ Timing: 
    * Summary: 
    +--------+----------+----------+------------+
    |  Clock |  Target  | Estimated| Uncertainty|
    +--------+----------+----------+------------+
    |ap_clk  |  10.00 ns|  3.768 ns|     2.70 ns|
    +--------+----------+----------+------------+

+ Latency: 
    * Summary: 
    +---------+---------+----------+----------+-----+-----+---------+
    |  Latency (cycles) |  Latency (absolute) |  Interval | Pipeline|
    |   min   |   max   |    min   |    max   | min | max |   Type  |
    +---------+---------+----------+----------+-----+-----+---------+
    |      322|      322|  3.220 us|  3.220 us|  322|  322|       no|
    +---------+---------+----------+----------+-----+-----+---------+

    + Detail: 
        * Instance: 
        N/A

        * Loop: 
        +--------------------+---------+---------+----------+-----------+-----------+------+----------+
        |                    |  Latency (cycles) | Iteration|  Initiation Interval  | Trip |          |
        |      Loop Name     |   min   |   max   |  Latency |  achieved |   target  | Count| Pipelined|
        +--------------------+---------+---------+----------+-----------+-----------+------+----------+
        |- VITIS_LOOP_131_1  |      320|      320|         2|          1|          1|   320|       yes|
        +--------------------+---------+---------+----------+-----------+-----------+------+----------+

============================================================
+ Verbose Summary: Synthesis Manager
============================================================
InlineROM: 1
ExposeGlobal: 0
============================================================
+ Verbose Summary: CDFG Model
============================================================
IsTopModel: 0
ResetActiveHigh: 1
IsCombinational: 0
IsDatapathOnly: 0
HasWiredReturn: 1
HasMFsm: 2
HasVarLatency: 1
IsPipeline: 0
IsRtlPipelined: 0
IsInstanceOverlapped: 0
IsDontTouch: 0
HasImplIP: 0
IsGatedGlobalClock: 0

+ Individual pipeline summary: 
  * Pipeline-0: initiation interval (II) = 1, depth = 3


============================================================
+ Verbose Summary: Schedule
============================================================
* Number of FSM states : 3
* Pipeline : 1
  Pipeline-0 : II = 1, D = 3, States = { 1 2 3 }
* Dataflow Pipeline: 0

* FSM state transitions: 
1 --> 2 
2 --> 3 
3 --> 

* FSM state operations: 

State 1 <SV = 0> <Delay = 0.41>
ST_1 : Operation 5 [1/1] (0.00ns)   --->   "%sf = alloca i32 1"   --->   Operation 5 'alloca' 'sf' <Predicate = true> <Delay = 0.00>
ST_1 : Operation 6 [1/1] (0.00ns)   --->   "%tile = alloca i32 1"   --->   Operation 6 'alloca' 'tile' <Predicate = true> <Delay = 0.00>
ST_1 : Operation 7 [1/1] (0.00ns)   --->   "%i_1 = alloca i32 1"   --->   Operation 7 'alloca' 'i_1' <Predicate = true> <Delay = 0.00>
ST_1 : Operation 8 [1/1] (0.00ns)   --->   "%inputBuf = alloca i32 1"   --->   Operation 8 'alloca' 'inputBuf' <Predicate = true> <Delay = 0.00>
ST_1 : Operation 9 [1/1] (0.00ns)   --->   "%inputBuf_1 = alloca i32 1"   --->   Operation 9 'alloca' 'inputBuf_1' <Predicate = true> <Delay = 0.00>
ST_1 : Operation 10 [1/1] (0.00ns)   --->   "%inputBuf_2 = alloca i32 1"   --->   Operation 10 'alloca' 'inputBuf_2' <Predicate = true> <Delay = 0.00>
ST_1 : Operation 11 [1/1] (0.00ns)   --->   "%inputBuf_3 = alloca i32 1"   --->   Operation 11 'alloca' 'inputBuf_3' <Predicate = true> <Delay = 0.00>
ST_1 : Operation 12 [1/1] (0.00ns)   --->   "%inputBuf_4 = alloca i32 1"   --->   Operation 12 'alloca' 'inputBuf_4' <Predicate = true> <Delay = 0.00>
ST_1 : Operation 13 [1/1] (0.00ns)   --->   "%inputBuf_5 = alloca i32 1"   --->   Operation 13 'alloca' 'inputBuf_5' <Predicate = true> <Delay = 0.00>
ST_1 : Operation 14 [1/1] (0.00ns)   --->   "%inputBuf_6 = alloca i32 1"   --->   Operation 14 'alloca' 'inputBuf_6' <Predicate = true> <Delay = 0.00>
ST_1 : Operation 15 [1/1] (0.00ns)   --->   "%inputBuf_7 = alloca i32 1"   --->   Operation 15 'alloca' 'inputBuf_7' <Predicate = true> <Delay = 0.00>
ST_1 : Operation 16 [1/1] (0.00ns)   --->   "%inputBuf_8 = alloca i32 1"   --->   Operation 16 'alloca' 'inputBuf_8' <Predicate = true> <Delay = 0.00>
ST_1 : Operation 17 [1/1] (0.00ns)   --->   "%inputBuf_9 = alloca i32 1"   --->   Operation 17 'alloca' 'inputBuf_9' <Predicate = true> <Delay = 0.00>
ST_1 : Operation 18 [1/1] (0.00ns)   --->   "%inputBuf_10 = alloca i32 1"   --->   Operation 18 'alloca' 'inputBuf_10' <Predicate = true> <Delay = 0.00>
ST_1 : Operation 19 [1/1] (0.00ns)   --->   "%inputBuf_11 = alloca i32 1"   --->   Operation 19 'alloca' 'inputBuf_11' <Predicate = true> <Delay = 0.00>
ST_1 : Operation 20 [1/1] (0.00ns)   --->   "%inputBuf_12 = alloca i32 1"   --->   Operation 20 'alloca' 'inputBuf_12' <Predicate = true> <Delay = 0.00>
ST_1 : Operation 21 [1/1] (0.00ns)   --->   "%inputBuf_13 = alloca i32 1"   --->   Operation 21 'alloca' 'inputBuf_13' <Predicate = true> <Delay = 0.00>
ST_1 : Operation 22 [1/1] (0.00ns)   --->   "%inputBuf_14 = alloca i32 1"   --->   Operation 22 'alloca' 'inputBuf_14' <Predicate = true> <Delay = 0.00>
ST_1 : Operation 23 [1/1] (0.00ns)   --->   "%inputBuf_15 = alloca i32 1"   --->   Operation 23 'alloca' 'inputBuf_15' <Predicate = true> <Delay = 0.00>
ST_1 : Operation 24 [1/1] (0.00ns)   --->   "%inputBuf_16 = alloca i32 1"   --->   Operation 24 'alloca' 'inputBuf_16' <Predicate = true> <Delay = 0.00>
ST_1 : Operation 25 [1/1] (0.00ns)   --->   "%inputBuf_17 = alloca i32 1"   --->   Operation 25 'alloca' 'inputBuf_17' <Predicate = true> <Delay = 0.00>
ST_1 : Operation 26 [1/1] (0.00ns)   --->   "%inputBuf_18 = alloca i32 1"   --->   Operation 26 'alloca' 'inputBuf_18' <Predicate = true> <Delay = 0.00>
ST_1 : Operation 27 [1/1] (0.00ns)   --->   "%inputBuf_19 = alloca i32 1"   --->   Operation 27 'alloca' 'inputBuf_19' <Predicate = true> <Delay = 0.00>
ST_1 : Operation 28 [1/1] (0.00ns)   --->   "%inputBuf_20 = alloca i32 1"   --->   Operation 28 'alloca' 'inputBuf_20' <Predicate = true> <Delay = 0.00>
ST_1 : Operation 29 [1/1] (0.00ns)   --->   "%inputBuf_21 = alloca i32 1"   --->   Operation 29 'alloca' 'inputBuf_21' <Predicate = true> <Delay = 0.00>
ST_1 : Operation 30 [1/1] (0.00ns)   --->   "%inputBuf_22 = alloca i32 1"   --->   Operation 30 'alloca' 'inputBuf_22' <Predicate = true> <Delay = 0.00>
ST_1 : Operation 31 [1/1] (0.00ns)   --->   "%inputBuf_23 = alloca i32 1"   --->   Operation 31 'alloca' 'inputBuf_23' <Predicate = true> <Delay = 0.00>
ST_1 : Operation 32 [1/1] (0.00ns)   --->   "%inputBuf_24 = alloca i32 1"   --->   Operation 32 'alloca' 'inputBuf_24' <Predicate = true> <Delay = 0.00>
ST_1 : Operation 33 [1/1] (0.00ns)   --->   "%inputBuf_25 = alloca i32 1"   --->   Operation 33 'alloca' 'inputBuf_25' <Predicate = true> <Delay = 0.00>
ST_1 : Operation 34 [1/1] (0.00ns)   --->   "%inputBuf_26 = alloca i32 1"   --->   Operation 34 'alloca' 'inputBuf_26' <Predicate = true> <Delay = 0.00>
ST_1 : Operation 35 [1/1] (0.00ns)   --->   "%inputBuf_27 = alloca i32 1"   --->   Operation 35 'alloca' 'inputBuf_27' <Predicate = true> <Delay = 0.00>
ST_1 : Operation 36 [1/1] (0.00ns)   --->   "%inputBuf_28 = alloca i32 1"   --->   Operation 36 'alloca' 'inputBuf_28' <Predicate = true> <Delay = 0.00>
ST_1 : Operation 37 [1/1] (0.00ns)   --->   "%inputBuf_29 = alloca i32 1"   --->   Operation 37 'alloca' 'inputBuf_29' <Predicate = true> <Delay = 0.00>
ST_1 : Operation 38 [1/1] (0.00ns)   --->   "%inputBuf_30 = alloca i32 1"   --->   Operation 38 'alloca' 'inputBuf_30' <Predicate = true> <Delay = 0.00>
ST_1 : Operation 39 [1/1] (0.00ns)   --->   "%inputBuf_31 = alloca i32 1"   --->   Operation 39 'alloca' 'inputBuf_31' <Predicate = true> <Delay = 0.00>
ST_1 : Operation 40 [1/1] (0.00ns)   --->   "%inputBuf_32 = alloca i32 1"   --->   Operation 40 'alloca' 'inputBuf_32' <Predicate = true> <Delay = 0.00>
ST_1 : Operation 41 [1/1] (0.00ns)   --->   "%inputBuf_33 = alloca i32 1"   --->   Operation 41 'alloca' 'inputBuf_33' <Predicate = true> <Delay = 0.00>
ST_1 : Operation 42 [1/1] (0.00ns)   --->   "%inputBuf_34 = alloca i32 1"   --->   Operation 42 'alloca' 'inputBuf_34' <Predicate = true> <Delay = 0.00>
ST_1 : Operation 43 [1/1] (0.00ns)   --->   "%inputBuf_35 = alloca i32 1"   --->   Operation 43 'alloca' 'inputBuf_35' <Predicate = true> <Delay = 0.00>
ST_1 : Operation 44 [1/1] (0.00ns)   --->   "%inputBuf_36 = alloca i32 1"   --->   Operation 44 'alloca' 'inputBuf_36' <Predicate = true> <Delay = 0.00>
ST_1 : Operation 45 [1/1] (0.00ns)   --->   "%inputBuf_37 = alloca i32 1"   --->   Operation 45 'alloca' 'inputBuf_37' <Predicate = true> <Delay = 0.00>
ST_1 : Operation 46 [1/1] (0.00ns)   --->   "%inputBuf_38 = alloca i32 1"   --->   Operation 46 'alloca' 'inputBuf_38' <Predicate = true> <Delay = 0.00>
ST_1 : Operation 47 [1/1] (0.00ns)   --->   "%inputBuf_39 = alloca i32 1"   --->   Operation 47 'alloca' 'inputBuf_39' <Predicate = true> <Delay = 0.00>
ST_1 : Operation 48 [1/1] (0.00ns)   --->   "%inputBuf_40 = alloca i32 1"   --->   Operation 48 'alloca' 'inputBuf_40' <Predicate = true> <Delay = 0.00>
ST_1 : Operation 49 [1/1] (0.00ns)   --->   "%inputBuf_41 = alloca i32 1"   --->   Operation 49 'alloca' 'inputBuf_41' <Predicate = true> <Delay = 0.00>
ST_1 : Operation 50 [1/1] (0.00ns)   --->   "%inputBuf_42 = alloca i32 1"   --->   Operation 50 'alloca' 'inputBuf_42' <Predicate = true> <Delay = 0.00>
ST_1 : Operation 51 [1/1] (0.00ns)   --->   "%inputBuf_43 = alloca i32 1"   --->   Operation 51 'alloca' 'inputBuf_43' <Predicate = true> <Delay = 0.00>
ST_1 : Operation 52 [1/1] (0.00ns)   --->   "%inputBuf_44 = alloca i32 1"   --->   Operation 52 'alloca' 'inputBuf_44' <Predicate = true> <Delay = 0.00>
ST_1 : Operation 53 [1/1] (0.00ns)   --->   "%inputBuf_45 = alloca i32 1"   --->   Operation 53 'alloca' 'inputBuf_45' <Predicate = true> <Delay = 0.00>
ST_1 : Operation 54 [1/1] (0.00ns)   --->   "%inputBuf_46 = alloca i32 1"   --->   Operation 54 'alloca' 'inputBuf_46' <Predicate = true> <Delay = 0.00>
ST_1 : Operation 55 [1/1] (0.00ns)   --->   "%inputBuf_47 = alloca i32 1"   --->   Operation 55 'alloca' 'inputBuf_47' <Predicate = true> <Delay = 0.00>
ST_1 : Operation 56 [1/1] (0.00ns)   --->   "%inputBuf_48 = alloca i32 1"   --->   Operation 56 'alloca' 'inputBuf_48' <Predicate = true> <Delay = 0.00>
ST_1 : Operation 57 [1/1] (0.00ns)   --->   "%inputBuf_49 = alloca i32 1"   --->   Operation 57 'alloca' 'inputBuf_49' <Predicate = true> <Delay = 0.00>
ST_1 : Operation 58 [1/1] (0.00ns)   --->   "%inputBuf_50 = alloca i32 1"   --->   Operation 58 'alloca' 'inputBuf_50' <Predicate = true> <Delay = 0.00>
ST_1 : Operation 59 [1/1] (0.00ns)   --->   "%inputBuf_51 = alloca i32 1"   --->   Operation 59 'alloca' 'inputBuf_51' <Predicate = true> <Delay = 0.00>
ST_1 : Operation 60 [1/1] (0.00ns)   --->   "%inputBuf_52 = alloca i32 1"   --->   Operation 60 'alloca' 'inputBuf_52' <Predicate = true> <Delay = 0.00>
ST_1 : Operation 61 [1/1] (0.00ns)   --->   "%inputBuf_53 = alloca i32 1"   --->   Operation 61 'alloca' 'inputBuf_53' <Predicate = true> <Delay = 0.00>
ST_1 : Operation 62 [1/1] (0.00ns)   --->   "%inputBuf_54 = alloca i32 1"   --->   Operation 62 'alloca' 'inputBuf_54' <Predicate = true> <Delay = 0.00>
ST_1 : Operation 63 [1/1] (0.00ns)   --->   "%inputBuf_55 = alloca i32 1"   --->   Operation 63 'alloca' 'inputBuf_55' <Predicate = true> <Delay = 0.00>
ST_1 : Operation 64 [1/1] (0.00ns)   --->   "%inputBuf_56 = alloca i32 1"   --->   Operation 64 'alloca' 'inputBuf_56' <Predicate = true> <Delay = 0.00>
ST_1 : Operation 65 [1/1] (0.00ns)   --->   "%inputBuf_57 = alloca i32 1"   --->   Operation 65 'alloca' 'inputBuf_57' <Predicate = true> <Delay = 0.00>
ST_1 : Operation 66 [1/1] (0.00ns)   --->   "%inputBuf_58 = alloca i32 1"   --->   Operation 66 'alloca' 'inputBuf_58' <Predicate = true> <Delay = 0.00>
ST_1 : Operation 67 [1/1] (0.00ns)   --->   "%inputBuf_59 = alloca i32 1"   --->   Operation 67 'alloca' 'inputBuf_59' <Predicate = true> <Delay = 0.00>
ST_1 : Operation 68 [1/1] (0.00ns)   --->   "%inputBuf_60 = alloca i32 1"   --->   Operation 68 'alloca' 'inputBuf_60' <Predicate = true> <Delay = 0.00>
ST_1 : Operation 69 [1/1] (0.00ns)   --->   "%inputBuf_61 = alloca i32 1"   --->   Operation 69 'alloca' 'inputBuf_61' <Predicate = true> <Delay = 0.00>
ST_1 : Operation 70 [1/1] (0.00ns)   --->   "%inputBuf_62 = alloca i32 1"   --->   Operation 70 'alloca' 'inputBuf_62' <Predicate = true> <Delay = 0.00>
ST_1 : Operation 71 [1/1] (0.00ns)   --->   "%inputBuf_63 = alloca i32 1"   --->   Operation 71 'alloca' 'inputBuf_63' <Predicate = true> <Delay = 0.00>
ST_1 : Operation 72 [1/1] (0.00ns)   --->   "%nf = alloca i32 1"   --->   Operation 72 'alloca' 'nf' <Predicate = true> <Delay = 0.00>
ST_1 : Operation 73 [1/1] (0.00ns)   --->   "%conv_i2_i13_i = alloca i32 1"   --->   Operation 73 'alloca' 'conv_i2_i13_i' <Predicate = true> <Delay = 0.00>
ST_1 : Operation 74 [1/1] (0.00ns)   --->   "%specinterface_ln0 = specinterface void @_ssdm_op_SpecInterface, i1 %out_stream, void @empty_4, i32 0, i32 0, void @empty, i32 0, i32 0, void @empty, void @empty, void @empty, i32 0, i32 0, i32 0, i32 0, void @empty, void @empty, i32 4294967295, i32 0"   --->   Operation 74 'specinterface' 'specinterface_ln0' <Predicate = true> <Delay = 0.00>
ST_1 : Operation 75 [1/1] (0.00ns)   --->   "%specinterface_ln0 = specinterface void @_ssdm_op_SpecInterface, i1 %in_stream, void @empty_4, i32 0, i32 0, void @empty, i32 0, i32 0, void @empty, void @empty, void @empty, i32 0, i32 0, i32 0, i32 0, void @empty, void @empty, i32 4294967295, i32 0"   --->   Operation 75 'specinterface' 'specinterface_ln0' <Predicate = true> <Delay = 0.00>
ST_1 : Operation 76 [1/1] (0.38ns)   --->   "%store_ln0 = store i32 0, i32 %nf"   --->   Operation 76 'store' 'store_ln0' <Predicate = true> <Delay = 0.38>
ST_1 : Operation 77 [1/1] (0.38ns)   --->   "%store_ln0 = store i9 0, i9 %i_1"   --->   Operation 77 'store' 'store_ln0' <Predicate = true> <Delay = 0.38>
ST_1 : Operation 78 [1/1] (0.41ns)   --->   "%store_ln0 = store i32 0, i32 %tile"   --->   Operation 78 'store' 'store_ln0' <Predicate = true> <Delay = 0.41>
ST_1 : Operation 79 [1/1] (0.38ns)   --->   "%store_ln0 = store i32 0, i32 %sf"   --->   Operation 79 'store' 'store_ln0' <Predicate = true> <Delay = 0.38>
ST_1 : Operation 80 [1/1] (0.00ns)   --->   "%br_ln0 = br void %for.body.i"   --->   Operation 80 'br' 'br_ln0' <Predicate = true> <Delay = 0.00>

State 2 <SV = 1> <Delay = 2.40>
ST_2 : Operation 81 [1/1] (0.00ns)   --->   "%sf_2 = load i32 %sf" [/home/coder/Documents/s2n2/finn-hlslib-lif/mvau.hpp:123->/home/coder/Documents/s2n2/finn-hlslib-lif/fclayer.h:110->/home/coder/Desktop/s2n2/convSNN/fc2full_top.cpp:83]   --->   Operation 81 'load' 'sf_2' <Predicate = true> <Delay = 0.00>
ST_2 : Operation 82 [1/1] (0.00ns)   --->   "%i = load i9 %i_1" [/home/coder/Documents/s2n2/finn-hlslib-lif/mvau.hpp:131->/home/coder/Documents/s2n2/finn-hlslib-lif/fclayer.h:110->/home/coder/Desktop/s2n2/convSNN/fc2full_top.cpp:83]   --->   Operation 82 'load' 'i' <Predicate = true> <Delay = 0.00>
ST_2 : Operation 83 [1/1] (0.00ns)   --->   "%nf_3 = load i32 %nf" [/home/coder/Documents/s2n2/finn-hlslib-lif/mvau.hpp:123->/home/coder/Documents/s2n2/finn-hlslib-lif/fclayer.h:110->/home/coder/Desktop/s2n2/convSNN/fc2full_top.cpp:83]   --->   Operation 83 'load' 'nf_3' <Predicate = true> <Delay = 0.00>
ST_2 : Operation 84 [1/1] (0.71ns)   --->   "%icmp_ln131 = icmp_eq  i9 %i, i9 320" [/home/coder/Documents/s2n2/finn-hlslib-lif/mvau.hpp:131->/home/coder/Documents/s2n2/finn-hlslib-lif/fclayer.h:110->/home/coder/Desktop/s2n2/convSNN/fc2full_top.cpp:83]   --->   Operation 84 'icmp' 'icmp_ln131' <Predicate = true> <Delay = 0.71> <CoreInst = "Cmp">   --->   Core 9 'Cmp' <Latency = 0> <II = 1> <Delay = 0.71> <FuncUnit> <Opcode : 'icmp'> <InPorts = 2> <OutPorts = 1>
ST_2 : Operation 85 [1/1] (0.71ns)   --->   "%i_2 = add i9 %i, i9 1" [/home/coder/Documents/s2n2/finn-hlslib-lif/mvau.hpp:131->/home/coder/Documents/s2n2/finn-hlslib-lif/fclayer.h:110->/home/coder/Desktop/s2n2/convSNN/fc2full_top.cpp:83]   --->   Operation 85 'add' 'i_2' <Predicate = true> <Delay = 0.71> <CoreInst = "Adder">   --->   Core 1 'Adder' <Latency = 0> <II = 1> <Delay = 0.71> <FuncUnit> <Opcode : 'add' 'sub'> <InPorts = 2> <OutPorts = 1>
ST_2 : Operation 86 [1/1] (0.00ns)   --->   "%br_ln131 = br i1 %icmp_ln131, void %for.body.i.split, void %for.inc9.preheader.exitStub" [/home/coder/Documents/s2n2/finn-hlslib-lif/mvau.hpp:131->/home/coder/Documents/s2n2/finn-hlslib-lif/fclayer.h:110->/home/coder/Desktop/s2n2/convSNN/fc2full_top.cpp:83]   --->   Operation 86 'br' 'br_ln131' <Predicate = true> <Delay = 0.00>
ST_2 : Operation 87 [1/1] (0.00ns)   --->   "%specpipeline_ln132 = specpipeline void @_ssdm_op_SpecPipeline, i32 1, i32 0, i32 0, i32 0, void @empty" [/home/coder/Documents/s2n2/finn-hlslib-lif/mvau.hpp:132->/home/coder/Documents/s2n2/finn-hlslib-lif/fclayer.h:110->/home/coder/Desktop/s2n2/convSNN/fc2full_top.cpp:83]   --->   Operation 87 'specpipeline' 'specpipeline_ln132' <Predicate = (!icmp_ln131)> <Delay = 0.00>
ST_2 : Operation 88 [1/1] (0.00ns)   --->   "%speclooptripcount_ln111 = speclooptripcount void @_ssdm_op_SpecLoopTripCount, i64 320, i64 320, i64 320" [/home/coder/Documents/s2n2/finn-hlslib-lif/mvau.hpp:111->/home/coder/Documents/s2n2/finn-hlslib-lif/fclayer.h:110->/home/coder/Desktop/s2n2/convSNN/fc2full_top.cpp:83]   --->   Operation 88 'speclooptripcount' 'speclooptripcount_ln111' <Predicate = (!icmp_ln131)> <Delay = 0.00>
ST_2 : Operation 89 [1/1] (0.00ns)   --->   "%specloopname_ln131 = specloopname void @_ssdm_op_SpecLoopName, void @empty_2" [/home/coder/Documents/s2n2/finn-hlslib-lif/mvau.hpp:131->/home/coder/Documents/s2n2/finn-hlslib-lif/fclayer.h:110->/home/coder/Desktop/s2n2/convSNN/fc2full_top.cpp:83]   --->   Operation 89 'specloopname' 'specloopname_ln131' <Predicate = (!icmp_ln131)> <Delay = 0.00>
ST_2 : Operation 90 [1/1] (0.00ns)   --->   "%trunc_ln123 = trunc i32 %sf_2" [/home/coder/Documents/s2n2/finn-hlslib-lif/mvau.hpp:123->/home/coder/Documents/s2n2/finn-hlslib-lif/fclayer.h:110->/home/coder/Desktop/s2n2/convSNN/fc2full_top.cpp:83]   --->   Operation 90 'trunc' 'trunc_ln123' <Predicate = (!icmp_ln131)> <Delay = 0.00>
ST_2 : Operation 91 [1/1] (0.00ns)   --->   "%trunc_ln123_1 = trunc i32 %nf_3" [/home/coder/Documents/s2n2/finn-hlslib-lif/mvau.hpp:123->/home/coder/Documents/s2n2/finn-hlslib-lif/fclayer.h:110->/home/coder/Desktop/s2n2/convSNN/fc2full_top.cpp:83]   --->   Operation 91 'trunc' 'trunc_ln123_1' <Predicate = (!icmp_ln131)> <Delay = 0.00>
ST_2 : Operation 92 [1/1] (0.88ns)   --->   "%icmp_ln134 = icmp_eq  i32 %nf_3, i32 0" [/home/coder/Documents/s2n2/finn-hlslib-lif/mvau.hpp:134->/home/coder/Documents/s2n2/finn-hlslib-lif/fclayer.h:110->/home/coder/Desktop/s2n2/convSNN/fc2full_top.cpp:83]   --->   Operation 92 'icmp' 'icmp_ln134' <Predicate = (!icmp_ln131)> <Delay = 0.88> <CoreInst = "Cmp">   --->   Core 9 'Cmp' <Latency = 0> <II = 1> <Delay = 0.88> <FuncUnit> <Opcode : 'icmp'> <InPorts = 2> <OutPorts = 1>
ST_2 : Operation 93 [1/1] (0.00ns)   --->   "%br_ln134 = br i1 %icmp_ln134, void %if.else.i, void %if.then.i" [/home/coder/Documents/s2n2/finn-hlslib-lif/mvau.hpp:134->/home/coder/Documents/s2n2/finn-hlslib-lif/fclayer.h:110->/home/coder/Desktop/s2n2/convSNN/fc2full_top.cpp:83]   --->   Operation 93 'br' 'br_ln134' <Predicate = (!icmp_ln131)> <Delay = 0.00>
ST_2 : Operation 94 [1/1] (0.88ns)   --->   "%icmp_ln149 = icmp_eq  i32 %sf_2, i32 0" [/home/coder/Documents/s2n2/finn-hlslib-lif/mvau.hpp:149->/home/coder/Documents/s2n2/finn-hlslib-lif/fclayer.h:110->/home/coder/Desktop/s2n2/convSNN/fc2full_top.cpp:83]   --->   Operation 94 'icmp' 'icmp_ln149' <Predicate = (!icmp_ln131)> <Delay = 0.88> <CoreInst = "Cmp">   --->   Core 9 'Cmp' <Latency = 0> <II = 1> <Delay = 0.88> <FuncUnit> <Opcode : 'icmp'> <InPorts = 2> <OutPorts = 1>
ST_2 : Operation 95 [1/1] (0.00ns)   --->   "%br_ln149 = br i1 %icmp_ln149, void %for.body.i.i_ifconv, void %for.body25.i" [/home/coder/Documents/s2n2/finn-hlslib-lif/mvau.hpp:149->/home/coder/Documents/s2n2/finn-hlslib-lif/fclayer.h:110->/home/coder/Desktop/s2n2/convSNN/fc2full_top.cpp:83]   --->   Operation 95 'br' 'br_ln149' <Predicate = (!icmp_ln131)> <Delay = 0.00>
ST_2 : Operation 96 [1/1] (0.00ns)   --->   "%tile_load = load i32 %tile" [/home/coder/Documents/s2n2/finn-hlslib-lif/mvau.hpp:171->/home/coder/Documents/s2n2/finn-hlslib-lif/fclayer.h:110->/home/coder/Desktop/s2n2/convSNN/fc2full_top.cpp:83]   --->   Operation 96 'load' 'tile_load' <Predicate = (!icmp_ln131)> <Delay = 0.00>
ST_2 : Operation 97 [1/1] (0.00ns)   --->   "%idxprom4_i_i = zext i32 %tile_load" [/home/coder/Documents/s2n2/finn-hlslib-lif/mvau.hpp:171->/home/coder/Documents/s2n2/finn-hlslib-lif/fclayer.h:110->/home/coder/Desktop/s2n2/convSNN/fc2full_top.cpp:83]   --->   Operation 97 'zext' 'idxprom4_i_i' <Predicate = (!icmp_ln131)> <Delay = 0.00>
ST_2 : Operation 98 [1/1] (0.00ns)   --->   "%fc2_weights_0_addr = getelementptr i3 %fc2_weights_0, i64 0, i64 %idxprom4_i_i" [/home/coder/Documents/s2n2/finn-hlslib-lif/mvau.hpp:171->/home/coder/Documents/s2n2/finn-hlslib-lif/fclayer.h:110->/home/coder/Desktop/s2n2/convSNN/fc2full_top.cpp:83]   --->   Operation 98 'getelementptr' 'fc2_weights_0_addr' <Predicate = (!icmp_ln131)> <Delay = 0.00>
ST_2 : Operation 99 [2/2] (0.66ns)   --->   "%value = load i9 %fc2_weights_0_addr" [/home/coder/Documents/s2n2/finn-hlslib-lif/weights.hpp:204->/home/coder/Documents/s2n2/finn-hlslib-lif/mvau.hpp:165->/home/coder/Documents/s2n2/finn-hlslib-lif/fclayer.h:110->/home/coder/Desktop/s2n2/convSNN/fc2full_top.cpp:83]   --->   Operation 99 'load' 'value' <Predicate = (!icmp_ln131)> <Delay = 0.66> <CoreInst = "RAM">   --->   Core 83 'RAM' <Latency = 1> <II = 1> <Delay = 0.66> <Storage> <Opcode : 'load' 'store'> <Ports = 2> <Width = 3> <Depth = 320> <RAM>
ST_2 : Operation 100 [1/1] (0.88ns)   --->   "%tile_1 = add i32 %tile_load, i32 1" [/home/coder/Documents/s2n2/finn-hlslib-lif/mvau.hpp:171->/home/coder/Documents/s2n2/finn-hlslib-lif/fclayer.h:110->/home/coder/Desktop/s2n2/convSNN/fc2full_top.cpp:83]   --->   Operation 100 'add' 'tile_1' <Predicate = (!icmp_ln131)> <Delay = 0.88> <CoreInst = "Adder">   --->   Core 1 'Adder' <Latency = 0> <II = 1> <Delay = 0.88> <FuncUnit> <Opcode : 'add' 'sub'> <InPorts = 2> <OutPorts = 1>
ST_2 : Operation 101 [1/1] (0.88ns)   --->   "%sf_3 = add i32 %sf_2, i32 1" [/home/coder/Documents/s2n2/finn-hlslib-lif/mvau.hpp:172->/home/coder/Documents/s2n2/finn-hlslib-lif/fclayer.h:110->/home/coder/Desktop/s2n2/convSNN/fc2full_top.cpp:83]   --->   Operation 101 'add' 'sf_3' <Predicate = (!icmp_ln131)> <Delay = 0.88> <CoreInst = "Adder">   --->   Core 1 'Adder' <Latency = 0> <II = 1> <Delay = 0.88> <FuncUnit> <Opcode : 'add' 'sub'> <InPorts = 2> <OutPorts = 1>
ST_2 : Operation 102 [1/1] (0.88ns)   --->   "%icmp_ln172 = icmp_eq  i32 %sf_3, i32 64" [/home/coder/Documents/s2n2/finn-hlslib-lif/mvau.hpp:172->/home/coder/Documents/s2n2/finn-hlslib-lif/fclayer.h:110->/home/coder/Desktop/s2n2/convSNN/fc2full_top.cpp:83]   --->   Operation 102 'icmp' 'icmp_ln172' <Predicate = (!icmp_ln131)> <Delay = 0.88> <CoreInst = "Cmp">   --->   Core 9 'Cmp' <Latency = 0> <II = 1> <Delay = 0.88> <FuncUnit> <Opcode : 'icmp'> <InPorts = 2> <OutPorts = 1>
ST_2 : Operation 103 [1/1] (0.00ns)   --->   "%br_ln172 = br i1 %icmp_ln172, void %for.body.i.i_ifconv.for.inc93.i_crit_edge, void %for.body57.i" [/home/coder/Documents/s2n2/finn-hlslib-lif/mvau.hpp:172->/home/coder/Documents/s2n2/finn-hlslib-lif/fclayer.h:110->/home/coder/Desktop/s2n2/convSNN/fc2full_top.cpp:83]   --->   Operation 103 'br' 'br_ln172' <Predicate = (!icmp_ln131)> <Delay = 0.00>
ST_2 : Operation 104 [1/1] (0.41ns)   --->   "%store_ln172 = store i32 %tile_1, i32 %tile" [/home/coder/Documents/s2n2/finn-hlslib-lif/mvau.hpp:172->/home/coder/Documents/s2n2/finn-hlslib-lif/fclayer.h:110->/home/coder/Desktop/s2n2/convSNN/fc2full_top.cpp:83]   --->   Operation 104 'store' 'store_ln172' <Predicate = (!icmp_ln131 & !icmp_ln172)> <Delay = 0.41>
ST_2 : Operation 105 [1/1] (0.38ns)   --->   "%store_ln172 = store i32 %sf_3, i32 %sf" [/home/coder/Documents/s2n2/finn-hlslib-lif/mvau.hpp:172->/home/coder/Documents/s2n2/finn-hlslib-lif/fclayer.h:110->/home/coder/Desktop/s2n2/convSNN/fc2full_top.cpp:83]   --->   Operation 105 'store' 'store_ln172' <Predicate = (!icmp_ln131 & !icmp_ln172)> <Delay = 0.38>
ST_2 : Operation 106 [1/1] (0.00ns)   --->   "%br_ln172 = br void %for.inc93.i" [/home/coder/Documents/s2n2/finn-hlslib-lif/mvau.hpp:172->/home/coder/Documents/s2n2/finn-hlslib-lif/fclayer.h:110->/home/coder/Desktop/s2n2/convSNN/fc2full_top.cpp:83]   --->   Operation 106 'br' 'br_ln172' <Predicate = (!icmp_ln131 & !icmp_ln172)> <Delay = 0.00>
ST_2 : Operation 107 [1/1] (0.88ns)   --->   "%nf_4 = add i32 %nf_3, i32 1" [/home/coder/Documents/s2n2/finn-hlslib-lif/mvau.hpp:192->/home/coder/Documents/s2n2/finn-hlslib-lif/fclayer.h:110->/home/coder/Desktop/s2n2/convSNN/fc2full_top.cpp:83]   --->   Operation 107 'add' 'nf_4' <Predicate = (!icmp_ln131 & icmp_ln172)> <Delay = 0.88> <CoreInst = "Adder">   --->   Core 1 'Adder' <Latency = 0> <II = 1> <Delay = 0.88> <FuncUnit> <Opcode : 'add' 'sub'> <InPorts = 2> <OutPorts = 1>
ST_2 : Operation 108 [1/1] (0.88ns)   --->   "%icmp_ln192 = icmp_eq  i32 %nf_4, i32 5" [/home/coder/Documents/s2n2/finn-hlslib-lif/mvau.hpp:192->/home/coder/Documents/s2n2/finn-hlslib-lif/fclayer.h:110->/home/coder/Desktop/s2n2/convSNN/fc2full_top.cpp:83]   --->   Operation 108 'icmp' 'icmp_ln192' <Predicate = (!icmp_ln131 & icmp_ln172)> <Delay = 0.88> <CoreInst = "Cmp">   --->   Core 9 'Cmp' <Latency = 0> <II = 1> <Delay = 0.88> <FuncUnit> <Opcode : 'icmp'> <InPorts = 2> <OutPorts = 1>
ST_2 : Operation 109 [1/1] (0.22ns)   --->   "%nf_5 = select i1 %icmp_ln192, i32 0, i32 %nf_4" [/home/coder/Documents/s2n2/finn-hlslib-lif/mvau.hpp:192->/home/coder/Documents/s2n2/finn-hlslib-lif/fclayer.h:110->/home/coder/Desktop/s2n2/convSNN/fc2full_top.cpp:83]   --->   Operation 109 'select' 'nf_5' <Predicate = (!icmp_ln131 & icmp_ln172)> <Delay = 0.22> <CoreInst = "Sel">   --->   Core 73 'Sel' <Latency = 0> <II = 1> <Delay = 0.22> <FuncUnit> <Opcode : 'select'> <InPorts = 3> <OutPorts = 1>
ST_2 : Operation 110 [1/1] (0.22ns)   --->   "%tile_2 = select i1 %icmp_ln192, i32 0, i32 %tile_1" [/home/coder/Documents/s2n2/finn-hlslib-lif/mvau.hpp:192->/home/coder/Documents/s2n2/finn-hlslib-lif/fclayer.h:110->/home/coder/Desktop/s2n2/convSNN/fc2full_top.cpp:83]   --->   Operation 110 'select' 'tile_2' <Predicate = (!icmp_ln131 & icmp_ln172)> <Delay = 0.22> <CoreInst = "Sel">   --->   Core 73 'Sel' <Latency = 0> <II = 1> <Delay = 0.22> <FuncUnit> <Opcode : 'select'> <InPorts = 3> <OutPorts = 1>
ST_2 : Operation 111 [1/1] (0.38ns)   --->   "%store_ln196 = store i32 %nf_5, i32 %nf" [/home/coder/Documents/s2n2/finn-hlslib-lif/mvau.hpp:196->/home/coder/Documents/s2n2/finn-hlslib-lif/fclayer.h:110->/home/coder/Desktop/s2n2/convSNN/fc2full_top.cpp:83]   --->   Operation 111 'store' 'store_ln196' <Predicate = (!icmp_ln131 & icmp_ln172)> <Delay = 0.38>
ST_2 : Operation 112 [1/1] (0.41ns)   --->   "%store_ln196 = store i32 %tile_2, i32 %tile" [/home/coder/Documents/s2n2/finn-hlslib-lif/mvau.hpp:196->/home/coder/Documents/s2n2/finn-hlslib-lif/fclayer.h:110->/home/coder/Desktop/s2n2/convSNN/fc2full_top.cpp:83]   --->   Operation 112 'store' 'store_ln196' <Predicate = (!icmp_ln131 & icmp_ln172)> <Delay = 0.41>
ST_2 : Operation 113 [1/1] (0.38ns)   --->   "%store_ln196 = store i32 0, i32 %sf" [/home/coder/Documents/s2n2/finn-hlslib-lif/mvau.hpp:196->/home/coder/Documents/s2n2/finn-hlslib-lif/fclayer.h:110->/home/coder/Desktop/s2n2/convSNN/fc2full_top.cpp:83]   --->   Operation 113 'store' 'store_ln196' <Predicate = (!icmp_ln131 & icmp_ln172)> <Delay = 0.38>
ST_2 : Operation 114 [1/1] (0.38ns)   --->   "%store_ln131 = store i9 %i_2, i9 %i_1" [/home/coder/Documents/s2n2/finn-hlslib-lif/mvau.hpp:131->/home/coder/Documents/s2n2/finn-hlslib-lif/fclayer.h:110->/home/coder/Desktop/s2n2/convSNN/fc2full_top.cpp:83]   --->   Operation 114 'store' 'store_ln131' <Predicate = (!icmp_ln131)> <Delay = 0.38>
ST_2 : Operation 360 [1/1] (0.00ns)   --->   "%ret_ln0 = ret"   --->   Operation 360 'ret' 'ret_ln0' <Predicate = (icmp_ln131)> <Delay = 0.00>

State 3 <SV = 2> <Delay = 3.76>
ST_3 : Operation 115 [1/1] (0.00ns)   --->   "%inputBuf_load = load i1 %inputBuf" [/home/coder/Documents/s2n2/finn-hlslib-lif/mvau.hpp:142->/home/coder/Documents/s2n2/finn-hlslib-lif/fclayer.h:110->/home/coder/Desktop/s2n2/convSNN/fc2full_top.cpp:83]   --->   Operation 115 'load' 'inputBuf_load' <Predicate = (!icmp_ln131 & !icmp_ln134)> <Delay = 0.00>
ST_3 : Operation 116 [1/1] (0.00ns)   --->   "%inputBuf_1_load = load i1 %inputBuf_1" [/home/coder/Documents/s2n2/finn-hlslib-lif/mvau.hpp:142->/home/coder/Documents/s2n2/finn-hlslib-lif/fclayer.h:110->/home/coder/Desktop/s2n2/convSNN/fc2full_top.cpp:83]   --->   Operation 116 'load' 'inputBuf_1_load' <Predicate = (!icmp_ln131 & !icmp_ln134)> <Delay = 0.00>
ST_3 : Operation 117 [1/1] (0.00ns)   --->   "%inputBuf_2_load = load i1 %inputBuf_2" [/home/coder/Documents/s2n2/finn-hlslib-lif/mvau.hpp:142->/home/coder/Documents/s2n2/finn-hlslib-lif/fclayer.h:110->/home/coder/Desktop/s2n2/convSNN/fc2full_top.cpp:83]   --->   Operation 117 'load' 'inputBuf_2_load' <Predicate = (!icmp_ln131 & !icmp_ln134)> <Delay = 0.00>
ST_3 : Operation 118 [1/1] (0.00ns)   --->   "%inputBuf_3_load = load i1 %inputBuf_3" [/home/coder/Documents/s2n2/finn-hlslib-lif/mvau.hpp:142->/home/coder/Documents/s2n2/finn-hlslib-lif/fclayer.h:110->/home/coder/Desktop/s2n2/convSNN/fc2full_top.cpp:83]   --->   Operation 118 'load' 'inputBuf_3_load' <Predicate = (!icmp_ln131 & !icmp_ln134)> <Delay = 0.00>
ST_3 : Operation 119 [1/1] (0.00ns)   --->   "%inputBuf_4_load = load i1 %inputBuf_4" [/home/coder/Documents/s2n2/finn-hlslib-lif/mvau.hpp:142->/home/coder/Documents/s2n2/finn-hlslib-lif/fclayer.h:110->/home/coder/Desktop/s2n2/convSNN/fc2full_top.cpp:83]   --->   Operation 119 'load' 'inputBuf_4_load' <Predicate = (!icmp_ln131 & !icmp_ln134)> <Delay = 0.00>
ST_3 : Operation 120 [1/1] (0.00ns)   --->   "%inputBuf_5_load = load i1 %inputBuf_5" [/home/coder/Documents/s2n2/finn-hlslib-lif/mvau.hpp:142->/home/coder/Documents/s2n2/finn-hlslib-lif/fclayer.h:110->/home/coder/Desktop/s2n2/convSNN/fc2full_top.cpp:83]   --->   Operation 120 'load' 'inputBuf_5_load' <Predicate = (!icmp_ln131 & !icmp_ln134)> <Delay = 0.00>
ST_3 : Operation 121 [1/1] (0.00ns)   --->   "%inputBuf_6_load = load i1 %inputBuf_6" [/home/coder/Documents/s2n2/finn-hlslib-lif/mvau.hpp:142->/home/coder/Documents/s2n2/finn-hlslib-lif/fclayer.h:110->/home/coder/Desktop/s2n2/convSNN/fc2full_top.cpp:83]   --->   Operation 121 'load' 'inputBuf_6_load' <Predicate = (!icmp_ln131 & !icmp_ln134)> <Delay = 0.00>
ST_3 : Operation 122 [1/1] (0.00ns)   --->   "%inputBuf_7_load = load i1 %inputBuf_7" [/home/coder/Documents/s2n2/finn-hlslib-lif/mvau.hpp:142->/home/coder/Documents/s2n2/finn-hlslib-lif/fclayer.h:110->/home/coder/Desktop/s2n2/convSNN/fc2full_top.cpp:83]   --->   Operation 122 'load' 'inputBuf_7_load' <Predicate = (!icmp_ln131 & !icmp_ln134)> <Delay = 0.00>
ST_3 : Operation 123 [1/1] (0.00ns)   --->   "%inputBuf_8_load = load i1 %inputBuf_8" [/home/coder/Documents/s2n2/finn-hlslib-lif/mvau.hpp:142->/home/coder/Documents/s2n2/finn-hlslib-lif/fclayer.h:110->/home/coder/Desktop/s2n2/convSNN/fc2full_top.cpp:83]   --->   Operation 123 'load' 'inputBuf_8_load' <Predicate = (!icmp_ln131 & !icmp_ln134)> <Delay = 0.00>
ST_3 : Operation 124 [1/1] (0.00ns)   --->   "%inputBuf_9_load = load i1 %inputBuf_9" [/home/coder/Documents/s2n2/finn-hlslib-lif/mvau.hpp:142->/home/coder/Documents/s2n2/finn-hlslib-lif/fclayer.h:110->/home/coder/Desktop/s2n2/convSNN/fc2full_top.cpp:83]   --->   Operation 124 'load' 'inputBuf_9_load' <Predicate = (!icmp_ln131 & !icmp_ln134)> <Delay = 0.00>
ST_3 : Operation 125 [1/1] (0.00ns)   --->   "%inputBuf_10_load = load i1 %inputBuf_10" [/home/coder/Documents/s2n2/finn-hlslib-lif/mvau.hpp:142->/home/coder/Documents/s2n2/finn-hlslib-lif/fclayer.h:110->/home/coder/Desktop/s2n2/convSNN/fc2full_top.cpp:83]   --->   Operation 125 'load' 'inputBuf_10_load' <Predicate = (!icmp_ln131 & !icmp_ln134)> <Delay = 0.00>
ST_3 : Operation 126 [1/1] (0.00ns)   --->   "%inputBuf_11_load = load i1 %inputBuf_11" [/home/coder/Documents/s2n2/finn-hlslib-lif/mvau.hpp:142->/home/coder/Documents/s2n2/finn-hlslib-lif/fclayer.h:110->/home/coder/Desktop/s2n2/convSNN/fc2full_top.cpp:83]   --->   Operation 126 'load' 'inputBuf_11_load' <Predicate = (!icmp_ln131 & !icmp_ln134)> <Delay = 0.00>
ST_3 : Operation 127 [1/1] (0.00ns)   --->   "%inputBuf_12_load = load i1 %inputBuf_12" [/home/coder/Documents/s2n2/finn-hlslib-lif/mvau.hpp:142->/home/coder/Documents/s2n2/finn-hlslib-lif/fclayer.h:110->/home/coder/Desktop/s2n2/convSNN/fc2full_top.cpp:83]   --->   Operation 127 'load' 'inputBuf_12_load' <Predicate = (!icmp_ln131 & !icmp_ln134)> <Delay = 0.00>
ST_3 : Operation 128 [1/1] (0.00ns)   --->   "%inputBuf_13_load = load i1 %inputBuf_13" [/home/coder/Documents/s2n2/finn-hlslib-lif/mvau.hpp:142->/home/coder/Documents/s2n2/finn-hlslib-lif/fclayer.h:110->/home/coder/Desktop/s2n2/convSNN/fc2full_top.cpp:83]   --->   Operation 128 'load' 'inputBuf_13_load' <Predicate = (!icmp_ln131 & !icmp_ln134)> <Delay = 0.00>
ST_3 : Operation 129 [1/1] (0.00ns)   --->   "%inputBuf_14_load = load i1 %inputBuf_14" [/home/coder/Documents/s2n2/finn-hlslib-lif/mvau.hpp:142->/home/coder/Documents/s2n2/finn-hlslib-lif/fclayer.h:110->/home/coder/Desktop/s2n2/convSNN/fc2full_top.cpp:83]   --->   Operation 129 'load' 'inputBuf_14_load' <Predicate = (!icmp_ln131 & !icmp_ln134)> <Delay = 0.00>
ST_3 : Operation 130 [1/1] (0.00ns)   --->   "%inputBuf_15_load = load i1 %inputBuf_15" [/home/coder/Documents/s2n2/finn-hlslib-lif/mvau.hpp:142->/home/coder/Documents/s2n2/finn-hlslib-lif/fclayer.h:110->/home/coder/Desktop/s2n2/convSNN/fc2full_top.cpp:83]   --->   Operation 130 'load' 'inputBuf_15_load' <Predicate = (!icmp_ln131 & !icmp_ln134)> <Delay = 0.00>
ST_3 : Operation 131 [1/1] (0.00ns)   --->   "%inputBuf_16_load = load i1 %inputBuf_16" [/home/coder/Documents/s2n2/finn-hlslib-lif/mvau.hpp:142->/home/coder/Documents/s2n2/finn-hlslib-lif/fclayer.h:110->/home/coder/Desktop/s2n2/convSNN/fc2full_top.cpp:83]   --->   Operation 131 'load' 'inputBuf_16_load' <Predicate = (!icmp_ln131 & !icmp_ln134)> <Delay = 0.00>
ST_3 : Operation 132 [1/1] (0.00ns)   --->   "%inputBuf_17_load = load i1 %inputBuf_17" [/home/coder/Documents/s2n2/finn-hlslib-lif/mvau.hpp:142->/home/coder/Documents/s2n2/finn-hlslib-lif/fclayer.h:110->/home/coder/Desktop/s2n2/convSNN/fc2full_top.cpp:83]   --->   Operation 132 'load' 'inputBuf_17_load' <Predicate = (!icmp_ln131 & !icmp_ln134)> <Delay = 0.00>
ST_3 : Operation 133 [1/1] (0.00ns)   --->   "%inputBuf_18_load = load i1 %inputBuf_18" [/home/coder/Documents/s2n2/finn-hlslib-lif/mvau.hpp:142->/home/coder/Documents/s2n2/finn-hlslib-lif/fclayer.h:110->/home/coder/Desktop/s2n2/convSNN/fc2full_top.cpp:83]   --->   Operation 133 'load' 'inputBuf_18_load' <Predicate = (!icmp_ln131 & !icmp_ln134)> <Delay = 0.00>
ST_3 : Operation 134 [1/1] (0.00ns)   --->   "%inputBuf_19_load = load i1 %inputBuf_19" [/home/coder/Documents/s2n2/finn-hlslib-lif/mvau.hpp:142->/home/coder/Documents/s2n2/finn-hlslib-lif/fclayer.h:110->/home/coder/Desktop/s2n2/convSNN/fc2full_top.cpp:83]   --->   Operation 134 'load' 'inputBuf_19_load' <Predicate = (!icmp_ln131 & !icmp_ln134)> <Delay = 0.00>
ST_3 : Operation 135 [1/1] (0.00ns)   --->   "%inputBuf_20_load = load i1 %inputBuf_20" [/home/coder/Documents/s2n2/finn-hlslib-lif/mvau.hpp:142->/home/coder/Documents/s2n2/finn-hlslib-lif/fclayer.h:110->/home/coder/Desktop/s2n2/convSNN/fc2full_top.cpp:83]   --->   Operation 135 'load' 'inputBuf_20_load' <Predicate = (!icmp_ln131 & !icmp_ln134)> <Delay = 0.00>
ST_3 : Operation 136 [1/1] (0.00ns)   --->   "%inputBuf_21_load = load i1 %inputBuf_21" [/home/coder/Documents/s2n2/finn-hlslib-lif/mvau.hpp:142->/home/coder/Documents/s2n2/finn-hlslib-lif/fclayer.h:110->/home/coder/Desktop/s2n2/convSNN/fc2full_top.cpp:83]   --->   Operation 136 'load' 'inputBuf_21_load' <Predicate = (!icmp_ln131 & !icmp_ln134)> <Delay = 0.00>
ST_3 : Operation 137 [1/1] (0.00ns)   --->   "%inputBuf_22_load = load i1 %inputBuf_22" [/home/coder/Documents/s2n2/finn-hlslib-lif/mvau.hpp:142->/home/coder/Documents/s2n2/finn-hlslib-lif/fclayer.h:110->/home/coder/Desktop/s2n2/convSNN/fc2full_top.cpp:83]   --->   Operation 137 'load' 'inputBuf_22_load' <Predicate = (!icmp_ln131 & !icmp_ln134)> <Delay = 0.00>
ST_3 : Operation 138 [1/1] (0.00ns)   --->   "%inputBuf_23_load = load i1 %inputBuf_23" [/home/coder/Documents/s2n2/finn-hlslib-lif/mvau.hpp:142->/home/coder/Documents/s2n2/finn-hlslib-lif/fclayer.h:110->/home/coder/Desktop/s2n2/convSNN/fc2full_top.cpp:83]   --->   Operation 138 'load' 'inputBuf_23_load' <Predicate = (!icmp_ln131 & !icmp_ln134)> <Delay = 0.00>
ST_3 : Operation 139 [1/1] (0.00ns)   --->   "%inputBuf_24_load = load i1 %inputBuf_24" [/home/coder/Documents/s2n2/finn-hlslib-lif/mvau.hpp:142->/home/coder/Documents/s2n2/finn-hlslib-lif/fclayer.h:110->/home/coder/Desktop/s2n2/convSNN/fc2full_top.cpp:83]   --->   Operation 139 'load' 'inputBuf_24_load' <Predicate = (!icmp_ln131 & !icmp_ln134)> <Delay = 0.00>
ST_3 : Operation 140 [1/1] (0.00ns)   --->   "%inputBuf_25_load = load i1 %inputBuf_25" [/home/coder/Documents/s2n2/finn-hlslib-lif/mvau.hpp:142->/home/coder/Documents/s2n2/finn-hlslib-lif/fclayer.h:110->/home/coder/Desktop/s2n2/convSNN/fc2full_top.cpp:83]   --->   Operation 140 'load' 'inputBuf_25_load' <Predicate = (!icmp_ln131 & !icmp_ln134)> <Delay = 0.00>
ST_3 : Operation 141 [1/1] (0.00ns)   --->   "%inputBuf_26_load = load i1 %inputBuf_26" [/home/coder/Documents/s2n2/finn-hlslib-lif/mvau.hpp:142->/home/coder/Documents/s2n2/finn-hlslib-lif/fclayer.h:110->/home/coder/Desktop/s2n2/convSNN/fc2full_top.cpp:83]   --->   Operation 141 'load' 'inputBuf_26_load' <Predicate = (!icmp_ln131 & !icmp_ln134)> <Delay = 0.00>
ST_3 : Operation 142 [1/1] (0.00ns)   --->   "%inputBuf_27_load = load i1 %inputBuf_27" [/home/coder/Documents/s2n2/finn-hlslib-lif/mvau.hpp:142->/home/coder/Documents/s2n2/finn-hlslib-lif/fclayer.h:110->/home/coder/Desktop/s2n2/convSNN/fc2full_top.cpp:83]   --->   Operation 142 'load' 'inputBuf_27_load' <Predicate = (!icmp_ln131 & !icmp_ln134)> <Delay = 0.00>
ST_3 : Operation 143 [1/1] (0.00ns)   --->   "%inputBuf_28_load = load i1 %inputBuf_28" [/home/coder/Documents/s2n2/finn-hlslib-lif/mvau.hpp:142->/home/coder/Documents/s2n2/finn-hlslib-lif/fclayer.h:110->/home/coder/Desktop/s2n2/convSNN/fc2full_top.cpp:83]   --->   Operation 143 'load' 'inputBuf_28_load' <Predicate = (!icmp_ln131 & !icmp_ln134)> <Delay = 0.00>
ST_3 : Operation 144 [1/1] (0.00ns)   --->   "%inputBuf_29_load = load i1 %inputBuf_29" [/home/coder/Documents/s2n2/finn-hlslib-lif/mvau.hpp:142->/home/coder/Documents/s2n2/finn-hlslib-lif/fclayer.h:110->/home/coder/Desktop/s2n2/convSNN/fc2full_top.cpp:83]   --->   Operation 144 'load' 'inputBuf_29_load' <Predicate = (!icmp_ln131 & !icmp_ln134)> <Delay = 0.00>
ST_3 : Operation 145 [1/1] (0.00ns)   --->   "%inputBuf_30_load = load i1 %inputBuf_30" [/home/coder/Documents/s2n2/finn-hlslib-lif/mvau.hpp:142->/home/coder/Documents/s2n2/finn-hlslib-lif/fclayer.h:110->/home/coder/Desktop/s2n2/convSNN/fc2full_top.cpp:83]   --->   Operation 145 'load' 'inputBuf_30_load' <Predicate = (!icmp_ln131 & !icmp_ln134)> <Delay = 0.00>
ST_3 : Operation 146 [1/1] (0.00ns)   --->   "%inputBuf_31_load = load i1 %inputBuf_31" [/home/coder/Documents/s2n2/finn-hlslib-lif/mvau.hpp:142->/home/coder/Documents/s2n2/finn-hlslib-lif/fclayer.h:110->/home/coder/Desktop/s2n2/convSNN/fc2full_top.cpp:83]   --->   Operation 146 'load' 'inputBuf_31_load' <Predicate = (!icmp_ln131 & !icmp_ln134)> <Delay = 0.00>
ST_3 : Operation 147 [1/1] (0.00ns)   --->   "%inputBuf_32_load = load i1 %inputBuf_32" [/home/coder/Documents/s2n2/finn-hlslib-lif/mvau.hpp:142->/home/coder/Documents/s2n2/finn-hlslib-lif/fclayer.h:110->/home/coder/Desktop/s2n2/convSNN/fc2full_top.cpp:83]   --->   Operation 147 'load' 'inputBuf_32_load' <Predicate = (!icmp_ln131 & !icmp_ln134)> <Delay = 0.00>
ST_3 : Operation 148 [1/1] (0.00ns)   --->   "%inputBuf_33_load = load i1 %inputBuf_33" [/home/coder/Documents/s2n2/finn-hlslib-lif/mvau.hpp:142->/home/coder/Documents/s2n2/finn-hlslib-lif/fclayer.h:110->/home/coder/Desktop/s2n2/convSNN/fc2full_top.cpp:83]   --->   Operation 148 'load' 'inputBuf_33_load' <Predicate = (!icmp_ln131 & !icmp_ln134)> <Delay = 0.00>
ST_3 : Operation 149 [1/1] (0.00ns)   --->   "%inputBuf_34_load = load i1 %inputBuf_34" [/home/coder/Documents/s2n2/finn-hlslib-lif/mvau.hpp:142->/home/coder/Documents/s2n2/finn-hlslib-lif/fclayer.h:110->/home/coder/Desktop/s2n2/convSNN/fc2full_top.cpp:83]   --->   Operation 149 'load' 'inputBuf_34_load' <Predicate = (!icmp_ln131 & !icmp_ln134)> <Delay = 0.00>
ST_3 : Operation 150 [1/1] (0.00ns)   --->   "%inputBuf_35_load = load i1 %inputBuf_35" [/home/coder/Documents/s2n2/finn-hlslib-lif/mvau.hpp:142->/home/coder/Documents/s2n2/finn-hlslib-lif/fclayer.h:110->/home/coder/Desktop/s2n2/convSNN/fc2full_top.cpp:83]   --->   Operation 150 'load' 'inputBuf_35_load' <Predicate = (!icmp_ln131 & !icmp_ln134)> <Delay = 0.00>
ST_3 : Operation 151 [1/1] (0.00ns)   --->   "%inputBuf_36_load = load i1 %inputBuf_36" [/home/coder/Documents/s2n2/finn-hlslib-lif/mvau.hpp:142->/home/coder/Documents/s2n2/finn-hlslib-lif/fclayer.h:110->/home/coder/Desktop/s2n2/convSNN/fc2full_top.cpp:83]   --->   Operation 151 'load' 'inputBuf_36_load' <Predicate = (!icmp_ln131 & !icmp_ln134)> <Delay = 0.00>
ST_3 : Operation 152 [1/1] (0.00ns)   --->   "%inputBuf_37_load = load i1 %inputBuf_37" [/home/coder/Documents/s2n2/finn-hlslib-lif/mvau.hpp:142->/home/coder/Documents/s2n2/finn-hlslib-lif/fclayer.h:110->/home/coder/Desktop/s2n2/convSNN/fc2full_top.cpp:83]   --->   Operation 152 'load' 'inputBuf_37_load' <Predicate = (!icmp_ln131 & !icmp_ln134)> <Delay = 0.00>
ST_3 : Operation 153 [1/1] (0.00ns)   --->   "%inputBuf_38_load = load i1 %inputBuf_38" [/home/coder/Documents/s2n2/finn-hlslib-lif/mvau.hpp:142->/home/coder/Documents/s2n2/finn-hlslib-lif/fclayer.h:110->/home/coder/Desktop/s2n2/convSNN/fc2full_top.cpp:83]   --->   Operation 153 'load' 'inputBuf_38_load' <Predicate = (!icmp_ln131 & !icmp_ln134)> <Delay = 0.00>
ST_3 : Operation 154 [1/1] (0.00ns)   --->   "%inputBuf_39_load = load i1 %inputBuf_39" [/home/coder/Documents/s2n2/finn-hlslib-lif/mvau.hpp:142->/home/coder/Documents/s2n2/finn-hlslib-lif/fclayer.h:110->/home/coder/Desktop/s2n2/convSNN/fc2full_top.cpp:83]   --->   Operation 154 'load' 'inputBuf_39_load' <Predicate = (!icmp_ln131 & !icmp_ln134)> <Delay = 0.00>
ST_3 : Operation 155 [1/1] (0.00ns)   --->   "%inputBuf_40_load = load i1 %inputBuf_40" [/home/coder/Documents/s2n2/finn-hlslib-lif/mvau.hpp:142->/home/coder/Documents/s2n2/finn-hlslib-lif/fclayer.h:110->/home/coder/Desktop/s2n2/convSNN/fc2full_top.cpp:83]   --->   Operation 155 'load' 'inputBuf_40_load' <Predicate = (!icmp_ln131 & !icmp_ln134)> <Delay = 0.00>
ST_3 : Operation 156 [1/1] (0.00ns)   --->   "%inputBuf_41_load = load i1 %inputBuf_41" [/home/coder/Documents/s2n2/finn-hlslib-lif/mvau.hpp:142->/home/coder/Documents/s2n2/finn-hlslib-lif/fclayer.h:110->/home/coder/Desktop/s2n2/convSNN/fc2full_top.cpp:83]   --->   Operation 156 'load' 'inputBuf_41_load' <Predicate = (!icmp_ln131 & !icmp_ln134)> <Delay = 0.00>
ST_3 : Operation 157 [1/1] (0.00ns)   --->   "%inputBuf_42_load = load i1 %inputBuf_42" [/home/coder/Documents/s2n2/finn-hlslib-lif/mvau.hpp:142->/home/coder/Documents/s2n2/finn-hlslib-lif/fclayer.h:110->/home/coder/Desktop/s2n2/convSNN/fc2full_top.cpp:83]   --->   Operation 157 'load' 'inputBuf_42_load' <Predicate = (!icmp_ln131 & !icmp_ln134)> <Delay = 0.00>
ST_3 : Operation 158 [1/1] (0.00ns)   --->   "%inputBuf_43_load = load i1 %inputBuf_43" [/home/coder/Documents/s2n2/finn-hlslib-lif/mvau.hpp:142->/home/coder/Documents/s2n2/finn-hlslib-lif/fclayer.h:110->/home/coder/Desktop/s2n2/convSNN/fc2full_top.cpp:83]   --->   Operation 158 'load' 'inputBuf_43_load' <Predicate = (!icmp_ln131 & !icmp_ln134)> <Delay = 0.00>
ST_3 : Operation 159 [1/1] (0.00ns)   --->   "%inputBuf_44_load = load i1 %inputBuf_44" [/home/coder/Documents/s2n2/finn-hlslib-lif/mvau.hpp:142->/home/coder/Documents/s2n2/finn-hlslib-lif/fclayer.h:110->/home/coder/Desktop/s2n2/convSNN/fc2full_top.cpp:83]   --->   Operation 159 'load' 'inputBuf_44_load' <Predicate = (!icmp_ln131 & !icmp_ln134)> <Delay = 0.00>
ST_3 : Operation 160 [1/1] (0.00ns)   --->   "%inputBuf_45_load = load i1 %inputBuf_45" [/home/coder/Documents/s2n2/finn-hlslib-lif/mvau.hpp:142->/home/coder/Documents/s2n2/finn-hlslib-lif/fclayer.h:110->/home/coder/Desktop/s2n2/convSNN/fc2full_top.cpp:83]   --->   Operation 160 'load' 'inputBuf_45_load' <Predicate = (!icmp_ln131 & !icmp_ln134)> <Delay = 0.00>
ST_3 : Operation 161 [1/1] (0.00ns)   --->   "%inputBuf_46_load = load i1 %inputBuf_46" [/home/coder/Documents/s2n2/finn-hlslib-lif/mvau.hpp:142->/home/coder/Documents/s2n2/finn-hlslib-lif/fclayer.h:110->/home/coder/Desktop/s2n2/convSNN/fc2full_top.cpp:83]   --->   Operation 161 'load' 'inputBuf_46_load' <Predicate = (!icmp_ln131 & !icmp_ln134)> <Delay = 0.00>
ST_3 : Operation 162 [1/1] (0.00ns)   --->   "%inputBuf_47_load = load i1 %inputBuf_47" [/home/coder/Documents/s2n2/finn-hlslib-lif/mvau.hpp:142->/home/coder/Documents/s2n2/finn-hlslib-lif/fclayer.h:110->/home/coder/Desktop/s2n2/convSNN/fc2full_top.cpp:83]   --->   Operation 162 'load' 'inputBuf_47_load' <Predicate = (!icmp_ln131 & !icmp_ln134)> <Delay = 0.00>
ST_3 : Operation 163 [1/1] (0.00ns)   --->   "%inputBuf_48_load = load i1 %inputBuf_48" [/home/coder/Documents/s2n2/finn-hlslib-lif/mvau.hpp:142->/home/coder/Documents/s2n2/finn-hlslib-lif/fclayer.h:110->/home/coder/Desktop/s2n2/convSNN/fc2full_top.cpp:83]   --->   Operation 163 'load' 'inputBuf_48_load' <Predicate = (!icmp_ln131 & !icmp_ln134)> <Delay = 0.00>
ST_3 : Operation 164 [1/1] (0.00ns)   --->   "%inputBuf_49_load = load i1 %inputBuf_49" [/home/coder/Documents/s2n2/finn-hlslib-lif/mvau.hpp:142->/home/coder/Documents/s2n2/finn-hlslib-lif/fclayer.h:110->/home/coder/Desktop/s2n2/convSNN/fc2full_top.cpp:83]   --->   Operation 164 'load' 'inputBuf_49_load' <Predicate = (!icmp_ln131 & !icmp_ln134)> <Delay = 0.00>
ST_3 : Operation 165 [1/1] (0.00ns)   --->   "%inputBuf_50_load = load i1 %inputBuf_50" [/home/coder/Documents/s2n2/finn-hlslib-lif/mvau.hpp:142->/home/coder/Documents/s2n2/finn-hlslib-lif/fclayer.h:110->/home/coder/Desktop/s2n2/convSNN/fc2full_top.cpp:83]   --->   Operation 165 'load' 'inputBuf_50_load' <Predicate = (!icmp_ln131 & !icmp_ln134)> <Delay = 0.00>
ST_3 : Operation 166 [1/1] (0.00ns)   --->   "%inputBuf_51_load = load i1 %inputBuf_51" [/home/coder/Documents/s2n2/finn-hlslib-lif/mvau.hpp:142->/home/coder/Documents/s2n2/finn-hlslib-lif/fclayer.h:110->/home/coder/Desktop/s2n2/convSNN/fc2full_top.cpp:83]   --->   Operation 166 'load' 'inputBuf_51_load' <Predicate = (!icmp_ln131 & !icmp_ln134)> <Delay = 0.00>
ST_3 : Operation 167 [1/1] (0.00ns)   --->   "%inputBuf_52_load = load i1 %inputBuf_52" [/home/coder/Documents/s2n2/finn-hlslib-lif/mvau.hpp:142->/home/coder/Documents/s2n2/finn-hlslib-lif/fclayer.h:110->/home/coder/Desktop/s2n2/convSNN/fc2full_top.cpp:83]   --->   Operation 167 'load' 'inputBuf_52_load' <Predicate = (!icmp_ln131 & !icmp_ln134)> <Delay = 0.00>
ST_3 : Operation 168 [1/1] (0.00ns)   --->   "%inputBuf_53_load = load i1 %inputBuf_53" [/home/coder/Documents/s2n2/finn-hlslib-lif/mvau.hpp:142->/home/coder/Documents/s2n2/finn-hlslib-lif/fclayer.h:110->/home/coder/Desktop/s2n2/convSNN/fc2full_top.cpp:83]   --->   Operation 168 'load' 'inputBuf_53_load' <Predicate = (!icmp_ln131 & !icmp_ln134)> <Delay = 0.00>
ST_3 : Operation 169 [1/1] (0.00ns)   --->   "%inputBuf_54_load = load i1 %inputBuf_54" [/home/coder/Documents/s2n2/finn-hlslib-lif/mvau.hpp:142->/home/coder/Documents/s2n2/finn-hlslib-lif/fclayer.h:110->/home/coder/Desktop/s2n2/convSNN/fc2full_top.cpp:83]   --->   Operation 169 'load' 'inputBuf_54_load' <Predicate = (!icmp_ln131 & !icmp_ln134)> <Delay = 0.00>
ST_3 : Operation 170 [1/1] (0.00ns)   --->   "%inputBuf_55_load = load i1 %inputBuf_55" [/home/coder/Documents/s2n2/finn-hlslib-lif/mvau.hpp:142->/home/coder/Documents/s2n2/finn-hlslib-lif/fclayer.h:110->/home/coder/Desktop/s2n2/convSNN/fc2full_top.cpp:83]   --->   Operation 170 'load' 'inputBuf_55_load' <Predicate = (!icmp_ln131 & !icmp_ln134)> <Delay = 0.00>
ST_3 : Operation 171 [1/1] (0.00ns)   --->   "%inputBuf_56_load = load i1 %inputBuf_56" [/home/coder/Documents/s2n2/finn-hlslib-lif/mvau.hpp:142->/home/coder/Documents/s2n2/finn-hlslib-lif/fclayer.h:110->/home/coder/Desktop/s2n2/convSNN/fc2full_top.cpp:83]   --->   Operation 171 'load' 'inputBuf_56_load' <Predicate = (!icmp_ln131 & !icmp_ln134)> <Delay = 0.00>
ST_3 : Operation 172 [1/1] (0.00ns)   --->   "%inputBuf_57_load = load i1 %inputBuf_57" [/home/coder/Documents/s2n2/finn-hlslib-lif/mvau.hpp:142->/home/coder/Documents/s2n2/finn-hlslib-lif/fclayer.h:110->/home/coder/Desktop/s2n2/convSNN/fc2full_top.cpp:83]   --->   Operation 172 'load' 'inputBuf_57_load' <Predicate = (!icmp_ln131 & !icmp_ln134)> <Delay = 0.00>
ST_3 : Operation 173 [1/1] (0.00ns)   --->   "%inputBuf_58_load = load i1 %inputBuf_58" [/home/coder/Documents/s2n2/finn-hlslib-lif/mvau.hpp:142->/home/coder/Documents/s2n2/finn-hlslib-lif/fclayer.h:110->/home/coder/Desktop/s2n2/convSNN/fc2full_top.cpp:83]   --->   Operation 173 'load' 'inputBuf_58_load' <Predicate = (!icmp_ln131 & !icmp_ln134)> <Delay = 0.00>
ST_3 : Operation 174 [1/1] (0.00ns)   --->   "%inputBuf_59_load = load i1 %inputBuf_59" [/home/coder/Documents/s2n2/finn-hlslib-lif/mvau.hpp:142->/home/coder/Documents/s2n2/finn-hlslib-lif/fclayer.h:110->/home/coder/Desktop/s2n2/convSNN/fc2full_top.cpp:83]   --->   Operation 174 'load' 'inputBuf_59_load' <Predicate = (!icmp_ln131 & !icmp_ln134)> <Delay = 0.00>
ST_3 : Operation 175 [1/1] (0.00ns)   --->   "%inputBuf_60_load = load i1 %inputBuf_60" [/home/coder/Documents/s2n2/finn-hlslib-lif/mvau.hpp:142->/home/coder/Documents/s2n2/finn-hlslib-lif/fclayer.h:110->/home/coder/Desktop/s2n2/convSNN/fc2full_top.cpp:83]   --->   Operation 175 'load' 'inputBuf_60_load' <Predicate = (!icmp_ln131 & !icmp_ln134)> <Delay = 0.00>
ST_3 : Operation 176 [1/1] (0.00ns)   --->   "%inputBuf_61_load = load i1 %inputBuf_61" [/home/coder/Documents/s2n2/finn-hlslib-lif/mvau.hpp:142->/home/coder/Documents/s2n2/finn-hlslib-lif/fclayer.h:110->/home/coder/Desktop/s2n2/convSNN/fc2full_top.cpp:83]   --->   Operation 176 'load' 'inputBuf_61_load' <Predicate = (!icmp_ln131 & !icmp_ln134)> <Delay = 0.00>
ST_3 : Operation 177 [1/1] (0.00ns)   --->   "%inputBuf_62_load = load i1 %inputBuf_62" [/home/coder/Documents/s2n2/finn-hlslib-lif/mvau.hpp:142->/home/coder/Documents/s2n2/finn-hlslib-lif/fclayer.h:110->/home/coder/Desktop/s2n2/convSNN/fc2full_top.cpp:83]   --->   Operation 177 'load' 'inputBuf_62_load' <Predicate = (!icmp_ln131 & !icmp_ln134)> <Delay = 0.00>
ST_3 : Operation 178 [1/1] (0.00ns)   --->   "%inputBuf_63_load = load i1 %inputBuf_63" [/home/coder/Documents/s2n2/finn-hlslib-lif/mvau.hpp:142->/home/coder/Documents/s2n2/finn-hlslib-lif/fclayer.h:110->/home/coder/Desktop/s2n2/convSNN/fc2full_top.cpp:83]   --->   Operation 178 'load' 'inputBuf_63_load' <Predicate = (!icmp_ln131 & !icmp_ln134)> <Delay = 0.00>
ST_3 : Operation 179 [1/1] (0.75ns)   --->   "%inElem_1 = mux i1 @_ssdm_op_Mux.ap_auto.64i1.i6, i1 %inputBuf_load, i1 %inputBuf_1_load, i1 %inputBuf_2_load, i1 %inputBuf_3_load, i1 %inputBuf_4_load, i1 %inputBuf_5_load, i1 %inputBuf_6_load, i1 %inputBuf_7_load, i1 %inputBuf_8_load, i1 %inputBuf_9_load, i1 %inputBuf_10_load, i1 %inputBuf_11_load, i1 %inputBuf_12_load, i1 %inputBuf_13_load, i1 %inputBuf_14_load, i1 %inputBuf_15_load, i1 %inputBuf_16_load, i1 %inputBuf_17_load, i1 %inputBuf_18_load, i1 %inputBuf_19_load, i1 %inputBuf_20_load, i1 %inputBuf_21_load, i1 %inputBuf_22_load, i1 %inputBuf_23_load, i1 %inputBuf_24_load, i1 %inputBuf_25_load, i1 %inputBuf_26_load, i1 %inputBuf_27_load, i1 %inputBuf_28_load, i1 %inputBuf_29_load, i1 %inputBuf_30_load, i1 %inputBuf_31_load, i1 %inputBuf_32_load, i1 %inputBuf_33_load, i1 %inputBuf_34_load, i1 %inputBuf_35_load, i1 %inputBuf_36_load, i1 %inputBuf_37_load, i1 %inputBuf_38_load, i1 %inputBuf_39_load, i1 %inputBuf_40_load, i1 %inputBuf_41_load, i1 %inputBuf_42_load, i1 %inputBuf_43_load, i1 %inputBuf_44_load, i1 %inputBuf_45_load, i1 %inputBuf_46_load, i1 %inputBuf_47_load, i1 %inputBuf_48_load, i1 %inputBuf_49_load, i1 %inputBuf_50_load, i1 %inputBuf_51_load, i1 %inputBuf_52_load, i1 %inputBuf_53_load, i1 %inputBuf_54_load, i1 %inputBuf_55_load, i1 %inputBuf_56_load, i1 %inputBuf_57_load, i1 %inputBuf_58_load, i1 %inputBuf_59_load, i1 %inputBuf_60_load, i1 %inputBuf_61_load, i1 %inputBuf_62_load, i1 %inputBuf_63_load, i6 %trunc_ln123" [/home/coder/Documents/s2n2/finn-hlslib-lif/mvau.hpp:142->/home/coder/Documents/s2n2/finn-hlslib-lif/fclayer.h:110->/home/coder/Desktop/s2n2/convSNN/fc2full_top.cpp:83]   --->   Operation 179 'mux' 'inElem_1' <Predicate = (!icmp_ln131 & !icmp_ln134)> <Delay = 0.75> <CoreInst = "Multiplexer">   --->   Core 76 'Multiplexer' <Latency = 0> <II = 1> <Delay = 0.75> <FuncUnit> <Opcode : 'mux'> <InPorts = 2> <OutPorts = 1>
ST_3 : Operation 180 [1/1] (0.38ns)   --->   "%br_ln0 = br void %if.end.i"   --->   Operation 180 'br' 'br_ln0' <Predicate = (!icmp_ln131 & !icmp_ln134)> <Delay = 0.38>
ST_3 : Operation 181 [1/1] (1.42ns)   --->   "%inputBuf_65 = read i1 @_ssdm_op_Read.ap_fifo.volatile.i1P0A, i1 %in_stream" [/home/coder/Documents/s2n2/finn-hlslib-lif/mvau.hpp:136->/home/coder/Documents/s2n2/finn-hlslib-lif/fclayer.h:110->/home/coder/Desktop/s2n2/convSNN/fc2full_top.cpp:83]   --->   Operation 181 'read' 'inputBuf_65' <Predicate = (!icmp_ln131 & icmp_ln134)> <Delay = 1.42> <CoreInst = "FIFO_SRL">   --->   Core 81 'FIFO_SRL' <Latency = 0> <II = 1> <Delay = 1.42> <Storage> <Opcode : 'read' 'write' 'nbread' 'nbwrite'> <Ports = 0> <Width = 1> <Depth = 128> <FIFO>
ST_3 : Operation 182 [1/1] (0.68ns)   --->   "%switch_ln138 = switch i6 %trunc_ln123, void %arrayidx.i.case.63, i6 0, void %if.then.i.if.end.i_crit_edge2, i6 1, void %arrayidx.i.case.1, i6 2, void %arrayidx.i.case.2, i6 3, void %arrayidx.i.case.3, i6 4, void %arrayidx.i.case.4, i6 5, void %arrayidx.i.case.5, i6 6, void %arrayidx.i.case.6, i6 7, void %arrayidx.i.case.7, i6 8, void %arrayidx.i.case.8, i6 9, void %arrayidx.i.case.9, i6 10, void %arrayidx.i.case.10, i6 11, void %arrayidx.i.case.11, i6 12, void %arrayidx.i.case.12, i6 13, void %arrayidx.i.case.13, i6 14, void %arrayidx.i.case.14, i6 15, void %arrayidx.i.case.15, i6 16, void %arrayidx.i.case.16, i6 17, void %arrayidx.i.case.17, i6 18, void %arrayidx.i.case.18, i6 19, void %arrayidx.i.case.19, i6 20, void %arrayidx.i.case.20, i6 21, void %arrayidx.i.case.21, i6 22, void %arrayidx.i.case.22, i6 23, void %arrayidx.i.case.23, i6 24, void %arrayidx.i.case.24, i6 25, void %arrayidx.i.case.25, i6 26, void %arrayidx.i.case.26, i6 27, void %arrayidx.i.case.27, i6 28, void %arrayidx.i.case.28, i6 29, void %arrayidx.i.case.29, i6 30, void %arrayidx.i.case.30, i6 31, void %arrayidx.i.case.31, i6 32, void %arrayidx.i.case.32, i6 33, void %arrayidx.i.case.33, i6 34, void %arrayidx.i.case.34, i6 35, void %arrayidx.i.case.35, i6 36, void %arrayidx.i.case.36, i6 37, void %arrayidx.i.case.37, i6 38, void %arrayidx.i.case.38, i6 39, void %arrayidx.i.case.39, i6 40, void %arrayidx.i.case.40, i6 41, void %arrayidx.i.case.41, i6 42, void %arrayidx.i.case.42, i6 43, void %arrayidx.i.case.43, i6 44, void %arrayidx.i.case.44, i6 45, void %arrayidx.i.case.45, i6 46, void %arrayidx.i.case.46, i6 47, void %arrayidx.i.case.47, i6 48, void %arrayidx.i.case.48, i6 49, void %arrayidx.i.case.49, i6 50, void %arrayidx.i.case.50, i6 51, void %arrayidx.i.case.51, i6 52, void %arrayidx.i.case.52, i6 53, void %arrayidx.i.case.53, i6 54, void %arrayidx.i.case.54, i6 55, void %arrayidx.i.case.55, i6 56, void %arrayidx.i.case.56, i6 57, void %arrayidx.i.case.57, i6 58, void %arrayidx.i.case.58, i6 59, void %arrayidx.i.case.59, i6 60, void %arrayidx.i.case.60, i6 61, void %arrayidx.i.case.61, i6 62, void %if.then.i.if.end.i_crit_edge" [/home/coder/Documents/s2n2/finn-hlslib-lif/mvau.hpp:138->/home/coder/Documents/s2n2/finn-hlslib-lif/fclayer.h:110->/home/coder/Desktop/s2n2/convSNN/fc2full_top.cpp:83]   --->   Operation 182 'switch' 'switch_ln138' <Predicate = (!icmp_ln131 & icmp_ln134)> <Delay = 0.68>
ST_3 : Operation 183 [1/1] (0.00ns)   --->   "%store_ln138 = store i1 %inputBuf_65, i1 %inputBuf_62" [/home/coder/Documents/s2n2/finn-hlslib-lif/mvau.hpp:138->/home/coder/Documents/s2n2/finn-hlslib-lif/fclayer.h:110->/home/coder/Desktop/s2n2/convSNN/fc2full_top.cpp:83]   --->   Operation 183 'store' 'store_ln138' <Predicate = (!icmp_ln131 & icmp_ln134 & trunc_ln123 == 62)> <Delay = 0.00>
ST_3 : Operation 184 [1/1] (0.38ns)   --->   "%br_ln138 = br void %if.end.i" [/home/coder/Documents/s2n2/finn-hlslib-lif/mvau.hpp:138->/home/coder/Documents/s2n2/finn-hlslib-lif/fclayer.h:110->/home/coder/Desktop/s2n2/convSNN/fc2full_top.cpp:83]   --->   Operation 184 'br' 'br_ln138' <Predicate = (!icmp_ln131 & icmp_ln134 & trunc_ln123 == 62)> <Delay = 0.38>
ST_3 : Operation 185 [1/1] (0.00ns)   --->   "%store_ln138 = store i1 %inputBuf_65, i1 %inputBuf_61" [/home/coder/Documents/s2n2/finn-hlslib-lif/mvau.hpp:138->/home/coder/Documents/s2n2/finn-hlslib-lif/fclayer.h:110->/home/coder/Desktop/s2n2/convSNN/fc2full_top.cpp:83]   --->   Operation 185 'store' 'store_ln138' <Predicate = (!icmp_ln131 & icmp_ln134 & trunc_ln123 == 61)> <Delay = 0.00>
ST_3 : Operation 186 [1/1] (0.38ns)   --->   "%br_ln138 = br void %if.end.i" [/home/coder/Documents/s2n2/finn-hlslib-lif/mvau.hpp:138->/home/coder/Documents/s2n2/finn-hlslib-lif/fclayer.h:110->/home/coder/Desktop/s2n2/convSNN/fc2full_top.cpp:83]   --->   Operation 186 'br' 'br_ln138' <Predicate = (!icmp_ln131 & icmp_ln134 & trunc_ln123 == 61)> <Delay = 0.38>
ST_3 : Operation 187 [1/1] (0.00ns)   --->   "%store_ln138 = store i1 %inputBuf_65, i1 %inputBuf_60" [/home/coder/Documents/s2n2/finn-hlslib-lif/mvau.hpp:138->/home/coder/Documents/s2n2/finn-hlslib-lif/fclayer.h:110->/home/coder/Desktop/s2n2/convSNN/fc2full_top.cpp:83]   --->   Operation 187 'store' 'store_ln138' <Predicate = (!icmp_ln131 & icmp_ln134 & trunc_ln123 == 60)> <Delay = 0.00>
ST_3 : Operation 188 [1/1] (0.38ns)   --->   "%br_ln138 = br void %if.end.i" [/home/coder/Documents/s2n2/finn-hlslib-lif/mvau.hpp:138->/home/coder/Documents/s2n2/finn-hlslib-lif/fclayer.h:110->/home/coder/Desktop/s2n2/convSNN/fc2full_top.cpp:83]   --->   Operation 188 'br' 'br_ln138' <Predicate = (!icmp_ln131 & icmp_ln134 & trunc_ln123 == 60)> <Delay = 0.38>
ST_3 : Operation 189 [1/1] (0.00ns)   --->   "%store_ln138 = store i1 %inputBuf_65, i1 %inputBuf_59" [/home/coder/Documents/s2n2/finn-hlslib-lif/mvau.hpp:138->/home/coder/Documents/s2n2/finn-hlslib-lif/fclayer.h:110->/home/coder/Desktop/s2n2/convSNN/fc2full_top.cpp:83]   --->   Operation 189 'store' 'store_ln138' <Predicate = (!icmp_ln131 & icmp_ln134 & trunc_ln123 == 59)> <Delay = 0.00>
ST_3 : Operation 190 [1/1] (0.38ns)   --->   "%br_ln138 = br void %if.end.i" [/home/coder/Documents/s2n2/finn-hlslib-lif/mvau.hpp:138->/home/coder/Documents/s2n2/finn-hlslib-lif/fclayer.h:110->/home/coder/Desktop/s2n2/convSNN/fc2full_top.cpp:83]   --->   Operation 190 'br' 'br_ln138' <Predicate = (!icmp_ln131 & icmp_ln134 & trunc_ln123 == 59)> <Delay = 0.38>
ST_3 : Operation 191 [1/1] (0.00ns)   --->   "%store_ln138 = store i1 %inputBuf_65, i1 %inputBuf_58" [/home/coder/Documents/s2n2/finn-hlslib-lif/mvau.hpp:138->/home/coder/Documents/s2n2/finn-hlslib-lif/fclayer.h:110->/home/coder/Desktop/s2n2/convSNN/fc2full_top.cpp:83]   --->   Operation 191 'store' 'store_ln138' <Predicate = (!icmp_ln131 & icmp_ln134 & trunc_ln123 == 58)> <Delay = 0.00>
ST_3 : Operation 192 [1/1] (0.38ns)   --->   "%br_ln138 = br void %if.end.i" [/home/coder/Documents/s2n2/finn-hlslib-lif/mvau.hpp:138->/home/coder/Documents/s2n2/finn-hlslib-lif/fclayer.h:110->/home/coder/Desktop/s2n2/convSNN/fc2full_top.cpp:83]   --->   Operation 192 'br' 'br_ln138' <Predicate = (!icmp_ln131 & icmp_ln134 & trunc_ln123 == 58)> <Delay = 0.38>
ST_3 : Operation 193 [1/1] (0.00ns)   --->   "%store_ln138 = store i1 %inputBuf_65, i1 %inputBuf_57" [/home/coder/Documents/s2n2/finn-hlslib-lif/mvau.hpp:138->/home/coder/Documents/s2n2/finn-hlslib-lif/fclayer.h:110->/home/coder/Desktop/s2n2/convSNN/fc2full_top.cpp:83]   --->   Operation 193 'store' 'store_ln138' <Predicate = (!icmp_ln131 & icmp_ln134 & trunc_ln123 == 57)> <Delay = 0.00>
ST_3 : Operation 194 [1/1] (0.38ns)   --->   "%br_ln138 = br void %if.end.i" [/home/coder/Documents/s2n2/finn-hlslib-lif/mvau.hpp:138->/home/coder/Documents/s2n2/finn-hlslib-lif/fclayer.h:110->/home/coder/Desktop/s2n2/convSNN/fc2full_top.cpp:83]   --->   Operation 194 'br' 'br_ln138' <Predicate = (!icmp_ln131 & icmp_ln134 & trunc_ln123 == 57)> <Delay = 0.38>
ST_3 : Operation 195 [1/1] (0.00ns)   --->   "%store_ln138 = store i1 %inputBuf_65, i1 %inputBuf_56" [/home/coder/Documents/s2n2/finn-hlslib-lif/mvau.hpp:138->/home/coder/Documents/s2n2/finn-hlslib-lif/fclayer.h:110->/home/coder/Desktop/s2n2/convSNN/fc2full_top.cpp:83]   --->   Operation 195 'store' 'store_ln138' <Predicate = (!icmp_ln131 & icmp_ln134 & trunc_ln123 == 56)> <Delay = 0.00>
ST_3 : Operation 196 [1/1] (0.38ns)   --->   "%br_ln138 = br void %if.end.i" [/home/coder/Documents/s2n2/finn-hlslib-lif/mvau.hpp:138->/home/coder/Documents/s2n2/finn-hlslib-lif/fclayer.h:110->/home/coder/Desktop/s2n2/convSNN/fc2full_top.cpp:83]   --->   Operation 196 'br' 'br_ln138' <Predicate = (!icmp_ln131 & icmp_ln134 & trunc_ln123 == 56)> <Delay = 0.38>
ST_3 : Operation 197 [1/1] (0.00ns)   --->   "%store_ln138 = store i1 %inputBuf_65, i1 %inputBuf_55" [/home/coder/Documents/s2n2/finn-hlslib-lif/mvau.hpp:138->/home/coder/Documents/s2n2/finn-hlslib-lif/fclayer.h:110->/home/coder/Desktop/s2n2/convSNN/fc2full_top.cpp:83]   --->   Operation 197 'store' 'store_ln138' <Predicate = (!icmp_ln131 & icmp_ln134 & trunc_ln123 == 55)> <Delay = 0.00>
ST_3 : Operation 198 [1/1] (0.38ns)   --->   "%br_ln138 = br void %if.end.i" [/home/coder/Documents/s2n2/finn-hlslib-lif/mvau.hpp:138->/home/coder/Documents/s2n2/finn-hlslib-lif/fclayer.h:110->/home/coder/Desktop/s2n2/convSNN/fc2full_top.cpp:83]   --->   Operation 198 'br' 'br_ln138' <Predicate = (!icmp_ln131 & icmp_ln134 & trunc_ln123 == 55)> <Delay = 0.38>
ST_3 : Operation 199 [1/1] (0.00ns)   --->   "%store_ln138 = store i1 %inputBuf_65, i1 %inputBuf_54" [/home/coder/Documents/s2n2/finn-hlslib-lif/mvau.hpp:138->/home/coder/Documents/s2n2/finn-hlslib-lif/fclayer.h:110->/home/coder/Desktop/s2n2/convSNN/fc2full_top.cpp:83]   --->   Operation 199 'store' 'store_ln138' <Predicate = (!icmp_ln131 & icmp_ln134 & trunc_ln123 == 54)> <Delay = 0.00>
ST_3 : Operation 200 [1/1] (0.38ns)   --->   "%br_ln138 = br void %if.end.i" [/home/coder/Documents/s2n2/finn-hlslib-lif/mvau.hpp:138->/home/coder/Documents/s2n2/finn-hlslib-lif/fclayer.h:110->/home/coder/Desktop/s2n2/convSNN/fc2full_top.cpp:83]   --->   Operation 200 'br' 'br_ln138' <Predicate = (!icmp_ln131 & icmp_ln134 & trunc_ln123 == 54)> <Delay = 0.38>
ST_3 : Operation 201 [1/1] (0.00ns)   --->   "%store_ln138 = store i1 %inputBuf_65, i1 %inputBuf_53" [/home/coder/Documents/s2n2/finn-hlslib-lif/mvau.hpp:138->/home/coder/Documents/s2n2/finn-hlslib-lif/fclayer.h:110->/home/coder/Desktop/s2n2/convSNN/fc2full_top.cpp:83]   --->   Operation 201 'store' 'store_ln138' <Predicate = (!icmp_ln131 & icmp_ln134 & trunc_ln123 == 53)> <Delay = 0.00>
ST_3 : Operation 202 [1/1] (0.38ns)   --->   "%br_ln138 = br void %if.end.i" [/home/coder/Documents/s2n2/finn-hlslib-lif/mvau.hpp:138->/home/coder/Documents/s2n2/finn-hlslib-lif/fclayer.h:110->/home/coder/Desktop/s2n2/convSNN/fc2full_top.cpp:83]   --->   Operation 202 'br' 'br_ln138' <Predicate = (!icmp_ln131 & icmp_ln134 & trunc_ln123 == 53)> <Delay = 0.38>
ST_3 : Operation 203 [1/1] (0.00ns)   --->   "%store_ln138 = store i1 %inputBuf_65, i1 %inputBuf_52" [/home/coder/Documents/s2n2/finn-hlslib-lif/mvau.hpp:138->/home/coder/Documents/s2n2/finn-hlslib-lif/fclayer.h:110->/home/coder/Desktop/s2n2/convSNN/fc2full_top.cpp:83]   --->   Operation 203 'store' 'store_ln138' <Predicate = (!icmp_ln131 & icmp_ln134 & trunc_ln123 == 52)> <Delay = 0.00>
ST_3 : Operation 204 [1/1] (0.38ns)   --->   "%br_ln138 = br void %if.end.i" [/home/coder/Documents/s2n2/finn-hlslib-lif/mvau.hpp:138->/home/coder/Documents/s2n2/finn-hlslib-lif/fclayer.h:110->/home/coder/Desktop/s2n2/convSNN/fc2full_top.cpp:83]   --->   Operation 204 'br' 'br_ln138' <Predicate = (!icmp_ln131 & icmp_ln134 & trunc_ln123 == 52)> <Delay = 0.38>
ST_3 : Operation 205 [1/1] (0.00ns)   --->   "%store_ln138 = store i1 %inputBuf_65, i1 %inputBuf_51" [/home/coder/Documents/s2n2/finn-hlslib-lif/mvau.hpp:138->/home/coder/Documents/s2n2/finn-hlslib-lif/fclayer.h:110->/home/coder/Desktop/s2n2/convSNN/fc2full_top.cpp:83]   --->   Operation 205 'store' 'store_ln138' <Predicate = (!icmp_ln131 & icmp_ln134 & trunc_ln123 == 51)> <Delay = 0.00>
ST_3 : Operation 206 [1/1] (0.38ns)   --->   "%br_ln138 = br void %if.end.i" [/home/coder/Documents/s2n2/finn-hlslib-lif/mvau.hpp:138->/home/coder/Documents/s2n2/finn-hlslib-lif/fclayer.h:110->/home/coder/Desktop/s2n2/convSNN/fc2full_top.cpp:83]   --->   Operation 206 'br' 'br_ln138' <Predicate = (!icmp_ln131 & icmp_ln134 & trunc_ln123 == 51)> <Delay = 0.38>
ST_3 : Operation 207 [1/1] (0.00ns)   --->   "%store_ln138 = store i1 %inputBuf_65, i1 %inputBuf_50" [/home/coder/Documents/s2n2/finn-hlslib-lif/mvau.hpp:138->/home/coder/Documents/s2n2/finn-hlslib-lif/fclayer.h:110->/home/coder/Desktop/s2n2/convSNN/fc2full_top.cpp:83]   --->   Operation 207 'store' 'store_ln138' <Predicate = (!icmp_ln131 & icmp_ln134 & trunc_ln123 == 50)> <Delay = 0.00>
ST_3 : Operation 208 [1/1] (0.38ns)   --->   "%br_ln138 = br void %if.end.i" [/home/coder/Documents/s2n2/finn-hlslib-lif/mvau.hpp:138->/home/coder/Documents/s2n2/finn-hlslib-lif/fclayer.h:110->/home/coder/Desktop/s2n2/convSNN/fc2full_top.cpp:83]   --->   Operation 208 'br' 'br_ln138' <Predicate = (!icmp_ln131 & icmp_ln134 & trunc_ln123 == 50)> <Delay = 0.38>
ST_3 : Operation 209 [1/1] (0.00ns)   --->   "%store_ln138 = store i1 %inputBuf_65, i1 %inputBuf_49" [/home/coder/Documents/s2n2/finn-hlslib-lif/mvau.hpp:138->/home/coder/Documents/s2n2/finn-hlslib-lif/fclayer.h:110->/home/coder/Desktop/s2n2/convSNN/fc2full_top.cpp:83]   --->   Operation 209 'store' 'store_ln138' <Predicate = (!icmp_ln131 & icmp_ln134 & trunc_ln123 == 49)> <Delay = 0.00>
ST_3 : Operation 210 [1/1] (0.38ns)   --->   "%br_ln138 = br void %if.end.i" [/home/coder/Documents/s2n2/finn-hlslib-lif/mvau.hpp:138->/home/coder/Documents/s2n2/finn-hlslib-lif/fclayer.h:110->/home/coder/Desktop/s2n2/convSNN/fc2full_top.cpp:83]   --->   Operation 210 'br' 'br_ln138' <Predicate = (!icmp_ln131 & icmp_ln134 & trunc_ln123 == 49)> <Delay = 0.38>
ST_3 : Operation 211 [1/1] (0.00ns)   --->   "%store_ln138 = store i1 %inputBuf_65, i1 %inputBuf_48" [/home/coder/Documents/s2n2/finn-hlslib-lif/mvau.hpp:138->/home/coder/Documents/s2n2/finn-hlslib-lif/fclayer.h:110->/home/coder/Desktop/s2n2/convSNN/fc2full_top.cpp:83]   --->   Operation 211 'store' 'store_ln138' <Predicate = (!icmp_ln131 & icmp_ln134 & trunc_ln123 == 48)> <Delay = 0.00>
ST_3 : Operation 212 [1/1] (0.38ns)   --->   "%br_ln138 = br void %if.end.i" [/home/coder/Documents/s2n2/finn-hlslib-lif/mvau.hpp:138->/home/coder/Documents/s2n2/finn-hlslib-lif/fclayer.h:110->/home/coder/Desktop/s2n2/convSNN/fc2full_top.cpp:83]   --->   Operation 212 'br' 'br_ln138' <Predicate = (!icmp_ln131 & icmp_ln134 & trunc_ln123 == 48)> <Delay = 0.38>
ST_3 : Operation 213 [1/1] (0.00ns)   --->   "%store_ln138 = store i1 %inputBuf_65, i1 %inputBuf_47" [/home/coder/Documents/s2n2/finn-hlslib-lif/mvau.hpp:138->/home/coder/Documents/s2n2/finn-hlslib-lif/fclayer.h:110->/home/coder/Desktop/s2n2/convSNN/fc2full_top.cpp:83]   --->   Operation 213 'store' 'store_ln138' <Predicate = (!icmp_ln131 & icmp_ln134 & trunc_ln123 == 47)> <Delay = 0.00>
ST_3 : Operation 214 [1/1] (0.38ns)   --->   "%br_ln138 = br void %if.end.i" [/home/coder/Documents/s2n2/finn-hlslib-lif/mvau.hpp:138->/home/coder/Documents/s2n2/finn-hlslib-lif/fclayer.h:110->/home/coder/Desktop/s2n2/convSNN/fc2full_top.cpp:83]   --->   Operation 214 'br' 'br_ln138' <Predicate = (!icmp_ln131 & icmp_ln134 & trunc_ln123 == 47)> <Delay = 0.38>
ST_3 : Operation 215 [1/1] (0.00ns)   --->   "%store_ln138 = store i1 %inputBuf_65, i1 %inputBuf_46" [/home/coder/Documents/s2n2/finn-hlslib-lif/mvau.hpp:138->/home/coder/Documents/s2n2/finn-hlslib-lif/fclayer.h:110->/home/coder/Desktop/s2n2/convSNN/fc2full_top.cpp:83]   --->   Operation 215 'store' 'store_ln138' <Predicate = (!icmp_ln131 & icmp_ln134 & trunc_ln123 == 46)> <Delay = 0.00>
ST_3 : Operation 216 [1/1] (0.38ns)   --->   "%br_ln138 = br void %if.end.i" [/home/coder/Documents/s2n2/finn-hlslib-lif/mvau.hpp:138->/home/coder/Documents/s2n2/finn-hlslib-lif/fclayer.h:110->/home/coder/Desktop/s2n2/convSNN/fc2full_top.cpp:83]   --->   Operation 216 'br' 'br_ln138' <Predicate = (!icmp_ln131 & icmp_ln134 & trunc_ln123 == 46)> <Delay = 0.38>
ST_3 : Operation 217 [1/1] (0.00ns)   --->   "%store_ln138 = store i1 %inputBuf_65, i1 %inputBuf_45" [/home/coder/Documents/s2n2/finn-hlslib-lif/mvau.hpp:138->/home/coder/Documents/s2n2/finn-hlslib-lif/fclayer.h:110->/home/coder/Desktop/s2n2/convSNN/fc2full_top.cpp:83]   --->   Operation 217 'store' 'store_ln138' <Predicate = (!icmp_ln131 & icmp_ln134 & trunc_ln123 == 45)> <Delay = 0.00>
ST_3 : Operation 218 [1/1] (0.38ns)   --->   "%br_ln138 = br void %if.end.i" [/home/coder/Documents/s2n2/finn-hlslib-lif/mvau.hpp:138->/home/coder/Documents/s2n2/finn-hlslib-lif/fclayer.h:110->/home/coder/Desktop/s2n2/convSNN/fc2full_top.cpp:83]   --->   Operation 218 'br' 'br_ln138' <Predicate = (!icmp_ln131 & icmp_ln134 & trunc_ln123 == 45)> <Delay = 0.38>
ST_3 : Operation 219 [1/1] (0.00ns)   --->   "%store_ln138 = store i1 %inputBuf_65, i1 %inputBuf_44" [/home/coder/Documents/s2n2/finn-hlslib-lif/mvau.hpp:138->/home/coder/Documents/s2n2/finn-hlslib-lif/fclayer.h:110->/home/coder/Desktop/s2n2/convSNN/fc2full_top.cpp:83]   --->   Operation 219 'store' 'store_ln138' <Predicate = (!icmp_ln131 & icmp_ln134 & trunc_ln123 == 44)> <Delay = 0.00>
ST_3 : Operation 220 [1/1] (0.38ns)   --->   "%br_ln138 = br void %if.end.i" [/home/coder/Documents/s2n2/finn-hlslib-lif/mvau.hpp:138->/home/coder/Documents/s2n2/finn-hlslib-lif/fclayer.h:110->/home/coder/Desktop/s2n2/convSNN/fc2full_top.cpp:83]   --->   Operation 220 'br' 'br_ln138' <Predicate = (!icmp_ln131 & icmp_ln134 & trunc_ln123 == 44)> <Delay = 0.38>
ST_3 : Operation 221 [1/1] (0.00ns)   --->   "%store_ln138 = store i1 %inputBuf_65, i1 %inputBuf_43" [/home/coder/Documents/s2n2/finn-hlslib-lif/mvau.hpp:138->/home/coder/Documents/s2n2/finn-hlslib-lif/fclayer.h:110->/home/coder/Desktop/s2n2/convSNN/fc2full_top.cpp:83]   --->   Operation 221 'store' 'store_ln138' <Predicate = (!icmp_ln131 & icmp_ln134 & trunc_ln123 == 43)> <Delay = 0.00>
ST_3 : Operation 222 [1/1] (0.38ns)   --->   "%br_ln138 = br void %if.end.i" [/home/coder/Documents/s2n2/finn-hlslib-lif/mvau.hpp:138->/home/coder/Documents/s2n2/finn-hlslib-lif/fclayer.h:110->/home/coder/Desktop/s2n2/convSNN/fc2full_top.cpp:83]   --->   Operation 222 'br' 'br_ln138' <Predicate = (!icmp_ln131 & icmp_ln134 & trunc_ln123 == 43)> <Delay = 0.38>
ST_3 : Operation 223 [1/1] (0.00ns)   --->   "%store_ln138 = store i1 %inputBuf_65, i1 %inputBuf_42" [/home/coder/Documents/s2n2/finn-hlslib-lif/mvau.hpp:138->/home/coder/Documents/s2n2/finn-hlslib-lif/fclayer.h:110->/home/coder/Desktop/s2n2/convSNN/fc2full_top.cpp:83]   --->   Operation 223 'store' 'store_ln138' <Predicate = (!icmp_ln131 & icmp_ln134 & trunc_ln123 == 42)> <Delay = 0.00>
ST_3 : Operation 224 [1/1] (0.38ns)   --->   "%br_ln138 = br void %if.end.i" [/home/coder/Documents/s2n2/finn-hlslib-lif/mvau.hpp:138->/home/coder/Documents/s2n2/finn-hlslib-lif/fclayer.h:110->/home/coder/Desktop/s2n2/convSNN/fc2full_top.cpp:83]   --->   Operation 224 'br' 'br_ln138' <Predicate = (!icmp_ln131 & icmp_ln134 & trunc_ln123 == 42)> <Delay = 0.38>
ST_3 : Operation 225 [1/1] (0.00ns)   --->   "%store_ln138 = store i1 %inputBuf_65, i1 %inputBuf_41" [/home/coder/Documents/s2n2/finn-hlslib-lif/mvau.hpp:138->/home/coder/Documents/s2n2/finn-hlslib-lif/fclayer.h:110->/home/coder/Desktop/s2n2/convSNN/fc2full_top.cpp:83]   --->   Operation 225 'store' 'store_ln138' <Predicate = (!icmp_ln131 & icmp_ln134 & trunc_ln123 == 41)> <Delay = 0.00>
ST_3 : Operation 226 [1/1] (0.38ns)   --->   "%br_ln138 = br void %if.end.i" [/home/coder/Documents/s2n2/finn-hlslib-lif/mvau.hpp:138->/home/coder/Documents/s2n2/finn-hlslib-lif/fclayer.h:110->/home/coder/Desktop/s2n2/convSNN/fc2full_top.cpp:83]   --->   Operation 226 'br' 'br_ln138' <Predicate = (!icmp_ln131 & icmp_ln134 & trunc_ln123 == 41)> <Delay = 0.38>
ST_3 : Operation 227 [1/1] (0.00ns)   --->   "%store_ln138 = store i1 %inputBuf_65, i1 %inputBuf_40" [/home/coder/Documents/s2n2/finn-hlslib-lif/mvau.hpp:138->/home/coder/Documents/s2n2/finn-hlslib-lif/fclayer.h:110->/home/coder/Desktop/s2n2/convSNN/fc2full_top.cpp:83]   --->   Operation 227 'store' 'store_ln138' <Predicate = (!icmp_ln131 & icmp_ln134 & trunc_ln123 == 40)> <Delay = 0.00>
ST_3 : Operation 228 [1/1] (0.38ns)   --->   "%br_ln138 = br void %if.end.i" [/home/coder/Documents/s2n2/finn-hlslib-lif/mvau.hpp:138->/home/coder/Documents/s2n2/finn-hlslib-lif/fclayer.h:110->/home/coder/Desktop/s2n2/convSNN/fc2full_top.cpp:83]   --->   Operation 228 'br' 'br_ln138' <Predicate = (!icmp_ln131 & icmp_ln134 & trunc_ln123 == 40)> <Delay = 0.38>
ST_3 : Operation 229 [1/1] (0.00ns)   --->   "%store_ln138 = store i1 %inputBuf_65, i1 %inputBuf_39" [/home/coder/Documents/s2n2/finn-hlslib-lif/mvau.hpp:138->/home/coder/Documents/s2n2/finn-hlslib-lif/fclayer.h:110->/home/coder/Desktop/s2n2/convSNN/fc2full_top.cpp:83]   --->   Operation 229 'store' 'store_ln138' <Predicate = (!icmp_ln131 & icmp_ln134 & trunc_ln123 == 39)> <Delay = 0.00>
ST_3 : Operation 230 [1/1] (0.38ns)   --->   "%br_ln138 = br void %if.end.i" [/home/coder/Documents/s2n2/finn-hlslib-lif/mvau.hpp:138->/home/coder/Documents/s2n2/finn-hlslib-lif/fclayer.h:110->/home/coder/Desktop/s2n2/convSNN/fc2full_top.cpp:83]   --->   Operation 230 'br' 'br_ln138' <Predicate = (!icmp_ln131 & icmp_ln134 & trunc_ln123 == 39)> <Delay = 0.38>
ST_3 : Operation 231 [1/1] (0.00ns)   --->   "%store_ln138 = store i1 %inputBuf_65, i1 %inputBuf_38" [/home/coder/Documents/s2n2/finn-hlslib-lif/mvau.hpp:138->/home/coder/Documents/s2n2/finn-hlslib-lif/fclayer.h:110->/home/coder/Desktop/s2n2/convSNN/fc2full_top.cpp:83]   --->   Operation 231 'store' 'store_ln138' <Predicate = (!icmp_ln131 & icmp_ln134 & trunc_ln123 == 38)> <Delay = 0.00>
ST_3 : Operation 232 [1/1] (0.38ns)   --->   "%br_ln138 = br void %if.end.i" [/home/coder/Documents/s2n2/finn-hlslib-lif/mvau.hpp:138->/home/coder/Documents/s2n2/finn-hlslib-lif/fclayer.h:110->/home/coder/Desktop/s2n2/convSNN/fc2full_top.cpp:83]   --->   Operation 232 'br' 'br_ln138' <Predicate = (!icmp_ln131 & icmp_ln134 & trunc_ln123 == 38)> <Delay = 0.38>
ST_3 : Operation 233 [1/1] (0.00ns)   --->   "%store_ln138 = store i1 %inputBuf_65, i1 %inputBuf_37" [/home/coder/Documents/s2n2/finn-hlslib-lif/mvau.hpp:138->/home/coder/Documents/s2n2/finn-hlslib-lif/fclayer.h:110->/home/coder/Desktop/s2n2/convSNN/fc2full_top.cpp:83]   --->   Operation 233 'store' 'store_ln138' <Predicate = (!icmp_ln131 & icmp_ln134 & trunc_ln123 == 37)> <Delay = 0.00>
ST_3 : Operation 234 [1/1] (0.38ns)   --->   "%br_ln138 = br void %if.end.i" [/home/coder/Documents/s2n2/finn-hlslib-lif/mvau.hpp:138->/home/coder/Documents/s2n2/finn-hlslib-lif/fclayer.h:110->/home/coder/Desktop/s2n2/convSNN/fc2full_top.cpp:83]   --->   Operation 234 'br' 'br_ln138' <Predicate = (!icmp_ln131 & icmp_ln134 & trunc_ln123 == 37)> <Delay = 0.38>
ST_3 : Operation 235 [1/1] (0.00ns)   --->   "%store_ln138 = store i1 %inputBuf_65, i1 %inputBuf_36" [/home/coder/Documents/s2n2/finn-hlslib-lif/mvau.hpp:138->/home/coder/Documents/s2n2/finn-hlslib-lif/fclayer.h:110->/home/coder/Desktop/s2n2/convSNN/fc2full_top.cpp:83]   --->   Operation 235 'store' 'store_ln138' <Predicate = (!icmp_ln131 & icmp_ln134 & trunc_ln123 == 36)> <Delay = 0.00>
ST_3 : Operation 236 [1/1] (0.38ns)   --->   "%br_ln138 = br void %if.end.i" [/home/coder/Documents/s2n2/finn-hlslib-lif/mvau.hpp:138->/home/coder/Documents/s2n2/finn-hlslib-lif/fclayer.h:110->/home/coder/Desktop/s2n2/convSNN/fc2full_top.cpp:83]   --->   Operation 236 'br' 'br_ln138' <Predicate = (!icmp_ln131 & icmp_ln134 & trunc_ln123 == 36)> <Delay = 0.38>
ST_3 : Operation 237 [1/1] (0.00ns)   --->   "%store_ln138 = store i1 %inputBuf_65, i1 %inputBuf_35" [/home/coder/Documents/s2n2/finn-hlslib-lif/mvau.hpp:138->/home/coder/Documents/s2n2/finn-hlslib-lif/fclayer.h:110->/home/coder/Desktop/s2n2/convSNN/fc2full_top.cpp:83]   --->   Operation 237 'store' 'store_ln138' <Predicate = (!icmp_ln131 & icmp_ln134 & trunc_ln123 == 35)> <Delay = 0.00>
ST_3 : Operation 238 [1/1] (0.38ns)   --->   "%br_ln138 = br void %if.end.i" [/home/coder/Documents/s2n2/finn-hlslib-lif/mvau.hpp:138->/home/coder/Documents/s2n2/finn-hlslib-lif/fclayer.h:110->/home/coder/Desktop/s2n2/convSNN/fc2full_top.cpp:83]   --->   Operation 238 'br' 'br_ln138' <Predicate = (!icmp_ln131 & icmp_ln134 & trunc_ln123 == 35)> <Delay = 0.38>
ST_3 : Operation 239 [1/1] (0.00ns)   --->   "%store_ln138 = store i1 %inputBuf_65, i1 %inputBuf_34" [/home/coder/Documents/s2n2/finn-hlslib-lif/mvau.hpp:138->/home/coder/Documents/s2n2/finn-hlslib-lif/fclayer.h:110->/home/coder/Desktop/s2n2/convSNN/fc2full_top.cpp:83]   --->   Operation 239 'store' 'store_ln138' <Predicate = (!icmp_ln131 & icmp_ln134 & trunc_ln123 == 34)> <Delay = 0.00>
ST_3 : Operation 240 [1/1] (0.38ns)   --->   "%br_ln138 = br void %if.end.i" [/home/coder/Documents/s2n2/finn-hlslib-lif/mvau.hpp:138->/home/coder/Documents/s2n2/finn-hlslib-lif/fclayer.h:110->/home/coder/Desktop/s2n2/convSNN/fc2full_top.cpp:83]   --->   Operation 240 'br' 'br_ln138' <Predicate = (!icmp_ln131 & icmp_ln134 & trunc_ln123 == 34)> <Delay = 0.38>
ST_3 : Operation 241 [1/1] (0.00ns)   --->   "%store_ln138 = store i1 %inputBuf_65, i1 %inputBuf_33" [/home/coder/Documents/s2n2/finn-hlslib-lif/mvau.hpp:138->/home/coder/Documents/s2n2/finn-hlslib-lif/fclayer.h:110->/home/coder/Desktop/s2n2/convSNN/fc2full_top.cpp:83]   --->   Operation 241 'store' 'store_ln138' <Predicate = (!icmp_ln131 & icmp_ln134 & trunc_ln123 == 33)> <Delay = 0.00>
ST_3 : Operation 242 [1/1] (0.38ns)   --->   "%br_ln138 = br void %if.end.i" [/home/coder/Documents/s2n2/finn-hlslib-lif/mvau.hpp:138->/home/coder/Documents/s2n2/finn-hlslib-lif/fclayer.h:110->/home/coder/Desktop/s2n2/convSNN/fc2full_top.cpp:83]   --->   Operation 242 'br' 'br_ln138' <Predicate = (!icmp_ln131 & icmp_ln134 & trunc_ln123 == 33)> <Delay = 0.38>
ST_3 : Operation 243 [1/1] (0.00ns)   --->   "%store_ln138 = store i1 %inputBuf_65, i1 %inputBuf_32" [/home/coder/Documents/s2n2/finn-hlslib-lif/mvau.hpp:138->/home/coder/Documents/s2n2/finn-hlslib-lif/fclayer.h:110->/home/coder/Desktop/s2n2/convSNN/fc2full_top.cpp:83]   --->   Operation 243 'store' 'store_ln138' <Predicate = (!icmp_ln131 & icmp_ln134 & trunc_ln123 == 32)> <Delay = 0.00>
ST_3 : Operation 244 [1/1] (0.38ns)   --->   "%br_ln138 = br void %if.end.i" [/home/coder/Documents/s2n2/finn-hlslib-lif/mvau.hpp:138->/home/coder/Documents/s2n2/finn-hlslib-lif/fclayer.h:110->/home/coder/Desktop/s2n2/convSNN/fc2full_top.cpp:83]   --->   Operation 244 'br' 'br_ln138' <Predicate = (!icmp_ln131 & icmp_ln134 & trunc_ln123 == 32)> <Delay = 0.38>
ST_3 : Operation 245 [1/1] (0.00ns)   --->   "%store_ln138 = store i1 %inputBuf_65, i1 %inputBuf_31" [/home/coder/Documents/s2n2/finn-hlslib-lif/mvau.hpp:138->/home/coder/Documents/s2n2/finn-hlslib-lif/fclayer.h:110->/home/coder/Desktop/s2n2/convSNN/fc2full_top.cpp:83]   --->   Operation 245 'store' 'store_ln138' <Predicate = (!icmp_ln131 & icmp_ln134 & trunc_ln123 == 31)> <Delay = 0.00>
ST_3 : Operation 246 [1/1] (0.38ns)   --->   "%br_ln138 = br void %if.end.i" [/home/coder/Documents/s2n2/finn-hlslib-lif/mvau.hpp:138->/home/coder/Documents/s2n2/finn-hlslib-lif/fclayer.h:110->/home/coder/Desktop/s2n2/convSNN/fc2full_top.cpp:83]   --->   Operation 246 'br' 'br_ln138' <Predicate = (!icmp_ln131 & icmp_ln134 & trunc_ln123 == 31)> <Delay = 0.38>
ST_3 : Operation 247 [1/1] (0.00ns)   --->   "%store_ln138 = store i1 %inputBuf_65, i1 %inputBuf_30" [/home/coder/Documents/s2n2/finn-hlslib-lif/mvau.hpp:138->/home/coder/Documents/s2n2/finn-hlslib-lif/fclayer.h:110->/home/coder/Desktop/s2n2/convSNN/fc2full_top.cpp:83]   --->   Operation 247 'store' 'store_ln138' <Predicate = (!icmp_ln131 & icmp_ln134 & trunc_ln123 == 30)> <Delay = 0.00>
ST_3 : Operation 248 [1/1] (0.38ns)   --->   "%br_ln138 = br void %if.end.i" [/home/coder/Documents/s2n2/finn-hlslib-lif/mvau.hpp:138->/home/coder/Documents/s2n2/finn-hlslib-lif/fclayer.h:110->/home/coder/Desktop/s2n2/convSNN/fc2full_top.cpp:83]   --->   Operation 248 'br' 'br_ln138' <Predicate = (!icmp_ln131 & icmp_ln134 & trunc_ln123 == 30)> <Delay = 0.38>
ST_3 : Operation 249 [1/1] (0.00ns)   --->   "%store_ln138 = store i1 %inputBuf_65, i1 %inputBuf_29" [/home/coder/Documents/s2n2/finn-hlslib-lif/mvau.hpp:138->/home/coder/Documents/s2n2/finn-hlslib-lif/fclayer.h:110->/home/coder/Desktop/s2n2/convSNN/fc2full_top.cpp:83]   --->   Operation 249 'store' 'store_ln138' <Predicate = (!icmp_ln131 & icmp_ln134 & trunc_ln123 == 29)> <Delay = 0.00>
ST_3 : Operation 250 [1/1] (0.38ns)   --->   "%br_ln138 = br void %if.end.i" [/home/coder/Documents/s2n2/finn-hlslib-lif/mvau.hpp:138->/home/coder/Documents/s2n2/finn-hlslib-lif/fclayer.h:110->/home/coder/Desktop/s2n2/convSNN/fc2full_top.cpp:83]   --->   Operation 250 'br' 'br_ln138' <Predicate = (!icmp_ln131 & icmp_ln134 & trunc_ln123 == 29)> <Delay = 0.38>
ST_3 : Operation 251 [1/1] (0.00ns)   --->   "%store_ln138 = store i1 %inputBuf_65, i1 %inputBuf_28" [/home/coder/Documents/s2n2/finn-hlslib-lif/mvau.hpp:138->/home/coder/Documents/s2n2/finn-hlslib-lif/fclayer.h:110->/home/coder/Desktop/s2n2/convSNN/fc2full_top.cpp:83]   --->   Operation 251 'store' 'store_ln138' <Predicate = (!icmp_ln131 & icmp_ln134 & trunc_ln123 == 28)> <Delay = 0.00>
ST_3 : Operation 252 [1/1] (0.38ns)   --->   "%br_ln138 = br void %if.end.i" [/home/coder/Documents/s2n2/finn-hlslib-lif/mvau.hpp:138->/home/coder/Documents/s2n2/finn-hlslib-lif/fclayer.h:110->/home/coder/Desktop/s2n2/convSNN/fc2full_top.cpp:83]   --->   Operation 252 'br' 'br_ln138' <Predicate = (!icmp_ln131 & icmp_ln134 & trunc_ln123 == 28)> <Delay = 0.38>
ST_3 : Operation 253 [1/1] (0.00ns)   --->   "%store_ln138 = store i1 %inputBuf_65, i1 %inputBuf_27" [/home/coder/Documents/s2n2/finn-hlslib-lif/mvau.hpp:138->/home/coder/Documents/s2n2/finn-hlslib-lif/fclayer.h:110->/home/coder/Desktop/s2n2/convSNN/fc2full_top.cpp:83]   --->   Operation 253 'store' 'store_ln138' <Predicate = (!icmp_ln131 & icmp_ln134 & trunc_ln123 == 27)> <Delay = 0.00>
ST_3 : Operation 254 [1/1] (0.38ns)   --->   "%br_ln138 = br void %if.end.i" [/home/coder/Documents/s2n2/finn-hlslib-lif/mvau.hpp:138->/home/coder/Documents/s2n2/finn-hlslib-lif/fclayer.h:110->/home/coder/Desktop/s2n2/convSNN/fc2full_top.cpp:83]   --->   Operation 254 'br' 'br_ln138' <Predicate = (!icmp_ln131 & icmp_ln134 & trunc_ln123 == 27)> <Delay = 0.38>
ST_3 : Operation 255 [1/1] (0.00ns)   --->   "%store_ln138 = store i1 %inputBuf_65, i1 %inputBuf_26" [/home/coder/Documents/s2n2/finn-hlslib-lif/mvau.hpp:138->/home/coder/Documents/s2n2/finn-hlslib-lif/fclayer.h:110->/home/coder/Desktop/s2n2/convSNN/fc2full_top.cpp:83]   --->   Operation 255 'store' 'store_ln138' <Predicate = (!icmp_ln131 & icmp_ln134 & trunc_ln123 == 26)> <Delay = 0.00>
ST_3 : Operation 256 [1/1] (0.38ns)   --->   "%br_ln138 = br void %if.end.i" [/home/coder/Documents/s2n2/finn-hlslib-lif/mvau.hpp:138->/home/coder/Documents/s2n2/finn-hlslib-lif/fclayer.h:110->/home/coder/Desktop/s2n2/convSNN/fc2full_top.cpp:83]   --->   Operation 256 'br' 'br_ln138' <Predicate = (!icmp_ln131 & icmp_ln134 & trunc_ln123 == 26)> <Delay = 0.38>
ST_3 : Operation 257 [1/1] (0.00ns)   --->   "%store_ln138 = store i1 %inputBuf_65, i1 %inputBuf_25" [/home/coder/Documents/s2n2/finn-hlslib-lif/mvau.hpp:138->/home/coder/Documents/s2n2/finn-hlslib-lif/fclayer.h:110->/home/coder/Desktop/s2n2/convSNN/fc2full_top.cpp:83]   --->   Operation 257 'store' 'store_ln138' <Predicate = (!icmp_ln131 & icmp_ln134 & trunc_ln123 == 25)> <Delay = 0.00>
ST_3 : Operation 258 [1/1] (0.38ns)   --->   "%br_ln138 = br void %if.end.i" [/home/coder/Documents/s2n2/finn-hlslib-lif/mvau.hpp:138->/home/coder/Documents/s2n2/finn-hlslib-lif/fclayer.h:110->/home/coder/Desktop/s2n2/convSNN/fc2full_top.cpp:83]   --->   Operation 258 'br' 'br_ln138' <Predicate = (!icmp_ln131 & icmp_ln134 & trunc_ln123 == 25)> <Delay = 0.38>
ST_3 : Operation 259 [1/1] (0.00ns)   --->   "%store_ln138 = store i1 %inputBuf_65, i1 %inputBuf_24" [/home/coder/Documents/s2n2/finn-hlslib-lif/mvau.hpp:138->/home/coder/Documents/s2n2/finn-hlslib-lif/fclayer.h:110->/home/coder/Desktop/s2n2/convSNN/fc2full_top.cpp:83]   --->   Operation 259 'store' 'store_ln138' <Predicate = (!icmp_ln131 & icmp_ln134 & trunc_ln123 == 24)> <Delay = 0.00>
ST_3 : Operation 260 [1/1] (0.38ns)   --->   "%br_ln138 = br void %if.end.i" [/home/coder/Documents/s2n2/finn-hlslib-lif/mvau.hpp:138->/home/coder/Documents/s2n2/finn-hlslib-lif/fclayer.h:110->/home/coder/Desktop/s2n2/convSNN/fc2full_top.cpp:83]   --->   Operation 260 'br' 'br_ln138' <Predicate = (!icmp_ln131 & icmp_ln134 & trunc_ln123 == 24)> <Delay = 0.38>
ST_3 : Operation 261 [1/1] (0.00ns)   --->   "%store_ln138 = store i1 %inputBuf_65, i1 %inputBuf_23" [/home/coder/Documents/s2n2/finn-hlslib-lif/mvau.hpp:138->/home/coder/Documents/s2n2/finn-hlslib-lif/fclayer.h:110->/home/coder/Desktop/s2n2/convSNN/fc2full_top.cpp:83]   --->   Operation 261 'store' 'store_ln138' <Predicate = (!icmp_ln131 & icmp_ln134 & trunc_ln123 == 23)> <Delay = 0.00>
ST_3 : Operation 262 [1/1] (0.38ns)   --->   "%br_ln138 = br void %if.end.i" [/home/coder/Documents/s2n2/finn-hlslib-lif/mvau.hpp:138->/home/coder/Documents/s2n2/finn-hlslib-lif/fclayer.h:110->/home/coder/Desktop/s2n2/convSNN/fc2full_top.cpp:83]   --->   Operation 262 'br' 'br_ln138' <Predicate = (!icmp_ln131 & icmp_ln134 & trunc_ln123 == 23)> <Delay = 0.38>
ST_3 : Operation 263 [1/1] (0.00ns)   --->   "%store_ln138 = store i1 %inputBuf_65, i1 %inputBuf_22" [/home/coder/Documents/s2n2/finn-hlslib-lif/mvau.hpp:138->/home/coder/Documents/s2n2/finn-hlslib-lif/fclayer.h:110->/home/coder/Desktop/s2n2/convSNN/fc2full_top.cpp:83]   --->   Operation 263 'store' 'store_ln138' <Predicate = (!icmp_ln131 & icmp_ln134 & trunc_ln123 == 22)> <Delay = 0.00>
ST_3 : Operation 264 [1/1] (0.38ns)   --->   "%br_ln138 = br void %if.end.i" [/home/coder/Documents/s2n2/finn-hlslib-lif/mvau.hpp:138->/home/coder/Documents/s2n2/finn-hlslib-lif/fclayer.h:110->/home/coder/Desktop/s2n2/convSNN/fc2full_top.cpp:83]   --->   Operation 264 'br' 'br_ln138' <Predicate = (!icmp_ln131 & icmp_ln134 & trunc_ln123 == 22)> <Delay = 0.38>
ST_3 : Operation 265 [1/1] (0.00ns)   --->   "%store_ln138 = store i1 %inputBuf_65, i1 %inputBuf_21" [/home/coder/Documents/s2n2/finn-hlslib-lif/mvau.hpp:138->/home/coder/Documents/s2n2/finn-hlslib-lif/fclayer.h:110->/home/coder/Desktop/s2n2/convSNN/fc2full_top.cpp:83]   --->   Operation 265 'store' 'store_ln138' <Predicate = (!icmp_ln131 & icmp_ln134 & trunc_ln123 == 21)> <Delay = 0.00>
ST_3 : Operation 266 [1/1] (0.38ns)   --->   "%br_ln138 = br void %if.end.i" [/home/coder/Documents/s2n2/finn-hlslib-lif/mvau.hpp:138->/home/coder/Documents/s2n2/finn-hlslib-lif/fclayer.h:110->/home/coder/Desktop/s2n2/convSNN/fc2full_top.cpp:83]   --->   Operation 266 'br' 'br_ln138' <Predicate = (!icmp_ln131 & icmp_ln134 & trunc_ln123 == 21)> <Delay = 0.38>
ST_3 : Operation 267 [1/1] (0.00ns)   --->   "%store_ln138 = store i1 %inputBuf_65, i1 %inputBuf_20" [/home/coder/Documents/s2n2/finn-hlslib-lif/mvau.hpp:138->/home/coder/Documents/s2n2/finn-hlslib-lif/fclayer.h:110->/home/coder/Desktop/s2n2/convSNN/fc2full_top.cpp:83]   --->   Operation 267 'store' 'store_ln138' <Predicate = (!icmp_ln131 & icmp_ln134 & trunc_ln123 == 20)> <Delay = 0.00>
ST_3 : Operation 268 [1/1] (0.38ns)   --->   "%br_ln138 = br void %if.end.i" [/home/coder/Documents/s2n2/finn-hlslib-lif/mvau.hpp:138->/home/coder/Documents/s2n2/finn-hlslib-lif/fclayer.h:110->/home/coder/Desktop/s2n2/convSNN/fc2full_top.cpp:83]   --->   Operation 268 'br' 'br_ln138' <Predicate = (!icmp_ln131 & icmp_ln134 & trunc_ln123 == 20)> <Delay = 0.38>
ST_3 : Operation 269 [1/1] (0.00ns)   --->   "%store_ln138 = store i1 %inputBuf_65, i1 %inputBuf_19" [/home/coder/Documents/s2n2/finn-hlslib-lif/mvau.hpp:138->/home/coder/Documents/s2n2/finn-hlslib-lif/fclayer.h:110->/home/coder/Desktop/s2n2/convSNN/fc2full_top.cpp:83]   --->   Operation 269 'store' 'store_ln138' <Predicate = (!icmp_ln131 & icmp_ln134 & trunc_ln123 == 19)> <Delay = 0.00>
ST_3 : Operation 270 [1/1] (0.38ns)   --->   "%br_ln138 = br void %if.end.i" [/home/coder/Documents/s2n2/finn-hlslib-lif/mvau.hpp:138->/home/coder/Documents/s2n2/finn-hlslib-lif/fclayer.h:110->/home/coder/Desktop/s2n2/convSNN/fc2full_top.cpp:83]   --->   Operation 270 'br' 'br_ln138' <Predicate = (!icmp_ln131 & icmp_ln134 & trunc_ln123 == 19)> <Delay = 0.38>
ST_3 : Operation 271 [1/1] (0.00ns)   --->   "%store_ln138 = store i1 %inputBuf_65, i1 %inputBuf_18" [/home/coder/Documents/s2n2/finn-hlslib-lif/mvau.hpp:138->/home/coder/Documents/s2n2/finn-hlslib-lif/fclayer.h:110->/home/coder/Desktop/s2n2/convSNN/fc2full_top.cpp:83]   --->   Operation 271 'store' 'store_ln138' <Predicate = (!icmp_ln131 & icmp_ln134 & trunc_ln123 == 18)> <Delay = 0.00>
ST_3 : Operation 272 [1/1] (0.38ns)   --->   "%br_ln138 = br void %if.end.i" [/home/coder/Documents/s2n2/finn-hlslib-lif/mvau.hpp:138->/home/coder/Documents/s2n2/finn-hlslib-lif/fclayer.h:110->/home/coder/Desktop/s2n2/convSNN/fc2full_top.cpp:83]   --->   Operation 272 'br' 'br_ln138' <Predicate = (!icmp_ln131 & icmp_ln134 & trunc_ln123 == 18)> <Delay = 0.38>
ST_3 : Operation 273 [1/1] (0.00ns)   --->   "%store_ln138 = store i1 %inputBuf_65, i1 %inputBuf_17" [/home/coder/Documents/s2n2/finn-hlslib-lif/mvau.hpp:138->/home/coder/Documents/s2n2/finn-hlslib-lif/fclayer.h:110->/home/coder/Desktop/s2n2/convSNN/fc2full_top.cpp:83]   --->   Operation 273 'store' 'store_ln138' <Predicate = (!icmp_ln131 & icmp_ln134 & trunc_ln123 == 17)> <Delay = 0.00>
ST_3 : Operation 274 [1/1] (0.38ns)   --->   "%br_ln138 = br void %if.end.i" [/home/coder/Documents/s2n2/finn-hlslib-lif/mvau.hpp:138->/home/coder/Documents/s2n2/finn-hlslib-lif/fclayer.h:110->/home/coder/Desktop/s2n2/convSNN/fc2full_top.cpp:83]   --->   Operation 274 'br' 'br_ln138' <Predicate = (!icmp_ln131 & icmp_ln134 & trunc_ln123 == 17)> <Delay = 0.38>
ST_3 : Operation 275 [1/1] (0.00ns)   --->   "%store_ln138 = store i1 %inputBuf_65, i1 %inputBuf_16" [/home/coder/Documents/s2n2/finn-hlslib-lif/mvau.hpp:138->/home/coder/Documents/s2n2/finn-hlslib-lif/fclayer.h:110->/home/coder/Desktop/s2n2/convSNN/fc2full_top.cpp:83]   --->   Operation 275 'store' 'store_ln138' <Predicate = (!icmp_ln131 & icmp_ln134 & trunc_ln123 == 16)> <Delay = 0.00>
ST_3 : Operation 276 [1/1] (0.38ns)   --->   "%br_ln138 = br void %if.end.i" [/home/coder/Documents/s2n2/finn-hlslib-lif/mvau.hpp:138->/home/coder/Documents/s2n2/finn-hlslib-lif/fclayer.h:110->/home/coder/Desktop/s2n2/convSNN/fc2full_top.cpp:83]   --->   Operation 276 'br' 'br_ln138' <Predicate = (!icmp_ln131 & icmp_ln134 & trunc_ln123 == 16)> <Delay = 0.38>
ST_3 : Operation 277 [1/1] (0.00ns)   --->   "%store_ln138 = store i1 %inputBuf_65, i1 %inputBuf_15" [/home/coder/Documents/s2n2/finn-hlslib-lif/mvau.hpp:138->/home/coder/Documents/s2n2/finn-hlslib-lif/fclayer.h:110->/home/coder/Desktop/s2n2/convSNN/fc2full_top.cpp:83]   --->   Operation 277 'store' 'store_ln138' <Predicate = (!icmp_ln131 & icmp_ln134 & trunc_ln123 == 15)> <Delay = 0.00>
ST_3 : Operation 278 [1/1] (0.38ns)   --->   "%br_ln138 = br void %if.end.i" [/home/coder/Documents/s2n2/finn-hlslib-lif/mvau.hpp:138->/home/coder/Documents/s2n2/finn-hlslib-lif/fclayer.h:110->/home/coder/Desktop/s2n2/convSNN/fc2full_top.cpp:83]   --->   Operation 278 'br' 'br_ln138' <Predicate = (!icmp_ln131 & icmp_ln134 & trunc_ln123 == 15)> <Delay = 0.38>
ST_3 : Operation 279 [1/1] (0.00ns)   --->   "%store_ln138 = store i1 %inputBuf_65, i1 %inputBuf_14" [/home/coder/Documents/s2n2/finn-hlslib-lif/mvau.hpp:138->/home/coder/Documents/s2n2/finn-hlslib-lif/fclayer.h:110->/home/coder/Desktop/s2n2/convSNN/fc2full_top.cpp:83]   --->   Operation 279 'store' 'store_ln138' <Predicate = (!icmp_ln131 & icmp_ln134 & trunc_ln123 == 14)> <Delay = 0.00>
ST_3 : Operation 280 [1/1] (0.38ns)   --->   "%br_ln138 = br void %if.end.i" [/home/coder/Documents/s2n2/finn-hlslib-lif/mvau.hpp:138->/home/coder/Documents/s2n2/finn-hlslib-lif/fclayer.h:110->/home/coder/Desktop/s2n2/convSNN/fc2full_top.cpp:83]   --->   Operation 280 'br' 'br_ln138' <Predicate = (!icmp_ln131 & icmp_ln134 & trunc_ln123 == 14)> <Delay = 0.38>
ST_3 : Operation 281 [1/1] (0.00ns)   --->   "%store_ln138 = store i1 %inputBuf_65, i1 %inputBuf_13" [/home/coder/Documents/s2n2/finn-hlslib-lif/mvau.hpp:138->/home/coder/Documents/s2n2/finn-hlslib-lif/fclayer.h:110->/home/coder/Desktop/s2n2/convSNN/fc2full_top.cpp:83]   --->   Operation 281 'store' 'store_ln138' <Predicate = (!icmp_ln131 & icmp_ln134 & trunc_ln123 == 13)> <Delay = 0.00>
ST_3 : Operation 282 [1/1] (0.38ns)   --->   "%br_ln138 = br void %if.end.i" [/home/coder/Documents/s2n2/finn-hlslib-lif/mvau.hpp:138->/home/coder/Documents/s2n2/finn-hlslib-lif/fclayer.h:110->/home/coder/Desktop/s2n2/convSNN/fc2full_top.cpp:83]   --->   Operation 282 'br' 'br_ln138' <Predicate = (!icmp_ln131 & icmp_ln134 & trunc_ln123 == 13)> <Delay = 0.38>
ST_3 : Operation 283 [1/1] (0.00ns)   --->   "%store_ln138 = store i1 %inputBuf_65, i1 %inputBuf_12" [/home/coder/Documents/s2n2/finn-hlslib-lif/mvau.hpp:138->/home/coder/Documents/s2n2/finn-hlslib-lif/fclayer.h:110->/home/coder/Desktop/s2n2/convSNN/fc2full_top.cpp:83]   --->   Operation 283 'store' 'store_ln138' <Predicate = (!icmp_ln131 & icmp_ln134 & trunc_ln123 == 12)> <Delay = 0.00>
ST_3 : Operation 284 [1/1] (0.38ns)   --->   "%br_ln138 = br void %if.end.i" [/home/coder/Documents/s2n2/finn-hlslib-lif/mvau.hpp:138->/home/coder/Documents/s2n2/finn-hlslib-lif/fclayer.h:110->/home/coder/Desktop/s2n2/convSNN/fc2full_top.cpp:83]   --->   Operation 284 'br' 'br_ln138' <Predicate = (!icmp_ln131 & icmp_ln134 & trunc_ln123 == 12)> <Delay = 0.38>
ST_3 : Operation 285 [1/1] (0.00ns)   --->   "%store_ln138 = store i1 %inputBuf_65, i1 %inputBuf_11" [/home/coder/Documents/s2n2/finn-hlslib-lif/mvau.hpp:138->/home/coder/Documents/s2n2/finn-hlslib-lif/fclayer.h:110->/home/coder/Desktop/s2n2/convSNN/fc2full_top.cpp:83]   --->   Operation 285 'store' 'store_ln138' <Predicate = (!icmp_ln131 & icmp_ln134 & trunc_ln123 == 11)> <Delay = 0.00>
ST_3 : Operation 286 [1/1] (0.38ns)   --->   "%br_ln138 = br void %if.end.i" [/home/coder/Documents/s2n2/finn-hlslib-lif/mvau.hpp:138->/home/coder/Documents/s2n2/finn-hlslib-lif/fclayer.h:110->/home/coder/Desktop/s2n2/convSNN/fc2full_top.cpp:83]   --->   Operation 286 'br' 'br_ln138' <Predicate = (!icmp_ln131 & icmp_ln134 & trunc_ln123 == 11)> <Delay = 0.38>
ST_3 : Operation 287 [1/1] (0.00ns)   --->   "%store_ln138 = store i1 %inputBuf_65, i1 %inputBuf_10" [/home/coder/Documents/s2n2/finn-hlslib-lif/mvau.hpp:138->/home/coder/Documents/s2n2/finn-hlslib-lif/fclayer.h:110->/home/coder/Desktop/s2n2/convSNN/fc2full_top.cpp:83]   --->   Operation 287 'store' 'store_ln138' <Predicate = (!icmp_ln131 & icmp_ln134 & trunc_ln123 == 10)> <Delay = 0.00>
ST_3 : Operation 288 [1/1] (0.38ns)   --->   "%br_ln138 = br void %if.end.i" [/home/coder/Documents/s2n2/finn-hlslib-lif/mvau.hpp:138->/home/coder/Documents/s2n2/finn-hlslib-lif/fclayer.h:110->/home/coder/Desktop/s2n2/convSNN/fc2full_top.cpp:83]   --->   Operation 288 'br' 'br_ln138' <Predicate = (!icmp_ln131 & icmp_ln134 & trunc_ln123 == 10)> <Delay = 0.38>
ST_3 : Operation 289 [1/1] (0.00ns)   --->   "%store_ln138 = store i1 %inputBuf_65, i1 %inputBuf_9" [/home/coder/Documents/s2n2/finn-hlslib-lif/mvau.hpp:138->/home/coder/Documents/s2n2/finn-hlslib-lif/fclayer.h:110->/home/coder/Desktop/s2n2/convSNN/fc2full_top.cpp:83]   --->   Operation 289 'store' 'store_ln138' <Predicate = (!icmp_ln131 & icmp_ln134 & trunc_ln123 == 9)> <Delay = 0.00>
ST_3 : Operation 290 [1/1] (0.38ns)   --->   "%br_ln138 = br void %if.end.i" [/home/coder/Documents/s2n2/finn-hlslib-lif/mvau.hpp:138->/home/coder/Documents/s2n2/finn-hlslib-lif/fclayer.h:110->/home/coder/Desktop/s2n2/convSNN/fc2full_top.cpp:83]   --->   Operation 290 'br' 'br_ln138' <Predicate = (!icmp_ln131 & icmp_ln134 & trunc_ln123 == 9)> <Delay = 0.38>
ST_3 : Operation 291 [1/1] (0.00ns)   --->   "%store_ln138 = store i1 %inputBuf_65, i1 %inputBuf_8" [/home/coder/Documents/s2n2/finn-hlslib-lif/mvau.hpp:138->/home/coder/Documents/s2n2/finn-hlslib-lif/fclayer.h:110->/home/coder/Desktop/s2n2/convSNN/fc2full_top.cpp:83]   --->   Operation 291 'store' 'store_ln138' <Predicate = (!icmp_ln131 & icmp_ln134 & trunc_ln123 == 8)> <Delay = 0.00>
ST_3 : Operation 292 [1/1] (0.38ns)   --->   "%br_ln138 = br void %if.end.i" [/home/coder/Documents/s2n2/finn-hlslib-lif/mvau.hpp:138->/home/coder/Documents/s2n2/finn-hlslib-lif/fclayer.h:110->/home/coder/Desktop/s2n2/convSNN/fc2full_top.cpp:83]   --->   Operation 292 'br' 'br_ln138' <Predicate = (!icmp_ln131 & icmp_ln134 & trunc_ln123 == 8)> <Delay = 0.38>
ST_3 : Operation 293 [1/1] (0.00ns)   --->   "%store_ln138 = store i1 %inputBuf_65, i1 %inputBuf_7" [/home/coder/Documents/s2n2/finn-hlslib-lif/mvau.hpp:138->/home/coder/Documents/s2n2/finn-hlslib-lif/fclayer.h:110->/home/coder/Desktop/s2n2/convSNN/fc2full_top.cpp:83]   --->   Operation 293 'store' 'store_ln138' <Predicate = (!icmp_ln131 & icmp_ln134 & trunc_ln123 == 7)> <Delay = 0.00>
ST_3 : Operation 294 [1/1] (0.38ns)   --->   "%br_ln138 = br void %if.end.i" [/home/coder/Documents/s2n2/finn-hlslib-lif/mvau.hpp:138->/home/coder/Documents/s2n2/finn-hlslib-lif/fclayer.h:110->/home/coder/Desktop/s2n2/convSNN/fc2full_top.cpp:83]   --->   Operation 294 'br' 'br_ln138' <Predicate = (!icmp_ln131 & icmp_ln134 & trunc_ln123 == 7)> <Delay = 0.38>
ST_3 : Operation 295 [1/1] (0.00ns)   --->   "%store_ln138 = store i1 %inputBuf_65, i1 %inputBuf_6" [/home/coder/Documents/s2n2/finn-hlslib-lif/mvau.hpp:138->/home/coder/Documents/s2n2/finn-hlslib-lif/fclayer.h:110->/home/coder/Desktop/s2n2/convSNN/fc2full_top.cpp:83]   --->   Operation 295 'store' 'store_ln138' <Predicate = (!icmp_ln131 & icmp_ln134 & trunc_ln123 == 6)> <Delay = 0.00>
ST_3 : Operation 296 [1/1] (0.38ns)   --->   "%br_ln138 = br void %if.end.i" [/home/coder/Documents/s2n2/finn-hlslib-lif/mvau.hpp:138->/home/coder/Documents/s2n2/finn-hlslib-lif/fclayer.h:110->/home/coder/Desktop/s2n2/convSNN/fc2full_top.cpp:83]   --->   Operation 296 'br' 'br_ln138' <Predicate = (!icmp_ln131 & icmp_ln134 & trunc_ln123 == 6)> <Delay = 0.38>
ST_3 : Operation 297 [1/1] (0.00ns)   --->   "%store_ln138 = store i1 %inputBuf_65, i1 %inputBuf_5" [/home/coder/Documents/s2n2/finn-hlslib-lif/mvau.hpp:138->/home/coder/Documents/s2n2/finn-hlslib-lif/fclayer.h:110->/home/coder/Desktop/s2n2/convSNN/fc2full_top.cpp:83]   --->   Operation 297 'store' 'store_ln138' <Predicate = (!icmp_ln131 & icmp_ln134 & trunc_ln123 == 5)> <Delay = 0.00>
ST_3 : Operation 298 [1/1] (0.38ns)   --->   "%br_ln138 = br void %if.end.i" [/home/coder/Documents/s2n2/finn-hlslib-lif/mvau.hpp:138->/home/coder/Documents/s2n2/finn-hlslib-lif/fclayer.h:110->/home/coder/Desktop/s2n2/convSNN/fc2full_top.cpp:83]   --->   Operation 298 'br' 'br_ln138' <Predicate = (!icmp_ln131 & icmp_ln134 & trunc_ln123 == 5)> <Delay = 0.38>
ST_3 : Operation 299 [1/1] (0.00ns)   --->   "%store_ln138 = store i1 %inputBuf_65, i1 %inputBuf_4" [/home/coder/Documents/s2n2/finn-hlslib-lif/mvau.hpp:138->/home/coder/Documents/s2n2/finn-hlslib-lif/fclayer.h:110->/home/coder/Desktop/s2n2/convSNN/fc2full_top.cpp:83]   --->   Operation 299 'store' 'store_ln138' <Predicate = (!icmp_ln131 & icmp_ln134 & trunc_ln123 == 4)> <Delay = 0.00>
ST_3 : Operation 300 [1/1] (0.38ns)   --->   "%br_ln138 = br void %if.end.i" [/home/coder/Documents/s2n2/finn-hlslib-lif/mvau.hpp:138->/home/coder/Documents/s2n2/finn-hlslib-lif/fclayer.h:110->/home/coder/Desktop/s2n2/convSNN/fc2full_top.cpp:83]   --->   Operation 300 'br' 'br_ln138' <Predicate = (!icmp_ln131 & icmp_ln134 & trunc_ln123 == 4)> <Delay = 0.38>
ST_3 : Operation 301 [1/1] (0.00ns)   --->   "%store_ln138 = store i1 %inputBuf_65, i1 %inputBuf_3" [/home/coder/Documents/s2n2/finn-hlslib-lif/mvau.hpp:138->/home/coder/Documents/s2n2/finn-hlslib-lif/fclayer.h:110->/home/coder/Desktop/s2n2/convSNN/fc2full_top.cpp:83]   --->   Operation 301 'store' 'store_ln138' <Predicate = (!icmp_ln131 & icmp_ln134 & trunc_ln123 == 3)> <Delay = 0.00>
ST_3 : Operation 302 [1/1] (0.38ns)   --->   "%br_ln138 = br void %if.end.i" [/home/coder/Documents/s2n2/finn-hlslib-lif/mvau.hpp:138->/home/coder/Documents/s2n2/finn-hlslib-lif/fclayer.h:110->/home/coder/Desktop/s2n2/convSNN/fc2full_top.cpp:83]   --->   Operation 302 'br' 'br_ln138' <Predicate = (!icmp_ln131 & icmp_ln134 & trunc_ln123 == 3)> <Delay = 0.38>
ST_3 : Operation 303 [1/1] (0.00ns)   --->   "%store_ln138 = store i1 %inputBuf_65, i1 %inputBuf_2" [/home/coder/Documents/s2n2/finn-hlslib-lif/mvau.hpp:138->/home/coder/Documents/s2n2/finn-hlslib-lif/fclayer.h:110->/home/coder/Desktop/s2n2/convSNN/fc2full_top.cpp:83]   --->   Operation 303 'store' 'store_ln138' <Predicate = (!icmp_ln131 & icmp_ln134 & trunc_ln123 == 2)> <Delay = 0.00>
ST_3 : Operation 304 [1/1] (0.38ns)   --->   "%br_ln138 = br void %if.end.i" [/home/coder/Documents/s2n2/finn-hlslib-lif/mvau.hpp:138->/home/coder/Documents/s2n2/finn-hlslib-lif/fclayer.h:110->/home/coder/Desktop/s2n2/convSNN/fc2full_top.cpp:83]   --->   Operation 304 'br' 'br_ln138' <Predicate = (!icmp_ln131 & icmp_ln134 & trunc_ln123 == 2)> <Delay = 0.38>
ST_3 : Operation 305 [1/1] (0.00ns)   --->   "%store_ln138 = store i1 %inputBuf_65, i1 %inputBuf_1" [/home/coder/Documents/s2n2/finn-hlslib-lif/mvau.hpp:138->/home/coder/Documents/s2n2/finn-hlslib-lif/fclayer.h:110->/home/coder/Desktop/s2n2/convSNN/fc2full_top.cpp:83]   --->   Operation 305 'store' 'store_ln138' <Predicate = (!icmp_ln131 & icmp_ln134 & trunc_ln123 == 1)> <Delay = 0.00>
ST_3 : Operation 306 [1/1] (0.38ns)   --->   "%br_ln138 = br void %if.end.i" [/home/coder/Documents/s2n2/finn-hlslib-lif/mvau.hpp:138->/home/coder/Documents/s2n2/finn-hlslib-lif/fclayer.h:110->/home/coder/Desktop/s2n2/convSNN/fc2full_top.cpp:83]   --->   Operation 306 'br' 'br_ln138' <Predicate = (!icmp_ln131 & icmp_ln134 & trunc_ln123 == 1)> <Delay = 0.38>
ST_3 : Operation 307 [1/1] (0.00ns)   --->   "%store_ln138 = store i1 %inputBuf_65, i1 %inputBuf" [/home/coder/Documents/s2n2/finn-hlslib-lif/mvau.hpp:138->/home/coder/Documents/s2n2/finn-hlslib-lif/fclayer.h:110->/home/coder/Desktop/s2n2/convSNN/fc2full_top.cpp:83]   --->   Operation 307 'store' 'store_ln138' <Predicate = (!icmp_ln131 & icmp_ln134 & trunc_ln123 == 0)> <Delay = 0.00>
ST_3 : Operation 308 [1/1] (0.38ns)   --->   "%br_ln138 = br void %if.end.i" [/home/coder/Documents/s2n2/finn-hlslib-lif/mvau.hpp:138->/home/coder/Documents/s2n2/finn-hlslib-lif/fclayer.h:110->/home/coder/Desktop/s2n2/convSNN/fc2full_top.cpp:83]   --->   Operation 308 'br' 'br_ln138' <Predicate = (!icmp_ln131 & icmp_ln134 & trunc_ln123 == 0)> <Delay = 0.38>
ST_3 : Operation 309 [1/1] (0.00ns)   --->   "%store_ln138 = store i1 %inputBuf_65, i1 %inputBuf_63" [/home/coder/Documents/s2n2/finn-hlslib-lif/mvau.hpp:138->/home/coder/Documents/s2n2/finn-hlslib-lif/fclayer.h:110->/home/coder/Desktop/s2n2/convSNN/fc2full_top.cpp:83]   --->   Operation 309 'store' 'store_ln138' <Predicate = (!icmp_ln131 & icmp_ln134 & trunc_ln123 == 63)> <Delay = 0.00>
ST_3 : Operation 310 [1/1] (0.38ns)   --->   "%br_ln138 = br void %if.end.i" [/home/coder/Documents/s2n2/finn-hlslib-lif/mvau.hpp:138->/home/coder/Documents/s2n2/finn-hlslib-lif/fclayer.h:110->/home/coder/Desktop/s2n2/convSNN/fc2full_top.cpp:83]   --->   Operation 310 'br' 'br_ln138' <Predicate = (!icmp_ln131 & icmp_ln134 & trunc_ln123 == 63)> <Delay = 0.38>
ST_3 : Operation 311 [1/1] (0.00ns)   --->   "%inElem = phi i1 %inElem_1, void %if.else.i, i1 %inputBuf_65, void %arrayidx.i.case.63, i1 %inputBuf_65, void %arrayidx.i.case.61, i1 %inputBuf_65, void %arrayidx.i.case.60, i1 %inputBuf_65, void %arrayidx.i.case.59, i1 %inputBuf_65, void %arrayidx.i.case.58, i1 %inputBuf_65, void %arrayidx.i.case.57, i1 %inputBuf_65, void %arrayidx.i.case.56, i1 %inputBuf_65, void %arrayidx.i.case.55, i1 %inputBuf_65, void %arrayidx.i.case.54, i1 %inputBuf_65, void %arrayidx.i.case.53, i1 %inputBuf_65, void %arrayidx.i.case.52, i1 %inputBuf_65, void %arrayidx.i.case.51, i1 %inputBuf_65, void %arrayidx.i.case.50, i1 %inputBuf_65, void %arrayidx.i.case.49, i1 %inputBuf_65, void %arrayidx.i.case.48, i1 %inputBuf_65, void %arrayidx.i.case.47, i1 %inputBuf_65, void %arrayidx.i.case.46, i1 %inputBuf_65, void %arrayidx.i.case.45, i1 %inputBuf_65, void %arrayidx.i.case.44, i1 %inputBuf_65, void %arrayidx.i.case.43, i1 %inputBuf_65, void %arrayidx.i.case.42, i1 %inputBuf_65, void %arrayidx.i.case.41, i1 %inputBuf_65, void %arrayidx.i.case.40, i1 %inputBuf_65, void %arrayidx.i.case.39, i1 %inputBuf_65, void %arrayidx.i.case.38, i1 %inputBuf_65, void %arrayidx.i.case.37, i1 %inputBuf_65, void %arrayidx.i.case.36, i1 %inputBuf_65, void %arrayidx.i.case.35, i1 %inputBuf_65, void %arrayidx.i.case.34, i1 %inputBuf_65, void %arrayidx.i.case.33, i1 %inputBuf_65, void %arrayidx.i.case.32, i1 %inputBuf_65, void %arrayidx.i.case.31, i1 %inputBuf_65, void %arrayidx.i.case.30, i1 %inputBuf_65, void %arrayidx.i.case.29, i1 %inputBuf_65, void %arrayidx.i.case.28, i1 %inputBuf_65, void %arrayidx.i.case.27, i1 %inputBuf_65, void %arrayidx.i.case.26, i1 %inputBuf_65, void %arrayidx.i.case.25, i1 %inputBuf_65, void %arrayidx.i.case.24, i1 %inputBuf_65, void %arrayidx.i.case.23, i1 %inputBuf_65, void %arrayidx.i.case.22, i1 %inputBuf_65, void %arrayidx.i.case.21, i1 %inputBuf_65, void %arrayidx.i.case.20, i1 %inputBuf_65, void %arrayidx.i.case.19, i1 %inputBuf_65, void %arrayidx.i.case.18, i1 %inputBuf_65, void %arrayidx.i.case.17, i1 %inputBuf_65, void %arrayidx.i.case.16, i1 %inputBuf_65, void %arrayidx.i.case.15, i1 %inputBuf_65, void %arrayidx.i.case.14, i1 %inputBuf_65, void %arrayidx.i.case.13, i1 %inputBuf_65, void %arrayidx.i.case.12, i1 %inputBuf_65, void %arrayidx.i.case.11, i1 %inputBuf_65, void %arrayidx.i.case.10, i1 %inputBuf_65, void %arrayidx.i.case.9, i1 %inputBuf_65, void %arrayidx.i.case.8, i1 %inputBuf_65, void %arrayidx.i.case.7, i1 %inputBuf_65, void %arrayidx.i.case.6, i1 %inputBuf_65, void %arrayidx.i.case.5, i1 %inputBuf_65, void %arrayidx.i.case.4, i1 %inputBuf_65, void %arrayidx.i.case.3, i1 %inputBuf_65, void %arrayidx.i.case.2, i1 %inputBuf_65, void %arrayidx.i.case.1, i1 %inputBuf_65, void %if.then.i.if.end.i_crit_edge, i1 %inputBuf_65, void %if.then.i.if.end.i_crit_edge2"   --->   Operation 311 'phi' 'inElem' <Predicate = true> <Delay = 0.00>
ST_3 : Operation 312 [1/1] (0.00ns)   --->   "%void_Matrix_Vector_Activate_Batch_stream_stream_FixedPointWeightsSp_const_Thr_5 = load i16 %void_Matrix_Vector_Activate_Batch_stream_stream_FixedPointWeightsSp_const_Thr_4" [/home/coder/Documents/s2n2/finn-hlslib-lif/mvau.hpp:153->/home/coder/Documents/s2n2/finn-hlslib-lif/fclayer.h:110->/home/coder/Desktop/s2n2/convSNN/fc2full_top.cpp:83]   --->   Operation 312 'load' 'void_Matrix_Vector_Activate_Batch_stream_stream_FixedPointWeightsSp_const_Thr_5' <Predicate = (icmp_ln149)> <Delay = 0.00>
ST_3 : Operation 313 [1/1] (0.00ns)   --->   "%void_Matrix_Vector_Activate_Batch_stream_stream_FixedPointWeightsSp_const_Thr_6 = load i16 %void_Matrix_Vector_Activate_Batch_stream_stream_FixedPointWeightsSp_const_Thr_3" [/home/coder/Documents/s2n2/finn-hlslib-lif/mvau.hpp:153->/home/coder/Documents/s2n2/finn-hlslib-lif/fclayer.h:110->/home/coder/Desktop/s2n2/convSNN/fc2full_top.cpp:83]   --->   Operation 313 'load' 'void_Matrix_Vector_Activate_Batch_stream_stream_FixedPointWeightsSp_const_Thr_6' <Predicate = (icmp_ln149)> <Delay = 0.00>
ST_3 : Operation 314 [1/1] (0.00ns)   --->   "%void_Matrix_Vector_Activate_Batch_stream_stream_FixedPointWeightsSp_const_Thr_7 = load i16 %void_Matrix_Vector_Activate_Batch_stream_stream_FixedPointWeightsSp_const_Thr_2" [/home/coder/Documents/s2n2/finn-hlslib-lif/mvau.hpp:153->/home/coder/Documents/s2n2/finn-hlslib-lif/fclayer.h:110->/home/coder/Desktop/s2n2/convSNN/fc2full_top.cpp:83]   --->   Operation 314 'load' 'void_Matrix_Vector_Activate_Batch_stream_stream_FixedPointWeightsSp_const_Thr_7' <Predicate = (icmp_ln149)> <Delay = 0.00>
ST_3 : Operation 315 [1/1] (0.00ns)   --->   "%void_Matrix_Vector_Activate_Batch_stream_stream_FixedPointWeightsSp_const_Thr_8 = load i16 %void_Matrix_Vector_Activate_Batch_stream_stream_FixedPointWeightsSp_const_Thr_1" [/home/coder/Documents/s2n2/finn-hlslib-lif/mvau.hpp:153->/home/coder/Documents/s2n2/finn-hlslib-lif/fclayer.h:110->/home/coder/Desktop/s2n2/convSNN/fc2full_top.cpp:83]   --->   Operation 315 'load' 'void_Matrix_Vector_Activate_Batch_stream_stream_FixedPointWeightsSp_const_Thr_8' <Predicate = (icmp_ln149)> <Delay = 0.00>
ST_3 : Operation 316 [1/1] (0.00ns)   --->   "%void_Matrix_Vector_Activate_Batch_stream_stream_FixedPointWeightsSp_const_Thr_9 = load i16 %void_Matrix_Vector_Activate_Batch_stream_stream_FixedPointWeightsSp_const_Thr" [/home/coder/Documents/s2n2/finn-hlslib-lif/mvau.hpp:153->/home/coder/Documents/s2n2/finn-hlslib-lif/fclayer.h:110->/home/coder/Desktop/s2n2/convSNN/fc2full_top.cpp:83]   --->   Operation 316 'load' 'void_Matrix_Vector_Activate_Batch_stream_stream_FixedPointWeightsSp_const_Thr_9' <Predicate = (icmp_ln149)> <Delay = 0.00>
ST_3 : Operation 317 [1/1] (0.48ns)   --->   "%temp = mux i16 @_ssdm_op_Mux.ap_auto.5i16.i3, i16 %void_Matrix_Vector_Activate_Batch_stream_stream_FixedPointWeightsSp_const_Thr_5, i16 %void_Matrix_Vector_Activate_Batch_stream_stream_FixedPointWeightsSp_const_Thr_6, i16 %void_Matrix_Vector_Activate_Batch_stream_stream_FixedPointWeightsSp_const_Thr_7, i16 %void_Matrix_Vector_Activate_Batch_stream_stream_FixedPointWeightsSp_const_Thr_8, i16 %void_Matrix_Vector_Activate_Batch_stream_stream_FixedPointWeightsSp_const_Thr_9, i3 %trunc_ln123_1" [/home/coder/Documents/s2n2/finn-hlslib-lif/mvau.hpp:153->/home/coder/Documents/s2n2/finn-hlslib-lif/fclayer.h:110->/home/coder/Desktop/s2n2/convSNN/fc2full_top.cpp:83]   --->   Operation 317 'mux' 'temp' <Predicate = (icmp_ln149)> <Delay = 0.48> <CoreInst = "Multiplexer">   --->   Core 76 'Multiplexer' <Latency = 0> <II = 1> <Delay = 0.48> <FuncUnit> <Opcode : 'mux'> <InPorts = 2> <OutPorts = 1>
ST_3 : Operation 318 [1/1] (0.00ns)   --->   "%trunc_ln2 = partselect i12 @_ssdm_op_PartSelect.i12.i16.i32.i32, i16 %temp, i32 3, i32 14" [/home/coder/Documents/s2n2/finn-hlslib-lif/mvau.hpp:155->/home/coder/Documents/s2n2/finn-hlslib-lif/fclayer.h:110->/home/coder/Desktop/s2n2/convSNN/fc2full_top.cpp:83]   --->   Operation 318 'partselect' 'trunc_ln2' <Predicate = (icmp_ln149)> <Delay = 0.00>
ST_3 : Operation 319 [1/1] (0.00ns)   --->   "%sext_ln155 = sext i12 %trunc_ln2" [/home/coder/Documents/s2n2/finn-hlslib-lif/mvau.hpp:155->/home/coder/Documents/s2n2/finn-hlslib-lif/fclayer.h:110->/home/coder/Desktop/s2n2/convSNN/fc2full_top.cpp:83]   --->   Operation 319 'sext' 'sext_ln155' <Predicate = (icmp_ln149)> <Delay = 0.00>
ST_3 : Operation 320 [1/1] (0.78ns)   --->   "%temp_1 = sub i16 %temp, i16 %sext_ln155" [/home/coder/Documents/s2n2/finn-hlslib-lif/mvau.hpp:155->/home/coder/Documents/s2n2/finn-hlslib-lif/fclayer.h:110->/home/coder/Desktop/s2n2/convSNN/fc2full_top.cpp:83]   --->   Operation 320 'sub' 'temp_1' <Predicate = (icmp_ln149)> <Delay = 0.78> <CoreInst = "Adder">   --->   Core 1 'Adder' <Latency = 0> <II = 1> <Delay = 0.78> <FuncUnit> <Opcode : 'add' 'sub'> <InPorts = 2> <OutPorts = 1>
ST_3 : Operation 321 [1/1] (0.38ns)   --->   "%store_ln159 = store i16 %temp_1, i16 %conv_i2_i13_i" [/home/coder/Documents/s2n2/finn-hlslib-lif/mvau.hpp:159->/home/coder/Documents/s2n2/finn-hlslib-lif/fclayer.h:110->/home/coder/Desktop/s2n2/convSNN/fc2full_top.cpp:83]   --->   Operation 321 'store' 'store_ln159' <Predicate = (icmp_ln149)> <Delay = 0.38>
ST_3 : Operation 322 [1/1] (0.00ns)   --->   "%br_ln159 = br void %for.body.i.i_ifconv" [/home/coder/Documents/s2n2/finn-hlslib-lif/mvau.hpp:159->/home/coder/Documents/s2n2/finn-hlslib-lif/fclayer.h:110->/home/coder/Desktop/s2n2/convSNN/fc2full_top.cpp:83]   --->   Operation 322 'br' 'br_ln159' <Predicate = (icmp_ln149)> <Delay = 0.00>
ST_3 : Operation 323 [1/1] (0.00ns)   --->   "%conv_i2_i13_i_load = load i16 %conv_i2_i13_i" [/home/coder/Documents/s2n2/finn-hlslib-lif/mvau.hpp:165->/home/coder/Documents/s2n2/finn-hlslib-lif/fclayer.h:110->/home/coder/Desktop/s2n2/convSNN/fc2full_top.cpp:83]   --->   Operation 323 'load' 'conv_i2_i13_i_load' <Predicate = true> <Delay = 0.00>
ST_3 : Operation 324 [1/2] (0.66ns)   --->   "%value = load i9 %fc2_weights_0_addr" [/home/coder/Documents/s2n2/finn-hlslib-lif/weights.hpp:204->/home/coder/Documents/s2n2/finn-hlslib-lif/mvau.hpp:165->/home/coder/Documents/s2n2/finn-hlslib-lif/fclayer.h:110->/home/coder/Desktop/s2n2/convSNN/fc2full_top.cpp:83]   --->   Operation 324 'load' 'value' <Predicate = true> <Delay = 0.66> <CoreInst = "RAM">   --->   Core 83 'RAM' <Latency = 1> <II = 1> <Delay = 0.66> <Storage> <Opcode : 'load' 'store'> <Ports = 2> <Width = 3> <Depth = 320> <RAM>
ST_3 : Operation 325 [1/1] (0.00ns) (grouped into LUT with out node add_ln165)   --->   "%temp_3 = select i1 %inElem, i3 %value, i3 0" [/home/coder/Documents/s2n2/finn-hlslib-lif/mvau.hpp:142->/home/coder/Documents/s2n2/finn-hlslib-lif/fclayer.h:110->/home/coder/Desktop/s2n2/convSNN/fc2full_top.cpp:83]   --->   Operation 325 'select' 'temp_3' <Predicate = true> <Delay = 0.00> <CoreInst = "Sel">   --->   Core 73 'Sel' <Latency = 0> <II = 1> <Delay = 0.27> <FuncUnit> <Opcode : 'select'> <InPorts = 3> <OutPorts = 1>
ST_3 : Operation 326 [1/1] (0.00ns) (grouped into LUT with out node add_ln165)   --->   "%tmp_1 = bitconcatenate i11 @_ssdm_op_BitConcatenate.i11.i3.i8, i3 %temp_3, i8 0" [/home/coder/Documents/s2n2/finn-hlslib-lif/mvau.hpp:165->/home/coder/Documents/s2n2/finn-hlslib-lif/fclayer.h:110->/home/coder/Desktop/s2n2/convSNN/fc2full_top.cpp:83]   --->   Operation 326 'bitconcatenate' 'tmp_1' <Predicate = true> <Delay = 0.00>
ST_3 : Operation 327 [1/1] (0.00ns) (grouped into LUT with out node add_ln165)   --->   "%sext_ln165 = sext i11 %tmp_1" [/home/coder/Documents/s2n2/finn-hlslib-lif/mvau.hpp:165->/home/coder/Documents/s2n2/finn-hlslib-lif/fclayer.h:110->/home/coder/Desktop/s2n2/convSNN/fc2full_top.cpp:83]   --->   Operation 327 'sext' 'sext_ln165' <Predicate = true> <Delay = 0.00>
ST_3 : Operation 328 [1/1] (0.78ns) (out node of the LUT)   --->   "%add_ln165 = add i16 %sext_ln165, i16 %conv_i2_i13_i_load" [/home/coder/Documents/s2n2/finn-hlslib-lif/mvau.hpp:165->/home/coder/Documents/s2n2/finn-hlslib-lif/fclayer.h:110->/home/coder/Desktop/s2n2/convSNN/fc2full_top.cpp:83]   --->   Operation 328 'add' 'add_ln165' <Predicate = true> <Delay = 0.78> <CoreInst = "Adder">   --->   Core 1 'Adder' <Latency = 0> <II = 1> <Delay = 0.78> <FuncUnit> <Opcode : 'add' 'sub'> <InPorts = 2> <OutPorts = 1>
ST_3 : Operation 329 [1/1] (0.78ns)   --->   "%icmp_ln179 = icmp_sgt  i16 %add_ln165, i16 0" [/home/coder/Documents/s2n2/finn-hlslib-lif/mvau.hpp:179->/home/coder/Documents/s2n2/finn-hlslib-lif/fclayer.h:110->/home/coder/Desktop/s2n2/convSNN/fc2full_top.cpp:83]   --->   Operation 329 'icmp' 'icmp_ln179' <Predicate = (icmp_ln172)> <Delay = 0.78> <CoreInst = "Cmp">   --->   Core 9 'Cmp' <Latency = 0> <II = 1> <Delay = 0.78> <FuncUnit> <Opcode : 'icmp'> <InPorts = 2> <OutPorts = 1>
ST_3 : Operation 330 [1/1] (0.00ns)   --->   "%br_ln179 = br i1 %icmp_ln179, void %if.else71.i, void %_ZN8ap_fixedILi16ELi8EL9ap_q_mode5EL9ap_o_mode3ELi0EEC2Ei.exit.i" [/home/coder/Documents/s2n2/finn-hlslib-lif/mvau.hpp:179->/home/coder/Documents/s2n2/finn-hlslib-lif/fclayer.h:110->/home/coder/Desktop/s2n2/convSNN/fc2full_top.cpp:83]   --->   Operation 330 'br' 'br_ln179' <Predicate = (icmp_ln172)> <Delay = 0.00>
ST_3 : Operation 331 [1/1] (0.67ns)   --->   "%switch_ln184 = switch i3 %trunc_ln123_1, void %arrayidx702.i.case.4, i3 0, void %arrayidx702.i.case.0, i3 1, void %arrayidx702.i.case.1, i3 2, void %arrayidx702.i.case.2, i3 3, void %arrayidx702.i.case.3" [/home/coder/Documents/s2n2/finn-hlslib-lif/mvau.hpp:184->/home/coder/Documents/s2n2/finn-hlslib-lif/fclayer.h:110->/home/coder/Desktop/s2n2/convSNN/fc2full_top.cpp:83]   --->   Operation 331 'switch' 'switch_ln184' <Predicate = (icmp_ln172 & !icmp_ln179)> <Delay = 0.67>
ST_3 : Operation 332 [1/1] (0.38ns)   --->   "%store_ln184 = store i16 %add_ln165, i16 %void_Matrix_Vector_Activate_Batch_stream_stream_FixedPointWeightsSp_const_Thr_1" [/home/coder/Documents/s2n2/finn-hlslib-lif/mvau.hpp:184->/home/coder/Documents/s2n2/finn-hlslib-lif/fclayer.h:110->/home/coder/Desktop/s2n2/convSNN/fc2full_top.cpp:83]   --->   Operation 332 'store' 'store_ln184' <Predicate = (icmp_ln172 & !icmp_ln179 & trunc_ln123_1 == 3)> <Delay = 0.38>
ST_3 : Operation 333 [1/1] (0.00ns)   --->   "%br_ln184 = br void %arrayidx702.i.exit" [/home/coder/Documents/s2n2/finn-hlslib-lif/mvau.hpp:184->/home/coder/Documents/s2n2/finn-hlslib-lif/fclayer.h:110->/home/coder/Desktop/s2n2/convSNN/fc2full_top.cpp:83]   --->   Operation 333 'br' 'br_ln184' <Predicate = (icmp_ln172 & !icmp_ln179 & trunc_ln123_1 == 3)> <Delay = 0.00>
ST_3 : Operation 334 [1/1] (0.38ns)   --->   "%store_ln184 = store i16 %add_ln165, i16 %void_Matrix_Vector_Activate_Batch_stream_stream_FixedPointWeightsSp_const_Thr_2" [/home/coder/Documents/s2n2/finn-hlslib-lif/mvau.hpp:184->/home/coder/Documents/s2n2/finn-hlslib-lif/fclayer.h:110->/home/coder/Desktop/s2n2/convSNN/fc2full_top.cpp:83]   --->   Operation 334 'store' 'store_ln184' <Predicate = (icmp_ln172 & !icmp_ln179 & trunc_ln123_1 == 2)> <Delay = 0.38>
ST_3 : Operation 335 [1/1] (0.00ns)   --->   "%br_ln184 = br void %arrayidx702.i.exit" [/home/coder/Documents/s2n2/finn-hlslib-lif/mvau.hpp:184->/home/coder/Documents/s2n2/finn-hlslib-lif/fclayer.h:110->/home/coder/Desktop/s2n2/convSNN/fc2full_top.cpp:83]   --->   Operation 335 'br' 'br_ln184' <Predicate = (icmp_ln172 & !icmp_ln179 & trunc_ln123_1 == 2)> <Delay = 0.00>
ST_3 : Operation 336 [1/1] (0.38ns)   --->   "%store_ln184 = store i16 %add_ln165, i16 %void_Matrix_Vector_Activate_Batch_stream_stream_FixedPointWeightsSp_const_Thr_3" [/home/coder/Documents/s2n2/finn-hlslib-lif/mvau.hpp:184->/home/coder/Documents/s2n2/finn-hlslib-lif/fclayer.h:110->/home/coder/Desktop/s2n2/convSNN/fc2full_top.cpp:83]   --->   Operation 336 'store' 'store_ln184' <Predicate = (icmp_ln172 & !icmp_ln179 & trunc_ln123_1 == 1)> <Delay = 0.38>
ST_3 : Operation 337 [1/1] (0.00ns)   --->   "%br_ln184 = br void %arrayidx702.i.exit" [/home/coder/Documents/s2n2/finn-hlslib-lif/mvau.hpp:184->/home/coder/Documents/s2n2/finn-hlslib-lif/fclayer.h:110->/home/coder/Desktop/s2n2/convSNN/fc2full_top.cpp:83]   --->   Operation 337 'br' 'br_ln184' <Predicate = (icmp_ln172 & !icmp_ln179 & trunc_ln123_1 == 1)> <Delay = 0.00>
ST_3 : Operation 338 [1/1] (0.38ns)   --->   "%store_ln184 = store i16 %add_ln165, i16 %void_Matrix_Vector_Activate_Batch_stream_stream_FixedPointWeightsSp_const_Thr_4" [/home/coder/Documents/s2n2/finn-hlslib-lif/mvau.hpp:184->/home/coder/Documents/s2n2/finn-hlslib-lif/fclayer.h:110->/home/coder/Desktop/s2n2/convSNN/fc2full_top.cpp:83]   --->   Operation 338 'store' 'store_ln184' <Predicate = (icmp_ln172 & !icmp_ln179 & trunc_ln123_1 == 0)> <Delay = 0.38>
ST_3 : Operation 339 [1/1] (0.00ns)   --->   "%br_ln184 = br void %arrayidx702.i.exit" [/home/coder/Documents/s2n2/finn-hlslib-lif/mvau.hpp:184->/home/coder/Documents/s2n2/finn-hlslib-lif/fclayer.h:110->/home/coder/Desktop/s2n2/convSNN/fc2full_top.cpp:83]   --->   Operation 339 'br' 'br_ln184' <Predicate = (icmp_ln172 & !icmp_ln179 & trunc_ln123_1 == 0)> <Delay = 0.00>
ST_3 : Operation 340 [1/1] (0.38ns)   --->   "%store_ln184 = store i16 %add_ln165, i16 %void_Matrix_Vector_Activate_Batch_stream_stream_FixedPointWeightsSp_const_Thr" [/home/coder/Documents/s2n2/finn-hlslib-lif/mvau.hpp:184->/home/coder/Documents/s2n2/finn-hlslib-lif/fclayer.h:110->/home/coder/Desktop/s2n2/convSNN/fc2full_top.cpp:83]   --->   Operation 340 'store' 'store_ln184' <Predicate = (icmp_ln172 & !icmp_ln179 & trunc_ln123_1 != 0 & trunc_ln123_1 != 1 & trunc_ln123_1 != 2 & trunc_ln123_1 != 3)> <Delay = 0.38>
ST_3 : Operation 341 [1/1] (0.00ns)   --->   "%br_ln184 = br void %arrayidx702.i.exit" [/home/coder/Documents/s2n2/finn-hlslib-lif/mvau.hpp:184->/home/coder/Documents/s2n2/finn-hlslib-lif/fclayer.h:110->/home/coder/Desktop/s2n2/convSNN/fc2full_top.cpp:83]   --->   Operation 341 'br' 'br_ln184' <Predicate = (icmp_ln172 & !icmp_ln179 & trunc_ln123_1 != 0 & trunc_ln123_1 != 1 & trunc_ln123_1 != 2 & trunc_ln123_1 != 3)> <Delay = 0.00>
ST_3 : Operation 342 [1/1] (0.38ns)   --->   "%br_ln0 = br void %for.inc83.i"   --->   Operation 342 'br' 'br_ln0' <Predicate = (!icmp_ln131 & icmp_ln172 & !icmp_ln179)> <Delay = 0.38>
ST_3 : Operation 343 [1/1] (0.67ns)   --->   "%switch_ln181 = switch i3 %trunc_ln123_1, void %arrayidx702.i.case.48, i3 0, void %arrayidx702.i.case.04, i3 1, void %arrayidx702.i.case.15, i3 2, void %arrayidx702.i.case.26, i3 3, void %arrayidx702.i.case.37" [/home/coder/Documents/s2n2/finn-hlslib-lif/mvau.hpp:181->/home/coder/Documents/s2n2/finn-hlslib-lif/fclayer.h:110->/home/coder/Desktop/s2n2/convSNN/fc2full_top.cpp:83]   --->   Operation 343 'switch' 'switch_ln181' <Predicate = (icmp_ln172 & icmp_ln179)> <Delay = 0.67>
ST_3 : Operation 344 [1/1] (0.38ns)   --->   "%store_ln181 = store i16 0, i16 %void_Matrix_Vector_Activate_Batch_stream_stream_FixedPointWeightsSp_const_Thr_1" [/home/coder/Documents/s2n2/finn-hlslib-lif/mvau.hpp:181->/home/coder/Documents/s2n2/finn-hlslib-lif/fclayer.h:110->/home/coder/Desktop/s2n2/convSNN/fc2full_top.cpp:83]   --->   Operation 344 'store' 'store_ln181' <Predicate = (icmp_ln172 & icmp_ln179 & trunc_ln123_1 == 3)> <Delay = 0.38>
ST_3 : Operation 345 [1/1] (0.00ns)   --->   "%br_ln181 = br void %arrayidx702.i.exit3" [/home/coder/Documents/s2n2/finn-hlslib-lif/mvau.hpp:181->/home/coder/Documents/s2n2/finn-hlslib-lif/fclayer.h:110->/home/coder/Desktop/s2n2/convSNN/fc2full_top.cpp:83]   --->   Operation 345 'br' 'br_ln181' <Predicate = (icmp_ln172 & icmp_ln179 & trunc_ln123_1 == 3)> <Delay = 0.00>
ST_3 : Operation 346 [1/1] (0.38ns)   --->   "%store_ln181 = store i16 0, i16 %void_Matrix_Vector_Activate_Batch_stream_stream_FixedPointWeightsSp_const_Thr_2" [/home/coder/Documents/s2n2/finn-hlslib-lif/mvau.hpp:181->/home/coder/Documents/s2n2/finn-hlslib-lif/fclayer.h:110->/home/coder/Desktop/s2n2/convSNN/fc2full_top.cpp:83]   --->   Operation 346 'store' 'store_ln181' <Predicate = (icmp_ln172 & icmp_ln179 & trunc_ln123_1 == 2)> <Delay = 0.38>
ST_3 : Operation 347 [1/1] (0.00ns)   --->   "%br_ln181 = br void %arrayidx702.i.exit3" [/home/coder/Documents/s2n2/finn-hlslib-lif/mvau.hpp:181->/home/coder/Documents/s2n2/finn-hlslib-lif/fclayer.h:110->/home/coder/Desktop/s2n2/convSNN/fc2full_top.cpp:83]   --->   Operation 347 'br' 'br_ln181' <Predicate = (icmp_ln172 & icmp_ln179 & trunc_ln123_1 == 2)> <Delay = 0.00>
ST_3 : Operation 348 [1/1] (0.38ns)   --->   "%store_ln181 = store i16 0, i16 %void_Matrix_Vector_Activate_Batch_stream_stream_FixedPointWeightsSp_const_Thr_3" [/home/coder/Documents/s2n2/finn-hlslib-lif/mvau.hpp:181->/home/coder/Documents/s2n2/finn-hlslib-lif/fclayer.h:110->/home/coder/Desktop/s2n2/convSNN/fc2full_top.cpp:83]   --->   Operation 348 'store' 'store_ln181' <Predicate = (icmp_ln172 & icmp_ln179 & trunc_ln123_1 == 1)> <Delay = 0.38>
ST_3 : Operation 349 [1/1] (0.00ns)   --->   "%br_ln181 = br void %arrayidx702.i.exit3" [/home/coder/Documents/s2n2/finn-hlslib-lif/mvau.hpp:181->/home/coder/Documents/s2n2/finn-hlslib-lif/fclayer.h:110->/home/coder/Desktop/s2n2/convSNN/fc2full_top.cpp:83]   --->   Operation 349 'br' 'br_ln181' <Predicate = (icmp_ln172 & icmp_ln179 & trunc_ln123_1 == 1)> <Delay = 0.00>
ST_3 : Operation 350 [1/1] (0.38ns)   --->   "%store_ln181 = store i16 0, i16 %void_Matrix_Vector_Activate_Batch_stream_stream_FixedPointWeightsSp_const_Thr_4" [/home/coder/Documents/s2n2/finn-hlslib-lif/mvau.hpp:181->/home/coder/Documents/s2n2/finn-hlslib-lif/fclayer.h:110->/home/coder/Desktop/s2n2/convSNN/fc2full_top.cpp:83]   --->   Operation 350 'store' 'store_ln181' <Predicate = (icmp_ln172 & icmp_ln179 & trunc_ln123_1 == 0)> <Delay = 0.38>
ST_3 : Operation 351 [1/1] (0.00ns)   --->   "%br_ln181 = br void %arrayidx702.i.exit3" [/home/coder/Documents/s2n2/finn-hlslib-lif/mvau.hpp:181->/home/coder/Documents/s2n2/finn-hlslib-lif/fclayer.h:110->/home/coder/Desktop/s2n2/convSNN/fc2full_top.cpp:83]   --->   Operation 351 'br' 'br_ln181' <Predicate = (icmp_ln172 & icmp_ln179 & trunc_ln123_1 == 0)> <Delay = 0.00>
ST_3 : Operation 352 [1/1] (0.38ns)   --->   "%store_ln181 = store i16 0, i16 %void_Matrix_Vector_Activate_Batch_stream_stream_FixedPointWeightsSp_const_Thr" [/home/coder/Documents/s2n2/finn-hlslib-lif/mvau.hpp:181->/home/coder/Documents/s2n2/finn-hlslib-lif/fclayer.h:110->/home/coder/Desktop/s2n2/convSNN/fc2full_top.cpp:83]   --->   Operation 352 'store' 'store_ln181' <Predicate = (icmp_ln172 & icmp_ln179 & trunc_ln123_1 != 0 & trunc_ln123_1 != 1 & trunc_ln123_1 != 2 & trunc_ln123_1 != 3)> <Delay = 0.38>
ST_3 : Operation 353 [1/1] (0.00ns)   --->   "%br_ln181 = br void %arrayidx702.i.exit3" [/home/coder/Documents/s2n2/finn-hlslib-lif/mvau.hpp:181->/home/coder/Documents/s2n2/finn-hlslib-lif/fclayer.h:110->/home/coder/Desktop/s2n2/convSNN/fc2full_top.cpp:83]   --->   Operation 353 'br' 'br_ln181' <Predicate = (icmp_ln172 & icmp_ln179 & trunc_ln123_1 != 0 & trunc_ln123_1 != 1 & trunc_ln123_1 != 2 & trunc_ln123_1 != 3)> <Delay = 0.00>
ST_3 : Operation 354 [1/1] (0.38ns)   --->   "%br_ln182 = br void %for.inc83.i" [/home/coder/Documents/s2n2/finn-hlslib-lif/mvau.hpp:182->/home/coder/Documents/s2n2/finn-hlslib-lif/fclayer.h:110->/home/coder/Desktop/s2n2/convSNN/fc2full_top.cpp:83]   --->   Operation 354 'br' 'br_ln182' <Predicate = (!icmp_ln131 & icmp_ln172 & icmp_ln179)> <Delay = 0.38>
ST_3 : Operation 355 [1/1] (0.00ns)   --->   "%outElem = phi i1 1, void %arrayidx702.i.exit3, i1 0, void %arrayidx702.i.exit"   --->   Operation 355 'phi' 'outElem' <Predicate = (icmp_ln172)> <Delay = 0.00>
ST_3 : Operation 356 [1/1] (1.48ns)   --->   "%write_ln187 = write void @_ssdm_op_Write.ap_fifo.volatile.i1P0A, i1 %out_stream, i1 %outElem" [/home/coder/Documents/s2n2/finn-hlslib-lif/mvau.hpp:187->/home/coder/Documents/s2n2/finn-hlslib-lif/fclayer.h:110->/home/coder/Desktop/s2n2/convSNN/fc2full_top.cpp:83]   --->   Operation 356 'write' 'write_ln187' <Predicate = (icmp_ln172)> <Delay = 1.48> <CoreInst = "FIFO_SRL">   --->   Core 81 'FIFO_SRL' <Latency = 0> <II = 1> <Delay = 1.48> <Storage> <Opcode : 'read' 'write' 'nbread' 'nbwrite'> <Ports = 0> <Width = 1> <Depth = 16> <FIFO>
ST_3 : Operation 357 [1/1] (0.00ns)   --->   "%br_ln196 = br void %for.inc93.i" [/home/coder/Documents/s2n2/finn-hlslib-lif/mvau.hpp:196->/home/coder/Documents/s2n2/finn-hlslib-lif/fclayer.h:110->/home/coder/Desktop/s2n2/convSNN/fc2full_top.cpp:83]   --->   Operation 357 'br' 'br_ln196' <Predicate = (icmp_ln172)> <Delay = 0.00>
ST_3 : Operation 358 [1/1] (0.38ns)   --->   "%store_ln131 = store i16 %add_ln165, i16 %conv_i2_i13_i" [/home/coder/Documents/s2n2/finn-hlslib-lif/mvau.hpp:131->/home/coder/Documents/s2n2/finn-hlslib-lif/fclayer.h:110->/home/coder/Desktop/s2n2/convSNN/fc2full_top.cpp:83]   --->   Operation 358 'store' 'store_ln131' <Predicate = true> <Delay = 0.38>
ST_3 : Operation 359 [1/1] (0.00ns)   --->   "%br_ln131 = br void %for.body.i" [/home/coder/Documents/s2n2/finn-hlslib-lif/mvau.hpp:131->/home/coder/Documents/s2n2/finn-hlslib-lif/fclayer.h:110->/home/coder/Desktop/s2n2/convSNN/fc2full_top.cpp:83]   --->   Operation 359 'br' 'br_ln131' <Predicate = true> <Delay = 0.00>


============================================================
+ Verbose Summary: Timing violations
============================================================
Target clock period: 10.000ns, clock uncertainty: 2.700ns.

 <State 1>: 0.420ns
The critical path consists of the following:
	'alloca' operation ('tile') [10]  (0.000 ns)
	'store' operation ('store_ln0') of constant 0 on local variable 'tile' [82]  (0.420 ns)

 <State 2>: 2.407ns
The critical path consists of the following:
	'load' operation ('nf', /home/coder/Documents/s2n2/finn-hlslib-lif/mvau.hpp:123->/home/coder/Documents/s2n2/finn-hlslib-lif/fclayer.h:110->/home/coder/Desktop/s2n2/convSNN/fc2full_top.cpp:83) on local variable 'nf' [88]  (0.000 ns)
	'add' operation ('nf', /home/coder/Documents/s2n2/finn-hlslib-lif/mvau.hpp:192->/home/coder/Documents/s2n2/finn-hlslib-lif/fclayer.h:110->/home/coder/Desktop/s2n2/convSNN/fc2full_top.cpp:83) [440]  (0.880 ns)
	'icmp' operation ('icmp_ln192', /home/coder/Documents/s2n2/finn-hlslib-lif/mvau.hpp:192->/home/coder/Documents/s2n2/finn-hlslib-lif/fclayer.h:110->/home/coder/Desktop/s2n2/convSNN/fc2full_top.cpp:83) [441]  (0.880 ns)
	'select' operation ('tile', /home/coder/Documents/s2n2/finn-hlslib-lif/mvau.hpp:192->/home/coder/Documents/s2n2/finn-hlslib-lif/fclayer.h:110->/home/coder/Desktop/s2n2/convSNN/fc2full_top.cpp:83) [443]  (0.227 ns)
	'store' operation ('store_ln196', /home/coder/Documents/s2n2/finn-hlslib-lif/mvau.hpp:196->/home/coder/Documents/s2n2/finn-hlslib-lif/fclayer.h:110->/home/coder/Desktop/s2n2/convSNN/fc2full_top.cpp:83) of variable 'tile', /home/coder/Documents/s2n2/finn-hlslib-lif/mvau.hpp:192->/home/coder/Documents/s2n2/finn-hlslib-lif/fclayer.h:110->/home/coder/Desktop/s2n2/convSNN/fc2full_top.cpp:83 on local variable 'tile' [445]  (0.420 ns)

 <State 3>: 3.768ns
The critical path consists of the following:
	fifo read operation ('inputBuf', /home/coder/Documents/s2n2/finn-hlslib-lif/mvau.hpp:136->/home/coder/Documents/s2n2/finn-hlslib-lif/fclayer.h:110->/home/coder/Desktop/s2n2/convSNN/fc2full_top.cpp:83) on port 'in_stream' (/home/coder/Documents/s2n2/finn-hlslib-lif/mvau.hpp:136->/home/coder/Documents/s2n2/finn-hlslib-lif/fclayer.h:110->/home/coder/Desktop/s2n2/convSNN/fc2full_top.cpp:83) [168]  (1.424 ns)
	multiplexor before 'phi' operation ('inputBuf') with incoming values : ('inElem', /home/coder/Documents/s2n2/finn-hlslib-lif/mvau.hpp:142->/home/coder/Documents/s2n2/finn-hlslib-lif/fclayer.h:110->/home/coder/Desktop/s2n2/convSNN/fc2full_top.cpp:83) ('inputBuf', /home/coder/Documents/s2n2/finn-hlslib-lif/mvau.hpp:136->/home/coder/Documents/s2n2/finn-hlslib-lif/fclayer.h:110->/home/coder/Desktop/s2n2/convSNN/fc2full_top.cpp:83) [363]  (0.387 ns)
	'phi' operation ('inputBuf') with incoming values : ('inElem', /home/coder/Documents/s2n2/finn-hlslib-lif/mvau.hpp:142->/home/coder/Documents/s2n2/finn-hlslib-lif/fclayer.h:110->/home/coder/Desktop/s2n2/convSNN/fc2full_top.cpp:83) ('inputBuf', /home/coder/Documents/s2n2/finn-hlslib-lif/mvau.hpp:136->/home/coder/Documents/s2n2/finn-hlslib-lif/fclayer.h:110->/home/coder/Desktop/s2n2/convSNN/fc2full_top.cpp:83) [363]  (0.000 ns)
	'select' operation ('temp', /home/coder/Documents/s2n2/finn-hlslib-lif/mvau.hpp:142->/home/coder/Documents/s2n2/finn-hlslib-lif/fclayer.h:110->/home/coder/Desktop/s2n2/convSNN/fc2full_top.cpp:83) [384]  (0.000 ns)
	'add' operation ('add_ln165', /home/coder/Documents/s2n2/finn-hlslib-lif/mvau.hpp:165->/home/coder/Documents/s2n2/finn-hlslib-lif/fclayer.h:110->/home/coder/Desktop/s2n2/convSNN/fc2full_top.cpp:83) [387]  (0.785 ns)
	'icmp' operation ('icmp_ln179', /home/coder/Documents/s2n2/finn-hlslib-lif/mvau.hpp:179->/home/coder/Documents/s2n2/finn-hlslib-lif/fclayer.h:110->/home/coder/Desktop/s2n2/convSNN/fc2full_top.cpp:83) [397]  (0.785 ns)
	blocking operation 0.387 ns on control path)


============================================================
+ Verbose Summary: Binding
============================================================
N/A
* FSMD analyzer results:
  - Output states:
 - Input state : 
  - Chain level:
	State 1
	State 2
	State 3


============================================================
+ Verbose Summary: Datapath Resource usage 
============================================================
N/A
