

================================================================
== Vitis HLS Report for 'fc2full_top'
================================================================
* Date:           Thu Apr 30 14:19:01 2026

* Version:        2023.1 (Build 3854077 on May  4 2023)
* Project:        fc2full_prj
* Solution:       xcvu9p-flga2577-2-e (Vivado IP Flow Target)
* Product family: virtexuplus
* Target device:  xcvu9p-flga2577-2-e


================================================================
== Performance Estimates
================================================================
+ Timing: 
    * Summary: 
    +--------+----------+----------+------------+
    |  Clock |  Target  | Estimated| Uncertainty|
    +--------+----------+----------+------------+
    |ap_clk  |  10.00 ns|  3.768 ns|     2.70 ns|
    +--------+----------+----------+------------+

+ Latency: 
    * Summary: 
    +---------+---------+----------+----------+-----+-----+---------+
    |  Latency (cycles) |  Latency (absolute) |  Interval | Pipeline|
    |   min   |   max   |    min   |    max   | min | max |   Type  |
    +---------+---------+----------+----------+-----+-----+---------+
    |      405|      727|  4.050 us|  7.270 us|  406|  728|       no|
    +---------+---------+----------+----------+-----+-----+---------+

    + Detail: 
        * Instance: 
        +--------------------------------------------------+---------------------------------------+---------+---------+-----------+-----------+-----+-----+---------+
        |                                                  |                                       |  Latency (cycles) |   Latency (absolute)  |  Interval | Pipeline|
        |                     Instance                     |                 Module                |   min   |   max   |    min    |    max    | min | max |   Type  |
        +--------------------------------------------------+---------------------------------------+---------+---------+-----------+-----------+-----+-----+---------+
        |grp_load_weights_once_fu_592                      |load_weights_once                      |        1|      323|  10.000 ns|   3.230 us|    1|  323|       no|
        |grp_fc2full_top_Pipeline_VITIS_LOOP_75_1_fu_602   |fc2full_top_Pipeline_VITIS_LOOP_75_1   |       66|       66|   0.660 us|   0.660 us|   66|   66|       no|
        |grp_fc2full_top_Pipeline_VITIS_LOOP_131_1_fu_671  |fc2full_top_Pipeline_VITIS_LOOP_131_1  |      322|      322|   3.220 us|   3.220 us|  322|  322|       no|
        |grp_fc2full_top_Pipeline_VITIS_LOOP_108_2_fu_689  |fc2full_top_Pipeline_VITIS_LOOP_108_2  |        7|        7|  70.000 ns|  70.000 ns|    7|    7|       no|
        +--------------------------------------------------+---------------------------------------+---------+---------+-----------+-----------+-----+-----+---------+

        * Loop: 
        N/A

============================================================
+ Verbose Summary: Synthesis Manager
============================================================
InlineROM: 1
ExposeGlobal: 0
============================================================
+ Verbose Summary: CDFG Model
============================================================
IsTopModel: 1
ResetActiveHigh: 1
IsCombinational: 0
IsDatapathOnly: 0
HasWiredReturn: 1
HasMFsm: 0
HasVarLatency: 1
IsPipeline: 0
IsRtlPipelined: 0
IsInstanceOverlapped: 0
IsDontTouch: 0
HasImplIP: 0
IsGatedGlobalClock: 0


============================================================
+ Verbose Summary: Schedule
============================================================
* Number of FSM states : 10
* Pipeline : 0
* Dataflow Pipeline: 0

* FSM state transitions: 
1 --> 2 
2 --> 3 
3 --> 4 
4 --> 5 
5 --> 6 
6 --> 7 
7 --> 8 
8 --> 9 
9 --> 10 
10 --> 

* FSM state operations: 

State 1 <SV = 0> <Delay = 0.00>
ST_1 : Operation 11 [1/1] (0.00ns)   --->   "%in_stream = alloca i64 1" [/home/coder/Desktop/s2n2/convSNN/fc2full_top.cpp:69]   --->   Operation 11 'alloca' 'in_stream' <Predicate = true> <Delay = 0.00> <CoreInst = "FIFO_SRL">   --->   Core 81 'FIFO_SRL' <Latency = 0> <II = 1> <Delay = 1.42> <Storage> <Opcode : 'read' 'write' 'nbread' 'nbwrite'> <Ports = 0> <Width = 1> <Depth = 128> <FIFO>
ST_1 : Operation 12 [1/1] (0.00ns)   --->   "%out_stream = alloca i64 1" [/home/coder/Desktop/s2n2/convSNN/fc2full_top.cpp:70]   --->   Operation 12 'alloca' 'out_stream' <Predicate = true> <Delay = 0.00> <CoreInst = "FIFO_SRL">   --->   Core 81 'FIFO_SRL' <Latency = 0> <II = 1> <Delay = 1.48> <Storage> <Opcode : 'read' 'write' 'nbread' 'nbwrite'> <Ports = 0> <Width = 1> <Depth = 16> <FIFO>
ST_1 : Operation 13 [2/2] (0.00ns)   --->   "%call_ln67 = call void @load_weights_once, i1 %loaded, i3 %FC2_W, i3 %fc2_weights_0" [/home/coder/Desktop/s2n2/convSNN/fc2full_top.cpp:67]   --->   Operation 13 'call' 'call_ln67' <Predicate = true> <Delay = 0.00> <CoreType = "Generic">   --->   Core 0 '' <Latency = 0> <II = 1> <Delay = 1.00> <Generic> <Opcode : >

State 2 <SV = 1> <Delay = 0.00>
ST_2 : Operation 14 [1/2] (0.00ns)   --->   "%call_ln67 = call void @load_weights_once, i1 %loaded, i3 %FC2_W, i3 %fc2_weights_0" [/home/coder/Desktop/s2n2/convSNN/fc2full_top.cpp:67]   --->   Operation 14 'call' 'call_ln67' <Predicate = true> <Delay = 0.00> <CoreType = "Generic">   --->   Core 0 '' <Latency = 0> <II = 1> <Delay = 1.00> <Generic> <Opcode : >
ST_2 : Operation 15 [1/1] (0.00ns)   --->   "%in_0_read = read i1 @_ssdm_op_Read.ap_auto.i1P0A, i1 %in_0"   --->   Operation 15 'read' 'in_0_read' <Predicate = true> <Delay = 0.00>
ST_2 : Operation 16 [1/1] (0.00ns)   --->   "%in_1_read = read i1 @_ssdm_op_Read.ap_auto.i1P0A, i1 %in_1"   --->   Operation 16 'read' 'in_1_read' <Predicate = true> <Delay = 0.00>
ST_2 : Operation 17 [1/1] (0.00ns)   --->   "%in_2_read = read i1 @_ssdm_op_Read.ap_auto.i1P0A, i1 %in_2"   --->   Operation 17 'read' 'in_2_read' <Predicate = true> <Delay = 0.00>
ST_2 : Operation 18 [1/1] (0.00ns)   --->   "%in_3_read = read i1 @_ssdm_op_Read.ap_auto.i1P0A, i1 %in_3"   --->   Operation 18 'read' 'in_3_read' <Predicate = true> <Delay = 0.00>
ST_2 : Operation 19 [1/1] (0.00ns)   --->   "%in_4_read = read i1 @_ssdm_op_Read.ap_auto.i1P0A, i1 %in_4"   --->   Operation 19 'read' 'in_4_read' <Predicate = true> <Delay = 0.00>
ST_2 : Operation 20 [1/1] (0.00ns)   --->   "%in_5_read = read i1 @_ssdm_op_Read.ap_auto.i1P0A, i1 %in_5"   --->   Operation 20 'read' 'in_5_read' <Predicate = true> <Delay = 0.00>
ST_2 : Operation 21 [1/1] (0.00ns)   --->   "%in_6_read = read i1 @_ssdm_op_Read.ap_auto.i1P0A, i1 %in_6"   --->   Operation 21 'read' 'in_6_read' <Predicate = true> <Delay = 0.00>
ST_2 : Operation 22 [1/1] (0.00ns)   --->   "%in_7_read = read i1 @_ssdm_op_Read.ap_auto.i1P0A, i1 %in_7"   --->   Operation 22 'read' 'in_7_read' <Predicate = true> <Delay = 0.00>
ST_2 : Operation 23 [1/1] (0.00ns)   --->   "%in_8_read = read i1 @_ssdm_op_Read.ap_auto.i1P0A, i1 %in_8"   --->   Operation 23 'read' 'in_8_read' <Predicate = true> <Delay = 0.00>
ST_2 : Operation 24 [1/1] (0.00ns)   --->   "%in_9_read = read i1 @_ssdm_op_Read.ap_auto.i1P0A, i1 %in_9"   --->   Operation 24 'read' 'in_9_read' <Predicate = true> <Delay = 0.00>
ST_2 : Operation 25 [1/1] (0.00ns)   --->   "%in_10_read = read i1 @_ssdm_op_Read.ap_auto.i1P0A, i1 %in_10"   --->   Operation 25 'read' 'in_10_read' <Predicate = true> <Delay = 0.00>
ST_2 : Operation 26 [1/1] (0.00ns)   --->   "%in_11_read = read i1 @_ssdm_op_Read.ap_auto.i1P0A, i1 %in_11"   --->   Operation 26 'read' 'in_11_read' <Predicate = true> <Delay = 0.00>
ST_2 : Operation 27 [1/1] (0.00ns)   --->   "%in_12_read = read i1 @_ssdm_op_Read.ap_auto.i1P0A, i1 %in_12"   --->   Operation 27 'read' 'in_12_read' <Predicate = true> <Delay = 0.00>
ST_2 : Operation 28 [1/1] (0.00ns)   --->   "%in_13_read = read i1 @_ssdm_op_Read.ap_auto.i1P0A, i1 %in_13"   --->   Operation 28 'read' 'in_13_read' <Predicate = true> <Delay = 0.00>
ST_2 : Operation 29 [1/1] (0.00ns)   --->   "%in_14_read = read i1 @_ssdm_op_Read.ap_auto.i1P0A, i1 %in_14"   --->   Operation 29 'read' 'in_14_read' <Predicate = true> <Delay = 0.00>
ST_2 : Operation 30 [1/1] (0.00ns)   --->   "%in_15_read = read i1 @_ssdm_op_Read.ap_auto.i1P0A, i1 %in_15"   --->   Operation 30 'read' 'in_15_read' <Predicate = true> <Delay = 0.00>
ST_2 : Operation 31 [1/1] (0.00ns)   --->   "%in_16_read = read i1 @_ssdm_op_Read.ap_auto.i1P0A, i1 %in_16"   --->   Operation 31 'read' 'in_16_read' <Predicate = true> <Delay = 0.00>
ST_2 : Operation 32 [1/1] (0.00ns)   --->   "%in_17_read = read i1 @_ssdm_op_Read.ap_auto.i1P0A, i1 %in_17"   --->   Operation 32 'read' 'in_17_read' <Predicate = true> <Delay = 0.00>
ST_2 : Operation 33 [1/1] (0.00ns)   --->   "%in_18_read = read i1 @_ssdm_op_Read.ap_auto.i1P0A, i1 %in_18"   --->   Operation 33 'read' 'in_18_read' <Predicate = true> <Delay = 0.00>
ST_2 : Operation 34 [1/1] (0.00ns)   --->   "%in_19_read = read i1 @_ssdm_op_Read.ap_auto.i1P0A, i1 %in_19"   --->   Operation 34 'read' 'in_19_read' <Predicate = true> <Delay = 0.00>
ST_2 : Operation 35 [1/1] (0.00ns)   --->   "%in_20_read = read i1 @_ssdm_op_Read.ap_auto.i1P0A, i1 %in_20"   --->   Operation 35 'read' 'in_20_read' <Predicate = true> <Delay = 0.00>
ST_2 : Operation 36 [1/1] (0.00ns)   --->   "%in_21_read = read i1 @_ssdm_op_Read.ap_auto.i1P0A, i1 %in_21"   --->   Operation 36 'read' 'in_21_read' <Predicate = true> <Delay = 0.00>
ST_2 : Operation 37 [1/1] (0.00ns)   --->   "%in_22_read = read i1 @_ssdm_op_Read.ap_auto.i1P0A, i1 %in_22"   --->   Operation 37 'read' 'in_22_read' <Predicate = true> <Delay = 0.00>
ST_2 : Operation 38 [1/1] (0.00ns)   --->   "%in_23_read = read i1 @_ssdm_op_Read.ap_auto.i1P0A, i1 %in_23"   --->   Operation 38 'read' 'in_23_read' <Predicate = true> <Delay = 0.00>
ST_2 : Operation 39 [1/1] (0.00ns)   --->   "%in_24_read = read i1 @_ssdm_op_Read.ap_auto.i1P0A, i1 %in_24"   --->   Operation 39 'read' 'in_24_read' <Predicate = true> <Delay = 0.00>
ST_2 : Operation 40 [1/1] (0.00ns)   --->   "%in_25_read = read i1 @_ssdm_op_Read.ap_auto.i1P0A, i1 %in_25"   --->   Operation 40 'read' 'in_25_read' <Predicate = true> <Delay = 0.00>
ST_2 : Operation 41 [1/1] (0.00ns)   --->   "%in_26_read = read i1 @_ssdm_op_Read.ap_auto.i1P0A, i1 %in_26"   --->   Operation 41 'read' 'in_26_read' <Predicate = true> <Delay = 0.00>
ST_2 : Operation 42 [1/1] (0.00ns)   --->   "%in_27_read = read i1 @_ssdm_op_Read.ap_auto.i1P0A, i1 %in_27"   --->   Operation 42 'read' 'in_27_read' <Predicate = true> <Delay = 0.00>
ST_2 : Operation 43 [1/1] (0.00ns)   --->   "%in_28_read = read i1 @_ssdm_op_Read.ap_auto.i1P0A, i1 %in_28"   --->   Operation 43 'read' 'in_28_read' <Predicate = true> <Delay = 0.00>
ST_2 : Operation 44 [1/1] (0.00ns)   --->   "%in_29_read = read i1 @_ssdm_op_Read.ap_auto.i1P0A, i1 %in_29"   --->   Operation 44 'read' 'in_29_read' <Predicate = true> <Delay = 0.00>
ST_2 : Operation 45 [1/1] (0.00ns)   --->   "%in_30_read = read i1 @_ssdm_op_Read.ap_auto.i1P0A, i1 %in_30"   --->   Operation 45 'read' 'in_30_read' <Predicate = true> <Delay = 0.00>
ST_2 : Operation 46 [1/1] (0.00ns)   --->   "%in_31_read = read i1 @_ssdm_op_Read.ap_auto.i1P0A, i1 %in_31"   --->   Operation 46 'read' 'in_31_read' <Predicate = true> <Delay = 0.00>
ST_2 : Operation 47 [1/1] (0.00ns)   --->   "%in_32_read = read i1 @_ssdm_op_Read.ap_auto.i1P0A, i1 %in_32"   --->   Operation 47 'read' 'in_32_read' <Predicate = true> <Delay = 0.00>
ST_2 : Operation 48 [1/1] (0.00ns)   --->   "%in_33_read = read i1 @_ssdm_op_Read.ap_auto.i1P0A, i1 %in_33"   --->   Operation 48 'read' 'in_33_read' <Predicate = true> <Delay = 0.00>
ST_2 : Operation 49 [1/1] (0.00ns)   --->   "%in_34_read = read i1 @_ssdm_op_Read.ap_auto.i1P0A, i1 %in_34"   --->   Operation 49 'read' 'in_34_read' <Predicate = true> <Delay = 0.00>
ST_2 : Operation 50 [1/1] (0.00ns)   --->   "%in_35_read = read i1 @_ssdm_op_Read.ap_auto.i1P0A, i1 %in_35"   --->   Operation 50 'read' 'in_35_read' <Predicate = true> <Delay = 0.00>
ST_2 : Operation 51 [1/1] (0.00ns)   --->   "%in_36_read = read i1 @_ssdm_op_Read.ap_auto.i1P0A, i1 %in_36"   --->   Operation 51 'read' 'in_36_read' <Predicate = true> <Delay = 0.00>
ST_2 : Operation 52 [1/1] (0.00ns)   --->   "%in_37_read = read i1 @_ssdm_op_Read.ap_auto.i1P0A, i1 %in_37"   --->   Operation 52 'read' 'in_37_read' <Predicate = true> <Delay = 0.00>
ST_2 : Operation 53 [1/1] (0.00ns)   --->   "%in_38_read = read i1 @_ssdm_op_Read.ap_auto.i1P0A, i1 %in_38"   --->   Operation 53 'read' 'in_38_read' <Predicate = true> <Delay = 0.00>
ST_2 : Operation 54 [1/1] (0.00ns)   --->   "%in_39_read = read i1 @_ssdm_op_Read.ap_auto.i1P0A, i1 %in_39"   --->   Operation 54 'read' 'in_39_read' <Predicate = true> <Delay = 0.00>
ST_2 : Operation 55 [1/1] (0.00ns)   --->   "%in_40_read = read i1 @_ssdm_op_Read.ap_auto.i1P0A, i1 %in_40"   --->   Operation 55 'read' 'in_40_read' <Predicate = true> <Delay = 0.00>
ST_2 : Operation 56 [1/1] (0.00ns)   --->   "%in_41_read = read i1 @_ssdm_op_Read.ap_auto.i1P0A, i1 %in_41"   --->   Operation 56 'read' 'in_41_read' <Predicate = true> <Delay = 0.00>
ST_2 : Operation 57 [1/1] (0.00ns)   --->   "%in_42_read = read i1 @_ssdm_op_Read.ap_auto.i1P0A, i1 %in_42"   --->   Operation 57 'read' 'in_42_read' <Predicate = true> <Delay = 0.00>
ST_2 : Operation 58 [1/1] (0.00ns)   --->   "%in_43_read = read i1 @_ssdm_op_Read.ap_auto.i1P0A, i1 %in_43"   --->   Operation 58 'read' 'in_43_read' <Predicate = true> <Delay = 0.00>
ST_2 : Operation 59 [1/1] (0.00ns)   --->   "%in_44_read = read i1 @_ssdm_op_Read.ap_auto.i1P0A, i1 %in_44"   --->   Operation 59 'read' 'in_44_read' <Predicate = true> <Delay = 0.00>
ST_2 : Operation 60 [1/1] (0.00ns)   --->   "%in_45_read = read i1 @_ssdm_op_Read.ap_auto.i1P0A, i1 %in_45"   --->   Operation 60 'read' 'in_45_read' <Predicate = true> <Delay = 0.00>
ST_2 : Operation 61 [1/1] (0.00ns)   --->   "%in_46_read = read i1 @_ssdm_op_Read.ap_auto.i1P0A, i1 %in_46"   --->   Operation 61 'read' 'in_46_read' <Predicate = true> <Delay = 0.00>
ST_2 : Operation 62 [1/1] (0.00ns)   --->   "%in_47_read = read i1 @_ssdm_op_Read.ap_auto.i1P0A, i1 %in_47"   --->   Operation 62 'read' 'in_47_read' <Predicate = true> <Delay = 0.00>
ST_2 : Operation 63 [1/1] (0.00ns)   --->   "%in_48_read = read i1 @_ssdm_op_Read.ap_auto.i1P0A, i1 %in_48"   --->   Operation 63 'read' 'in_48_read' <Predicate = true> <Delay = 0.00>
ST_2 : Operation 64 [1/1] (0.00ns)   --->   "%in_49_read = read i1 @_ssdm_op_Read.ap_auto.i1P0A, i1 %in_49"   --->   Operation 64 'read' 'in_49_read' <Predicate = true> <Delay = 0.00>
ST_2 : Operation 65 [1/1] (0.00ns)   --->   "%in_50_read = read i1 @_ssdm_op_Read.ap_auto.i1P0A, i1 %in_50"   --->   Operation 65 'read' 'in_50_read' <Predicate = true> <Delay = 0.00>
ST_2 : Operation 66 [1/1] (0.00ns)   --->   "%in_51_read = read i1 @_ssdm_op_Read.ap_auto.i1P0A, i1 %in_51"   --->   Operation 66 'read' 'in_51_read' <Predicate = true> <Delay = 0.00>
ST_2 : Operation 67 [1/1] (0.00ns)   --->   "%in_52_read = read i1 @_ssdm_op_Read.ap_auto.i1P0A, i1 %in_52"   --->   Operation 67 'read' 'in_52_read' <Predicate = true> <Delay = 0.00>
ST_2 : Operation 68 [1/1] (0.00ns)   --->   "%in_53_read = read i1 @_ssdm_op_Read.ap_auto.i1P0A, i1 %in_53"   --->   Operation 68 'read' 'in_53_read' <Predicate = true> <Delay = 0.00>
ST_2 : Operation 69 [1/1] (0.00ns)   --->   "%in_54_read = read i1 @_ssdm_op_Read.ap_auto.i1P0A, i1 %in_54"   --->   Operation 69 'read' 'in_54_read' <Predicate = true> <Delay = 0.00>
ST_2 : Operation 70 [1/1] (0.00ns)   --->   "%in_55_read = read i1 @_ssdm_op_Read.ap_auto.i1P0A, i1 %in_55"   --->   Operation 70 'read' 'in_55_read' <Predicate = true> <Delay = 0.00>
ST_2 : Operation 71 [1/1] (0.00ns)   --->   "%in_56_read = read i1 @_ssdm_op_Read.ap_auto.i1P0A, i1 %in_56"   --->   Operation 71 'read' 'in_56_read' <Predicate = true> <Delay = 0.00>
ST_2 : Operation 72 [1/1] (0.00ns)   --->   "%in_57_read = read i1 @_ssdm_op_Read.ap_auto.i1P0A, i1 %in_57"   --->   Operation 72 'read' 'in_57_read' <Predicate = true> <Delay = 0.00>
ST_2 : Operation 73 [1/1] (0.00ns)   --->   "%in_58_read = read i1 @_ssdm_op_Read.ap_auto.i1P0A, i1 %in_58"   --->   Operation 73 'read' 'in_58_read' <Predicate = true> <Delay = 0.00>
ST_2 : Operation 74 [1/1] (0.00ns)   --->   "%in_59_read = read i1 @_ssdm_op_Read.ap_auto.i1P0A, i1 %in_59"   --->   Operation 74 'read' 'in_59_read' <Predicate = true> <Delay = 0.00>
ST_2 : Operation 75 [1/1] (0.00ns)   --->   "%in_60_read = read i1 @_ssdm_op_Read.ap_auto.i1P0A, i1 %in_60"   --->   Operation 75 'read' 'in_60_read' <Predicate = true> <Delay = 0.00>
ST_2 : Operation 76 [1/1] (0.00ns)   --->   "%in_61_read = read i1 @_ssdm_op_Read.ap_auto.i1P0A, i1 %in_61"   --->   Operation 76 'read' 'in_61_read' <Predicate = true> <Delay = 0.00>
ST_2 : Operation 77 [1/1] (0.00ns)   --->   "%in_62_read = read i1 @_ssdm_op_Read.ap_auto.i1P0A, i1 %in_62"   --->   Operation 77 'read' 'in_62_read' <Predicate = true> <Delay = 0.00>
ST_2 : Operation 78 [1/1] (0.00ns)   --->   "%in_63_read = read i1 @_ssdm_op_Read.ap_auto.i1P0A, i1 %in_63"   --->   Operation 78 'read' 'in_63_read' <Predicate = true> <Delay = 0.00>

State 3 <SV = 2> <Delay = 0.75>
ST_3 : Operation 79 [1/1] (0.00ns)   --->   "%empty_14 = wait i32 @_ssdm_op_Wait"   --->   Operation 79 'wait' 'empty_14' <Predicate = true> <Delay = 0.00>
ST_3 : Operation 80 [2/2] (0.75ns)   --->   "%call_ln0 = call void @fc2full_top_Pipeline_VITIS_LOOP_75_1, i1 %in_0_read, i1 %in_1_read, i1 %in_2_read, i1 %in_3_read, i1 %in_4_read, i1 %in_5_read, i1 %in_6_read, i1 %in_7_read, i1 %in_8_read, i1 %in_9_read, i1 %in_10_read, i1 %in_11_read, i1 %in_12_read, i1 %in_13_read, i1 %in_14_read, i1 %in_15_read, i1 %in_16_read, i1 %in_17_read, i1 %in_18_read, i1 %in_19_read, i1 %in_20_read, i1 %in_21_read, i1 %in_22_read, i1 %in_23_read, i1 %in_24_read, i1 %in_25_read, i1 %in_26_read, i1 %in_27_read, i1 %in_28_read, i1 %in_29_read, i1 %in_30_read, i1 %in_31_read, i1 %in_32_read, i1 %in_33_read, i1 %in_34_read, i1 %in_35_read, i1 %in_36_read, i1 %in_37_read, i1 %in_38_read, i1 %in_39_read, i1 %in_40_read, i1 %in_41_read, i1 %in_42_read, i1 %in_43_read, i1 %in_44_read, i1 %in_45_read, i1 %in_46_read, i1 %in_47_read, i1 %in_48_read, i1 %in_49_read, i1 %in_50_read, i1 %in_51_read, i1 %in_52_read, i1 %in_53_read, i1 %in_54_read, i1 %in_55_read, i1 %in_56_read, i1 %in_57_read, i1 %in_58_read, i1 %in_59_read, i1 %in_60_read, i1 %in_61_read, i1 %in_62_read, i1 %in_63_read, i1 %in_stream"   --->   Operation 80 'call' 'call_ln0' <Predicate = true> <Delay = 0.75> <CoreType = "Generic">   --->   Core 0 '' <Latency = 0> <II = 1> <Delay = 1.00> <Generic> <Opcode : >

State 4 <SV = 3> <Delay = 0.00>
ST_4 : Operation 81 [1/2] (0.00ns)   --->   "%call_ln0 = call void @fc2full_top_Pipeline_VITIS_LOOP_75_1, i1 %in_0_read, i1 %in_1_read, i1 %in_2_read, i1 %in_3_read, i1 %in_4_read, i1 %in_5_read, i1 %in_6_read, i1 %in_7_read, i1 %in_8_read, i1 %in_9_read, i1 %in_10_read, i1 %in_11_read, i1 %in_12_read, i1 %in_13_read, i1 %in_14_read, i1 %in_15_read, i1 %in_16_read, i1 %in_17_read, i1 %in_18_read, i1 %in_19_read, i1 %in_20_read, i1 %in_21_read, i1 %in_22_read, i1 %in_23_read, i1 %in_24_read, i1 %in_25_read, i1 %in_26_read, i1 %in_27_read, i1 %in_28_read, i1 %in_29_read, i1 %in_30_read, i1 %in_31_read, i1 %in_32_read, i1 %in_33_read, i1 %in_34_read, i1 %in_35_read, i1 %in_36_read, i1 %in_37_read, i1 %in_38_read, i1 %in_39_read, i1 %in_40_read, i1 %in_41_read, i1 %in_42_read, i1 %in_43_read, i1 %in_44_read, i1 %in_45_read, i1 %in_46_read, i1 %in_47_read, i1 %in_48_read, i1 %in_49_read, i1 %in_50_read, i1 %in_51_read, i1 %in_52_read, i1 %in_53_read, i1 %in_54_read, i1 %in_55_read, i1 %in_56_read, i1 %in_57_read, i1 %in_58_read, i1 %in_59_read, i1 %in_60_read, i1 %in_61_read, i1 %in_62_read, i1 %in_63_read, i1 %in_stream"   --->   Operation 81 'call' 'call_ln0' <Predicate = true> <Delay = 0.00> <CoreType = "Generic">   --->   Core 0 '' <Latency = 0> <II = 1> <Delay = 1.00> <Generic> <Opcode : >

State 5 <SV = 4> <Delay = 0.00>
ST_5 : Operation 82 [1/1] (0.00ns)   --->   "%empty_15 = wait i32 @_ssdm_op_Wait"   --->   Operation 82 'wait' 'empty_15' <Predicate = true> <Delay = 0.00>

State 6 <SV = 5> <Delay = 0.00>
ST_6 : Operation 83 [1/1] (0.00ns)   --->   "%empty_16 = wait i32 @_ssdm_op_Wait"   --->   Operation 83 'wait' 'empty_16' <Predicate = true> <Delay = 0.00>
ST_6 : Operation 84 [2/2] (0.00ns)   --->   "%call_ln0 = call void @fc2full_top_Pipeline_VITIS_LOOP_131_1, i1 %in_stream, i1 %out_stream, i3 %fc2_weights_0, i16 %void_Matrix_Vector_Activate_Batch_stream_stream_FixedPointWeightsSp_const_Thr_4, i16 %void_Matrix_Vector_Activate_Batch_stream_stream_FixedPointWeightsSp_const_Thr_3, i16 %void_Matrix_Vector_Activate_Batch_stream_stream_FixedPointWeightsSp_const_Thr_2, i16 %void_Matrix_Vector_Activate_Batch_stream_stream_FixedPointWeightsSp_const_Thr_1, i16 %void_Matrix_Vector_Activate_Batch_stream_stream_FixedPointWeightsSp_const_Thr"   --->   Operation 84 'call' 'call_ln0' <Predicate = true> <Delay = 0.00> <CoreType = "Generic">   --->   Core 0 '' <Latency = 0> <II = 1> <Delay = 1.00> <Generic> <Opcode : >

State 7 <SV = 6> <Delay = 0.00>
ST_7 : Operation 85 [1/2] (0.00ns)   --->   "%call_ln0 = call void @fc2full_top_Pipeline_VITIS_LOOP_131_1, i1 %in_stream, i1 %out_stream, i3 %fc2_weights_0, i16 %void_Matrix_Vector_Activate_Batch_stream_stream_FixedPointWeightsSp_const_Thr_4, i16 %void_Matrix_Vector_Activate_Batch_stream_stream_FixedPointWeightsSp_const_Thr_3, i16 %void_Matrix_Vector_Activate_Batch_stream_stream_FixedPointWeightsSp_const_Thr_2, i16 %void_Matrix_Vector_Activate_Batch_stream_stream_FixedPointWeightsSp_const_Thr_1, i16 %void_Matrix_Vector_Activate_Batch_stream_stream_FixedPointWeightsSp_const_Thr"   --->   Operation 85 'call' 'call_ln0' <Predicate = true> <Delay = 0.00> <CoreType = "Generic">   --->   Core 0 '' <Latency = 0> <II = 1> <Delay = 1.00> <Generic> <Opcode : >

State 8 <SV = 7> <Delay = 0.00>
ST_8 : Operation 86 [1/1] (0.00ns)   --->   "%empty_17 = wait i32 @_ssdm_op_Wait"   --->   Operation 86 'wait' 'empty_17' <Predicate = true> <Delay = 0.00>

State 9 <SV = 8> <Delay = 0.00>
ST_9 : Operation 87 [1/1] (0.00ns)   --->   "%empty_18 = wait i32 @_ssdm_op_Wait"   --->   Operation 87 'wait' 'empty_18' <Predicate = true> <Delay = 0.00>
ST_9 : Operation 88 [2/2] (0.00ns)   --->   "%call_ln0 = call void @fc2full_top_Pipeline_VITIS_LOOP_108_2, i1 %out_0, i1 %out_4, i1 %out_3, i1 %out_2, i1 %out_1, i1 %out_stream"   --->   Operation 88 'call' 'call_ln0' <Predicate = true> <Delay = 0.00> <CoreType = "Generic">   --->   Core 0 '' <Latency = 0> <II = 1> <Delay = 1.00> <Generic> <Opcode : >

State 10 <SV = 9> <Delay = 1.48>
ST_10 : Operation 89 [1/1] (0.00ns)   --->   "%spectopmodule_ln63 = spectopmodule void @_ssdm_op_SpecTopModule, void @empty_6" [/home/coder/Desktop/s2n2/convSNN/fc2full_top.cpp:63]   --->   Operation 89 'spectopmodule' 'spectopmodule_ln63' <Predicate = true> <Delay = 0.00>
ST_10 : Operation 90 [1/1] (0.00ns)   --->   "%specbitsmap_ln0 = specbitsmap void @_ssdm_op_SpecBitsMap, i1 %in_0"   --->   Operation 90 'specbitsmap' 'specbitsmap_ln0' <Predicate = true> <Delay = 0.00>
ST_10 : Operation 91 [1/1] (0.00ns)   --->   "%specinterface_ln0 = specinterface void @_ssdm_op_SpecInterface, i1 %in_0, void @empty_0, i32 0, i32 0, void @empty, i32 0, i32 0, void @empty, void @empty, void @empty, i32 0, i32 0, i32 0, i32 0, void @empty, void @empty, i32 4294967295, i32 0"   --->   Operation 91 'specinterface' 'specinterface_ln0' <Predicate = true> <Delay = 0.00>
ST_10 : Operation 92 [1/1] (0.00ns)   --->   "%specbitsmap_ln0 = specbitsmap void @_ssdm_op_SpecBitsMap, i1 %in_1"   --->   Operation 92 'specbitsmap' 'specbitsmap_ln0' <Predicate = true> <Delay = 0.00>
ST_10 : Operation 93 [1/1] (0.00ns)   --->   "%specinterface_ln0 = specinterface void @_ssdm_op_SpecInterface, i1 %in_1, void @empty_0, i32 0, i32 0, void @empty, i32 0, i32 0, void @empty, void @empty, void @empty, i32 0, i32 0, i32 0, i32 0, void @empty, void @empty, i32 4294967295, i32 0"   --->   Operation 93 'specinterface' 'specinterface_ln0' <Predicate = true> <Delay = 0.00>
ST_10 : Operation 94 [1/1] (0.00ns)   --->   "%specbitsmap_ln0 = specbitsmap void @_ssdm_op_SpecBitsMap, i1 %in_2"   --->   Operation 94 'specbitsmap' 'specbitsmap_ln0' <Predicate = true> <Delay = 0.00>
ST_10 : Operation 95 [1/1] (0.00ns)   --->   "%specinterface_ln0 = specinterface void @_ssdm_op_SpecInterface, i1 %in_2, void @empty_0, i32 0, i32 0, void @empty, i32 0, i32 0, void @empty, void @empty, void @empty, i32 0, i32 0, i32 0, i32 0, void @empty, void @empty, i32 4294967295, i32 0"   --->   Operation 95 'specinterface' 'specinterface_ln0' <Predicate = true> <Delay = 0.00>
ST_10 : Operation 96 [1/1] (0.00ns)   --->   "%specbitsmap_ln0 = specbitsmap void @_ssdm_op_SpecBitsMap, i1 %in_3"   --->   Operation 96 'specbitsmap' 'specbitsmap_ln0' <Predicate = true> <Delay = 0.00>
ST_10 : Operation 97 [1/1] (0.00ns)   --->   "%specinterface_ln0 = specinterface void @_ssdm_op_SpecInterface, i1 %in_3, void @empty_0, i32 0, i32 0, void @empty, i32 0, i32 0, void @empty, void @empty, void @empty, i32 0, i32 0, i32 0, i32 0, void @empty, void @empty, i32 4294967295, i32 0"   --->   Operation 97 'specinterface' 'specinterface_ln0' <Predicate = true> <Delay = 0.00>
ST_10 : Operation 98 [1/1] (0.00ns)   --->   "%specbitsmap_ln0 = specbitsmap void @_ssdm_op_SpecBitsMap, i1 %in_4"   --->   Operation 98 'specbitsmap' 'specbitsmap_ln0' <Predicate = true> <Delay = 0.00>
ST_10 : Operation 99 [1/1] (0.00ns)   --->   "%specinterface_ln0 = specinterface void @_ssdm_op_SpecInterface, i1 %in_4, void @empty_0, i32 0, i32 0, void @empty, i32 0, i32 0, void @empty, void @empty, void @empty, i32 0, i32 0, i32 0, i32 0, void @empty, void @empty, i32 4294967295, i32 0"   --->   Operation 99 'specinterface' 'specinterface_ln0' <Predicate = true> <Delay = 0.00>
ST_10 : Operation 100 [1/1] (0.00ns)   --->   "%specbitsmap_ln0 = specbitsmap void @_ssdm_op_SpecBitsMap, i1 %in_5"   --->   Operation 100 'specbitsmap' 'specbitsmap_ln0' <Predicate = true> <Delay = 0.00>
ST_10 : Operation 101 [1/1] (0.00ns)   --->   "%specinterface_ln0 = specinterface void @_ssdm_op_SpecInterface, i1 %in_5, void @empty_0, i32 0, i32 0, void @empty, i32 0, i32 0, void @empty, void @empty, void @empty, i32 0, i32 0, i32 0, i32 0, void @empty, void @empty, i32 4294967295, i32 0"   --->   Operation 101 'specinterface' 'specinterface_ln0' <Predicate = true> <Delay = 0.00>
ST_10 : Operation 102 [1/1] (0.00ns)   --->   "%specbitsmap_ln0 = specbitsmap void @_ssdm_op_SpecBitsMap, i1 %in_6"   --->   Operation 102 'specbitsmap' 'specbitsmap_ln0' <Predicate = true> <Delay = 0.00>
ST_10 : Operation 103 [1/1] (0.00ns)   --->   "%specinterface_ln0 = specinterface void @_ssdm_op_SpecInterface, i1 %in_6, void @empty_0, i32 0, i32 0, void @empty, i32 0, i32 0, void @empty, void @empty, void @empty, i32 0, i32 0, i32 0, i32 0, void @empty, void @empty, i32 4294967295, i32 0"   --->   Operation 103 'specinterface' 'specinterface_ln0' <Predicate = true> <Delay = 0.00>
ST_10 : Operation 104 [1/1] (0.00ns)   --->   "%specbitsmap_ln0 = specbitsmap void @_ssdm_op_SpecBitsMap, i1 %in_7"   --->   Operation 104 'specbitsmap' 'specbitsmap_ln0' <Predicate = true> <Delay = 0.00>
ST_10 : Operation 105 [1/1] (0.00ns)   --->   "%specinterface_ln0 = specinterface void @_ssdm_op_SpecInterface, i1 %in_7, void @empty_0, i32 0, i32 0, void @empty, i32 0, i32 0, void @empty, void @empty, void @empty, i32 0, i32 0, i32 0, i32 0, void @empty, void @empty, i32 4294967295, i32 0"   --->   Operation 105 'specinterface' 'specinterface_ln0' <Predicate = true> <Delay = 0.00>
ST_10 : Operation 106 [1/1] (0.00ns)   --->   "%specbitsmap_ln0 = specbitsmap void @_ssdm_op_SpecBitsMap, i1 %in_8"   --->   Operation 106 'specbitsmap' 'specbitsmap_ln0' <Predicate = true> <Delay = 0.00>
ST_10 : Operation 107 [1/1] (0.00ns)   --->   "%specinterface_ln0 = specinterface void @_ssdm_op_SpecInterface, i1 %in_8, void @empty_0, i32 0, i32 0, void @empty, i32 0, i32 0, void @empty, void @empty, void @empty, i32 0, i32 0, i32 0, i32 0, void @empty, void @empty, i32 4294967295, i32 0"   --->   Operation 107 'specinterface' 'specinterface_ln0' <Predicate = true> <Delay = 0.00>
ST_10 : Operation 108 [1/1] (0.00ns)   --->   "%specbitsmap_ln0 = specbitsmap void @_ssdm_op_SpecBitsMap, i1 %in_9"   --->   Operation 108 'specbitsmap' 'specbitsmap_ln0' <Predicate = true> <Delay = 0.00>
ST_10 : Operation 109 [1/1] (0.00ns)   --->   "%specinterface_ln0 = specinterface void @_ssdm_op_SpecInterface, i1 %in_9, void @empty_0, i32 0, i32 0, void @empty, i32 0, i32 0, void @empty, void @empty, void @empty, i32 0, i32 0, i32 0, i32 0, void @empty, void @empty, i32 4294967295, i32 0"   --->   Operation 109 'specinterface' 'specinterface_ln0' <Predicate = true> <Delay = 0.00>
ST_10 : Operation 110 [1/1] (0.00ns)   --->   "%specbitsmap_ln0 = specbitsmap void @_ssdm_op_SpecBitsMap, i1 %in_10"   --->   Operation 110 'specbitsmap' 'specbitsmap_ln0' <Predicate = true> <Delay = 0.00>
ST_10 : Operation 111 [1/1] (0.00ns)   --->   "%specinterface_ln0 = specinterface void @_ssdm_op_SpecInterface, i1 %in_10, void @empty_0, i32 0, i32 0, void @empty, i32 0, i32 0, void @empty, void @empty, void @empty, i32 0, i32 0, i32 0, i32 0, void @empty, void @empty, i32 4294967295, i32 0"   --->   Operation 111 'specinterface' 'specinterface_ln0' <Predicate = true> <Delay = 0.00>
ST_10 : Operation 112 [1/1] (0.00ns)   --->   "%specbitsmap_ln0 = specbitsmap void @_ssdm_op_SpecBitsMap, i1 %in_11"   --->   Operation 112 'specbitsmap' 'specbitsmap_ln0' <Predicate = true> <Delay = 0.00>
ST_10 : Operation 113 [1/1] (0.00ns)   --->   "%specinterface_ln0 = specinterface void @_ssdm_op_SpecInterface, i1 %in_11, void @empty_0, i32 0, i32 0, void @empty, i32 0, i32 0, void @empty, void @empty, void @empty, i32 0, i32 0, i32 0, i32 0, void @empty, void @empty, i32 4294967295, i32 0"   --->   Operation 113 'specinterface' 'specinterface_ln0' <Predicate = true> <Delay = 0.00>
ST_10 : Operation 114 [1/1] (0.00ns)   --->   "%specbitsmap_ln0 = specbitsmap void @_ssdm_op_SpecBitsMap, i1 %in_12"   --->   Operation 114 'specbitsmap' 'specbitsmap_ln0' <Predicate = true> <Delay = 0.00>
ST_10 : Operation 115 [1/1] (0.00ns)   --->   "%specinterface_ln0 = specinterface void @_ssdm_op_SpecInterface, i1 %in_12, void @empty_0, i32 0, i32 0, void @empty, i32 0, i32 0, void @empty, void @empty, void @empty, i32 0, i32 0, i32 0, i32 0, void @empty, void @empty, i32 4294967295, i32 0"   --->   Operation 115 'specinterface' 'specinterface_ln0' <Predicate = true> <Delay = 0.00>
ST_10 : Operation 116 [1/1] (0.00ns)   --->   "%specbitsmap_ln0 = specbitsmap void @_ssdm_op_SpecBitsMap, i1 %in_13"   --->   Operation 116 'specbitsmap' 'specbitsmap_ln0' <Predicate = true> <Delay = 0.00>
ST_10 : Operation 117 [1/1] (0.00ns)   --->   "%specinterface_ln0 = specinterface void @_ssdm_op_SpecInterface, i1 %in_13, void @empty_0, i32 0, i32 0, void @empty, i32 0, i32 0, void @empty, void @empty, void @empty, i32 0, i32 0, i32 0, i32 0, void @empty, void @empty, i32 4294967295, i32 0"   --->   Operation 117 'specinterface' 'specinterface_ln0' <Predicate = true> <Delay = 0.00>
ST_10 : Operation 118 [1/1] (0.00ns)   --->   "%specbitsmap_ln0 = specbitsmap void @_ssdm_op_SpecBitsMap, i1 %in_14"   --->   Operation 118 'specbitsmap' 'specbitsmap_ln0' <Predicate = true> <Delay = 0.00>
ST_10 : Operation 119 [1/1] (0.00ns)   --->   "%specinterface_ln0 = specinterface void @_ssdm_op_SpecInterface, i1 %in_14, void @empty_0, i32 0, i32 0, void @empty, i32 0, i32 0, void @empty, void @empty, void @empty, i32 0, i32 0, i32 0, i32 0, void @empty, void @empty, i32 4294967295, i32 0"   --->   Operation 119 'specinterface' 'specinterface_ln0' <Predicate = true> <Delay = 0.00>
ST_10 : Operation 120 [1/1] (0.00ns)   --->   "%specbitsmap_ln0 = specbitsmap void @_ssdm_op_SpecBitsMap, i1 %in_15"   --->   Operation 120 'specbitsmap' 'specbitsmap_ln0' <Predicate = true> <Delay = 0.00>
ST_10 : Operation 121 [1/1] (0.00ns)   --->   "%specinterface_ln0 = specinterface void @_ssdm_op_SpecInterface, i1 %in_15, void @empty_0, i32 0, i32 0, void @empty, i32 0, i32 0, void @empty, void @empty, void @empty, i32 0, i32 0, i32 0, i32 0, void @empty, void @empty, i32 4294967295, i32 0"   --->   Operation 121 'specinterface' 'specinterface_ln0' <Predicate = true> <Delay = 0.00>
ST_10 : Operation 122 [1/1] (0.00ns)   --->   "%specbitsmap_ln0 = specbitsmap void @_ssdm_op_SpecBitsMap, i1 %in_16"   --->   Operation 122 'specbitsmap' 'specbitsmap_ln0' <Predicate = true> <Delay = 0.00>
ST_10 : Operation 123 [1/1] (0.00ns)   --->   "%specinterface_ln0 = specinterface void @_ssdm_op_SpecInterface, i1 %in_16, void @empty_0, i32 0, i32 0, void @empty, i32 0, i32 0, void @empty, void @empty, void @empty, i32 0, i32 0, i32 0, i32 0, void @empty, void @empty, i32 4294967295, i32 0"   --->   Operation 123 'specinterface' 'specinterface_ln0' <Predicate = true> <Delay = 0.00>
ST_10 : Operation 124 [1/1] (0.00ns)   --->   "%specbitsmap_ln0 = specbitsmap void @_ssdm_op_SpecBitsMap, i1 %in_17"   --->   Operation 124 'specbitsmap' 'specbitsmap_ln0' <Predicate = true> <Delay = 0.00>
ST_10 : Operation 125 [1/1] (0.00ns)   --->   "%specinterface_ln0 = specinterface void @_ssdm_op_SpecInterface, i1 %in_17, void @empty_0, i32 0, i32 0, void @empty, i32 0, i32 0, void @empty, void @empty, void @empty, i32 0, i32 0, i32 0, i32 0, void @empty, void @empty, i32 4294967295, i32 0"   --->   Operation 125 'specinterface' 'specinterface_ln0' <Predicate = true> <Delay = 0.00>
ST_10 : Operation 126 [1/1] (0.00ns)   --->   "%specbitsmap_ln0 = specbitsmap void @_ssdm_op_SpecBitsMap, i1 %in_18"   --->   Operation 126 'specbitsmap' 'specbitsmap_ln0' <Predicate = true> <Delay = 0.00>
ST_10 : Operation 127 [1/1] (0.00ns)   --->   "%specinterface_ln0 = specinterface void @_ssdm_op_SpecInterface, i1 %in_18, void @empty_0, i32 0, i32 0, void @empty, i32 0, i32 0, void @empty, void @empty, void @empty, i32 0, i32 0, i32 0, i32 0, void @empty, void @empty, i32 4294967295, i32 0"   --->   Operation 127 'specinterface' 'specinterface_ln0' <Predicate = true> <Delay = 0.00>
ST_10 : Operation 128 [1/1] (0.00ns)   --->   "%specbitsmap_ln0 = specbitsmap void @_ssdm_op_SpecBitsMap, i1 %in_19"   --->   Operation 128 'specbitsmap' 'specbitsmap_ln0' <Predicate = true> <Delay = 0.00>
ST_10 : Operation 129 [1/1] (0.00ns)   --->   "%specinterface_ln0 = specinterface void @_ssdm_op_SpecInterface, i1 %in_19, void @empty_0, i32 0, i32 0, void @empty, i32 0, i32 0, void @empty, void @empty, void @empty, i32 0, i32 0, i32 0, i32 0, void @empty, void @empty, i32 4294967295, i32 0"   --->   Operation 129 'specinterface' 'specinterface_ln0' <Predicate = true> <Delay = 0.00>
ST_10 : Operation 130 [1/1] (0.00ns)   --->   "%specbitsmap_ln0 = specbitsmap void @_ssdm_op_SpecBitsMap, i1 %in_20"   --->   Operation 130 'specbitsmap' 'specbitsmap_ln0' <Predicate = true> <Delay = 0.00>
ST_10 : Operation 131 [1/1] (0.00ns)   --->   "%specinterface_ln0 = specinterface void @_ssdm_op_SpecInterface, i1 %in_20, void @empty_0, i32 0, i32 0, void @empty, i32 0, i32 0, void @empty, void @empty, void @empty, i32 0, i32 0, i32 0, i32 0, void @empty, void @empty, i32 4294967295, i32 0"   --->   Operation 131 'specinterface' 'specinterface_ln0' <Predicate = true> <Delay = 0.00>
ST_10 : Operation 132 [1/1] (0.00ns)   --->   "%specbitsmap_ln0 = specbitsmap void @_ssdm_op_SpecBitsMap, i1 %in_21"   --->   Operation 132 'specbitsmap' 'specbitsmap_ln0' <Predicate = true> <Delay = 0.00>
ST_10 : Operation 133 [1/1] (0.00ns)   --->   "%specinterface_ln0 = specinterface void @_ssdm_op_SpecInterface, i1 %in_21, void @empty_0, i32 0, i32 0, void @empty, i32 0, i32 0, void @empty, void @empty, void @empty, i32 0, i32 0, i32 0, i32 0, void @empty, void @empty, i32 4294967295, i32 0"   --->   Operation 133 'specinterface' 'specinterface_ln0' <Predicate = true> <Delay = 0.00>
ST_10 : Operation 134 [1/1] (0.00ns)   --->   "%specbitsmap_ln0 = specbitsmap void @_ssdm_op_SpecBitsMap, i1 %in_22"   --->   Operation 134 'specbitsmap' 'specbitsmap_ln0' <Predicate = true> <Delay = 0.00>
ST_10 : Operation 135 [1/1] (0.00ns)   --->   "%specinterface_ln0 = specinterface void @_ssdm_op_SpecInterface, i1 %in_22, void @empty_0, i32 0, i32 0, void @empty, i32 0, i32 0, void @empty, void @empty, void @empty, i32 0, i32 0, i32 0, i32 0, void @empty, void @empty, i32 4294967295, i32 0"   --->   Operation 135 'specinterface' 'specinterface_ln0' <Predicate = true> <Delay = 0.00>
ST_10 : Operation 136 [1/1] (0.00ns)   --->   "%specbitsmap_ln0 = specbitsmap void @_ssdm_op_SpecBitsMap, i1 %in_23"   --->   Operation 136 'specbitsmap' 'specbitsmap_ln0' <Predicate = true> <Delay = 0.00>
ST_10 : Operation 137 [1/1] (0.00ns)   --->   "%specinterface_ln0 = specinterface void @_ssdm_op_SpecInterface, i1 %in_23, void @empty_0, i32 0, i32 0, void @empty, i32 0, i32 0, void @empty, void @empty, void @empty, i32 0, i32 0, i32 0, i32 0, void @empty, void @empty, i32 4294967295, i32 0"   --->   Operation 137 'specinterface' 'specinterface_ln0' <Predicate = true> <Delay = 0.00>
ST_10 : Operation 138 [1/1] (0.00ns)   --->   "%specbitsmap_ln0 = specbitsmap void @_ssdm_op_SpecBitsMap, i1 %in_24"   --->   Operation 138 'specbitsmap' 'specbitsmap_ln0' <Predicate = true> <Delay = 0.00>
ST_10 : Operation 139 [1/1] (0.00ns)   --->   "%specinterface_ln0 = specinterface void @_ssdm_op_SpecInterface, i1 %in_24, void @empty_0, i32 0, i32 0, void @empty, i32 0, i32 0, void @empty, void @empty, void @empty, i32 0, i32 0, i32 0, i32 0, void @empty, void @empty, i32 4294967295, i32 0"   --->   Operation 139 'specinterface' 'specinterface_ln0' <Predicate = true> <Delay = 0.00>
ST_10 : Operation 140 [1/1] (0.00ns)   --->   "%specbitsmap_ln0 = specbitsmap void @_ssdm_op_SpecBitsMap, i1 %in_25"   --->   Operation 140 'specbitsmap' 'specbitsmap_ln0' <Predicate = true> <Delay = 0.00>
ST_10 : Operation 141 [1/1] (0.00ns)   --->   "%specinterface_ln0 = specinterface void @_ssdm_op_SpecInterface, i1 %in_25, void @empty_0, i32 0, i32 0, void @empty, i32 0, i32 0, void @empty, void @empty, void @empty, i32 0, i32 0, i32 0, i32 0, void @empty, void @empty, i32 4294967295, i32 0"   --->   Operation 141 'specinterface' 'specinterface_ln0' <Predicate = true> <Delay = 0.00>
ST_10 : Operation 142 [1/1] (0.00ns)   --->   "%specbitsmap_ln0 = specbitsmap void @_ssdm_op_SpecBitsMap, i1 %in_26"   --->   Operation 142 'specbitsmap' 'specbitsmap_ln0' <Predicate = true> <Delay = 0.00>
ST_10 : Operation 143 [1/1] (0.00ns)   --->   "%specinterface_ln0 = specinterface void @_ssdm_op_SpecInterface, i1 %in_26, void @empty_0, i32 0, i32 0, void @empty, i32 0, i32 0, void @empty, void @empty, void @empty, i32 0, i32 0, i32 0, i32 0, void @empty, void @empty, i32 4294967295, i32 0"   --->   Operation 143 'specinterface' 'specinterface_ln0' <Predicate = true> <Delay = 0.00>
ST_10 : Operation 144 [1/1] (0.00ns)   --->   "%specbitsmap_ln0 = specbitsmap void @_ssdm_op_SpecBitsMap, i1 %in_27"   --->   Operation 144 'specbitsmap' 'specbitsmap_ln0' <Predicate = true> <Delay = 0.00>
ST_10 : Operation 145 [1/1] (0.00ns)   --->   "%specinterface_ln0 = specinterface void @_ssdm_op_SpecInterface, i1 %in_27, void @empty_0, i32 0, i32 0, void @empty, i32 0, i32 0, void @empty, void @empty, void @empty, i32 0, i32 0, i32 0, i32 0, void @empty, void @empty, i32 4294967295, i32 0"   --->   Operation 145 'specinterface' 'specinterface_ln0' <Predicate = true> <Delay = 0.00>
ST_10 : Operation 146 [1/1] (0.00ns)   --->   "%specbitsmap_ln0 = specbitsmap void @_ssdm_op_SpecBitsMap, i1 %in_28"   --->   Operation 146 'specbitsmap' 'specbitsmap_ln0' <Predicate = true> <Delay = 0.00>
ST_10 : Operation 147 [1/1] (0.00ns)   --->   "%specinterface_ln0 = specinterface void @_ssdm_op_SpecInterface, i1 %in_28, void @empty_0, i32 0, i32 0, void @empty, i32 0, i32 0, void @empty, void @empty, void @empty, i32 0, i32 0, i32 0, i32 0, void @empty, void @empty, i32 4294967295, i32 0"   --->   Operation 147 'specinterface' 'specinterface_ln0' <Predicate = true> <Delay = 0.00>
ST_10 : Operation 148 [1/1] (0.00ns)   --->   "%specbitsmap_ln0 = specbitsmap void @_ssdm_op_SpecBitsMap, i1 %in_29"   --->   Operation 148 'specbitsmap' 'specbitsmap_ln0' <Predicate = true> <Delay = 0.00>
ST_10 : Operation 149 [1/1] (0.00ns)   --->   "%specinterface_ln0 = specinterface void @_ssdm_op_SpecInterface, i1 %in_29, void @empty_0, i32 0, i32 0, void @empty, i32 0, i32 0, void @empty, void @empty, void @empty, i32 0, i32 0, i32 0, i32 0, void @empty, void @empty, i32 4294967295, i32 0"   --->   Operation 149 'specinterface' 'specinterface_ln0' <Predicate = true> <Delay = 0.00>
ST_10 : Operation 150 [1/1] (0.00ns)   --->   "%specbitsmap_ln0 = specbitsmap void @_ssdm_op_SpecBitsMap, i1 %in_30"   --->   Operation 150 'specbitsmap' 'specbitsmap_ln0' <Predicate = true> <Delay = 0.00>
ST_10 : Operation 151 [1/1] (0.00ns)   --->   "%specinterface_ln0 = specinterface void @_ssdm_op_SpecInterface, i1 %in_30, void @empty_0, i32 0, i32 0, void @empty, i32 0, i32 0, void @empty, void @empty, void @empty, i32 0, i32 0, i32 0, i32 0, void @empty, void @empty, i32 4294967295, i32 0"   --->   Operation 151 'specinterface' 'specinterface_ln0' <Predicate = true> <Delay = 0.00>
ST_10 : Operation 152 [1/1] (0.00ns)   --->   "%specbitsmap_ln0 = specbitsmap void @_ssdm_op_SpecBitsMap, i1 %in_31"   --->   Operation 152 'specbitsmap' 'specbitsmap_ln0' <Predicate = true> <Delay = 0.00>
ST_10 : Operation 153 [1/1] (0.00ns)   --->   "%specinterface_ln0 = specinterface void @_ssdm_op_SpecInterface, i1 %in_31, void @empty_0, i32 0, i32 0, void @empty, i32 0, i32 0, void @empty, void @empty, void @empty, i32 0, i32 0, i32 0, i32 0, void @empty, void @empty, i32 4294967295, i32 0"   --->   Operation 153 'specinterface' 'specinterface_ln0' <Predicate = true> <Delay = 0.00>
ST_10 : Operation 154 [1/1] (0.00ns)   --->   "%specbitsmap_ln0 = specbitsmap void @_ssdm_op_SpecBitsMap, i1 %in_32"   --->   Operation 154 'specbitsmap' 'specbitsmap_ln0' <Predicate = true> <Delay = 0.00>
ST_10 : Operation 155 [1/1] (0.00ns)   --->   "%specinterface_ln0 = specinterface void @_ssdm_op_SpecInterface, i1 %in_32, void @empty_0, i32 0, i32 0, void @empty, i32 0, i32 0, void @empty, void @empty, void @empty, i32 0, i32 0, i32 0, i32 0, void @empty, void @empty, i32 4294967295, i32 0"   --->   Operation 155 'specinterface' 'specinterface_ln0' <Predicate = true> <Delay = 0.00>
ST_10 : Operation 156 [1/1] (0.00ns)   --->   "%specbitsmap_ln0 = specbitsmap void @_ssdm_op_SpecBitsMap, i1 %in_33"   --->   Operation 156 'specbitsmap' 'specbitsmap_ln0' <Predicate = true> <Delay = 0.00>
ST_10 : Operation 157 [1/1] (0.00ns)   --->   "%specinterface_ln0 = specinterface void @_ssdm_op_SpecInterface, i1 %in_33, void @empty_0, i32 0, i32 0, void @empty, i32 0, i32 0, void @empty, void @empty, void @empty, i32 0, i32 0, i32 0, i32 0, void @empty, void @empty, i32 4294967295, i32 0"   --->   Operation 157 'specinterface' 'specinterface_ln0' <Predicate = true> <Delay = 0.00>
ST_10 : Operation 158 [1/1] (0.00ns)   --->   "%specbitsmap_ln0 = specbitsmap void @_ssdm_op_SpecBitsMap, i1 %in_34"   --->   Operation 158 'specbitsmap' 'specbitsmap_ln0' <Predicate = true> <Delay = 0.00>
ST_10 : Operation 159 [1/1] (0.00ns)   --->   "%specinterface_ln0 = specinterface void @_ssdm_op_SpecInterface, i1 %in_34, void @empty_0, i32 0, i32 0, void @empty, i32 0, i32 0, void @empty, void @empty, void @empty, i32 0, i32 0, i32 0, i32 0, void @empty, void @empty, i32 4294967295, i32 0"   --->   Operation 159 'specinterface' 'specinterface_ln0' <Predicate = true> <Delay = 0.00>
ST_10 : Operation 160 [1/1] (0.00ns)   --->   "%specbitsmap_ln0 = specbitsmap void @_ssdm_op_SpecBitsMap, i1 %in_35"   --->   Operation 160 'specbitsmap' 'specbitsmap_ln0' <Predicate = true> <Delay = 0.00>
ST_10 : Operation 161 [1/1] (0.00ns)   --->   "%specinterface_ln0 = specinterface void @_ssdm_op_SpecInterface, i1 %in_35, void @empty_0, i32 0, i32 0, void @empty, i32 0, i32 0, void @empty, void @empty, void @empty, i32 0, i32 0, i32 0, i32 0, void @empty, void @empty, i32 4294967295, i32 0"   --->   Operation 161 'specinterface' 'specinterface_ln0' <Predicate = true> <Delay = 0.00>
ST_10 : Operation 162 [1/1] (0.00ns)   --->   "%specbitsmap_ln0 = specbitsmap void @_ssdm_op_SpecBitsMap, i1 %in_36"   --->   Operation 162 'specbitsmap' 'specbitsmap_ln0' <Predicate = true> <Delay = 0.00>
ST_10 : Operation 163 [1/1] (0.00ns)   --->   "%specinterface_ln0 = specinterface void @_ssdm_op_SpecInterface, i1 %in_36, void @empty_0, i32 0, i32 0, void @empty, i32 0, i32 0, void @empty, void @empty, void @empty, i32 0, i32 0, i32 0, i32 0, void @empty, void @empty, i32 4294967295, i32 0"   --->   Operation 163 'specinterface' 'specinterface_ln0' <Predicate = true> <Delay = 0.00>
ST_10 : Operation 164 [1/1] (0.00ns)   --->   "%specbitsmap_ln0 = specbitsmap void @_ssdm_op_SpecBitsMap, i1 %in_37"   --->   Operation 164 'specbitsmap' 'specbitsmap_ln0' <Predicate = true> <Delay = 0.00>
ST_10 : Operation 165 [1/1] (0.00ns)   --->   "%specinterface_ln0 = specinterface void @_ssdm_op_SpecInterface, i1 %in_37, void @empty_0, i32 0, i32 0, void @empty, i32 0, i32 0, void @empty, void @empty, void @empty, i32 0, i32 0, i32 0, i32 0, void @empty, void @empty, i32 4294967295, i32 0"   --->   Operation 165 'specinterface' 'specinterface_ln0' <Predicate = true> <Delay = 0.00>
ST_10 : Operation 166 [1/1] (0.00ns)   --->   "%specbitsmap_ln0 = specbitsmap void @_ssdm_op_SpecBitsMap, i1 %in_38"   --->   Operation 166 'specbitsmap' 'specbitsmap_ln0' <Predicate = true> <Delay = 0.00>
ST_10 : Operation 167 [1/1] (0.00ns)   --->   "%specinterface_ln0 = specinterface void @_ssdm_op_SpecInterface, i1 %in_38, void @empty_0, i32 0, i32 0, void @empty, i32 0, i32 0, void @empty, void @empty, void @empty, i32 0, i32 0, i32 0, i32 0, void @empty, void @empty, i32 4294967295, i32 0"   --->   Operation 167 'specinterface' 'specinterface_ln0' <Predicate = true> <Delay = 0.00>
ST_10 : Operation 168 [1/1] (0.00ns)   --->   "%specbitsmap_ln0 = specbitsmap void @_ssdm_op_SpecBitsMap, i1 %in_39"   --->   Operation 168 'specbitsmap' 'specbitsmap_ln0' <Predicate = true> <Delay = 0.00>
ST_10 : Operation 169 [1/1] (0.00ns)   --->   "%specinterface_ln0 = specinterface void @_ssdm_op_SpecInterface, i1 %in_39, void @empty_0, i32 0, i32 0, void @empty, i32 0, i32 0, void @empty, void @empty, void @empty, i32 0, i32 0, i32 0, i32 0, void @empty, void @empty, i32 4294967295, i32 0"   --->   Operation 169 'specinterface' 'specinterface_ln0' <Predicate = true> <Delay = 0.00>
ST_10 : Operation 170 [1/1] (0.00ns)   --->   "%specbitsmap_ln0 = specbitsmap void @_ssdm_op_SpecBitsMap, i1 %in_40"   --->   Operation 170 'specbitsmap' 'specbitsmap_ln0' <Predicate = true> <Delay = 0.00>
ST_10 : Operation 171 [1/1] (0.00ns)   --->   "%specinterface_ln0 = specinterface void @_ssdm_op_SpecInterface, i1 %in_40, void @empty_0, i32 0, i32 0, void @empty, i32 0, i32 0, void @empty, void @empty, void @empty, i32 0, i32 0, i32 0, i32 0, void @empty, void @empty, i32 4294967295, i32 0"   --->   Operation 171 'specinterface' 'specinterface_ln0' <Predicate = true> <Delay = 0.00>
ST_10 : Operation 172 [1/1] (0.00ns)   --->   "%specbitsmap_ln0 = specbitsmap void @_ssdm_op_SpecBitsMap, i1 %in_41"   --->   Operation 172 'specbitsmap' 'specbitsmap_ln0' <Predicate = true> <Delay = 0.00>
ST_10 : Operation 173 [1/1] (0.00ns)   --->   "%specinterface_ln0 = specinterface void @_ssdm_op_SpecInterface, i1 %in_41, void @empty_0, i32 0, i32 0, void @empty, i32 0, i32 0, void @empty, void @empty, void @empty, i32 0, i32 0, i32 0, i32 0, void @empty, void @empty, i32 4294967295, i32 0"   --->   Operation 173 'specinterface' 'specinterface_ln0' <Predicate = true> <Delay = 0.00>
ST_10 : Operation 174 [1/1] (0.00ns)   --->   "%specbitsmap_ln0 = specbitsmap void @_ssdm_op_SpecBitsMap, i1 %in_42"   --->   Operation 174 'specbitsmap' 'specbitsmap_ln0' <Predicate = true> <Delay = 0.00>
ST_10 : Operation 175 [1/1] (0.00ns)   --->   "%specinterface_ln0 = specinterface void @_ssdm_op_SpecInterface, i1 %in_42, void @empty_0, i32 0, i32 0, void @empty, i32 0, i32 0, void @empty, void @empty, void @empty, i32 0, i32 0, i32 0, i32 0, void @empty, void @empty, i32 4294967295, i32 0"   --->   Operation 175 'specinterface' 'specinterface_ln0' <Predicate = true> <Delay = 0.00>
ST_10 : Operation 176 [1/1] (0.00ns)   --->   "%specbitsmap_ln0 = specbitsmap void @_ssdm_op_SpecBitsMap, i1 %in_43"   --->   Operation 176 'specbitsmap' 'specbitsmap_ln0' <Predicate = true> <Delay = 0.00>
ST_10 : Operation 177 [1/1] (0.00ns)   --->   "%specinterface_ln0 = specinterface void @_ssdm_op_SpecInterface, i1 %in_43, void @empty_0, i32 0, i32 0, void @empty, i32 0, i32 0, void @empty, void @empty, void @empty, i32 0, i32 0, i32 0, i32 0, void @empty, void @empty, i32 4294967295, i32 0"   --->   Operation 177 'specinterface' 'specinterface_ln0' <Predicate = true> <Delay = 0.00>
ST_10 : Operation 178 [1/1] (0.00ns)   --->   "%specbitsmap_ln0 = specbitsmap void @_ssdm_op_SpecBitsMap, i1 %in_44"   --->   Operation 178 'specbitsmap' 'specbitsmap_ln0' <Predicate = true> <Delay = 0.00>
ST_10 : Operation 179 [1/1] (0.00ns)   --->   "%specinterface_ln0 = specinterface void @_ssdm_op_SpecInterface, i1 %in_44, void @empty_0, i32 0, i32 0, void @empty, i32 0, i32 0, void @empty, void @empty, void @empty, i32 0, i32 0, i32 0, i32 0, void @empty, void @empty, i32 4294967295, i32 0"   --->   Operation 179 'specinterface' 'specinterface_ln0' <Predicate = true> <Delay = 0.00>
ST_10 : Operation 180 [1/1] (0.00ns)   --->   "%specbitsmap_ln0 = specbitsmap void @_ssdm_op_SpecBitsMap, i1 %in_45"   --->   Operation 180 'specbitsmap' 'specbitsmap_ln0' <Predicate = true> <Delay = 0.00>
ST_10 : Operation 181 [1/1] (0.00ns)   --->   "%specinterface_ln0 = specinterface void @_ssdm_op_SpecInterface, i1 %in_45, void @empty_0, i32 0, i32 0, void @empty, i32 0, i32 0, void @empty, void @empty, void @empty, i32 0, i32 0, i32 0, i32 0, void @empty, void @empty, i32 4294967295, i32 0"   --->   Operation 181 'specinterface' 'specinterface_ln0' <Predicate = true> <Delay = 0.00>
ST_10 : Operation 182 [1/1] (0.00ns)   --->   "%specbitsmap_ln0 = specbitsmap void @_ssdm_op_SpecBitsMap, i1 %in_46"   --->   Operation 182 'specbitsmap' 'specbitsmap_ln0' <Predicate = true> <Delay = 0.00>
ST_10 : Operation 183 [1/1] (0.00ns)   --->   "%specinterface_ln0 = specinterface void @_ssdm_op_SpecInterface, i1 %in_46, void @empty_0, i32 0, i32 0, void @empty, i32 0, i32 0, void @empty, void @empty, void @empty, i32 0, i32 0, i32 0, i32 0, void @empty, void @empty, i32 4294967295, i32 0"   --->   Operation 183 'specinterface' 'specinterface_ln0' <Predicate = true> <Delay = 0.00>
ST_10 : Operation 184 [1/1] (0.00ns)   --->   "%specbitsmap_ln0 = specbitsmap void @_ssdm_op_SpecBitsMap, i1 %in_47"   --->   Operation 184 'specbitsmap' 'specbitsmap_ln0' <Predicate = true> <Delay = 0.00>
ST_10 : Operation 185 [1/1] (0.00ns)   --->   "%specinterface_ln0 = specinterface void @_ssdm_op_SpecInterface, i1 %in_47, void @empty_0, i32 0, i32 0, void @empty, i32 0, i32 0, void @empty, void @empty, void @empty, i32 0, i32 0, i32 0, i32 0, void @empty, void @empty, i32 4294967295, i32 0"   --->   Operation 185 'specinterface' 'specinterface_ln0' <Predicate = true> <Delay = 0.00>
ST_10 : Operation 186 [1/1] (0.00ns)   --->   "%specbitsmap_ln0 = specbitsmap void @_ssdm_op_SpecBitsMap, i1 %in_48"   --->   Operation 186 'specbitsmap' 'specbitsmap_ln0' <Predicate = true> <Delay = 0.00>
ST_10 : Operation 187 [1/1] (0.00ns)   --->   "%specinterface_ln0 = specinterface void @_ssdm_op_SpecInterface, i1 %in_48, void @empty_0, i32 0, i32 0, void @empty, i32 0, i32 0, void @empty, void @empty, void @empty, i32 0, i32 0, i32 0, i32 0, void @empty, void @empty, i32 4294967295, i32 0"   --->   Operation 187 'specinterface' 'specinterface_ln0' <Predicate = true> <Delay = 0.00>
ST_10 : Operation 188 [1/1] (0.00ns)   --->   "%specbitsmap_ln0 = specbitsmap void @_ssdm_op_SpecBitsMap, i1 %in_49"   --->   Operation 188 'specbitsmap' 'specbitsmap_ln0' <Predicate = true> <Delay = 0.00>
ST_10 : Operation 189 [1/1] (0.00ns)   --->   "%specinterface_ln0 = specinterface void @_ssdm_op_SpecInterface, i1 %in_49, void @empty_0, i32 0, i32 0, void @empty, i32 0, i32 0, void @empty, void @empty, void @empty, i32 0, i32 0, i32 0, i32 0, void @empty, void @empty, i32 4294967295, i32 0"   --->   Operation 189 'specinterface' 'specinterface_ln0' <Predicate = true> <Delay = 0.00>
ST_10 : Operation 190 [1/1] (0.00ns)   --->   "%specbitsmap_ln0 = specbitsmap void @_ssdm_op_SpecBitsMap, i1 %in_50"   --->   Operation 190 'specbitsmap' 'specbitsmap_ln0' <Predicate = true> <Delay = 0.00>
ST_10 : Operation 191 [1/1] (0.00ns)   --->   "%specinterface_ln0 = specinterface void @_ssdm_op_SpecInterface, i1 %in_50, void @empty_0, i32 0, i32 0, void @empty, i32 0, i32 0, void @empty, void @empty, void @empty, i32 0, i32 0, i32 0, i32 0, void @empty, void @empty, i32 4294967295, i32 0"   --->   Operation 191 'specinterface' 'specinterface_ln0' <Predicate = true> <Delay = 0.00>
ST_10 : Operation 192 [1/1] (0.00ns)   --->   "%specbitsmap_ln0 = specbitsmap void @_ssdm_op_SpecBitsMap, i1 %in_51"   --->   Operation 192 'specbitsmap' 'specbitsmap_ln0' <Predicate = true> <Delay = 0.00>
ST_10 : Operation 193 [1/1] (0.00ns)   --->   "%specinterface_ln0 = specinterface void @_ssdm_op_SpecInterface, i1 %in_51, void @empty_0, i32 0, i32 0, void @empty, i32 0, i32 0, void @empty, void @empty, void @empty, i32 0, i32 0, i32 0, i32 0, void @empty, void @empty, i32 4294967295, i32 0"   --->   Operation 193 'specinterface' 'specinterface_ln0' <Predicate = true> <Delay = 0.00>
ST_10 : Operation 194 [1/1] (0.00ns)   --->   "%specbitsmap_ln0 = specbitsmap void @_ssdm_op_SpecBitsMap, i1 %in_52"   --->   Operation 194 'specbitsmap' 'specbitsmap_ln0' <Predicate = true> <Delay = 0.00>
ST_10 : Operation 195 [1/1] (0.00ns)   --->   "%specinterface_ln0 = specinterface void @_ssdm_op_SpecInterface, i1 %in_52, void @empty_0, i32 0, i32 0, void @empty, i32 0, i32 0, void @empty, void @empty, void @empty, i32 0, i32 0, i32 0, i32 0, void @empty, void @empty, i32 4294967295, i32 0"   --->   Operation 195 'specinterface' 'specinterface_ln0' <Predicate = true> <Delay = 0.00>
ST_10 : Operation 196 [1/1] (0.00ns)   --->   "%specbitsmap_ln0 = specbitsmap void @_ssdm_op_SpecBitsMap, i1 %in_53"   --->   Operation 196 'specbitsmap' 'specbitsmap_ln0' <Predicate = true> <Delay = 0.00>
ST_10 : Operation 197 [1/1] (0.00ns)   --->   "%specinterface_ln0 = specinterface void @_ssdm_op_SpecInterface, i1 %in_53, void @empty_0, i32 0, i32 0, void @empty, i32 0, i32 0, void @empty, void @empty, void @empty, i32 0, i32 0, i32 0, i32 0, void @empty, void @empty, i32 4294967295, i32 0"   --->   Operation 197 'specinterface' 'specinterface_ln0' <Predicate = true> <Delay = 0.00>
ST_10 : Operation 198 [1/1] (0.00ns)   --->   "%specbitsmap_ln0 = specbitsmap void @_ssdm_op_SpecBitsMap, i1 %in_54"   --->   Operation 198 'specbitsmap' 'specbitsmap_ln0' <Predicate = true> <Delay = 0.00>
ST_10 : Operation 199 [1/1] (0.00ns)   --->   "%specinterface_ln0 = specinterface void @_ssdm_op_SpecInterface, i1 %in_54, void @empty_0, i32 0, i32 0, void @empty, i32 0, i32 0, void @empty, void @empty, void @empty, i32 0, i32 0, i32 0, i32 0, void @empty, void @empty, i32 4294967295, i32 0"   --->   Operation 199 'specinterface' 'specinterface_ln0' <Predicate = true> <Delay = 0.00>
ST_10 : Operation 200 [1/1] (0.00ns)   --->   "%specbitsmap_ln0 = specbitsmap void @_ssdm_op_SpecBitsMap, i1 %in_55"   --->   Operation 200 'specbitsmap' 'specbitsmap_ln0' <Predicate = true> <Delay = 0.00>
ST_10 : Operation 201 [1/1] (0.00ns)   --->   "%specinterface_ln0 = specinterface void @_ssdm_op_SpecInterface, i1 %in_55, void @empty_0, i32 0, i32 0, void @empty, i32 0, i32 0, void @empty, void @empty, void @empty, i32 0, i32 0, i32 0, i32 0, void @empty, void @empty, i32 4294967295, i32 0"   --->   Operation 201 'specinterface' 'specinterface_ln0' <Predicate = true> <Delay = 0.00>
ST_10 : Operation 202 [1/1] (0.00ns)   --->   "%specbitsmap_ln0 = specbitsmap void @_ssdm_op_SpecBitsMap, i1 %in_56"   --->   Operation 202 'specbitsmap' 'specbitsmap_ln0' <Predicate = true> <Delay = 0.00>
ST_10 : Operation 203 [1/1] (0.00ns)   --->   "%specinterface_ln0 = specinterface void @_ssdm_op_SpecInterface, i1 %in_56, void @empty_0, i32 0, i32 0, void @empty, i32 0, i32 0, void @empty, void @empty, void @empty, i32 0, i32 0, i32 0, i32 0, void @empty, void @empty, i32 4294967295, i32 0"   --->   Operation 203 'specinterface' 'specinterface_ln0' <Predicate = true> <Delay = 0.00>
ST_10 : Operation 204 [1/1] (0.00ns)   --->   "%specbitsmap_ln0 = specbitsmap void @_ssdm_op_SpecBitsMap, i1 %in_57"   --->   Operation 204 'specbitsmap' 'specbitsmap_ln0' <Predicate = true> <Delay = 0.00>
ST_10 : Operation 205 [1/1] (0.00ns)   --->   "%specinterface_ln0 = specinterface void @_ssdm_op_SpecInterface, i1 %in_57, void @empty_0, i32 0, i32 0, void @empty, i32 0, i32 0, void @empty, void @empty, void @empty, i32 0, i32 0, i32 0, i32 0, void @empty, void @empty, i32 4294967295, i32 0"   --->   Operation 205 'specinterface' 'specinterface_ln0' <Predicate = true> <Delay = 0.00>
ST_10 : Operation 206 [1/1] (0.00ns)   --->   "%specbitsmap_ln0 = specbitsmap void @_ssdm_op_SpecBitsMap, i1 %in_58"   --->   Operation 206 'specbitsmap' 'specbitsmap_ln0' <Predicate = true> <Delay = 0.00>
ST_10 : Operation 207 [1/1] (0.00ns)   --->   "%specinterface_ln0 = specinterface void @_ssdm_op_SpecInterface, i1 %in_58, void @empty_0, i32 0, i32 0, void @empty, i32 0, i32 0, void @empty, void @empty, void @empty, i32 0, i32 0, i32 0, i32 0, void @empty, void @empty, i32 4294967295, i32 0"   --->   Operation 207 'specinterface' 'specinterface_ln0' <Predicate = true> <Delay = 0.00>
ST_10 : Operation 208 [1/1] (0.00ns)   --->   "%specbitsmap_ln0 = specbitsmap void @_ssdm_op_SpecBitsMap, i1 %in_59"   --->   Operation 208 'specbitsmap' 'specbitsmap_ln0' <Predicate = true> <Delay = 0.00>
ST_10 : Operation 209 [1/1] (0.00ns)   --->   "%specinterface_ln0 = specinterface void @_ssdm_op_SpecInterface, i1 %in_59, void @empty_0, i32 0, i32 0, void @empty, i32 0, i32 0, void @empty, void @empty, void @empty, i32 0, i32 0, i32 0, i32 0, void @empty, void @empty, i32 4294967295, i32 0"   --->   Operation 209 'specinterface' 'specinterface_ln0' <Predicate = true> <Delay = 0.00>
ST_10 : Operation 210 [1/1] (0.00ns)   --->   "%specbitsmap_ln0 = specbitsmap void @_ssdm_op_SpecBitsMap, i1 %in_60"   --->   Operation 210 'specbitsmap' 'specbitsmap_ln0' <Predicate = true> <Delay = 0.00>
ST_10 : Operation 211 [1/1] (0.00ns)   --->   "%specinterface_ln0 = specinterface void @_ssdm_op_SpecInterface, i1 %in_60, void @empty_0, i32 0, i32 0, void @empty, i32 0, i32 0, void @empty, void @empty, void @empty, i32 0, i32 0, i32 0, i32 0, void @empty, void @empty, i32 4294967295, i32 0"   --->   Operation 211 'specinterface' 'specinterface_ln0' <Predicate = true> <Delay = 0.00>
ST_10 : Operation 212 [1/1] (0.00ns)   --->   "%specbitsmap_ln0 = specbitsmap void @_ssdm_op_SpecBitsMap, i1 %in_61"   --->   Operation 212 'specbitsmap' 'specbitsmap_ln0' <Predicate = true> <Delay = 0.00>
ST_10 : Operation 213 [1/1] (0.00ns)   --->   "%specinterface_ln0 = specinterface void @_ssdm_op_SpecInterface, i1 %in_61, void @empty_0, i32 0, i32 0, void @empty, i32 0, i32 0, void @empty, void @empty, void @empty, i32 0, i32 0, i32 0, i32 0, void @empty, void @empty, i32 4294967295, i32 0"   --->   Operation 213 'specinterface' 'specinterface_ln0' <Predicate = true> <Delay = 0.00>
ST_10 : Operation 214 [1/1] (0.00ns)   --->   "%specbitsmap_ln0 = specbitsmap void @_ssdm_op_SpecBitsMap, i1 %in_62"   --->   Operation 214 'specbitsmap' 'specbitsmap_ln0' <Predicate = true> <Delay = 0.00>
ST_10 : Operation 215 [1/1] (0.00ns)   --->   "%specinterface_ln0 = specinterface void @_ssdm_op_SpecInterface, i1 %in_62, void @empty_0, i32 0, i32 0, void @empty, i32 0, i32 0, void @empty, void @empty, void @empty, i32 0, i32 0, i32 0, i32 0, void @empty, void @empty, i32 4294967295, i32 0"   --->   Operation 215 'specinterface' 'specinterface_ln0' <Predicate = true> <Delay = 0.00>
ST_10 : Operation 216 [1/1] (0.00ns)   --->   "%specbitsmap_ln0 = specbitsmap void @_ssdm_op_SpecBitsMap, i1 %in_63"   --->   Operation 216 'specbitsmap' 'specbitsmap_ln0' <Predicate = true> <Delay = 0.00>
ST_10 : Operation 217 [1/1] (0.00ns)   --->   "%specinterface_ln0 = specinterface void @_ssdm_op_SpecInterface, i1 %in_63, void @empty_0, i32 0, i32 0, void @empty, i32 0, i32 0, void @empty, void @empty, void @empty, i32 0, i32 0, i32 0, i32 0, void @empty, void @empty, i32 4294967295, i32 0"   --->   Operation 217 'specinterface' 'specinterface_ln0' <Predicate = true> <Delay = 0.00>
ST_10 : Operation 218 [1/1] (0.00ns)   --->   "%specbitsmap_ln0 = specbitsmap void @_ssdm_op_SpecBitsMap, i1 %out_0"   --->   Operation 218 'specbitsmap' 'specbitsmap_ln0' <Predicate = true> <Delay = 0.00>
ST_10 : Operation 219 [1/1] (0.00ns)   --->   "%specinterface_ln0 = specinterface void @_ssdm_op_SpecInterface, i1 %out_0, void @empty_0, i32 0, i32 0, void @empty, i32 0, i32 0, void @empty, void @empty, void @empty, i32 0, i32 0, i32 0, i32 0, void @empty, void @empty, i32 4294967295, i32 0"   --->   Operation 219 'specinterface' 'specinterface_ln0' <Predicate = true> <Delay = 0.00>
ST_10 : Operation 220 [1/1] (0.00ns)   --->   "%specbitsmap_ln0 = specbitsmap void @_ssdm_op_SpecBitsMap, i1 %out_1"   --->   Operation 220 'specbitsmap' 'specbitsmap_ln0' <Predicate = true> <Delay = 0.00>
ST_10 : Operation 221 [1/1] (0.00ns)   --->   "%specinterface_ln0 = specinterface void @_ssdm_op_SpecInterface, i1 %out_1, void @empty_0, i32 0, i32 0, void @empty, i32 0, i32 0, void @empty, void @empty, void @empty, i32 0, i32 0, i32 0, i32 0, void @empty, void @empty, i32 4294967295, i32 0"   --->   Operation 221 'specinterface' 'specinterface_ln0' <Predicate = true> <Delay = 0.00>
ST_10 : Operation 222 [1/1] (0.00ns)   --->   "%specbitsmap_ln0 = specbitsmap void @_ssdm_op_SpecBitsMap, i1 %out_2"   --->   Operation 222 'specbitsmap' 'specbitsmap_ln0' <Predicate = true> <Delay = 0.00>
ST_10 : Operation 223 [1/1] (0.00ns)   --->   "%specinterface_ln0 = specinterface void @_ssdm_op_SpecInterface, i1 %out_2, void @empty_0, i32 0, i32 0, void @empty, i32 0, i32 0, void @empty, void @empty, void @empty, i32 0, i32 0, i32 0, i32 0, void @empty, void @empty, i32 4294967295, i32 0"   --->   Operation 223 'specinterface' 'specinterface_ln0' <Predicate = true> <Delay = 0.00>
ST_10 : Operation 224 [1/1] (0.00ns)   --->   "%specbitsmap_ln0 = specbitsmap void @_ssdm_op_SpecBitsMap, i1 %out_3"   --->   Operation 224 'specbitsmap' 'specbitsmap_ln0' <Predicate = true> <Delay = 0.00>
ST_10 : Operation 225 [1/1] (0.00ns)   --->   "%specinterface_ln0 = specinterface void @_ssdm_op_SpecInterface, i1 %out_3, void @empty_0, i32 0, i32 0, void @empty, i32 0, i32 0, void @empty, void @empty, void @empty, i32 0, i32 0, i32 0, i32 0, void @empty, void @empty, i32 4294967295, i32 0"   --->   Operation 225 'specinterface' 'specinterface_ln0' <Predicate = true> <Delay = 0.00>
ST_10 : Operation 226 [1/1] (0.00ns)   --->   "%specbitsmap_ln0 = specbitsmap void @_ssdm_op_SpecBitsMap, i1 %out_4"   --->   Operation 226 'specbitsmap' 'specbitsmap_ln0' <Predicate = true> <Delay = 0.00>
ST_10 : Operation 227 [1/1] (0.00ns)   --->   "%specinterface_ln0 = specinterface void @_ssdm_op_SpecInterface, i1 %out_4, void @empty_0, i32 0, i32 0, void @empty, i32 0, i32 0, void @empty, void @empty, void @empty, i32 0, i32 0, i32 0, i32 0, void @empty, void @empty, i32 4294967295, i32 0"   --->   Operation 227 'specinterface' 'specinterface_ln0' <Predicate = true> <Delay = 0.00>
ST_10 : Operation 228 [1/1] (0.00ns)   --->   "%empty = specchannel i32 @_ssdm_op_SpecChannel, void @in_stream_str, i32 1, void @p_str, void @p_str, i32 128, i32 128, i1 %in_stream, i1 %in_stream"   --->   Operation 228 'specchannel' 'empty' <Predicate = true> <Delay = 0.00>
ST_10 : Operation 229 [1/1] (0.00ns)   --->   "%specinterface_ln0 = specinterface void @_ssdm_op_SpecInterface, i1 %in_stream, void @empty_4, i32 0, i32 0, void @empty, i32 0, i32 0, void @empty, void @empty, void @empty, i32 0, i32 0, i32 0, i32 0, void @empty, void @empty, i32 4294967295, i32 0"   --->   Operation 229 'specinterface' 'specinterface_ln0' <Predicate = true> <Delay = 0.00>
ST_10 : Operation 230 [1/1] (0.00ns)   --->   "%empty_13 = specchannel i32 @_ssdm_op_SpecChannel, void @out_stream_str, i32 1, void @p_str, void @p_str, i32 16, i32 16, i1 %out_stream, i1 %out_stream"   --->   Operation 230 'specchannel' 'empty_13' <Predicate = true> <Delay = 0.00>
ST_10 : Operation 231 [1/1] (0.00ns)   --->   "%specinterface_ln0 = specinterface void @_ssdm_op_SpecInterface, i1 %out_stream, void @empty_4, i32 0, i32 0, void @empty, i32 0, i32 0, void @empty, void @empty, void @empty, i32 0, i32 0, i32 0, i32 0, void @empty, void @empty, i32 4294967295, i32 0"   --->   Operation 231 'specinterface' 'specinterface_ln0' <Predicate = true> <Delay = 0.00>
ST_10 : Operation 232 [1/2] (1.48ns)   --->   "%call_ln0 = call void @fc2full_top_Pipeline_VITIS_LOOP_108_2, i1 %out_0, i1 %out_4, i1 %out_3, i1 %out_2, i1 %out_1, i1 %out_stream"   --->   Operation 232 'call' 'call_ln0' <Predicate = true> <Delay = 1.48> <CoreType = "Generic">   --->   Core 0 '' <Latency = 0> <II = 1> <Delay = 1.00> <Generic> <Opcode : >
ST_10 : Operation 233 [1/1] (0.00ns)   --->   "%ret_ln112 = ret" [/home/coder/Desktop/s2n2/convSNN/fc2full_top.cpp:112]   --->   Operation 233 'ret' 'ret_ln112' <Predicate = true> <Delay = 0.00>


============================================================
+ Verbose Summary: Binding
============================================================
STG Binding: 
---------------- STG Properties BEGIN ----------------
- Is combinational: 0
- Is one-state seq: 0
- Is datapath-only: 0
- Is pipelined: 0
- Is top level: 1
Port [ Return ] is wired: 1; IO mode=ap_ctrl_hs:ce=0
Port [ in_0]:  wired=1; compound=0; hidden=0; nouse=0; global=0; static=0; extern=0; dir=0; type=0; pingpong=0; private_global=0; IO mode=ap_none:ce=0
Port [ in_1]:  wired=1; compound=0; hidden=0; nouse=0; global=0; static=0; extern=0; dir=0; type=0; pingpong=0; private_global=0; IO mode=ap_none:ce=0
Port [ in_2]:  wired=1; compound=0; hidden=0; nouse=0; global=0; static=0; extern=0; dir=0; type=0; pingpong=0; private_global=0; IO mode=ap_none:ce=0
Port [ in_3]:  wired=1; compound=0; hidden=0; nouse=0; global=0; static=0; extern=0; dir=0; type=0; pingpong=0; private_global=0; IO mode=ap_none:ce=0
Port [ in_4]:  wired=1; compound=0; hidden=0; nouse=0; global=0; static=0; extern=0; dir=0; type=0; pingpong=0; private_global=0; IO mode=ap_none:ce=0
Port [ in_5]:  wired=1; compound=0; hidden=0; nouse=0; global=0; static=0; extern=0; dir=0; type=0; pingpong=0; private_global=0; IO mode=ap_none:ce=0
Port [ in_6]:  wired=1; compound=0; hidden=0; nouse=0; global=0; static=0; extern=0; dir=0; type=0; pingpong=0; private_global=0; IO mode=ap_none:ce=0
Port [ in_7]:  wired=1; compound=0; hidden=0; nouse=0; global=0; static=0; extern=0; dir=0; type=0; pingpong=0; private_global=0; IO mode=ap_none:ce=0
Port [ in_8]:  wired=1; compound=0; hidden=0; nouse=0; global=0; static=0; extern=0; dir=0; type=0; pingpong=0; private_global=0; IO mode=ap_none:ce=0
Port [ in_9]:  wired=1; compound=0; hidden=0; nouse=0; global=0; static=0; extern=0; dir=0; type=0; pingpong=0; private_global=0; IO mode=ap_none:ce=0
Port [ in_10]:  wired=1; compound=0; hidden=0; nouse=0; global=0; static=0; extern=0; dir=0; type=0; pingpong=0; private_global=0; IO mode=ap_none:ce=0
Port [ in_11]:  wired=1; compound=0; hidden=0; nouse=0; global=0; static=0; extern=0; dir=0; type=0; pingpong=0; private_global=0; IO mode=ap_none:ce=0
Port [ in_12]:  wired=1; compound=0; hidden=0; nouse=0; global=0; static=0; extern=0; dir=0; type=0; pingpong=0; private_global=0; IO mode=ap_none:ce=0
Port [ in_13]:  wired=1; compound=0; hidden=0; nouse=0; global=0; static=0; extern=0; dir=0; type=0; pingpong=0; private_global=0; IO mode=ap_none:ce=0
Port [ in_14]:  wired=1; compound=0; hidden=0; nouse=0; global=0; static=0; extern=0; dir=0; type=0; pingpong=0; private_global=0; IO mode=ap_none:ce=0
Port [ in_15]:  wired=1; compound=0; hidden=0; nouse=0; global=0; static=0; extern=0; dir=0; type=0; pingpong=0; private_global=0; IO mode=ap_none:ce=0
Port [ in_16]:  wired=1; compound=0; hidden=0; nouse=0; global=0; static=0; extern=0; dir=0; type=0; pingpong=0; private_global=0; IO mode=ap_none:ce=0
Port [ in_17]:  wired=1; compound=0; hidden=0; nouse=0; global=0; static=0; extern=0; dir=0; type=0; pingpong=0; private_global=0; IO mode=ap_none:ce=0
Port [ in_18]:  wired=1; compound=0; hidden=0; nouse=0; global=0; static=0; extern=0; dir=0; type=0; pingpong=0; private_global=0; IO mode=ap_none:ce=0
Port [ in_19]:  wired=1; compound=0; hidden=0; nouse=0; global=0; static=0; extern=0; dir=0; type=0; pingpong=0; private_global=0; IO mode=ap_none:ce=0
Port [ in_20]:  wired=1; compound=0; hidden=0; nouse=0; global=0; static=0; extern=0; dir=0; type=0; pingpong=0; private_global=0; IO mode=ap_none:ce=0
Port [ in_21]:  wired=1; compound=0; hidden=0; nouse=0; global=0; static=0; extern=0; dir=0; type=0; pingpong=0; private_global=0; IO mode=ap_none:ce=0
Port [ in_22]:  wired=1; compound=0; hidden=0; nouse=0; global=0; static=0; extern=0; dir=0; type=0; pingpong=0; private_global=0; IO mode=ap_none:ce=0
Port [ in_23]:  wired=1; compound=0; hidden=0; nouse=0; global=0; static=0; extern=0; dir=0; type=0; pingpong=0; private_global=0; IO mode=ap_none:ce=0
Port [ in_24]:  wired=1; compound=0; hidden=0; nouse=0; global=0; static=0; extern=0; dir=0; type=0; pingpong=0; private_global=0; IO mode=ap_none:ce=0
Port [ in_25]:  wired=1; compound=0; hidden=0; nouse=0; global=0; static=0; extern=0; dir=0; type=0; pingpong=0; private_global=0; IO mode=ap_none:ce=0
Port [ in_26]:  wired=1; compound=0; hidden=0; nouse=0; global=0; static=0; extern=0; dir=0; type=0; pingpong=0; private_global=0; IO mode=ap_none:ce=0
Port [ in_27]:  wired=1; compound=0; hidden=0; nouse=0; global=0; static=0; extern=0; dir=0; type=0; pingpong=0; private_global=0; IO mode=ap_none:ce=0
Port [ in_28]:  wired=1; compound=0; hidden=0; nouse=0; global=0; static=0; extern=0; dir=0; type=0; pingpong=0; private_global=0; IO mode=ap_none:ce=0
Port [ in_29]:  wired=1; compound=0; hidden=0; nouse=0; global=0; static=0; extern=0; dir=0; type=0; pingpong=0; private_global=0; IO mode=ap_none:ce=0
Port [ in_30]:  wired=1; compound=0; hidden=0; nouse=0; global=0; static=0; extern=0; dir=0; type=0; pingpong=0; private_global=0; IO mode=ap_none:ce=0
Port [ in_31]:  wired=1; compound=0; hidden=0; nouse=0; global=0; static=0; extern=0; dir=0; type=0; pingpong=0; private_global=0; IO mode=ap_none:ce=0
Port [ in_32]:  wired=1; compound=0; hidden=0; nouse=0; global=0; static=0; extern=0; dir=0; type=0; pingpong=0; private_global=0; IO mode=ap_none:ce=0
Port [ in_33]:  wired=1; compound=0; hidden=0; nouse=0; global=0; static=0; extern=0; dir=0; type=0; pingpong=0; private_global=0; IO mode=ap_none:ce=0
Port [ in_34]:  wired=1; compound=0; hidden=0; nouse=0; global=0; static=0; extern=0; dir=0; type=0; pingpong=0; private_global=0; IO mode=ap_none:ce=0
Port [ in_35]:  wired=1; compound=0; hidden=0; nouse=0; global=0; static=0; extern=0; dir=0; type=0; pingpong=0; private_global=0; IO mode=ap_none:ce=0
Port [ in_36]:  wired=1; compound=0; hidden=0; nouse=0; global=0; static=0; extern=0; dir=0; type=0; pingpong=0; private_global=0; IO mode=ap_none:ce=0
Port [ in_37]:  wired=1; compound=0; hidden=0; nouse=0; global=0; static=0; extern=0; dir=0; type=0; pingpong=0; private_global=0; IO mode=ap_none:ce=0
Port [ in_38]:  wired=1; compound=0; hidden=0; nouse=0; global=0; static=0; extern=0; dir=0; type=0; pingpong=0; private_global=0; IO mode=ap_none:ce=0
Port [ in_39]:  wired=1; compound=0; hidden=0; nouse=0; global=0; static=0; extern=0; dir=0; type=0; pingpong=0; private_global=0; IO mode=ap_none:ce=0
Port [ in_40]:  wired=1; compound=0; hidden=0; nouse=0; global=0; static=0; extern=0; dir=0; type=0; pingpong=0; private_global=0; IO mode=ap_none:ce=0
Port [ in_41]:  wired=1; compound=0; hidden=0; nouse=0; global=0; static=0; extern=0; dir=0; type=0; pingpong=0; private_global=0; IO mode=ap_none:ce=0
Port [ in_42]:  wired=1; compound=0; hidden=0; nouse=0; global=0; static=0; extern=0; dir=0; type=0; pingpong=0; private_global=0; IO mode=ap_none:ce=0
Port [ in_43]:  wired=1; compound=0; hidden=0; nouse=0; global=0; static=0; extern=0; dir=0; type=0; pingpong=0; private_global=0; IO mode=ap_none:ce=0
Port [ in_44]:  wired=1; compound=0; hidden=0; nouse=0; global=0; static=0; extern=0; dir=0; type=0; pingpong=0; private_global=0; IO mode=ap_none:ce=0
Port [ in_45]:  wired=1; compound=0; hidden=0; nouse=0; global=0; static=0; extern=0; dir=0; type=0; pingpong=0; private_global=0; IO mode=ap_none:ce=0
Port [ in_46]:  wired=1; compound=0; hidden=0; nouse=0; global=0; static=0; extern=0; dir=0; type=0; pingpong=0; private_global=0; IO mode=ap_none:ce=0
Port [ in_47]:  wired=1; compound=0; hidden=0; nouse=0; global=0; static=0; extern=0; dir=0; type=0; pingpong=0; private_global=0; IO mode=ap_none:ce=0
Port [ in_48]:  wired=1; compound=0; hidden=0; nouse=0; global=0; static=0; extern=0; dir=0; type=0; pingpong=0; private_global=0; IO mode=ap_none:ce=0
Port [ in_49]:  wired=1; compound=0; hidden=0; nouse=0; global=0; static=0; extern=0; dir=0; type=0; pingpong=0; private_global=0; IO mode=ap_none:ce=0
Port [ in_50]:  wired=1; compound=0; hidden=0; nouse=0; global=0; static=0; extern=0; dir=0; type=0; pingpong=0; private_global=0; IO mode=ap_none:ce=0
Port [ in_51]:  wired=1; compound=0; hidden=0; nouse=0; global=0; static=0; extern=0; dir=0; type=0; pingpong=0; private_global=0; IO mode=ap_none:ce=0
Port [ in_52]:  wired=1; compound=0; hidden=0; nouse=0; global=0; static=0; extern=0; dir=0; type=0; pingpong=0; private_global=0; IO mode=ap_none:ce=0
Port [ in_53]:  wired=1; compound=0; hidden=0; nouse=0; global=0; static=0; extern=0; dir=0; type=0; pingpong=0; private_global=0; IO mode=ap_none:ce=0
Port [ in_54]:  wired=1; compound=0; hidden=0; nouse=0; global=0; static=0; extern=0; dir=0; type=0; pingpong=0; private_global=0; IO mode=ap_none:ce=0
Port [ in_55]:  wired=1; compound=0; hidden=0; nouse=0; global=0; static=0; extern=0; dir=0; type=0; pingpong=0; private_global=0; IO mode=ap_none:ce=0
Port [ in_56]:  wired=1; compound=0; hidden=0; nouse=0; global=0; static=0; extern=0; dir=0; type=0; pingpong=0; private_global=0; IO mode=ap_none:ce=0
Port [ in_57]:  wired=1; compound=0; hidden=0; nouse=0; global=0; static=0; extern=0; dir=0; type=0; pingpong=0; private_global=0; IO mode=ap_none:ce=0
Port [ in_58]:  wired=1; compound=0; hidden=0; nouse=0; global=0; static=0; extern=0; dir=0; type=0; pingpong=0; private_global=0; IO mode=ap_none:ce=0
Port [ in_59]:  wired=1; compound=0; hidden=0; nouse=0; global=0; static=0; extern=0; dir=0; type=0; pingpong=0; private_global=0; IO mode=ap_none:ce=0
Port [ in_60]:  wired=1; compound=0; hidden=0; nouse=0; global=0; static=0; extern=0; dir=0; type=0; pingpong=0; private_global=0; IO mode=ap_none:ce=0
Port [ in_61]:  wired=1; compound=0; hidden=0; nouse=0; global=0; static=0; extern=0; dir=0; type=0; pingpong=0; private_global=0; IO mode=ap_none:ce=0
Port [ in_62]:  wired=1; compound=0; hidden=0; nouse=0; global=0; static=0; extern=0; dir=0; type=0; pingpong=0; private_global=0; IO mode=ap_none:ce=0
Port [ in_63]:  wired=1; compound=0; hidden=0; nouse=0; global=0; static=0; extern=0; dir=0; type=0; pingpong=0; private_global=0; IO mode=ap_none:ce=0
Port [ out_0]:  wired=1; compound=0; hidden=0; nouse=0; global=0; static=0; extern=0; dir=1; type=0; pingpong=0; private_global=0; IO mode=ap_vld:ce=0
Port [ out_1]:  wired=1; compound=0; hidden=0; nouse=0; global=0; static=0; extern=0; dir=1; type=0; pingpong=0; private_global=0; IO mode=ap_vld:ce=0
Port [ out_2]:  wired=1; compound=0; hidden=0; nouse=0; global=0; static=0; extern=0; dir=1; type=0; pingpong=0; private_global=0; IO mode=ap_vld:ce=0
Port [ out_3]:  wired=1; compound=0; hidden=0; nouse=0; global=0; static=0; extern=0; dir=1; type=0; pingpong=0; private_global=0; IO mode=ap_vld:ce=0
Port [ out_4]:  wired=1; compound=0; hidden=0; nouse=0; global=0; static=0; extern=0; dir=1; type=0; pingpong=0; private_global=0; IO mode=ap_vld:ce=0
Port [ loaded]:  wired=0; compound=0; hidden=1; nouse=1; global=1; static=1; extern=0; dir=2; type=0; pingpong=0; private_global=0; IO mode=ap_ovld:ce=0
Port [ FC2_W]:  wired=0; compound=1; hidden=1; nouse=1; global=1; static=1; extern=0; dir=0; type=1; pingpong=0; private_global=0; MemPort=[1]; IO mode=ap_memory:ce=0
Port [ fc2_weights_0]:  wired=0; compound=1; hidden=1; nouse=0; global=1; static=1; extern=0; dir=2; type=1; pingpong=0; private_global=1; MemPort=[23]; IO mode=ap_memory:ce=0
Port [ void_Matrix_Vector_Activate_Batch_stream_stream_FixedPointWeightsSp_const_Thr_4]:  wired=0; compound=0; hidden=1; nouse=1; global=1; static=1; extern=0; dir=2; type=0; pingpong=0; private_global=0; IO mode=ap_ovld:ce=0
Port [ void_Matrix_Vector_Activate_Batch_stream_stream_FixedPointWeightsSp_const_Thr_3]:  wired=0; compound=0; hidden=1; nouse=1; global=1; static=1; extern=0; dir=2; type=0; pingpong=0; private_global=0; IO mode=ap_ovld:ce=0
Port [ void_Matrix_Vector_Activate_Batch_stream_stream_FixedPointWeightsSp_const_Thr_2]:  wired=0; compound=0; hidden=1; nouse=1; global=1; static=1; extern=0; dir=2; type=0; pingpong=0; private_global=0; IO mode=ap_ovld:ce=0
Port [ void_Matrix_Vector_Activate_Batch_stream_stream_FixedPointWeightsSp_const_Thr_1]:  wired=0; compound=0; hidden=1; nouse=1; global=1; static=1; extern=0; dir=2; type=0; pingpong=0; private_global=0; IO mode=ap_ovld:ce=0
Port [ void_Matrix_Vector_Activate_Batch_stream_stream_FixedPointWeightsSp_const_Thr]:  wired=0; compound=0; hidden=1; nouse=1; global=1; static=1; extern=0; dir=2; type=0; pingpong=0; private_global=0; IO mode=ap_ovld:ce=0
---------------- STG Properties END ------------------

---------------- Datapath Model BEGIN ----------------

<LifeTime>
<method=bitvector/>
in_stream          (alloca       ) [ 00111111111]
out_stream         (alloca       ) [ 00111111111]
call_ln67          (call         ) [ 00000000000]
in_0_read          (read         ) [ 00011000000]
in_1_read          (read         ) [ 00011000000]
in_2_read          (read         ) [ 00011000000]
in_3_read          (read         ) [ 00011000000]
in_4_read          (read         ) [ 00011000000]
in_5_read          (read         ) [ 00011000000]
in_6_read          (read         ) [ 00011000000]
in_7_read          (read         ) [ 00011000000]
in_8_read          (read         ) [ 00011000000]
in_9_read          (read         ) [ 00011000000]
in_10_read         (read         ) [ 00011000000]
in_11_read         (read         ) [ 00011000000]
in_12_read         (read         ) [ 00011000000]
in_13_read         (read         ) [ 00011000000]
in_14_read         (read         ) [ 00011000000]
in_15_read         (read         ) [ 00011000000]
in_16_read         (read         ) [ 00011000000]
in_17_read         (read         ) [ 00011000000]
in_18_read         (read         ) [ 00011000000]
in_19_read         (read         ) [ 00011000000]
in_20_read         (read         ) [ 00011000000]
in_21_read         (read         ) [ 00011000000]
in_22_read         (read         ) [ 00011000000]
in_23_read         (read         ) [ 00011000000]
in_24_read         (read         ) [ 00011000000]
in_25_read         (read         ) [ 00011000000]
in_26_read         (read         ) [ 00011000000]
in_27_read         (read         ) [ 00011000000]
in_28_read         (read         ) [ 00011000000]
in_29_read         (read         ) [ 00011000000]
in_30_read         (read         ) [ 00011000000]
in_31_read         (read         ) [ 00011000000]
in_32_read         (read         ) [ 00011000000]
in_33_read         (read         ) [ 00011000000]
in_34_read         (read         ) [ 00011000000]
in_35_read         (read         ) [ 00011000000]
in_36_read         (read         ) [ 00011000000]
in_37_read         (read         ) [ 00011000000]
in_38_read         (read         ) [ 00011000000]
in_39_read         (read         ) [ 00011000000]
in_40_read         (read         ) [ 00011000000]
in_41_read         (read         ) [ 00011000000]
in_42_read         (read         ) [ 00011000000]
in_43_read         (read         ) [ 00011000000]
in_44_read         (read         ) [ 00011000000]
in_45_read         (read         ) [ 00011000000]
in_46_read         (read         ) [ 00011000000]
in_47_read         (read         ) [ 00011000000]
in_48_read         (read         ) [ 00011000000]
in_49_read         (read         ) [ 00011000000]
in_50_read         (read         ) [ 00011000000]
in_51_read         (read         ) [ 00011000000]
in_52_read         (read         ) [ 00011000000]
in_53_read         (read         ) [ 00011000000]
in_54_read         (read         ) [ 00011000000]
in_55_read         (read         ) [ 00011000000]
in_56_read         (read         ) [ 00011000000]
in_57_read         (read         ) [ 00011000000]
in_58_read         (read         ) [ 00011000000]
in_59_read         (read         ) [ 00011000000]
in_60_read         (read         ) [ 00011000000]
in_61_read         (read         ) [ 00011000000]
in_62_read         (read         ) [ 00011000000]
in_63_read         (read         ) [ 00011000000]
empty_14           (wait         ) [ 00000000000]
call_ln0           (call         ) [ 00000000000]
empty_15           (wait         ) [ 00000000000]
empty_16           (wait         ) [ 00000000000]
call_ln0           (call         ) [ 00000000000]
empty_17           (wait         ) [ 00000000000]
empty_18           (wait         ) [ 00000000000]
spectopmodule_ln63 (spectopmodule) [ 00000000000]
specbitsmap_ln0    (specbitsmap  ) [ 00000000000]
specinterface_ln0  (specinterface) [ 00000000000]
specbitsmap_ln0    (specbitsmap  ) [ 00000000000]
specinterface_ln0  (specinterface) [ 00000000000]
specbitsmap_ln0    (specbitsmap  ) [ 00000000000]
specinterface_ln0  (specinterface) [ 00000000000]
specbitsmap_ln0    (specbitsmap  ) [ 00000000000]
specinterface_ln0  (specinterface) [ 00000000000]
specbitsmap_ln0    (specbitsmap  ) [ 00000000000]
specinterface_ln0  (specinterface) [ 00000000000]
specbitsmap_ln0    (specbitsmap  ) [ 00000000000]
specinterface_ln0  (specinterface) [ 00000000000]
specbitsmap_ln0    (specbitsmap  ) [ 00000000000]
specinterface_ln0  (specinterface) [ 00000000000]
specbitsmap_ln0    (specbitsmap  ) [ 00000000000]
specinterface_ln0  (specinterface) [ 00000000000]
specbitsmap_ln0    (specbitsmap  ) [ 00000000000]
specinterface_ln0  (specinterface) [ 00000000000]
specbitsmap_ln0    (specbitsmap  ) [ 00000000000]
specinterface_ln0  (specinterface) [ 00000000000]
specbitsmap_ln0    (specbitsmap  ) [ 00000000000]
specinterface_ln0  (specinterface) [ 00000000000]
specbitsmap_ln0    (specbitsmap  ) [ 00000000000]
specinterface_ln0  (specinterface) [ 00000000000]
specbitsmap_ln0    (specbitsmap  ) [ 00000000000]
specinterface_ln0  (specinterface) [ 00000000000]
specbitsmap_ln0    (specbitsmap  ) [ 00000000000]
specinterface_ln0  (specinterface) [ 00000000000]
specbitsmap_ln0    (specbitsmap  ) [ 00000000000]
specinterface_ln0  (specinterface) [ 00000000000]
specbitsmap_ln0    (specbitsmap  ) [ 00000000000]
specinterface_ln0  (specinterface) [ 00000000000]
specbitsmap_ln0    (specbitsmap  ) [ 00000000000]
specinterface_ln0  (specinterface) [ 00000000000]
specbitsmap_ln0    (specbitsmap  ) [ 00000000000]
specinterface_ln0  (specinterface) [ 00000000000]
specbitsmap_ln0    (specbitsmap  ) [ 00000000000]
specinterface_ln0  (specinterface) [ 00000000000]
specbitsmap_ln0    (specbitsmap  ) [ 00000000000]
specinterface_ln0  (specinterface) [ 00000000000]
specbitsmap_ln0    (specbitsmap  ) [ 00000000000]
specinterface_ln0  (specinterface) [ 00000000000]
specbitsmap_ln0    (specbitsmap  ) [ 00000000000]
specinterface_ln0  (specinterface) [ 00000000000]
specbitsmap_ln0    (specbitsmap  ) [ 00000000000]
specinterface_ln0  (specinterface) [ 00000000000]
specbitsmap_ln0    (specbitsmap  ) [ 00000000000]
specinterface_ln0  (specinterface) [ 00000000000]
specbitsmap_ln0    (specbitsmap  ) [ 00000000000]
specinterface_ln0  (specinterface) [ 00000000000]
specbitsmap_ln0    (specbitsmap  ) [ 00000000000]
specinterface_ln0  (specinterface) [ 00000000000]
specbitsmap_ln0    (specbitsmap  ) [ 00000000000]
specinterface_ln0  (specinterface) [ 00000000000]
specbitsmap_ln0    (specbitsmap  ) [ 00000000000]
specinterface_ln0  (specinterface) [ 00000000000]
specbitsmap_ln0    (specbitsmap  ) [ 00000000000]
specinterface_ln0  (specinterface) [ 00000000000]
specbitsmap_ln0    (specbitsmap  ) [ 00000000000]
specinterface_ln0  (specinterface) [ 00000000000]
specbitsmap_ln0    (specbitsmap  ) [ 00000000000]
specinterface_ln0  (specinterface) [ 00000000000]
specbitsmap_ln0    (specbitsmap  ) [ 00000000000]
specinterface_ln0  (specinterface) [ 00000000000]
specbitsmap_ln0    (specbitsmap  ) [ 00000000000]
specinterface_ln0  (specinterface) [ 00000000000]
specbitsmap_ln0    (specbitsmap  ) [ 00000000000]
specinterface_ln0  (specinterface) [ 00000000000]
specbitsmap_ln0    (specbitsmap  ) [ 00000000000]
specinterface_ln0  (specinterface) [ 00000000000]
specbitsmap_ln0    (specbitsmap  ) [ 00000000000]
specinterface_ln0  (specinterface) [ 00000000000]
specbitsmap_ln0    (specbitsmap  ) [ 00000000000]
specinterface_ln0  (specinterface) [ 00000000000]
specbitsmap_ln0    (specbitsmap  ) [ 00000000000]
specinterface_ln0  (specinterface) [ 00000000000]
specbitsmap_ln0    (specbitsmap  ) [ 00000000000]
specinterface_ln0  (specinterface) [ 00000000000]
specbitsmap_ln0    (specbitsmap  ) [ 00000000000]
specinterface_ln0  (specinterface) [ 00000000000]
specbitsmap_ln0    (specbitsmap  ) [ 00000000000]
specinterface_ln0  (specinterface) [ 00000000000]
specbitsmap_ln0    (specbitsmap  ) [ 00000000000]
specinterface_ln0  (specinterface) [ 00000000000]
specbitsmap_ln0    (specbitsmap  ) [ 00000000000]
specinterface_ln0  (specinterface) [ 00000000000]
specbitsmap_ln0    (specbitsmap  ) [ 00000000000]
specinterface_ln0  (specinterface) [ 00000000000]
specbitsmap_ln0    (specbitsmap  ) [ 00000000000]
specinterface_ln0  (specinterface) [ 00000000000]
specbitsmap_ln0    (specbitsmap  ) [ 00000000000]
specinterface_ln0  (specinterface) [ 00000000000]
specbitsmap_ln0    (specbitsmap  ) [ 00000000000]
specinterface_ln0  (specinterface) [ 00000000000]
specbitsmap_ln0    (specbitsmap  ) [ 00000000000]
specinterface_ln0  (specinterface) [ 00000000000]
specbitsmap_ln0    (specbitsmap  ) [ 00000000000]
specinterface_ln0  (specinterface) [ 00000000000]
specbitsmap_ln0    (specbitsmap  ) [ 00000000000]
specinterface_ln0  (specinterface) [ 00000000000]
specbitsmap_ln0    (specbitsmap  ) [ 00000000000]
specinterface_ln0  (specinterface) [ 00000000000]
specbitsmap_ln0    (specbitsmap  ) [ 00000000000]
specinterface_ln0  (specinterface) [ 00000000000]
specbitsmap_ln0    (specbitsmap  ) [ 00000000000]
specinterface_ln0  (specinterface) [ 00000000000]
specbitsmap_ln0    (specbitsmap  ) [ 00000000000]
specinterface_ln0  (specinterface) [ 00000000000]
specbitsmap_ln0    (specbitsmap  ) [ 00000000000]
specinterface_ln0  (specinterface) [ 00000000000]
specbitsmap_ln0    (specbitsmap  ) [ 00000000000]
specinterface_ln0  (specinterface) [ 00000000000]
specbitsmap_ln0    (specbitsmap  ) [ 00000000000]
specinterface_ln0  (specinterface) [ 00000000000]
specbitsmap_ln0    (specbitsmap  ) [ 00000000000]
specinterface_ln0  (specinterface) [ 00000000000]
specbitsmap_ln0    (specbitsmap  ) [ 00000000000]
specinterface_ln0  (specinterface) [ 00000000000]
specbitsmap_ln0    (specbitsmap  ) [ 00000000000]
specinterface_ln0  (specinterface) [ 00000000000]
specbitsmap_ln0    (specbitsmap  ) [ 00000000000]
specinterface_ln0  (specinterface) [ 00000000000]
specbitsmap_ln0    (specbitsmap  ) [ 00000000000]
specinterface_ln0  (specinterface) [ 00000000000]
specbitsmap_ln0    (specbitsmap  ) [ 00000000000]
specinterface_ln0  (specinterface) [ 00000000000]
specbitsmap_ln0    (specbitsmap  ) [ 00000000000]
specinterface_ln0  (specinterface) [ 00000000000]
specbitsmap_ln0    (specbitsmap  ) [ 00000000000]
specinterface_ln0  (specinterface) [ 00000000000]
specbitsmap_ln0    (specbitsmap  ) [ 00000000000]
specinterface_ln0  (specinterface) [ 00000000000]
specbitsmap_ln0    (specbitsmap  ) [ 00000000000]
specinterface_ln0  (specinterface) [ 00000000000]
specbitsmap_ln0    (specbitsmap  ) [ 00000000000]
specinterface_ln0  (specinterface) [ 00000000000]
specbitsmap_ln0    (specbitsmap  ) [ 00000000000]
specinterface_ln0  (specinterface) [ 00000000000]
empty              (specchannel  ) [ 00000000000]
specinterface_ln0  (specinterface) [ 00000000000]
empty_13           (specchannel  ) [ 00000000000]
specinterface_ln0  (specinterface) [ 00000000000]
call_ln0           (call         ) [ 00000000000]
ret_ln112          (ret          ) [ 00000000000]
</LifeTime>

<model>

<comp_list>
<comp id="0" class="1000" name="in_0">
<pin_list>
<pin id="1" dir="1" index="0" bw="1" slack="0"/>
</pin_list>
<bind>
<StgValue><ssdm name="in_0"/></StgValue>
</bind>
</comp>

<comp id="2" class="1000" name="in_1">
<pin_list>
<pin id="3" dir="1" index="0" bw="1" slack="0"/>
</pin_list>
<bind>
<StgValue><ssdm name="in_1"/></StgValue>
</bind>
</comp>

<comp id="4" class="1000" name="in_2">
<pin_list>
<pin id="5" dir="1" index="0" bw="1" slack="0"/>
</pin_list>
<bind>
<StgValue><ssdm name="in_2"/></StgValue>
</bind>
</comp>

<comp id="6" class="1000" name="in_3">
<pin_list>
<pin id="7" dir="1" index="0" bw="1" slack="0"/>
</pin_list>
<bind>
<StgValue><ssdm name="in_3"/></StgValue>
</bind>
</comp>

<comp id="8" class="1000" name="in_4">
<pin_list>
<pin id="9" dir="1" index="0" bw="1" slack="0"/>
</pin_list>
<bind>
<StgValue><ssdm name="in_4"/></StgValue>
</bind>
</comp>

<comp id="10" class="1000" name="in_5">
<pin_list>
<pin id="11" dir="1" index="0" bw="1" slack="0"/>
</pin_list>
<bind>
<StgValue><ssdm name="in_5"/></StgValue>
</bind>
</comp>

<comp id="12" class="1000" name="in_6">
<pin_list>
<pin id="13" dir="1" index="0" bw="1" slack="0"/>
</pin_list>
<bind>
<StgValue><ssdm name="in_6"/></StgValue>
</bind>
</comp>

<comp id="14" class="1000" name="in_7">
<pin_list>
<pin id="15" dir="1" index="0" bw="1" slack="0"/>
</pin_list>
<bind>
<StgValue><ssdm name="in_7"/></StgValue>
</bind>
</comp>

<comp id="16" class="1000" name="in_8">
<pin_list>
<pin id="17" dir="1" index="0" bw="1" slack="0"/>
</pin_list>
<bind>
<StgValue><ssdm name="in_8"/></StgValue>
</bind>
</comp>

<comp id="18" class="1000" name="in_9">
<pin_list>
<pin id="19" dir="1" index="0" bw="1" slack="0"/>
</pin_list>
<bind>
<StgValue><ssdm name="in_9"/></StgValue>
</bind>
</comp>

<comp id="20" class="1000" name="in_10">
<pin_list>
<pin id="21" dir="1" index="0" bw="1" slack="0"/>
</pin_list>
<bind>
<StgValue><ssdm name="in_10"/></StgValue>
</bind>
</comp>

<comp id="22" class="1000" name="in_11">
<pin_list>
<pin id="23" dir="1" index="0" bw="1" slack="0"/>
</pin_list>
<bind>
<StgValue><ssdm name="in_11"/></StgValue>
</bind>
</comp>

<comp id="24" class="1000" name="in_12">
<pin_list>
<pin id="25" dir="1" index="0" bw="1" slack="0"/>
</pin_list>
<bind>
<StgValue><ssdm name="in_12"/></StgValue>
</bind>
</comp>

<comp id="26" class="1000" name="in_13">
<pin_list>
<pin id="27" dir="1" index="0" bw="1" slack="0"/>
</pin_list>
<bind>
<StgValue><ssdm name="in_13"/></StgValue>
</bind>
</comp>

<comp id="28" class="1000" name="in_14">
<pin_list>
<pin id="29" dir="1" index="0" bw="1" slack="0"/>
</pin_list>
<bind>
<StgValue><ssdm name="in_14"/></StgValue>
</bind>
</comp>

<comp id="30" class="1000" name="in_15">
<pin_list>
<pin id="31" dir="1" index="0" bw="1" slack="0"/>
</pin_list>
<bind>
<StgValue><ssdm name="in_15"/></StgValue>
</bind>
</comp>

<comp id="32" class="1000" name="in_16">
<pin_list>
<pin id="33" dir="1" index="0" bw="1" slack="0"/>
</pin_list>
<bind>
<StgValue><ssdm name="in_16"/></StgValue>
</bind>
</comp>

<comp id="34" class="1000" name="in_17">
<pin_list>
<pin id="35" dir="1" index="0" bw="1" slack="0"/>
</pin_list>
<bind>
<StgValue><ssdm name="in_17"/></StgValue>
</bind>
</comp>

<comp id="36" class="1000" name="in_18">
<pin_list>
<pin id="37" dir="1" index="0" bw="1" slack="0"/>
</pin_list>
<bind>
<StgValue><ssdm name="in_18"/></StgValue>
</bind>
</comp>

<comp id="38" class="1000" name="in_19">
<pin_list>
<pin id="39" dir="1" index="0" bw="1" slack="0"/>
</pin_list>
<bind>
<StgValue><ssdm name="in_19"/></StgValue>
</bind>
</comp>

<comp id="40" class="1000" name="in_20">
<pin_list>
<pin id="41" dir="1" index="0" bw="1" slack="0"/>
</pin_list>
<bind>
<StgValue><ssdm name="in_20"/></StgValue>
</bind>
</comp>

<comp id="42" class="1000" name="in_21">
<pin_list>
<pin id="43" dir="1" index="0" bw="1" slack="0"/>
</pin_list>
<bind>
<StgValue><ssdm name="in_21"/></StgValue>
</bind>
</comp>

<comp id="44" class="1000" name="in_22">
<pin_list>
<pin id="45" dir="1" index="0" bw="1" slack="0"/>
</pin_list>
<bind>
<StgValue><ssdm name="in_22"/></StgValue>
</bind>
</comp>

<comp id="46" class="1000" name="in_23">
<pin_list>
<pin id="47" dir="1" index="0" bw="1" slack="0"/>
</pin_list>
<bind>
<StgValue><ssdm name="in_23"/></StgValue>
</bind>
</comp>

<comp id="48" class="1000" name="in_24">
<pin_list>
<pin id="49" dir="1" index="0" bw="1" slack="0"/>
</pin_list>
<bind>
<StgValue><ssdm name="in_24"/></StgValue>
</bind>
</comp>

<comp id="50" class="1000" name="in_25">
<pin_list>
<pin id="51" dir="1" index="0" bw="1" slack="0"/>
</pin_list>
<bind>
<StgValue><ssdm name="in_25"/></StgValue>
</bind>
</comp>

<comp id="52" class="1000" name="in_26">
<pin_list>
<pin id="53" dir="1" index="0" bw="1" slack="0"/>
</pin_list>
<bind>
<StgValue><ssdm name="in_26"/></StgValue>
</bind>
</comp>

<comp id="54" class="1000" name="in_27">
<pin_list>
<pin id="55" dir="1" index="0" bw="1" slack="0"/>
</pin_list>
<bind>
<StgValue><ssdm name="in_27"/></StgValue>
</bind>
</comp>

<comp id="56" class="1000" name="in_28">
<pin_list>
<pin id="57" dir="1" index="0" bw="1" slack="0"/>
</pin_list>
<bind>
<StgValue><ssdm name="in_28"/></StgValue>
</bind>
</comp>

<comp id="58" class="1000" name="in_29">
<pin_list>
<pin id="59" dir="1" index="0" bw="1" slack="0"/>
</pin_list>
<bind>
<StgValue><ssdm name="in_29"/></StgValue>
</bind>
</comp>

<comp id="60" class="1000" name="in_30">
<pin_list>
<pin id="61" dir="1" index="0" bw="1" slack="0"/>
</pin_list>
<bind>
<StgValue><ssdm name="in_30"/></StgValue>
</bind>
</comp>

<comp id="62" class="1000" name="in_31">
<pin_list>
<pin id="63" dir="1" index="0" bw="1" slack="0"/>
</pin_list>
<bind>
<StgValue><ssdm name="in_31"/></StgValue>
</bind>
</comp>

<comp id="64" class="1000" name="in_32">
<pin_list>
<pin id="65" dir="1" index="0" bw="1" slack="0"/>
</pin_list>
<bind>
<StgValue><ssdm name="in_32"/></StgValue>
</bind>
</comp>

<comp id="66" class="1000" name="in_33">
<pin_list>
<pin id="67" dir="1" index="0" bw="1" slack="0"/>
</pin_list>
<bind>
<StgValue><ssdm name="in_33"/></StgValue>
</bind>
</comp>

<comp id="68" class="1000" name="in_34">
<pin_list>
<pin id="69" dir="1" index="0" bw="1" slack="0"/>
</pin_list>
<bind>
<StgValue><ssdm name="in_34"/></StgValue>
</bind>
</comp>

<comp id="70" class="1000" name="in_35">
<pin_list>
<pin id="71" dir="1" index="0" bw="1" slack="0"/>
</pin_list>
<bind>
<StgValue><ssdm name="in_35"/></StgValue>
</bind>
</comp>

<comp id="72" class="1000" name="in_36">
<pin_list>
<pin id="73" dir="1" index="0" bw="1" slack="0"/>
</pin_list>
<bind>
<StgValue><ssdm name="in_36"/></StgValue>
</bind>
</comp>

<comp id="74" class="1000" name="in_37">
<pin_list>
<pin id="75" dir="1" index="0" bw="1" slack="0"/>
</pin_list>
<bind>
<StgValue><ssdm name="in_37"/></StgValue>
</bind>
</comp>

<comp id="76" class="1000" name="in_38">
<pin_list>
<pin id="77" dir="1" index="0" bw="1" slack="0"/>
</pin_list>
<bind>
<StgValue><ssdm name="in_38"/></StgValue>
</bind>
</comp>

<comp id="78" class="1000" name="in_39">
<pin_list>
<pin id="79" dir="1" index="0" bw="1" slack="0"/>
</pin_list>
<bind>
<StgValue><ssdm name="in_39"/></StgValue>
</bind>
</comp>

<comp id="80" class="1000" name="in_40">
<pin_list>
<pin id="81" dir="1" index="0" bw="1" slack="0"/>
</pin_list>
<bind>
<StgValue><ssdm name="in_40"/></StgValue>
</bind>
</comp>

<comp id="82" class="1000" name="in_41">
<pin_list>
<pin id="83" dir="1" index="0" bw="1" slack="0"/>
</pin_list>
<bind>
<StgValue><ssdm name="in_41"/></StgValue>
</bind>
</comp>

<comp id="84" class="1000" name="in_42">
<pin_list>
<pin id="85" dir="1" index="0" bw="1" slack="0"/>
</pin_list>
<bind>
<StgValue><ssdm name="in_42"/></StgValue>
</bind>
</comp>

<comp id="86" class="1000" name="in_43">
<pin_list>
<pin id="87" dir="1" index="0" bw="1" slack="0"/>
</pin_list>
<bind>
<StgValue><ssdm name="in_43"/></StgValue>
</bind>
</comp>

<comp id="88" class="1000" name="in_44">
<pin_list>
<pin id="89" dir="1" index="0" bw="1" slack="0"/>
</pin_list>
<bind>
<StgValue><ssdm name="in_44"/></StgValue>
</bind>
</comp>

<comp id="90" class="1000" name="in_45">
<pin_list>
<pin id="91" dir="1" index="0" bw="1" slack="0"/>
</pin_list>
<bind>
<StgValue><ssdm name="in_45"/></StgValue>
</bind>
</comp>

<comp id="92" class="1000" name="in_46">
<pin_list>
<pin id="93" dir="1" index="0" bw="1" slack="0"/>
</pin_list>
<bind>
<StgValue><ssdm name="in_46"/></StgValue>
</bind>
</comp>

<comp id="94" class="1000" name="in_47">
<pin_list>
<pin id="95" dir="1" index="0" bw="1" slack="0"/>
</pin_list>
<bind>
<StgValue><ssdm name="in_47"/></StgValue>
</bind>
</comp>

<comp id="96" class="1000" name="in_48">
<pin_list>
<pin id="97" dir="1" index="0" bw="1" slack="0"/>
</pin_list>
<bind>
<StgValue><ssdm name="in_48"/></StgValue>
</bind>
</comp>

<comp id="98" class="1000" name="in_49">
<pin_list>
<pin id="99" dir="1" index="0" bw="1" slack="0"/>
</pin_list>
<bind>
<StgValue><ssdm name="in_49"/></StgValue>
</bind>
</comp>

<comp id="100" class="1000" name="in_50">
<pin_list>
<pin id="101" dir="1" index="0" bw="1" slack="0"/>
</pin_list>
<bind>
<StgValue><ssdm name="in_50"/></StgValue>
</bind>
</comp>

<comp id="102" class="1000" name="in_51">
<pin_list>
<pin id="103" dir="1" index="0" bw="1" slack="0"/>
</pin_list>
<bind>
<StgValue><ssdm name="in_51"/></StgValue>
</bind>
</comp>

<comp id="104" class="1000" name="in_52">
<pin_list>
<pin id="105" dir="1" index="0" bw="1" slack="0"/>
</pin_list>
<bind>
<StgValue><ssdm name="in_52"/></StgValue>
</bind>
</comp>

<comp id="106" class="1000" name="in_53">
<pin_list>
<pin id="107" dir="1" index="0" bw="1" slack="0"/>
</pin_list>
<bind>
<StgValue><ssdm name="in_53"/></StgValue>
</bind>
</comp>

<comp id="108" class="1000" name="in_54">
<pin_list>
<pin id="109" dir="1" index="0" bw="1" slack="0"/>
</pin_list>
<bind>
<StgValue><ssdm name="in_54"/></StgValue>
</bind>
</comp>

<comp id="110" class="1000" name="in_55">
<pin_list>
<pin id="111" dir="1" index="0" bw="1" slack="0"/>
</pin_list>
<bind>
<StgValue><ssdm name="in_55"/></StgValue>
</bind>
</comp>

<comp id="112" class="1000" name="in_56">
<pin_list>
<pin id="113" dir="1" index="0" bw="1" slack="0"/>
</pin_list>
<bind>
<StgValue><ssdm name="in_56"/></StgValue>
</bind>
</comp>

<comp id="114" class="1000" name="in_57">
<pin_list>
<pin id="115" dir="1" index="0" bw="1" slack="0"/>
</pin_list>
<bind>
<StgValue><ssdm name="in_57"/></StgValue>
</bind>
</comp>

<comp id="116" class="1000" name="in_58">
<pin_list>
<pin id="117" dir="1" index="0" bw="1" slack="0"/>
</pin_list>
<bind>
<StgValue><ssdm name="in_58"/></StgValue>
</bind>
</comp>

<comp id="118" class="1000" name="in_59">
<pin_list>
<pin id="119" dir="1" index="0" bw="1" slack="0"/>
</pin_list>
<bind>
<StgValue><ssdm name="in_59"/></StgValue>
</bind>
</comp>

<comp id="120" class="1000" name="in_60">
<pin_list>
<pin id="121" dir="1" index="0" bw="1" slack="0"/>
</pin_list>
<bind>
<StgValue><ssdm name="in_60"/></StgValue>
</bind>
</comp>

<comp id="122" class="1000" name="in_61">
<pin_list>
<pin id="123" dir="1" index="0" bw="1" slack="0"/>
</pin_list>
<bind>
<StgValue><ssdm name="in_61"/></StgValue>
</bind>
</comp>

<comp id="124" class="1000" name="in_62">
<pin_list>
<pin id="125" dir="1" index="0" bw="1" slack="0"/>
</pin_list>
<bind>
<StgValue><ssdm name="in_62"/></StgValue>
</bind>
</comp>

<comp id="126" class="1000" name="in_63">
<pin_list>
<pin id="127" dir="1" index="0" bw="1" slack="0"/>
</pin_list>
<bind>
<StgValue><ssdm name="in_63"/></StgValue>
</bind>
</comp>

<comp id="128" class="1000" name="out_0">
<pin_list>
<pin id="129" dir="1" index="0" bw="1" slack="0"/>
</pin_list>
<bind>
<StgValue><ssdm name="out_0"/></StgValue>
</bind>
</comp>

<comp id="130" class="1000" name="out_1">
<pin_list>
<pin id="131" dir="1" index="0" bw="1" slack="0"/>
</pin_list>
<bind>
<StgValue><ssdm name="out_1"/></StgValue>
</bind>
</comp>

<comp id="132" class="1000" name="out_2">
<pin_list>
<pin id="133" dir="1" index="0" bw="1" slack="0"/>
</pin_list>
<bind>
<StgValue><ssdm name="out_2"/></StgValue>
</bind>
</comp>

<comp id="134" class="1000" name="out_3">
<pin_list>
<pin id="135" dir="1" index="0" bw="1" slack="0"/>
</pin_list>
<bind>
<StgValue><ssdm name="out_3"/></StgValue>
</bind>
</comp>

<comp id="136" class="1000" name="out_4">
<pin_list>
<pin id="137" dir="1" index="0" bw="1" slack="0"/>
</pin_list>
<bind>
<StgValue><ssdm name="out_4"/></StgValue>
</bind>
</comp>

<comp id="138" class="1000" name="loaded">
<pin_list>
<pin id="139" dir="1" index="0" bw="1" slack="0"/>
</pin_list>
<bind>
<StgValue><ssdm name="loaded"/></StgValue>
</bind>
</comp>

<comp id="140" class="1000" name="FC2_W">
<pin_list>
<pin id="141" dir="1" index="0" bw="1" slack="0"/>
</pin_list>
<bind>
<StgValue><ssdm name="FC2_W"/><MemPortTyVec>1 </MemPortTyVec>
</StgValue>
</bind>
</comp>

<comp id="142" class="1000" name="fc2_weights_0">
<pin_list>
<pin id="143" dir="1" index="0" bw="1" slack="0"/>
</pin_list>
<bind>
<StgValue><ssdm name="fc2_weights_0"/><MemPortTyVec>2 3 </MemPortTyVec>
</StgValue>
</bind>
</comp>

<comp id="144" class="1000" name="void_Matrix_Vector_Activate_Batch_stream_stream_FixedPointWeightsSp_const_Thr_4">
<pin_list>
<pin id="145" dir="1" index="0" bw="1" slack="0"/>
</pin_list>
<bind>
<StgValue><ssdm name="void_Matrix_Vector_Activate_Batch_stream_stream_FixedPointWeightsSp_const_Thr_4"/></StgValue>
</bind>
</comp>

<comp id="146" class="1000" name="void_Matrix_Vector_Activate_Batch_stream_stream_FixedPointWeightsSp_const_Thr_3">
<pin_list>
<pin id="147" dir="1" index="0" bw="1" slack="0"/>
</pin_list>
<bind>
<StgValue><ssdm name="void_Matrix_Vector_Activate_Batch_stream_stream_FixedPointWeightsSp_const_Thr_3"/></StgValue>
</bind>
</comp>

<comp id="148" class="1000" name="void_Matrix_Vector_Activate_Batch_stream_stream_FixedPointWeightsSp_const_Thr_2">
<pin_list>
<pin id="149" dir="1" index="0" bw="1" slack="0"/>
</pin_list>
<bind>
<StgValue><ssdm name="void_Matrix_Vector_Activate_Batch_stream_stream_FixedPointWeightsSp_const_Thr_2"/></StgValue>
</bind>
</comp>

<comp id="150" class="1000" name="void_Matrix_Vector_Activate_Batch_stream_stream_FixedPointWeightsSp_const_Thr_1">
<pin_list>
<pin id="151" dir="1" index="0" bw="1" slack="0"/>
</pin_list>
<bind>
<StgValue><ssdm name="void_Matrix_Vector_Activate_Batch_stream_stream_FixedPointWeightsSp_const_Thr_1"/></StgValue>
</bind>
</comp>

<comp id="152" class="1000" name="void_Matrix_Vector_Activate_Batch_stream_stream_FixedPointWeightsSp_const_Thr">
<pin_list>
<pin id="153" dir="1" index="0" bw="1" slack="0"/>
</pin_list>
<bind>
<StgValue><ssdm name="void_Matrix_Vector_Activate_Batch_stream_stream_FixedPointWeightsSp_const_Thr"/></StgValue>
</bind>
</comp>

<comp id="154" class="1001" name="const_154">
<pin_list>
<pin id="155" dir="1" index="0" bw="1" slack="0"/>
</pin_list>
<bind>
<StgValue><ssdm name=""/></StgValue>
</bind>
</comp>

<comp id="156" class="1001" name="const_156">
<pin_list>
<pin id="157" dir="1" index="0" bw="1" slack="0"/>
</pin_list>
<bind>
<StgValue><ssdm name="load_weights_once"/></StgValue>
</bind>
</comp>

<comp id="158" class="1001" name="const_158">
<pin_list>
<pin id="159" dir="1" index="0" bw="1" slack="0"/>
</pin_list>
<bind>
<StgValue><ssdm name="_ssdm_op_Read.ap_auto.i1P0A"/></StgValue>
</bind>
</comp>

<comp id="160" class="1001" name="const_160">
<pin_list>
<pin id="161" dir="1" index="0" bw="1" slack="2147483647"/>
</pin_list>
<bind>
<StgValue><ssdm name="_ssdm_op_Wait"/></StgValue>
</bind>
</comp>

<comp id="162" class="1001" name="const_162">
<pin_list>
<pin id="163" dir="1" index="0" bw="1" slack="0"/>
</pin_list>
<bind>
<StgValue><ssdm name="fc2full_top_Pipeline_VITIS_LOOP_75_1"/></StgValue>
</bind>
</comp>

<comp id="164" class="1001" name="const_164">
<pin_list>
<pin id="165" dir="1" index="0" bw="1" slack="0"/>
</pin_list>
<bind>
<StgValue><ssdm name="fc2full_top_Pipeline_VITIS_LOOP_131_1"/></StgValue>
</bind>
</comp>

<comp id="166" class="1001" name="const_166">
<pin_list>
<pin id="167" dir="1" index="0" bw="1" slack="0"/>
</pin_list>
<bind>
<StgValue><ssdm name="fc2full_top_Pipeline_VITIS_LOOP_108_2"/></StgValue>
</bind>
</comp>

<comp id="168" class="1001" name="const_168">
<pin_list>
<pin id="169" dir="1" index="0" bw="1" slack="2147483647"/>
</pin_list>
<bind>
<StgValue><ssdm name="_ssdm_op_SpecTopModule"/></StgValue>
</bind>
</comp>

<comp id="170" class="1001" name="const_170">
<pin_list>
<pin id="171" dir="1" index="0" bw="1" slack="2147483647"/>
</pin_list>
<bind>
<StgValue><ssdm name="empty_6"/></StgValue>
</bind>
</comp>

<comp id="172" class="1001" name="const_172">
<pin_list>
<pin id="173" dir="1" index="0" bw="1" slack="2147483647"/>
</pin_list>
<bind>
<StgValue><ssdm name="_ssdm_op_SpecBitsMap"/></StgValue>
</bind>
</comp>

<comp id="174" class="1001" name="const_174">
<pin_list>
<pin id="175" dir="1" index="0" bw="1" slack="2147483647"/>
</pin_list>
<bind>
<StgValue><ssdm name="_ssdm_op_SpecInterface"/></StgValue>
</bind>
</comp>

<comp id="176" class="1001" name="const_176">
<pin_list>
<pin id="177" dir="1" index="0" bw="1" slack="2147483647"/>
</pin_list>
<bind>
<StgValue><ssdm name="empty_0"/></StgValue>
</bind>
</comp>

<comp id="178" class="1001" name="const_178">
<pin_list>
<pin id="179" dir="1" index="0" bw="1" slack="2147483647"/>
</pin_list>
<bind>
<StgValue><ssdm name=""/></StgValue>
</bind>
</comp>

<comp id="180" class="1001" name="const_180">
<pin_list>
<pin id="181" dir="1" index="0" bw="1" slack="2147483647"/>
</pin_list>
<bind>
<StgValue><ssdm name="empty"/></StgValue>
</bind>
</comp>

<comp id="182" class="1001" name="const_182">
<pin_list>
<pin id="183" dir="1" index="0" bw="1" slack="2147483647"/>
</pin_list>
<bind>
<StgValue><ssdm name=""/></StgValue>
</bind>
</comp>

<comp id="184" class="1001" name="const_184">
<pin_list>
<pin id="185" dir="1" index="0" bw="1" slack="2147483647"/>
</pin_list>
<bind>
<StgValue><ssdm name="_ssdm_op_SpecChannel"/></StgValue>
</bind>
</comp>

<comp id="186" class="1001" name="const_186">
<pin_list>
<pin id="187" dir="1" index="0" bw="1" slack="2147483647"/>
</pin_list>
<bind>
<StgValue><ssdm name="in_stream_str"/></StgValue>
</bind>
</comp>

<comp id="188" class="1001" name="const_188">
<pin_list>
<pin id="189" dir="1" index="0" bw="1" slack="2147483647"/>
</pin_list>
<bind>
<StgValue><ssdm name=""/></StgValue>
</bind>
</comp>

<comp id="190" class="1001" name="const_190">
<pin_list>
<pin id="191" dir="1" index="0" bw="1" slack="2147483647"/>
</pin_list>
<bind>
<StgValue><ssdm name="p_str"/></StgValue>
</bind>
</comp>

<comp id="192" class="1001" name="const_192">
<pin_list>
<pin id="193" dir="1" index="0" bw="1" slack="2147483647"/>
</pin_list>
<bind>
<StgValue><ssdm name=""/></StgValue>
</bind>
</comp>

<comp id="194" class="1001" name="const_194">
<pin_list>
<pin id="195" dir="1" index="0" bw="1" slack="2147483647"/>
</pin_list>
<bind>
<StgValue><ssdm name="empty_4"/></StgValue>
</bind>
</comp>

<comp id="196" class="1001" name="const_196">
<pin_list>
<pin id="197" dir="1" index="0" bw="1" slack="2147483647"/>
</pin_list>
<bind>
<StgValue><ssdm name="out_stream_str"/></StgValue>
</bind>
</comp>

<comp id="198" class="1001" name="const_198">
<pin_list>
<pin id="199" dir="1" index="0" bw="1" slack="2147483647"/>
</pin_list>
<bind>
<StgValue><ssdm name=""/></StgValue>
</bind>
</comp>

<comp id="200" class="1004" name="in_stream_fu_200">
<pin_list>
<pin id="201" dir="0" index="0" bw="1" slack="0"/>
<pin id="202" dir="1" index="1" bw="1" slack="2"/>
</pin_list>
<bind>
<opcode="alloca(26) " fcode="alloca"/>
<opset="in_stream/1 "/>
</bind>
</comp>

<comp id="204" class="1004" name="out_stream_fu_204">
<pin_list>
<pin id="205" dir="0" index="0" bw="1" slack="0"/>
<pin id="206" dir="1" index="1" bw="1" slack="5"/>
</pin_list>
<bind>
<opcode="alloca(26) " fcode="alloca"/>
<opset="out_stream/1 "/>
</bind>
</comp>

<comp id="208" class="1004" name="in_0_read_read_fu_208">
<pin_list>
<pin id="209" dir="0" index="0" bw="1" slack="0"/>
<pin id="210" dir="0" index="1" bw="1" slack="0"/>
<pin id="211" dir="1" index="2" bw="1" slack="1"/>
</pin_list>
<bind>
<opcode="read(1150) " fcode="read"/>
<opset="in_0_read/2 "/>
</bind>
</comp>

<comp id="214" class="1004" name="in_1_read_read_fu_214">
<pin_list>
<pin id="215" dir="0" index="0" bw="1" slack="0"/>
<pin id="216" dir="0" index="1" bw="1" slack="0"/>
<pin id="217" dir="1" index="2" bw="1" slack="1"/>
</pin_list>
<bind>
<opcode="read(1150) " fcode="read"/>
<opset="in_1_read/2 "/>
</bind>
</comp>

<comp id="220" class="1004" name="in_2_read_read_fu_220">
<pin_list>
<pin id="221" dir="0" index="0" bw="1" slack="0"/>
<pin id="222" dir="0" index="1" bw="1" slack="0"/>
<pin id="223" dir="1" index="2" bw="1" slack="1"/>
</pin_list>
<bind>
<opcode="read(1150) " fcode="read"/>
<opset="in_2_read/2 "/>
</bind>
</comp>

<comp id="226" class="1004" name="in_3_read_read_fu_226">
<pin_list>
<pin id="227" dir="0" index="0" bw="1" slack="0"/>
<pin id="228" dir="0" index="1" bw="1" slack="0"/>
<pin id="229" dir="1" index="2" bw="1" slack="1"/>
</pin_list>
<bind>
<opcode="read(1150) " fcode="read"/>
<opset="in_3_read/2 "/>
</bind>
</comp>

<comp id="232" class="1004" name="in_4_read_read_fu_232">
<pin_list>
<pin id="233" dir="0" index="0" bw="1" slack="0"/>
<pin id="234" dir="0" index="1" bw="1" slack="0"/>
<pin id="235" dir="1" index="2" bw="1" slack="1"/>
</pin_list>
<bind>
<opcode="read(1150) " fcode="read"/>
<opset="in_4_read/2 "/>
</bind>
</comp>

<comp id="238" class="1004" name="in_5_read_read_fu_238">
<pin_list>
<pin id="239" dir="0" index="0" bw="1" slack="0"/>
<pin id="240" dir="0" index="1" bw="1" slack="0"/>
<pin id="241" dir="1" index="2" bw="1" slack="1"/>
</pin_list>
<bind>
<opcode="read(1150) " fcode="read"/>
<opset="in_5_read/2 "/>
</bind>
</comp>

<comp id="244" class="1004" name="in_6_read_read_fu_244">
<pin_list>
<pin id="245" dir="0" index="0" bw="1" slack="0"/>
<pin id="246" dir="0" index="1" bw="1" slack="0"/>
<pin id="247" dir="1" index="2" bw="1" slack="1"/>
</pin_list>
<bind>
<opcode="read(1150) " fcode="read"/>
<opset="in_6_read/2 "/>
</bind>
</comp>

<comp id="250" class="1004" name="in_7_read_read_fu_250">
<pin_list>
<pin id="251" dir="0" index="0" bw="1" slack="0"/>
<pin id="252" dir="0" index="1" bw="1" slack="0"/>
<pin id="253" dir="1" index="2" bw="1" slack="1"/>
</pin_list>
<bind>
<opcode="read(1150) " fcode="read"/>
<opset="in_7_read/2 "/>
</bind>
</comp>

<comp id="256" class="1004" name="in_8_read_read_fu_256">
<pin_list>
<pin id="257" dir="0" index="0" bw="1" slack="0"/>
<pin id="258" dir="0" index="1" bw="1" slack="0"/>
<pin id="259" dir="1" index="2" bw="1" slack="1"/>
</pin_list>
<bind>
<opcode="read(1150) " fcode="read"/>
<opset="in_8_read/2 "/>
</bind>
</comp>

<comp id="262" class="1004" name="in_9_read_read_fu_262">
<pin_list>
<pin id="263" dir="0" index="0" bw="1" slack="0"/>
<pin id="264" dir="0" index="1" bw="1" slack="0"/>
<pin id="265" dir="1" index="2" bw="1" slack="1"/>
</pin_list>
<bind>
<opcode="read(1150) " fcode="read"/>
<opset="in_9_read/2 "/>
</bind>
</comp>

<comp id="268" class="1004" name="in_10_read_read_fu_268">
<pin_list>
<pin id="269" dir="0" index="0" bw="1" slack="0"/>
<pin id="270" dir="0" index="1" bw="1" slack="0"/>
<pin id="271" dir="1" index="2" bw="1" slack="1"/>
</pin_list>
<bind>
<opcode="read(1150) " fcode="read"/>
<opset="in_10_read/2 "/>
</bind>
</comp>

<comp id="274" class="1004" name="in_11_read_read_fu_274">
<pin_list>
<pin id="275" dir="0" index="0" bw="1" slack="0"/>
<pin id="276" dir="0" index="1" bw="1" slack="0"/>
<pin id="277" dir="1" index="2" bw="1" slack="1"/>
</pin_list>
<bind>
<opcode="read(1150) " fcode="read"/>
<opset="in_11_read/2 "/>
</bind>
</comp>

<comp id="280" class="1004" name="in_12_read_read_fu_280">
<pin_list>
<pin id="281" dir="0" index="0" bw="1" slack="0"/>
<pin id="282" dir="0" index="1" bw="1" slack="0"/>
<pin id="283" dir="1" index="2" bw="1" slack="1"/>
</pin_list>
<bind>
<opcode="read(1150) " fcode="read"/>
<opset="in_12_read/2 "/>
</bind>
</comp>

<comp id="286" class="1004" name="in_13_read_read_fu_286">
<pin_list>
<pin id="287" dir="0" index="0" bw="1" slack="0"/>
<pin id="288" dir="0" index="1" bw="1" slack="0"/>
<pin id="289" dir="1" index="2" bw="1" slack="1"/>
</pin_list>
<bind>
<opcode="read(1150) " fcode="read"/>
<opset="in_13_read/2 "/>
</bind>
</comp>

<comp id="292" class="1004" name="in_14_read_read_fu_292">
<pin_list>
<pin id="293" dir="0" index="0" bw="1" slack="0"/>
<pin id="294" dir="0" index="1" bw="1" slack="0"/>
<pin id="295" dir="1" index="2" bw="1" slack="1"/>
</pin_list>
<bind>
<opcode="read(1150) " fcode="read"/>
<opset="in_14_read/2 "/>
</bind>
</comp>

<comp id="298" class="1004" name="in_15_read_read_fu_298">
<pin_list>
<pin id="299" dir="0" index="0" bw="1" slack="0"/>
<pin id="300" dir="0" index="1" bw="1" slack="0"/>
<pin id="301" dir="1" index="2" bw="1" slack="1"/>
</pin_list>
<bind>
<opcode="read(1150) " fcode="read"/>
<opset="in_15_read/2 "/>
</bind>
</comp>

<comp id="304" class="1004" name="in_16_read_read_fu_304">
<pin_list>
<pin id="305" dir="0" index="0" bw="1" slack="0"/>
<pin id="306" dir="0" index="1" bw="1" slack="0"/>
<pin id="307" dir="1" index="2" bw="1" slack="1"/>
</pin_list>
<bind>
<opcode="read(1150) " fcode="read"/>
<opset="in_16_read/2 "/>
</bind>
</comp>

<comp id="310" class="1004" name="in_17_read_read_fu_310">
<pin_list>
<pin id="311" dir="0" index="0" bw="1" slack="0"/>
<pin id="312" dir="0" index="1" bw="1" slack="0"/>
<pin id="313" dir="1" index="2" bw="1" slack="1"/>
</pin_list>
<bind>
<opcode="read(1150) " fcode="read"/>
<opset="in_17_read/2 "/>
</bind>
</comp>

<comp id="316" class="1004" name="in_18_read_read_fu_316">
<pin_list>
<pin id="317" dir="0" index="0" bw="1" slack="0"/>
<pin id="318" dir="0" index="1" bw="1" slack="0"/>
<pin id="319" dir="1" index="2" bw="1" slack="1"/>
</pin_list>
<bind>
<opcode="read(1150) " fcode="read"/>
<opset="in_18_read/2 "/>
</bind>
</comp>

<comp id="322" class="1004" name="in_19_read_read_fu_322">
<pin_list>
<pin id="323" dir="0" index="0" bw="1" slack="0"/>
<pin id="324" dir="0" index="1" bw="1" slack="0"/>
<pin id="325" dir="1" index="2" bw="1" slack="1"/>
</pin_list>
<bind>
<opcode="read(1150) " fcode="read"/>
<opset="in_19_read/2 "/>
</bind>
</comp>

<comp id="328" class="1004" name="in_20_read_read_fu_328">
<pin_list>
<pin id="329" dir="0" index="0" bw="1" slack="0"/>
<pin id="330" dir="0" index="1" bw="1" slack="0"/>
<pin id="331" dir="1" index="2" bw="1" slack="1"/>
</pin_list>
<bind>
<opcode="read(1150) " fcode="read"/>
<opset="in_20_read/2 "/>
</bind>
</comp>

<comp id="334" class="1004" name="in_21_read_read_fu_334">
<pin_list>
<pin id="335" dir="0" index="0" bw="1" slack="0"/>
<pin id="336" dir="0" index="1" bw="1" slack="0"/>
<pin id="337" dir="1" index="2" bw="1" slack="1"/>
</pin_list>
<bind>
<opcode="read(1150) " fcode="read"/>
<opset="in_21_read/2 "/>
</bind>
</comp>

<comp id="340" class="1004" name="in_22_read_read_fu_340">
<pin_list>
<pin id="341" dir="0" index="0" bw="1" slack="0"/>
<pin id="342" dir="0" index="1" bw="1" slack="0"/>
<pin id="343" dir="1" index="2" bw="1" slack="1"/>
</pin_list>
<bind>
<opcode="read(1150) " fcode="read"/>
<opset="in_22_read/2 "/>
</bind>
</comp>

<comp id="346" class="1004" name="in_23_read_read_fu_346">
<pin_list>
<pin id="347" dir="0" index="0" bw="1" slack="0"/>
<pin id="348" dir="0" index="1" bw="1" slack="0"/>
<pin id="349" dir="1" index="2" bw="1" slack="1"/>
</pin_list>
<bind>
<opcode="read(1150) " fcode="read"/>
<opset="in_23_read/2 "/>
</bind>
</comp>

<comp id="352" class="1004" name="in_24_read_read_fu_352">
<pin_list>
<pin id="353" dir="0" index="0" bw="1" slack="0"/>
<pin id="354" dir="0" index="1" bw="1" slack="0"/>
<pin id="355" dir="1" index="2" bw="1" slack="1"/>
</pin_list>
<bind>
<opcode="read(1150) " fcode="read"/>
<opset="in_24_read/2 "/>
</bind>
</comp>

<comp id="358" class="1004" name="in_25_read_read_fu_358">
<pin_list>
<pin id="359" dir="0" index="0" bw="1" slack="0"/>
<pin id="360" dir="0" index="1" bw="1" slack="0"/>
<pin id="361" dir="1" index="2" bw="1" slack="1"/>
</pin_list>
<bind>
<opcode="read(1150) " fcode="read"/>
<opset="in_25_read/2 "/>
</bind>
</comp>

<comp id="364" class="1004" name="in_26_read_read_fu_364">
<pin_list>
<pin id="365" dir="0" index="0" bw="1" slack="0"/>
<pin id="366" dir="0" index="1" bw="1" slack="0"/>
<pin id="367" dir="1" index="2" bw="1" slack="1"/>
</pin_list>
<bind>
<opcode="read(1150) " fcode="read"/>
<opset="in_26_read/2 "/>
</bind>
</comp>

<comp id="370" class="1004" name="in_27_read_read_fu_370">
<pin_list>
<pin id="371" dir="0" index="0" bw="1" slack="0"/>
<pin id="372" dir="0" index="1" bw="1" slack="0"/>
<pin id="373" dir="1" index="2" bw="1" slack="1"/>
</pin_list>
<bind>
<opcode="read(1150) " fcode="read"/>
<opset="in_27_read/2 "/>
</bind>
</comp>

<comp id="376" class="1004" name="in_28_read_read_fu_376">
<pin_list>
<pin id="377" dir="0" index="0" bw="1" slack="0"/>
<pin id="378" dir="0" index="1" bw="1" slack="0"/>
<pin id="379" dir="1" index="2" bw="1" slack="1"/>
</pin_list>
<bind>
<opcode="read(1150) " fcode="read"/>
<opset="in_28_read/2 "/>
</bind>
</comp>

<comp id="382" class="1004" name="in_29_read_read_fu_382">
<pin_list>
<pin id="383" dir="0" index="0" bw="1" slack="0"/>
<pin id="384" dir="0" index="1" bw="1" slack="0"/>
<pin id="385" dir="1" index="2" bw="1" slack="1"/>
</pin_list>
<bind>
<opcode="read(1150) " fcode="read"/>
<opset="in_29_read/2 "/>
</bind>
</comp>

<comp id="388" class="1004" name="in_30_read_read_fu_388">
<pin_list>
<pin id="389" dir="0" index="0" bw="1" slack="0"/>
<pin id="390" dir="0" index="1" bw="1" slack="0"/>
<pin id="391" dir="1" index="2" bw="1" slack="1"/>
</pin_list>
<bind>
<opcode="read(1150) " fcode="read"/>
<opset="in_30_read/2 "/>
</bind>
</comp>

<comp id="394" class="1004" name="in_31_read_read_fu_394">
<pin_list>
<pin id="395" dir="0" index="0" bw="1" slack="0"/>
<pin id="396" dir="0" index="1" bw="1" slack="0"/>
<pin id="397" dir="1" index="2" bw="1" slack="1"/>
</pin_list>
<bind>
<opcode="read(1150) " fcode="read"/>
<opset="in_31_read/2 "/>
</bind>
</comp>

<comp id="400" class="1004" name="in_32_read_read_fu_400">
<pin_list>
<pin id="401" dir="0" index="0" bw="1" slack="0"/>
<pin id="402" dir="0" index="1" bw="1" slack="0"/>
<pin id="403" dir="1" index="2" bw="1" slack="1"/>
</pin_list>
<bind>
<opcode="read(1150) " fcode="read"/>
<opset="in_32_read/2 "/>
</bind>
</comp>

<comp id="406" class="1004" name="in_33_read_read_fu_406">
<pin_list>
<pin id="407" dir="0" index="0" bw="1" slack="0"/>
<pin id="408" dir="0" index="1" bw="1" slack="0"/>
<pin id="409" dir="1" index="2" bw="1" slack="1"/>
</pin_list>
<bind>
<opcode="read(1150) " fcode="read"/>
<opset="in_33_read/2 "/>
</bind>
</comp>

<comp id="412" class="1004" name="in_34_read_read_fu_412">
<pin_list>
<pin id="413" dir="0" index="0" bw="1" slack="0"/>
<pin id="414" dir="0" index="1" bw="1" slack="0"/>
<pin id="415" dir="1" index="2" bw="1" slack="1"/>
</pin_list>
<bind>
<opcode="read(1150) " fcode="read"/>
<opset="in_34_read/2 "/>
</bind>
</comp>

<comp id="418" class="1004" name="in_35_read_read_fu_418">
<pin_list>
<pin id="419" dir="0" index="0" bw="1" slack="0"/>
<pin id="420" dir="0" index="1" bw="1" slack="0"/>
<pin id="421" dir="1" index="2" bw="1" slack="1"/>
</pin_list>
<bind>
<opcode="read(1150) " fcode="read"/>
<opset="in_35_read/2 "/>
</bind>
</comp>

<comp id="424" class="1004" name="in_36_read_read_fu_424">
<pin_list>
<pin id="425" dir="0" index="0" bw="1" slack="0"/>
<pin id="426" dir="0" index="1" bw="1" slack="0"/>
<pin id="427" dir="1" index="2" bw="1" slack="1"/>
</pin_list>
<bind>
<opcode="read(1150) " fcode="read"/>
<opset="in_36_read/2 "/>
</bind>
</comp>

<comp id="430" class="1004" name="in_37_read_read_fu_430">
<pin_list>
<pin id="431" dir="0" index="0" bw="1" slack="0"/>
<pin id="432" dir="0" index="1" bw="1" slack="0"/>
<pin id="433" dir="1" index="2" bw="1" slack="1"/>
</pin_list>
<bind>
<opcode="read(1150) " fcode="read"/>
<opset="in_37_read/2 "/>
</bind>
</comp>

<comp id="436" class="1004" name="in_38_read_read_fu_436">
<pin_list>
<pin id="437" dir="0" index="0" bw="1" slack="0"/>
<pin id="438" dir="0" index="1" bw="1" slack="0"/>
<pin id="439" dir="1" index="2" bw="1" slack="1"/>
</pin_list>
<bind>
<opcode="read(1150) " fcode="read"/>
<opset="in_38_read/2 "/>
</bind>
</comp>

<comp id="442" class="1004" name="in_39_read_read_fu_442">
<pin_list>
<pin id="443" dir="0" index="0" bw="1" slack="0"/>
<pin id="444" dir="0" index="1" bw="1" slack="0"/>
<pin id="445" dir="1" index="2" bw="1" slack="1"/>
</pin_list>
<bind>
<opcode="read(1150) " fcode="read"/>
<opset="in_39_read/2 "/>
</bind>
</comp>

<comp id="448" class="1004" name="in_40_read_read_fu_448">
<pin_list>
<pin id="449" dir="0" index="0" bw="1" slack="0"/>
<pin id="450" dir="0" index="1" bw="1" slack="0"/>
<pin id="451" dir="1" index="2" bw="1" slack="1"/>
</pin_list>
<bind>
<opcode="read(1150) " fcode="read"/>
<opset="in_40_read/2 "/>
</bind>
</comp>

<comp id="454" class="1004" name="in_41_read_read_fu_454">
<pin_list>
<pin id="455" dir="0" index="0" bw="1" slack="0"/>
<pin id="456" dir="0" index="1" bw="1" slack="0"/>
<pin id="457" dir="1" index="2" bw="1" slack="1"/>
</pin_list>
<bind>
<opcode="read(1150) " fcode="read"/>
<opset="in_41_read/2 "/>
</bind>
</comp>

<comp id="460" class="1004" name="in_42_read_read_fu_460">
<pin_list>
<pin id="461" dir="0" index="0" bw="1" slack="0"/>
<pin id="462" dir="0" index="1" bw="1" slack="0"/>
<pin id="463" dir="1" index="2" bw="1" slack="1"/>
</pin_list>
<bind>
<opcode="read(1150) " fcode="read"/>
<opset="in_42_read/2 "/>
</bind>
</comp>

<comp id="466" class="1004" name="in_43_read_read_fu_466">
<pin_list>
<pin id="467" dir="0" index="0" bw="1" slack="0"/>
<pin id="468" dir="0" index="1" bw="1" slack="0"/>
<pin id="469" dir="1" index="2" bw="1" slack="1"/>
</pin_list>
<bind>
<opcode="read(1150) " fcode="read"/>
<opset="in_43_read/2 "/>
</bind>
</comp>

<comp id="472" class="1004" name="in_44_read_read_fu_472">
<pin_list>
<pin id="473" dir="0" index="0" bw="1" slack="0"/>
<pin id="474" dir="0" index="1" bw="1" slack="0"/>
<pin id="475" dir="1" index="2" bw="1" slack="1"/>
</pin_list>
<bind>
<opcode="read(1150) " fcode="read"/>
<opset="in_44_read/2 "/>
</bind>
</comp>

<comp id="478" class="1004" name="in_45_read_read_fu_478">
<pin_list>
<pin id="479" dir="0" index="0" bw="1" slack="0"/>
<pin id="480" dir="0" index="1" bw="1" slack="0"/>
<pin id="481" dir="1" index="2" bw="1" slack="1"/>
</pin_list>
<bind>
<opcode="read(1150) " fcode="read"/>
<opset="in_45_read/2 "/>
</bind>
</comp>

<comp id="484" class="1004" name="in_46_read_read_fu_484">
<pin_list>
<pin id="485" dir="0" index="0" bw="1" slack="0"/>
<pin id="486" dir="0" index="1" bw="1" slack="0"/>
<pin id="487" dir="1" index="2" bw="1" slack="1"/>
</pin_list>
<bind>
<opcode="read(1150) " fcode="read"/>
<opset="in_46_read/2 "/>
</bind>
</comp>

<comp id="490" class="1004" name="in_47_read_read_fu_490">
<pin_list>
<pin id="491" dir="0" index="0" bw="1" slack="0"/>
<pin id="492" dir="0" index="1" bw="1" slack="0"/>
<pin id="493" dir="1" index="2" bw="1" slack="1"/>
</pin_list>
<bind>
<opcode="read(1150) " fcode="read"/>
<opset="in_47_read/2 "/>
</bind>
</comp>

<comp id="496" class="1004" name="in_48_read_read_fu_496">
<pin_list>
<pin id="497" dir="0" index="0" bw="1" slack="0"/>
<pin id="498" dir="0" index="1" bw="1" slack="0"/>
<pin id="499" dir="1" index="2" bw="1" slack="1"/>
</pin_list>
<bind>
<opcode="read(1150) " fcode="read"/>
<opset="in_48_read/2 "/>
</bind>
</comp>

<comp id="502" class="1004" name="in_49_read_read_fu_502">
<pin_list>
<pin id="503" dir="0" index="0" bw="1" slack="0"/>
<pin id="504" dir="0" index="1" bw="1" slack="0"/>
<pin id="505" dir="1" index="2" bw="1" slack="1"/>
</pin_list>
<bind>
<opcode="read(1150) " fcode="read"/>
<opset="in_49_read/2 "/>
</bind>
</comp>

<comp id="508" class="1004" name="in_50_read_read_fu_508">
<pin_list>
<pin id="509" dir="0" index="0" bw="1" slack="0"/>
<pin id="510" dir="0" index="1" bw="1" slack="0"/>
<pin id="511" dir="1" index="2" bw="1" slack="1"/>
</pin_list>
<bind>
<opcode="read(1150) " fcode="read"/>
<opset="in_50_read/2 "/>
</bind>
</comp>

<comp id="514" class="1004" name="in_51_read_read_fu_514">
<pin_list>
<pin id="515" dir="0" index="0" bw="1" slack="0"/>
<pin id="516" dir="0" index="1" bw="1" slack="0"/>
<pin id="517" dir="1" index="2" bw="1" slack="1"/>
</pin_list>
<bind>
<opcode="read(1150) " fcode="read"/>
<opset="in_51_read/2 "/>
</bind>
</comp>

<comp id="520" class="1004" name="in_52_read_read_fu_520">
<pin_list>
<pin id="521" dir="0" index="0" bw="1" slack="0"/>
<pin id="522" dir="0" index="1" bw="1" slack="0"/>
<pin id="523" dir="1" index="2" bw="1" slack="1"/>
</pin_list>
<bind>
<opcode="read(1150) " fcode="read"/>
<opset="in_52_read/2 "/>
</bind>
</comp>

<comp id="526" class="1004" name="in_53_read_read_fu_526">
<pin_list>
<pin id="527" dir="0" index="0" bw="1" slack="0"/>
<pin id="528" dir="0" index="1" bw="1" slack="0"/>
<pin id="529" dir="1" index="2" bw="1" slack="1"/>
</pin_list>
<bind>
<opcode="read(1150) " fcode="read"/>
<opset="in_53_read/2 "/>
</bind>
</comp>

<comp id="532" class="1004" name="in_54_read_read_fu_532">
<pin_list>
<pin id="533" dir="0" index="0" bw="1" slack="0"/>
<pin id="534" dir="0" index="1" bw="1" slack="0"/>
<pin id="535" dir="1" index="2" bw="1" slack="1"/>
</pin_list>
<bind>
<opcode="read(1150) " fcode="read"/>
<opset="in_54_read/2 "/>
</bind>
</comp>

<comp id="538" class="1004" name="in_55_read_read_fu_538">
<pin_list>
<pin id="539" dir="0" index="0" bw="1" slack="0"/>
<pin id="540" dir="0" index="1" bw="1" slack="0"/>
<pin id="541" dir="1" index="2" bw="1" slack="1"/>
</pin_list>
<bind>
<opcode="read(1150) " fcode="read"/>
<opset="in_55_read/2 "/>
</bind>
</comp>

<comp id="544" class="1004" name="in_56_read_read_fu_544">
<pin_list>
<pin id="545" dir="0" index="0" bw="1" slack="0"/>
<pin id="546" dir="0" index="1" bw="1" slack="0"/>
<pin id="547" dir="1" index="2" bw="1" slack="1"/>
</pin_list>
<bind>
<opcode="read(1150) " fcode="read"/>
<opset="in_56_read/2 "/>
</bind>
</comp>

<comp id="550" class="1004" name="in_57_read_read_fu_550">
<pin_list>
<pin id="551" dir="0" index="0" bw="1" slack="0"/>
<pin id="552" dir="0" index="1" bw="1" slack="0"/>
<pin id="553" dir="1" index="2" bw="1" slack="1"/>
</pin_list>
<bind>
<opcode="read(1150) " fcode="read"/>
<opset="in_57_read/2 "/>
</bind>
</comp>

<comp id="556" class="1004" name="in_58_read_read_fu_556">
<pin_list>
<pin id="557" dir="0" index="0" bw="1" slack="0"/>
<pin id="558" dir="0" index="1" bw="1" slack="0"/>
<pin id="559" dir="1" index="2" bw="1" slack="1"/>
</pin_list>
<bind>
<opcode="read(1150) " fcode="read"/>
<opset="in_58_read/2 "/>
</bind>
</comp>

<comp id="562" class="1004" name="in_59_read_read_fu_562">
<pin_list>
<pin id="563" dir="0" index="0" bw="1" slack="0"/>
<pin id="564" dir="0" index="1" bw="1" slack="0"/>
<pin id="565" dir="1" index="2" bw="1" slack="1"/>
</pin_list>
<bind>
<opcode="read(1150) " fcode="read"/>
<opset="in_59_read/2 "/>
</bind>
</comp>

<comp id="568" class="1004" name="in_60_read_read_fu_568">
<pin_list>
<pin id="569" dir="0" index="0" bw="1" slack="0"/>
<pin id="570" dir="0" index="1" bw="1" slack="0"/>
<pin id="571" dir="1" index="2" bw="1" slack="1"/>
</pin_list>
<bind>
<opcode="read(1150) " fcode="read"/>
<opset="in_60_read/2 "/>
</bind>
</comp>

<comp id="574" class="1004" name="in_61_read_read_fu_574">
<pin_list>
<pin id="575" dir="0" index="0" bw="1" slack="0"/>
<pin id="576" dir="0" index="1" bw="1" slack="0"/>
<pin id="577" dir="1" index="2" bw="1" slack="1"/>
</pin_list>
<bind>
<opcode="read(1150) " fcode="read"/>
<opset="in_61_read/2 "/>
</bind>
</comp>

<comp id="580" class="1004" name="in_62_read_read_fu_580">
<pin_list>
<pin id="581" dir="0" index="0" bw="1" slack="0"/>
<pin id="582" dir="0" index="1" bw="1" slack="0"/>
<pin id="583" dir="1" index="2" bw="1" slack="1"/>
</pin_list>
<bind>
<opcode="read(1150) " fcode="read"/>
<opset="in_62_read/2 "/>
</bind>
</comp>

<comp id="586" class="1004" name="in_63_read_read_fu_586">
<pin_list>
<pin id="587" dir="0" index="0" bw="1" slack="0"/>
<pin id="588" dir="0" index="1" bw="1" slack="0"/>
<pin id="589" dir="1" index="2" bw="1" slack="1"/>
</pin_list>
<bind>
<opcode="read(1150) " fcode="read"/>
<opset="in_63_read/2 "/>
</bind>
</comp>

<comp id="592" class="1004" name="grp_load_weights_once_fu_592">
<pin_list>
<pin id="593" dir="0" index="0" bw="0" slack="0"/>
<pin id="594" dir="0" index="1" bw="1" slack="0"/>
<pin id="595" dir="0" index="2" bw="3" slack="0"/>
<pin id="596" dir="0" index="3" bw="3" slack="0"/>
<pin id="597" dir="1" index="4" bw="0" slack="2147483647"/>
</pin_list>
<bind>
<opcode="call(48) " fcode="call"/>
<opset="call_ln67/1 "/>
</bind>
</comp>

<comp id="602" class="1004" name="grp_fc2full_top_Pipeline_VITIS_LOOP_75_1_fu_602">
<pin_list>
<pin id="603" dir="0" index="0" bw="0" slack="0"/>
<pin id="604" dir="0" index="1" bw="1" slack="1"/>
<pin id="605" dir="0" index="2" bw="1" slack="1"/>
<pin id="606" dir="0" index="3" bw="1" slack="1"/>
<pin id="607" dir="0" index="4" bw="1" slack="1"/>
<pin id="608" dir="0" index="5" bw="1" slack="1"/>
<pin id="609" dir="0" index="6" bw="1" slack="1"/>
<pin id="610" dir="0" index="7" bw="1" slack="1"/>
<pin id="611" dir="0" index="8" bw="1" slack="1"/>
<pin id="612" dir="0" index="9" bw="1" slack="1"/>
<pin id="613" dir="0" index="10" bw="1" slack="1"/>
<pin id="614" dir="0" index="11" bw="1" slack="1"/>
<pin id="615" dir="0" index="12" bw="1" slack="1"/>
<pin id="616" dir="0" index="13" bw="1" slack="1"/>
<pin id="617" dir="0" index="14" bw="1" slack="1"/>
<pin id="618" dir="0" index="15" bw="1" slack="1"/>
<pin id="619" dir="0" index="16" bw="1" slack="1"/>
<pin id="620" dir="0" index="17" bw="1" slack="1"/>
<pin id="621" dir="0" index="18" bw="1" slack="1"/>
<pin id="622" dir="0" index="19" bw="1" slack="1"/>
<pin id="623" dir="0" index="20" bw="1" slack="1"/>
<pin id="624" dir="0" index="21" bw="1" slack="1"/>
<pin id="625" dir="0" index="22" bw="1" slack="1"/>
<pin id="626" dir="0" index="23" bw="1" slack="1"/>
<pin id="627" dir="0" index="24" bw="1" slack="1"/>
<pin id="628" dir="0" index="25" bw="1" slack="1"/>
<pin id="629" dir="0" index="26" bw="1" slack="1"/>
<pin id="630" dir="0" index="27" bw="1" slack="1"/>
<pin id="631" dir="0" index="28" bw="1" slack="1"/>
<pin id="632" dir="0" index="29" bw="1" slack="1"/>
<pin id="633" dir="0" index="30" bw="1" slack="1"/>
<pin id="634" dir="0" index="31" bw="1" slack="1"/>
<pin id="635" dir="0" index="32" bw="1" slack="1"/>
<pin id="636" dir="0" index="33" bw="1" slack="1"/>
<pin id="637" dir="0" index="34" bw="1" slack="1"/>
<pin id="638" dir="0" index="35" bw="1" slack="1"/>
<pin id="639" dir="0" index="36" bw="1" slack="1"/>
<pin id="640" dir="0" index="37" bw="1" slack="1"/>
<pin id="641" dir="0" index="38" bw="1" slack="1"/>
<pin id="642" dir="0" index="39" bw="1" slack="1"/>
<pin id="643" dir="0" index="40" bw="1" slack="1"/>
<pin id="644" dir="0" index="41" bw="1" slack="1"/>
<pin id="645" dir="0" index="42" bw="1" slack="1"/>
<pin id="646" dir="0" index="43" bw="1" slack="1"/>
<pin id="647" dir="0" index="44" bw="1" slack="1"/>
<pin id="648" dir="0" index="45" bw="1" slack="1"/>
<pin id="649" dir="0" index="46" bw="1" slack="1"/>
<pin id="650" dir="0" index="47" bw="1" slack="1"/>
<pin id="651" dir="0" index="48" bw="1" slack="1"/>
<pin id="652" dir="0" index="49" bw="1" slack="1"/>
<pin id="653" dir="0" index="50" bw="1" slack="1"/>
<pin id="654" dir="0" index="51" bw="1" slack="1"/>
<pin id="655" dir="0" index="52" bw="1" slack="1"/>
<pin id="656" dir="0" index="53" bw="1" slack="1"/>
<pin id="657" dir="0" index="54" bw="1" slack="1"/>
<pin id="658" dir="0" index="55" bw="1" slack="1"/>
<pin id="659" dir="0" index="56" bw="1" slack="1"/>
<pin id="660" dir="0" index="57" bw="1" slack="1"/>
<pin id="661" dir="0" index="58" bw="1" slack="1"/>
<pin id="662" dir="0" index="59" bw="1" slack="1"/>
<pin id="663" dir="0" index="60" bw="1" slack="1"/>
<pin id="664" dir="0" index="61" bw="1" slack="1"/>
<pin id="665" dir="0" index="62" bw="1" slack="1"/>
<pin id="666" dir="0" index="63" bw="1" slack="1"/>
<pin id="667" dir="0" index="64" bw="1" slack="1"/>
<pin id="668" dir="0" index="65" bw="1" slack="2"/>
<pin id="669" dir="1" index="66" bw="0" slack="2147483647"/>
</pin_list>
<bind>
<opcode="call(48) " fcode="call"/>
<opset="call_ln0/3 "/>
</bind>
</comp>

<comp id="671" class="1004" name="grp_fc2full_top_Pipeline_VITIS_LOOP_131_1_fu_671">
<pin_list>
<pin id="672" dir="0" index="0" bw="0" slack="0"/>
<pin id="673" dir="0" index="1" bw="1" slack="5"/>
<pin id="674" dir="0" index="2" bw="1" slack="5"/>
<pin id="675" dir="0" index="3" bw="3" slack="0"/>
<pin id="676" dir="0" index="4" bw="16" slack="0"/>
<pin id="677" dir="0" index="5" bw="16" slack="0"/>
<pin id="678" dir="0" index="6" bw="16" slack="0"/>
<pin id="679" dir="0" index="7" bw="16" slack="0"/>
<pin id="680" dir="0" index="8" bw="16" slack="0"/>
<pin id="681" dir="1" index="9" bw="0" slack="2147483647"/>
</pin_list>
<bind>
<opcode="call(48) " fcode="call"/>
<opset="call_ln0/6 "/>
</bind>
</comp>

<comp id="689" class="1004" name="grp_fc2full_top_Pipeline_VITIS_LOOP_108_2_fu_689">
<pin_list>
<pin id="690" dir="0" index="0" bw="0" slack="0"/>
<pin id="691" dir="0" index="1" bw="1" slack="0"/>
<pin id="692" dir="0" index="2" bw="1" slack="0"/>
<pin id="693" dir="0" index="3" bw="1" slack="0"/>
<pin id="694" dir="0" index="4" bw="1" slack="0"/>
<pin id="695" dir="0" index="5" bw="1" slack="0"/>
<pin id="696" dir="0" index="6" bw="1" slack="8"/>
<pin id="697" dir="1" index="7" bw="0" slack="2147483647"/>
</pin_list>
<bind>
<opcode="call(48) " fcode="call"/>
<opset="call_ln0/9 "/>
</bind>
</comp>

<comp id="704" class="1005" name="in_stream_reg_704">
<pin_list>
<pin id="705" dir="0" index="0" bw="1" slack="2"/>
<pin id="706" dir="1" index="1" bw="1" slack="2"/>
</pin_list>
<bind>
<opset="in_stream "/>
</bind>
</comp>

<comp id="710" class="1005" name="out_stream_reg_710">
<pin_list>
<pin id="711" dir="0" index="0" bw="1" slack="5"/>
<pin id="712" dir="1" index="1" bw="1" slack="5"/>
</pin_list>
<bind>
<opset="out_stream "/>
</bind>
</comp>

<comp id="716" class="1005" name="in_0_read_reg_716">
<pin_list>
<pin id="717" dir="0" index="0" bw="1" slack="1"/>
<pin id="718" dir="1" index="1" bw="1" slack="1"/>
</pin_list>
<bind>
<opset="in_0_read "/>
</bind>
</comp>

<comp id="721" class="1005" name="in_1_read_reg_721">
<pin_list>
<pin id="722" dir="0" index="0" bw="1" slack="1"/>
<pin id="723" dir="1" index="1" bw="1" slack="1"/>
</pin_list>
<bind>
<opset="in_1_read "/>
</bind>
</comp>

<comp id="726" class="1005" name="in_2_read_reg_726">
<pin_list>
<pin id="727" dir="0" index="0" bw="1" slack="1"/>
<pin id="728" dir="1" index="1" bw="1" slack="1"/>
</pin_list>
<bind>
<opset="in_2_read "/>
</bind>
</comp>

<comp id="731" class="1005" name="in_3_read_reg_731">
<pin_list>
<pin id="732" dir="0" index="0" bw="1" slack="1"/>
<pin id="733" dir="1" index="1" bw="1" slack="1"/>
</pin_list>
<bind>
<opset="in_3_read "/>
</bind>
</comp>

<comp id="736" class="1005" name="in_4_read_reg_736">
<pin_list>
<pin id="737" dir="0" index="0" bw="1" slack="1"/>
<pin id="738" dir="1" index="1" bw="1" slack="1"/>
</pin_list>
<bind>
<opset="in_4_read "/>
</bind>
</comp>

<comp id="741" class="1005" name="in_5_read_reg_741">
<pin_list>
<pin id="742" dir="0" index="0" bw="1" slack="1"/>
<pin id="743" dir="1" index="1" bw="1" slack="1"/>
</pin_list>
<bind>
<opset="in_5_read "/>
</bind>
</comp>

<comp id="746" class="1005" name="in_6_read_reg_746">
<pin_list>
<pin id="747" dir="0" index="0" bw="1" slack="1"/>
<pin id="748" dir="1" index="1" bw="1" slack="1"/>
</pin_list>
<bind>
<opset="in_6_read "/>
</bind>
</comp>

<comp id="751" class="1005" name="in_7_read_reg_751">
<pin_list>
<pin id="752" dir="0" index="0" bw="1" slack="1"/>
<pin id="753" dir="1" index="1" bw="1" slack="1"/>
</pin_list>
<bind>
<opset="in_7_read "/>
</bind>
</comp>

<comp id="756" class="1005" name="in_8_read_reg_756">
<pin_list>
<pin id="757" dir="0" index="0" bw="1" slack="1"/>
<pin id="758" dir="1" index="1" bw="1" slack="1"/>
</pin_list>
<bind>
<opset="in_8_read "/>
</bind>
</comp>

<comp id="761" class="1005" name="in_9_read_reg_761">
<pin_list>
<pin id="762" dir="0" index="0" bw="1" slack="1"/>
<pin id="763" dir="1" index="1" bw="1" slack="1"/>
</pin_list>
<bind>
<opset="in_9_read "/>
</bind>
</comp>

<comp id="766" class="1005" name="in_10_read_reg_766">
<pin_list>
<pin id="767" dir="0" index="0" bw="1" slack="1"/>
<pin id="768" dir="1" index="1" bw="1" slack="1"/>
</pin_list>
<bind>
<opset="in_10_read "/>
</bind>
</comp>

<comp id="771" class="1005" name="in_11_read_reg_771">
<pin_list>
<pin id="772" dir="0" index="0" bw="1" slack="1"/>
<pin id="773" dir="1" index="1" bw="1" slack="1"/>
</pin_list>
<bind>
<opset="in_11_read "/>
</bind>
</comp>

<comp id="776" class="1005" name="in_12_read_reg_776">
<pin_list>
<pin id="777" dir="0" index="0" bw="1" slack="1"/>
<pin id="778" dir="1" index="1" bw="1" slack="1"/>
</pin_list>
<bind>
<opset="in_12_read "/>
</bind>
</comp>

<comp id="781" class="1005" name="in_13_read_reg_781">
<pin_list>
<pin id="782" dir="0" index="0" bw="1" slack="1"/>
<pin id="783" dir="1" index="1" bw="1" slack="1"/>
</pin_list>
<bind>
<opset="in_13_read "/>
</bind>
</comp>

<comp id="786" class="1005" name="in_14_read_reg_786">
<pin_list>
<pin id="787" dir="0" index="0" bw="1" slack="1"/>
<pin id="788" dir="1" index="1" bw="1" slack="1"/>
</pin_list>
<bind>
<opset="in_14_read "/>
</bind>
</comp>

<comp id="791" class="1005" name="in_15_read_reg_791">
<pin_list>
<pin id="792" dir="0" index="0" bw="1" slack="1"/>
<pin id="793" dir="1" index="1" bw="1" slack="1"/>
</pin_list>
<bind>
<opset="in_15_read "/>
</bind>
</comp>

<comp id="796" class="1005" name="in_16_read_reg_796">
<pin_list>
<pin id="797" dir="0" index="0" bw="1" slack="1"/>
<pin id="798" dir="1" index="1" bw="1" slack="1"/>
</pin_list>
<bind>
<opset="in_16_read "/>
</bind>
</comp>

<comp id="801" class="1005" name="in_17_read_reg_801">
<pin_list>
<pin id="802" dir="0" index="0" bw="1" slack="1"/>
<pin id="803" dir="1" index="1" bw="1" slack="1"/>
</pin_list>
<bind>
<opset="in_17_read "/>
</bind>
</comp>

<comp id="806" class="1005" name="in_18_read_reg_806">
<pin_list>
<pin id="807" dir="0" index="0" bw="1" slack="1"/>
<pin id="808" dir="1" index="1" bw="1" slack="1"/>
</pin_list>
<bind>
<opset="in_18_read "/>
</bind>
</comp>

<comp id="811" class="1005" name="in_19_read_reg_811">
<pin_list>
<pin id="812" dir="0" index="0" bw="1" slack="1"/>
<pin id="813" dir="1" index="1" bw="1" slack="1"/>
</pin_list>
<bind>
<opset="in_19_read "/>
</bind>
</comp>

<comp id="816" class="1005" name="in_20_read_reg_816">
<pin_list>
<pin id="817" dir="0" index="0" bw="1" slack="1"/>
<pin id="818" dir="1" index="1" bw="1" slack="1"/>
</pin_list>
<bind>
<opset="in_20_read "/>
</bind>
</comp>

<comp id="821" class="1005" name="in_21_read_reg_821">
<pin_list>
<pin id="822" dir="0" index="0" bw="1" slack="1"/>
<pin id="823" dir="1" index="1" bw="1" slack="1"/>
</pin_list>
<bind>
<opset="in_21_read "/>
</bind>
</comp>

<comp id="826" class="1005" name="in_22_read_reg_826">
<pin_list>
<pin id="827" dir="0" index="0" bw="1" slack="1"/>
<pin id="828" dir="1" index="1" bw="1" slack="1"/>
</pin_list>
<bind>
<opset="in_22_read "/>
</bind>
</comp>

<comp id="831" class="1005" name="in_23_read_reg_831">
<pin_list>
<pin id="832" dir="0" index="0" bw="1" slack="1"/>
<pin id="833" dir="1" index="1" bw="1" slack="1"/>
</pin_list>
<bind>
<opset="in_23_read "/>
</bind>
</comp>

<comp id="836" class="1005" name="in_24_read_reg_836">
<pin_list>
<pin id="837" dir="0" index="0" bw="1" slack="1"/>
<pin id="838" dir="1" index="1" bw="1" slack="1"/>
</pin_list>
<bind>
<opset="in_24_read "/>
</bind>
</comp>

<comp id="841" class="1005" name="in_25_read_reg_841">
<pin_list>
<pin id="842" dir="0" index="0" bw="1" slack="1"/>
<pin id="843" dir="1" index="1" bw="1" slack="1"/>
</pin_list>
<bind>
<opset="in_25_read "/>
</bind>
</comp>

<comp id="846" class="1005" name="in_26_read_reg_846">
<pin_list>
<pin id="847" dir="0" index="0" bw="1" slack="1"/>
<pin id="848" dir="1" index="1" bw="1" slack="1"/>
</pin_list>
<bind>
<opset="in_26_read "/>
</bind>
</comp>

<comp id="851" class="1005" name="in_27_read_reg_851">
<pin_list>
<pin id="852" dir="0" index="0" bw="1" slack="1"/>
<pin id="853" dir="1" index="1" bw="1" slack="1"/>
</pin_list>
<bind>
<opset="in_27_read "/>
</bind>
</comp>

<comp id="856" class="1005" name="in_28_read_reg_856">
<pin_list>
<pin id="857" dir="0" index="0" bw="1" slack="1"/>
<pin id="858" dir="1" index="1" bw="1" slack="1"/>
</pin_list>
<bind>
<opset="in_28_read "/>
</bind>
</comp>

<comp id="861" class="1005" name="in_29_read_reg_861">
<pin_list>
<pin id="862" dir="0" index="0" bw="1" slack="1"/>
<pin id="863" dir="1" index="1" bw="1" slack="1"/>
</pin_list>
<bind>
<opset="in_29_read "/>
</bind>
</comp>

<comp id="866" class="1005" name="in_30_read_reg_866">
<pin_list>
<pin id="867" dir="0" index="0" bw="1" slack="1"/>
<pin id="868" dir="1" index="1" bw="1" slack="1"/>
</pin_list>
<bind>
<opset="in_30_read "/>
</bind>
</comp>

<comp id="871" class="1005" name="in_31_read_reg_871">
<pin_list>
<pin id="872" dir="0" index="0" bw="1" slack="1"/>
<pin id="873" dir="1" index="1" bw="1" slack="1"/>
</pin_list>
<bind>
<opset="in_31_read "/>
</bind>
</comp>

<comp id="876" class="1005" name="in_32_read_reg_876">
<pin_list>
<pin id="877" dir="0" index="0" bw="1" slack="1"/>
<pin id="878" dir="1" index="1" bw="1" slack="1"/>
</pin_list>
<bind>
<opset="in_32_read "/>
</bind>
</comp>

<comp id="881" class="1005" name="in_33_read_reg_881">
<pin_list>
<pin id="882" dir="0" index="0" bw="1" slack="1"/>
<pin id="883" dir="1" index="1" bw="1" slack="1"/>
</pin_list>
<bind>
<opset="in_33_read "/>
</bind>
</comp>

<comp id="886" class="1005" name="in_34_read_reg_886">
<pin_list>
<pin id="887" dir="0" index="0" bw="1" slack="1"/>
<pin id="888" dir="1" index="1" bw="1" slack="1"/>
</pin_list>
<bind>
<opset="in_34_read "/>
</bind>
</comp>

<comp id="891" class="1005" name="in_35_read_reg_891">
<pin_list>
<pin id="892" dir="0" index="0" bw="1" slack="1"/>
<pin id="893" dir="1" index="1" bw="1" slack="1"/>
</pin_list>
<bind>
<opset="in_35_read "/>
</bind>
</comp>

<comp id="896" class="1005" name="in_36_read_reg_896">
<pin_list>
<pin id="897" dir="0" index="0" bw="1" slack="1"/>
<pin id="898" dir="1" index="1" bw="1" slack="1"/>
</pin_list>
<bind>
<opset="in_36_read "/>
</bind>
</comp>

<comp id="901" class="1005" name="in_37_read_reg_901">
<pin_list>
<pin id="902" dir="0" index="0" bw="1" slack="1"/>
<pin id="903" dir="1" index="1" bw="1" slack="1"/>
</pin_list>
<bind>
<opset="in_37_read "/>
</bind>
</comp>

<comp id="906" class="1005" name="in_38_read_reg_906">
<pin_list>
<pin id="907" dir="0" index="0" bw="1" slack="1"/>
<pin id="908" dir="1" index="1" bw="1" slack="1"/>
</pin_list>
<bind>
<opset="in_38_read "/>
</bind>
</comp>

<comp id="911" class="1005" name="in_39_read_reg_911">
<pin_list>
<pin id="912" dir="0" index="0" bw="1" slack="1"/>
<pin id="913" dir="1" index="1" bw="1" slack="1"/>
</pin_list>
<bind>
<opset="in_39_read "/>
</bind>
</comp>

<comp id="916" class="1005" name="in_40_read_reg_916">
<pin_list>
<pin id="917" dir="0" index="0" bw="1" slack="1"/>
<pin id="918" dir="1" index="1" bw="1" slack="1"/>
</pin_list>
<bind>
<opset="in_40_read "/>
</bind>
</comp>

<comp id="921" class="1005" name="in_41_read_reg_921">
<pin_list>
<pin id="922" dir="0" index="0" bw="1" slack="1"/>
<pin id="923" dir="1" index="1" bw="1" slack="1"/>
</pin_list>
<bind>
<opset="in_41_read "/>
</bind>
</comp>

<comp id="926" class="1005" name="in_42_read_reg_926">
<pin_list>
<pin id="927" dir="0" index="0" bw="1" slack="1"/>
<pin id="928" dir="1" index="1" bw="1" slack="1"/>
</pin_list>
<bind>
<opset="in_42_read "/>
</bind>
</comp>

<comp id="931" class="1005" name="in_43_read_reg_931">
<pin_list>
<pin id="932" dir="0" index="0" bw="1" slack="1"/>
<pin id="933" dir="1" index="1" bw="1" slack="1"/>
</pin_list>
<bind>
<opset="in_43_read "/>
</bind>
</comp>

<comp id="936" class="1005" name="in_44_read_reg_936">
<pin_list>
<pin id="937" dir="0" index="0" bw="1" slack="1"/>
<pin id="938" dir="1" index="1" bw="1" slack="1"/>
</pin_list>
<bind>
<opset="in_44_read "/>
</bind>
</comp>

<comp id="941" class="1005" name="in_45_read_reg_941">
<pin_list>
<pin id="942" dir="0" index="0" bw="1" slack="1"/>
<pin id="943" dir="1" index="1" bw="1" slack="1"/>
</pin_list>
<bind>
<opset="in_45_read "/>
</bind>
</comp>

<comp id="946" class="1005" name="in_46_read_reg_946">
<pin_list>
<pin id="947" dir="0" index="0" bw="1" slack="1"/>
<pin id="948" dir="1" index="1" bw="1" slack="1"/>
</pin_list>
<bind>
<opset="in_46_read "/>
</bind>
</comp>

<comp id="951" class="1005" name="in_47_read_reg_951">
<pin_list>
<pin id="952" dir="0" index="0" bw="1" slack="1"/>
<pin id="953" dir="1" index="1" bw="1" slack="1"/>
</pin_list>
<bind>
<opset="in_47_read "/>
</bind>
</comp>

<comp id="956" class="1005" name="in_48_read_reg_956">
<pin_list>
<pin id="957" dir="0" index="0" bw="1" slack="1"/>
<pin id="958" dir="1" index="1" bw="1" slack="1"/>
</pin_list>
<bind>
<opset="in_48_read "/>
</bind>
</comp>

<comp id="961" class="1005" name="in_49_read_reg_961">
<pin_list>
<pin id="962" dir="0" index="0" bw="1" slack="1"/>
<pin id="963" dir="1" index="1" bw="1" slack="1"/>
</pin_list>
<bind>
<opset="in_49_read "/>
</bind>
</comp>

<comp id="966" class="1005" name="in_50_read_reg_966">
<pin_list>
<pin id="967" dir="0" index="0" bw="1" slack="1"/>
<pin id="968" dir="1" index="1" bw="1" slack="1"/>
</pin_list>
<bind>
<opset="in_50_read "/>
</bind>
</comp>

<comp id="971" class="1005" name="in_51_read_reg_971">
<pin_list>
<pin id="972" dir="0" index="0" bw="1" slack="1"/>
<pin id="973" dir="1" index="1" bw="1" slack="1"/>
</pin_list>
<bind>
<opset="in_51_read "/>
</bind>
</comp>

<comp id="976" class="1005" name="in_52_read_reg_976">
<pin_list>
<pin id="977" dir="0" index="0" bw="1" slack="1"/>
<pin id="978" dir="1" index="1" bw="1" slack="1"/>
</pin_list>
<bind>
<opset="in_52_read "/>
</bind>
</comp>

<comp id="981" class="1005" name="in_53_read_reg_981">
<pin_list>
<pin id="982" dir="0" index="0" bw="1" slack="1"/>
<pin id="983" dir="1" index="1" bw="1" slack="1"/>
</pin_list>
<bind>
<opset="in_53_read "/>
</bind>
</comp>

<comp id="986" class="1005" name="in_54_read_reg_986">
<pin_list>
<pin id="987" dir="0" index="0" bw="1" slack="1"/>
<pin id="988" dir="1" index="1" bw="1" slack="1"/>
</pin_list>
<bind>
<opset="in_54_read "/>
</bind>
</comp>

<comp id="991" class="1005" name="in_55_read_reg_991">
<pin_list>
<pin id="992" dir="0" index="0" bw="1" slack="1"/>
<pin id="993" dir="1" index="1" bw="1" slack="1"/>
</pin_list>
<bind>
<opset="in_55_read "/>
</bind>
</comp>

<comp id="996" class="1005" name="in_56_read_reg_996">
<pin_list>
<pin id="997" dir="0" index="0" bw="1" slack="1"/>
<pin id="998" dir="1" index="1" bw="1" slack="1"/>
</pin_list>
<bind>
<opset="in_56_read "/>
</bind>
</comp>

<comp id="1001" class="1005" name="in_57_read_reg_1001">
<pin_list>
<pin id="1002" dir="0" index="0" bw="1" slack="1"/>
<pin id="1003" dir="1" index="1" bw="1" slack="1"/>
</pin_list>
<bind>
<opset="in_57_read "/>
</bind>
</comp>

<comp id="1006" class="1005" name="in_58_read_reg_1006">
<pin_list>
<pin id="1007" dir="0" index="0" bw="1" slack="1"/>
<pin id="1008" dir="1" index="1" bw="1" slack="1"/>
</pin_list>
<bind>
<opset="in_58_read "/>
</bind>
</comp>

<comp id="1011" class="1005" name="in_59_read_reg_1011">
<pin_list>
<pin id="1012" dir="0" index="0" bw="1" slack="1"/>
<pin id="1013" dir="1" index="1" bw="1" slack="1"/>
</pin_list>
<bind>
<opset="in_59_read "/>
</bind>
</comp>

<comp id="1016" class="1005" name="in_60_read_reg_1016">
<pin_list>
<pin id="1017" dir="0" index="0" bw="1" slack="1"/>
<pin id="1018" dir="1" index="1" bw="1" slack="1"/>
</pin_list>
<bind>
<opset="in_60_read "/>
</bind>
</comp>

<comp id="1021" class="1005" name="in_61_read_reg_1021">
<pin_list>
<pin id="1022" dir="0" index="0" bw="1" slack="1"/>
<pin id="1023" dir="1" index="1" bw="1" slack="1"/>
</pin_list>
<bind>
<opset="in_61_read "/>
</bind>
</comp>

<comp id="1026" class="1005" name="in_62_read_reg_1026">
<pin_list>
<pin id="1027" dir="0" index="0" bw="1" slack="1"/>
<pin id="1028" dir="1" index="1" bw="1" slack="1"/>
</pin_list>
<bind>
<opset="in_62_read "/>
</bind>
</comp>

<comp id="1031" class="1005" name="in_63_read_reg_1031">
<pin_list>
<pin id="1032" dir="0" index="0" bw="1" slack="1"/>
<pin id="1033" dir="1" index="1" bw="1" slack="1"/>
</pin_list>
<bind>
<opset="in_63_read "/>
</bind>
</comp>

</comp_list>

<net_list>
<net id="203"><net_src comp="154" pin="0"/><net_sink comp="200" pin=0"/></net>

<net id="207"><net_src comp="154" pin="0"/><net_sink comp="204" pin=0"/></net>

<net id="212"><net_src comp="158" pin="0"/><net_sink comp="208" pin=0"/></net>

<net id="213"><net_src comp="0" pin="0"/><net_sink comp="208" pin=1"/></net>

<net id="218"><net_src comp="158" pin="0"/><net_sink comp="214" pin=0"/></net>

<net id="219"><net_src comp="2" pin="0"/><net_sink comp="214" pin=1"/></net>

<net id="224"><net_src comp="158" pin="0"/><net_sink comp="220" pin=0"/></net>

<net id="225"><net_src comp="4" pin="0"/><net_sink comp="220" pin=1"/></net>

<net id="230"><net_src comp="158" pin="0"/><net_sink comp="226" pin=0"/></net>

<net id="231"><net_src comp="6" pin="0"/><net_sink comp="226" pin=1"/></net>

<net id="236"><net_src comp="158" pin="0"/><net_sink comp="232" pin=0"/></net>

<net id="237"><net_src comp="8" pin="0"/><net_sink comp="232" pin=1"/></net>

<net id="242"><net_src comp="158" pin="0"/><net_sink comp="238" pin=0"/></net>

<net id="243"><net_src comp="10" pin="0"/><net_sink comp="238" pin=1"/></net>

<net id="248"><net_src comp="158" pin="0"/><net_sink comp="244" pin=0"/></net>

<net id="249"><net_src comp="12" pin="0"/><net_sink comp="244" pin=1"/></net>

<net id="254"><net_src comp="158" pin="0"/><net_sink comp="250" pin=0"/></net>

<net id="255"><net_src comp="14" pin="0"/><net_sink comp="250" pin=1"/></net>

<net id="260"><net_src comp="158" pin="0"/><net_sink comp="256" pin=0"/></net>

<net id="261"><net_src comp="16" pin="0"/><net_sink comp="256" pin=1"/></net>

<net id="266"><net_src comp="158" pin="0"/><net_sink comp="262" pin=0"/></net>

<net id="267"><net_src comp="18" pin="0"/><net_sink comp="262" pin=1"/></net>

<net id="272"><net_src comp="158" pin="0"/><net_sink comp="268" pin=0"/></net>

<net id="273"><net_src comp="20" pin="0"/><net_sink comp="268" pin=1"/></net>

<net id="278"><net_src comp="158" pin="0"/><net_sink comp="274" pin=0"/></net>

<net id="279"><net_src comp="22" pin="0"/><net_sink comp="274" pin=1"/></net>

<net id="284"><net_src comp="158" pin="0"/><net_sink comp="280" pin=0"/></net>

<net id="285"><net_src comp="24" pin="0"/><net_sink comp="280" pin=1"/></net>

<net id="290"><net_src comp="158" pin="0"/><net_sink comp="286" pin=0"/></net>

<net id="291"><net_src comp="26" pin="0"/><net_sink comp="286" pin=1"/></net>

<net id="296"><net_src comp="158" pin="0"/><net_sink comp="292" pin=0"/></net>

<net id="297"><net_src comp="28" pin="0"/><net_sink comp="292" pin=1"/></net>

<net id="302"><net_src comp="158" pin="0"/><net_sink comp="298" pin=0"/></net>

<net id="303"><net_src comp="30" pin="0"/><net_sink comp="298" pin=1"/></net>

<net id="308"><net_src comp="158" pin="0"/><net_sink comp="304" pin=0"/></net>

<net id="309"><net_src comp="32" pin="0"/><net_sink comp="304" pin=1"/></net>

<net id="314"><net_src comp="158" pin="0"/><net_sink comp="310" pin=0"/></net>

<net id="315"><net_src comp="34" pin="0"/><net_sink comp="310" pin=1"/></net>

<net id="320"><net_src comp="158" pin="0"/><net_sink comp="316" pin=0"/></net>

<net id="321"><net_src comp="36" pin="0"/><net_sink comp="316" pin=1"/></net>

<net id="326"><net_src comp="158" pin="0"/><net_sink comp="322" pin=0"/></net>

<net id="327"><net_src comp="38" pin="0"/><net_sink comp="322" pin=1"/></net>

<net id="332"><net_src comp="158" pin="0"/><net_sink comp="328" pin=0"/></net>

<net id="333"><net_src comp="40" pin="0"/><net_sink comp="328" pin=1"/></net>

<net id="338"><net_src comp="158" pin="0"/><net_sink comp="334" pin=0"/></net>

<net id="339"><net_src comp="42" pin="0"/><net_sink comp="334" pin=1"/></net>

<net id="344"><net_src comp="158" pin="0"/><net_sink comp="340" pin=0"/></net>

<net id="345"><net_src comp="44" pin="0"/><net_sink comp="340" pin=1"/></net>

<net id="350"><net_src comp="158" pin="0"/><net_sink comp="346" pin=0"/></net>

<net id="351"><net_src comp="46" pin="0"/><net_sink comp="346" pin=1"/></net>

<net id="356"><net_src comp="158" pin="0"/><net_sink comp="352" pin=0"/></net>

<net id="357"><net_src comp="48" pin="0"/><net_sink comp="352" pin=1"/></net>

<net id="362"><net_src comp="158" pin="0"/><net_sink comp="358" pin=0"/></net>

<net id="363"><net_src comp="50" pin="0"/><net_sink comp="358" pin=1"/></net>

<net id="368"><net_src comp="158" pin="0"/><net_sink comp="364" pin=0"/></net>

<net id="369"><net_src comp="52" pin="0"/><net_sink comp="364" pin=1"/></net>

<net id="374"><net_src comp="158" pin="0"/><net_sink comp="370" pin=0"/></net>

<net id="375"><net_src comp="54" pin="0"/><net_sink comp="370" pin=1"/></net>

<net id="380"><net_src comp="158" pin="0"/><net_sink comp="376" pin=0"/></net>

<net id="381"><net_src comp="56" pin="0"/><net_sink comp="376" pin=1"/></net>

<net id="386"><net_src comp="158" pin="0"/><net_sink comp="382" pin=0"/></net>

<net id="387"><net_src comp="58" pin="0"/><net_sink comp="382" pin=1"/></net>

<net id="392"><net_src comp="158" pin="0"/><net_sink comp="388" pin=0"/></net>

<net id="393"><net_src comp="60" pin="0"/><net_sink comp="388" pin=1"/></net>

<net id="398"><net_src comp="158" pin="0"/><net_sink comp="394" pin=0"/></net>

<net id="399"><net_src comp="62" pin="0"/><net_sink comp="394" pin=1"/></net>

<net id="404"><net_src comp="158" pin="0"/><net_sink comp="400" pin=0"/></net>

<net id="405"><net_src comp="64" pin="0"/><net_sink comp="400" pin=1"/></net>

<net id="410"><net_src comp="158" pin="0"/><net_sink comp="406" pin=0"/></net>

<net id="411"><net_src comp="66" pin="0"/><net_sink comp="406" pin=1"/></net>

<net id="416"><net_src comp="158" pin="0"/><net_sink comp="412" pin=0"/></net>

<net id="417"><net_src comp="68" pin="0"/><net_sink comp="412" pin=1"/></net>

<net id="422"><net_src comp="158" pin="0"/><net_sink comp="418" pin=0"/></net>

<net id="423"><net_src comp="70" pin="0"/><net_sink comp="418" pin=1"/></net>

<net id="428"><net_src comp="158" pin="0"/><net_sink comp="424" pin=0"/></net>

<net id="429"><net_src comp="72" pin="0"/><net_sink comp="424" pin=1"/></net>

<net id="434"><net_src comp="158" pin="0"/><net_sink comp="430" pin=0"/></net>

<net id="435"><net_src comp="74" pin="0"/><net_sink comp="430" pin=1"/></net>

<net id="440"><net_src comp="158" pin="0"/><net_sink comp="436" pin=0"/></net>

<net id="441"><net_src comp="76" pin="0"/><net_sink comp="436" pin=1"/></net>

<net id="446"><net_src comp="158" pin="0"/><net_sink comp="442" pin=0"/></net>

<net id="447"><net_src comp="78" pin="0"/><net_sink comp="442" pin=1"/></net>

<net id="452"><net_src comp="158" pin="0"/><net_sink comp="448" pin=0"/></net>

<net id="453"><net_src comp="80" pin="0"/><net_sink comp="448" pin=1"/></net>

<net id="458"><net_src comp="158" pin="0"/><net_sink comp="454" pin=0"/></net>

<net id="459"><net_src comp="82" pin="0"/><net_sink comp="454" pin=1"/></net>

<net id="464"><net_src comp="158" pin="0"/><net_sink comp="460" pin=0"/></net>

<net id="465"><net_src comp="84" pin="0"/><net_sink comp="460" pin=1"/></net>

<net id="470"><net_src comp="158" pin="0"/><net_sink comp="466" pin=0"/></net>

<net id="471"><net_src comp="86" pin="0"/><net_sink comp="466" pin=1"/></net>

<net id="476"><net_src comp="158" pin="0"/><net_sink comp="472" pin=0"/></net>

<net id="477"><net_src comp="88" pin="0"/><net_sink comp="472" pin=1"/></net>

<net id="482"><net_src comp="158" pin="0"/><net_sink comp="478" pin=0"/></net>

<net id="483"><net_src comp="90" pin="0"/><net_sink comp="478" pin=1"/></net>

<net id="488"><net_src comp="158" pin="0"/><net_sink comp="484" pin=0"/></net>

<net id="489"><net_src comp="92" pin="0"/><net_sink comp="484" pin=1"/></net>

<net id="494"><net_src comp="158" pin="0"/><net_sink comp="490" pin=0"/></net>

<net id="495"><net_src comp="94" pin="0"/><net_sink comp="490" pin=1"/></net>

<net id="500"><net_src comp="158" pin="0"/><net_sink comp="496" pin=0"/></net>

<net id="501"><net_src comp="96" pin="0"/><net_sink comp="496" pin=1"/></net>

<net id="506"><net_src comp="158" pin="0"/><net_sink comp="502" pin=0"/></net>

<net id="507"><net_src comp="98" pin="0"/><net_sink comp="502" pin=1"/></net>

<net id="512"><net_src comp="158" pin="0"/><net_sink comp="508" pin=0"/></net>

<net id="513"><net_src comp="100" pin="0"/><net_sink comp="508" pin=1"/></net>

<net id="518"><net_src comp="158" pin="0"/><net_sink comp="514" pin=0"/></net>

<net id="519"><net_src comp="102" pin="0"/><net_sink comp="514" pin=1"/></net>

<net id="524"><net_src comp="158" pin="0"/><net_sink comp="520" pin=0"/></net>

<net id="525"><net_src comp="104" pin="0"/><net_sink comp="520" pin=1"/></net>

<net id="530"><net_src comp="158" pin="0"/><net_sink comp="526" pin=0"/></net>

<net id="531"><net_src comp="106" pin="0"/><net_sink comp="526" pin=1"/></net>

<net id="536"><net_src comp="158" pin="0"/><net_sink comp="532" pin=0"/></net>

<net id="537"><net_src comp="108" pin="0"/><net_sink comp="532" pin=1"/></net>

<net id="542"><net_src comp="158" pin="0"/><net_sink comp="538" pin=0"/></net>

<net id="543"><net_src comp="110" pin="0"/><net_sink comp="538" pin=1"/></net>

<net id="548"><net_src comp="158" pin="0"/><net_sink comp="544" pin=0"/></net>

<net id="549"><net_src comp="112" pin="0"/><net_sink comp="544" pin=1"/></net>

<net id="554"><net_src comp="158" pin="0"/><net_sink comp="550" pin=0"/></net>

<net id="555"><net_src comp="114" pin="0"/><net_sink comp="550" pin=1"/></net>

<net id="560"><net_src comp="158" pin="0"/><net_sink comp="556" pin=0"/></net>

<net id="561"><net_src comp="116" pin="0"/><net_sink comp="556" pin=1"/></net>

<net id="566"><net_src comp="158" pin="0"/><net_sink comp="562" pin=0"/></net>

<net id="567"><net_src comp="118" pin="0"/><net_sink comp="562" pin=1"/></net>

<net id="572"><net_src comp="158" pin="0"/><net_sink comp="568" pin=0"/></net>

<net id="573"><net_src comp="120" pin="0"/><net_sink comp="568" pin=1"/></net>

<net id="578"><net_src comp="158" pin="0"/><net_sink comp="574" pin=0"/></net>

<net id="579"><net_src comp="122" pin="0"/><net_sink comp="574" pin=1"/></net>

<net id="584"><net_src comp="158" pin="0"/><net_sink comp="580" pin=0"/></net>

<net id="585"><net_src comp="124" pin="0"/><net_sink comp="580" pin=1"/></net>

<net id="590"><net_src comp="158" pin="0"/><net_sink comp="586" pin=0"/></net>

<net id="591"><net_src comp="126" pin="0"/><net_sink comp="586" pin=1"/></net>

<net id="598"><net_src comp="156" pin="0"/><net_sink comp="592" pin=0"/></net>

<net id="599"><net_src comp="138" pin="0"/><net_sink comp="592" pin=1"/></net>

<net id="600"><net_src comp="140" pin="0"/><net_sink comp="592" pin=2"/></net>

<net id="601"><net_src comp="142" pin="0"/><net_sink comp="592" pin=3"/></net>

<net id="670"><net_src comp="162" pin="0"/><net_sink comp="602" pin=0"/></net>

<net id="682"><net_src comp="164" pin="0"/><net_sink comp="671" pin=0"/></net>

<net id="683"><net_src comp="142" pin="0"/><net_sink comp="671" pin=3"/></net>

<net id="684"><net_src comp="144" pin="0"/><net_sink comp="671" pin=4"/></net>

<net id="685"><net_src comp="146" pin="0"/><net_sink comp="671" pin=5"/></net>

<net id="686"><net_src comp="148" pin="0"/><net_sink comp="671" pin=6"/></net>

<net id="687"><net_src comp="150" pin="0"/><net_sink comp="671" pin=7"/></net>

<net id="688"><net_src comp="152" pin="0"/><net_sink comp="671" pin=8"/></net>

<net id="698"><net_src comp="166" pin="0"/><net_sink comp="689" pin=0"/></net>

<net id="699"><net_src comp="128" pin="0"/><net_sink comp="689" pin=1"/></net>

<net id="700"><net_src comp="136" pin="0"/><net_sink comp="689" pin=2"/></net>

<net id="701"><net_src comp="134" pin="0"/><net_sink comp="689" pin=3"/></net>

<net id="702"><net_src comp="132" pin="0"/><net_sink comp="689" pin=4"/></net>

<net id="703"><net_src comp="130" pin="0"/><net_sink comp="689" pin=5"/></net>

<net id="707"><net_src comp="200" pin="1"/><net_sink comp="704" pin=0"/></net>

<net id="708"><net_src comp="704" pin="1"/><net_sink comp="602" pin=65"/></net>

<net id="709"><net_src comp="704" pin="1"/><net_sink comp="671" pin=1"/></net>

<net id="713"><net_src comp="204" pin="1"/><net_sink comp="710" pin=0"/></net>

<net id="714"><net_src comp="710" pin="1"/><net_sink comp="671" pin=2"/></net>

<net id="715"><net_src comp="710" pin="1"/><net_sink comp="689" pin=6"/></net>

<net id="719"><net_src comp="208" pin="2"/><net_sink comp="716" pin=0"/></net>

<net id="720"><net_src comp="716" pin="1"/><net_sink comp="602" pin=1"/></net>

<net id="724"><net_src comp="214" pin="2"/><net_sink comp="721" pin=0"/></net>

<net id="725"><net_src comp="721" pin="1"/><net_sink comp="602" pin=2"/></net>

<net id="729"><net_src comp="220" pin="2"/><net_sink comp="726" pin=0"/></net>

<net id="730"><net_src comp="726" pin="1"/><net_sink comp="602" pin=3"/></net>

<net id="734"><net_src comp="226" pin="2"/><net_sink comp="731" pin=0"/></net>

<net id="735"><net_src comp="731" pin="1"/><net_sink comp="602" pin=4"/></net>

<net id="739"><net_src comp="232" pin="2"/><net_sink comp="736" pin=0"/></net>

<net id="740"><net_src comp="736" pin="1"/><net_sink comp="602" pin=5"/></net>

<net id="744"><net_src comp="238" pin="2"/><net_sink comp="741" pin=0"/></net>

<net id="745"><net_src comp="741" pin="1"/><net_sink comp="602" pin=6"/></net>

<net id="749"><net_src comp="244" pin="2"/><net_sink comp="746" pin=0"/></net>

<net id="750"><net_src comp="746" pin="1"/><net_sink comp="602" pin=7"/></net>

<net id="754"><net_src comp="250" pin="2"/><net_sink comp="751" pin=0"/></net>

<net id="755"><net_src comp="751" pin="1"/><net_sink comp="602" pin=8"/></net>

<net id="759"><net_src comp="256" pin="2"/><net_sink comp="756" pin=0"/></net>

<net id="760"><net_src comp="756" pin="1"/><net_sink comp="602" pin=9"/></net>

<net id="764"><net_src comp="262" pin="2"/><net_sink comp="761" pin=0"/></net>

<net id="765"><net_src comp="761" pin="1"/><net_sink comp="602" pin=10"/></net>

<net id="769"><net_src comp="268" pin="2"/><net_sink comp="766" pin=0"/></net>

<net id="770"><net_src comp="766" pin="1"/><net_sink comp="602" pin=11"/></net>

<net id="774"><net_src comp="274" pin="2"/><net_sink comp="771" pin=0"/></net>

<net id="775"><net_src comp="771" pin="1"/><net_sink comp="602" pin=12"/></net>

<net id="779"><net_src comp="280" pin="2"/><net_sink comp="776" pin=0"/></net>

<net id="780"><net_src comp="776" pin="1"/><net_sink comp="602" pin=13"/></net>

<net id="784"><net_src comp="286" pin="2"/><net_sink comp="781" pin=0"/></net>

<net id="785"><net_src comp="781" pin="1"/><net_sink comp="602" pin=14"/></net>

<net id="789"><net_src comp="292" pin="2"/><net_sink comp="786" pin=0"/></net>

<net id="790"><net_src comp="786" pin="1"/><net_sink comp="602" pin=15"/></net>

<net id="794"><net_src comp="298" pin="2"/><net_sink comp="791" pin=0"/></net>

<net id="795"><net_src comp="791" pin="1"/><net_sink comp="602" pin=16"/></net>

<net id="799"><net_src comp="304" pin="2"/><net_sink comp="796" pin=0"/></net>

<net id="800"><net_src comp="796" pin="1"/><net_sink comp="602" pin=17"/></net>

<net id="804"><net_src comp="310" pin="2"/><net_sink comp="801" pin=0"/></net>

<net id="805"><net_src comp="801" pin="1"/><net_sink comp="602" pin=18"/></net>

<net id="809"><net_src comp="316" pin="2"/><net_sink comp="806" pin=0"/></net>

<net id="810"><net_src comp="806" pin="1"/><net_sink comp="602" pin=19"/></net>

<net id="814"><net_src comp="322" pin="2"/><net_sink comp="811" pin=0"/></net>

<net id="815"><net_src comp="811" pin="1"/><net_sink comp="602" pin=20"/></net>

<net id="819"><net_src comp="328" pin="2"/><net_sink comp="816" pin=0"/></net>

<net id="820"><net_src comp="816" pin="1"/><net_sink comp="602" pin=21"/></net>

<net id="824"><net_src comp="334" pin="2"/><net_sink comp="821" pin=0"/></net>

<net id="825"><net_src comp="821" pin="1"/><net_sink comp="602" pin=22"/></net>

<net id="829"><net_src comp="340" pin="2"/><net_sink comp="826" pin=0"/></net>

<net id="830"><net_src comp="826" pin="1"/><net_sink comp="602" pin=23"/></net>

<net id="834"><net_src comp="346" pin="2"/><net_sink comp="831" pin=0"/></net>

<net id="835"><net_src comp="831" pin="1"/><net_sink comp="602" pin=24"/></net>

<net id="839"><net_src comp="352" pin="2"/><net_sink comp="836" pin=0"/></net>

<net id="840"><net_src comp="836" pin="1"/><net_sink comp="602" pin=25"/></net>

<net id="844"><net_src comp="358" pin="2"/><net_sink comp="841" pin=0"/></net>

<net id="845"><net_src comp="841" pin="1"/><net_sink comp="602" pin=26"/></net>

<net id="849"><net_src comp="364" pin="2"/><net_sink comp="846" pin=0"/></net>

<net id="850"><net_src comp="846" pin="1"/><net_sink comp="602" pin=27"/></net>

<net id="854"><net_src comp="370" pin="2"/><net_sink comp="851" pin=0"/></net>

<net id="855"><net_src comp="851" pin="1"/><net_sink comp="602" pin=28"/></net>

<net id="859"><net_src comp="376" pin="2"/><net_sink comp="856" pin=0"/></net>

<net id="860"><net_src comp="856" pin="1"/><net_sink comp="602" pin=29"/></net>

<net id="864"><net_src comp="382" pin="2"/><net_sink comp="861" pin=0"/></net>

<net id="865"><net_src comp="861" pin="1"/><net_sink comp="602" pin=30"/></net>

<net id="869"><net_src comp="388" pin="2"/><net_sink comp="866" pin=0"/></net>

<net id="870"><net_src comp="866" pin="1"/><net_sink comp="602" pin=31"/></net>

<net id="874"><net_src comp="394" pin="2"/><net_sink comp="871" pin=0"/></net>

<net id="875"><net_src comp="871" pin="1"/><net_sink comp="602" pin=32"/></net>

<net id="879"><net_src comp="400" pin="2"/><net_sink comp="876" pin=0"/></net>

<net id="880"><net_src comp="876" pin="1"/><net_sink comp="602" pin=33"/></net>

<net id="884"><net_src comp="406" pin="2"/><net_sink comp="881" pin=0"/></net>

<net id="885"><net_src comp="881" pin="1"/><net_sink comp="602" pin=34"/></net>

<net id="889"><net_src comp="412" pin="2"/><net_sink comp="886" pin=0"/></net>

<net id="890"><net_src comp="886" pin="1"/><net_sink comp="602" pin=35"/></net>

<net id="894"><net_src comp="418" pin="2"/><net_sink comp="891" pin=0"/></net>

<net id="895"><net_src comp="891" pin="1"/><net_sink comp="602" pin=36"/></net>

<net id="899"><net_src comp="424" pin="2"/><net_sink comp="896" pin=0"/></net>

<net id="900"><net_src comp="896" pin="1"/><net_sink comp="602" pin=37"/></net>

<net id="904"><net_src comp="430" pin="2"/><net_sink comp="901" pin=0"/></net>

<net id="905"><net_src comp="901" pin="1"/><net_sink comp="602" pin=38"/></net>

<net id="909"><net_src comp="436" pin="2"/><net_sink comp="906" pin=0"/></net>

<net id="910"><net_src comp="906" pin="1"/><net_sink comp="602" pin=39"/></net>

<net id="914"><net_src comp="442" pin="2"/><net_sink comp="911" pin=0"/></net>

<net id="915"><net_src comp="911" pin="1"/><net_sink comp="602" pin=40"/></net>

<net id="919"><net_src comp="448" pin="2"/><net_sink comp="916" pin=0"/></net>

<net id="920"><net_src comp="916" pin="1"/><net_sink comp="602" pin=41"/></net>

<net id="924"><net_src comp="454" pin="2"/><net_sink comp="921" pin=0"/></net>

<net id="925"><net_src comp="921" pin="1"/><net_sink comp="602" pin=42"/></net>

<net id="929"><net_src comp="460" pin="2"/><net_sink comp="926" pin=0"/></net>

<net id="930"><net_src comp="926" pin="1"/><net_sink comp="602" pin=43"/></net>

<net id="934"><net_src comp="466" pin="2"/><net_sink comp="931" pin=0"/></net>

<net id="935"><net_src comp="931" pin="1"/><net_sink comp="602" pin=44"/></net>

<net id="939"><net_src comp="472" pin="2"/><net_sink comp="936" pin=0"/></net>

<net id="940"><net_src comp="936" pin="1"/><net_sink comp="602" pin=45"/></net>

<net id="944"><net_src comp="478" pin="2"/><net_sink comp="941" pin=0"/></net>

<net id="945"><net_src comp="941" pin="1"/><net_sink comp="602" pin=46"/></net>

<net id="949"><net_src comp="484" pin="2"/><net_sink comp="946" pin=0"/></net>

<net id="950"><net_src comp="946" pin="1"/><net_sink comp="602" pin=47"/></net>

<net id="954"><net_src comp="490" pin="2"/><net_sink comp="951" pin=0"/></net>

<net id="955"><net_src comp="951" pin="1"/><net_sink comp="602" pin=48"/></net>

<net id="959"><net_src comp="496" pin="2"/><net_sink comp="956" pin=0"/></net>

<net id="960"><net_src comp="956" pin="1"/><net_sink comp="602" pin=49"/></net>

<net id="964"><net_src comp="502" pin="2"/><net_sink comp="961" pin=0"/></net>

<net id="965"><net_src comp="961" pin="1"/><net_sink comp="602" pin=50"/></net>

<net id="969"><net_src comp="508" pin="2"/><net_sink comp="966" pin=0"/></net>

<net id="970"><net_src comp="966" pin="1"/><net_sink comp="602" pin=51"/></net>

<net id="974"><net_src comp="514" pin="2"/><net_sink comp="971" pin=0"/></net>

<net id="975"><net_src comp="971" pin="1"/><net_sink comp="602" pin=52"/></net>

<net id="979"><net_src comp="520" pin="2"/><net_sink comp="976" pin=0"/></net>

<net id="980"><net_src comp="976" pin="1"/><net_sink comp="602" pin=53"/></net>

<net id="984"><net_src comp="526" pin="2"/><net_sink comp="981" pin=0"/></net>

<net id="985"><net_src comp="981" pin="1"/><net_sink comp="602" pin=54"/></net>

<net id="989"><net_src comp="532" pin="2"/><net_sink comp="986" pin=0"/></net>

<net id="990"><net_src comp="986" pin="1"/><net_sink comp="602" pin=55"/></net>

<net id="994"><net_src comp="538" pin="2"/><net_sink comp="991" pin=0"/></net>

<net id="995"><net_src comp="991" pin="1"/><net_sink comp="602" pin=56"/></net>

<net id="999"><net_src comp="544" pin="2"/><net_sink comp="996" pin=0"/></net>

<net id="1000"><net_src comp="996" pin="1"/><net_sink comp="602" pin=57"/></net>

<net id="1004"><net_src comp="550" pin="2"/><net_sink comp="1001" pin=0"/></net>

<net id="1005"><net_src comp="1001" pin="1"/><net_sink comp="602" pin=58"/></net>

<net id="1009"><net_src comp="556" pin="2"/><net_sink comp="1006" pin=0"/></net>

<net id="1010"><net_src comp="1006" pin="1"/><net_sink comp="602" pin=59"/></net>

<net id="1014"><net_src comp="562" pin="2"/><net_sink comp="1011" pin=0"/></net>

<net id="1015"><net_src comp="1011" pin="1"/><net_sink comp="602" pin=60"/></net>

<net id="1019"><net_src comp="568" pin="2"/><net_sink comp="1016" pin=0"/></net>

<net id="1020"><net_src comp="1016" pin="1"/><net_sink comp="602" pin=61"/></net>

<net id="1024"><net_src comp="574" pin="2"/><net_sink comp="1021" pin=0"/></net>

<net id="1025"><net_src comp="1021" pin="1"/><net_sink comp="602" pin=62"/></net>

<net id="1029"><net_src comp="580" pin="2"/><net_sink comp="1026" pin=0"/></net>

<net id="1030"><net_src comp="1026" pin="1"/><net_sink comp="602" pin=63"/></net>

<net id="1034"><net_src comp="586" pin="2"/><net_sink comp="1031" pin=0"/></net>

<net id="1035"><net_src comp="1031" pin="1"/><net_sink comp="602" pin=64"/></net>

</net_list>

</model> 
---------------- Datapath Model END ------------------

* FSMD analyzer results:
  - Output states:
	Port: out_0 | {9 10 }
	Port: out_1 | {9 10 }
	Port: out_2 | {9 10 }
	Port: out_3 | {9 10 }
	Port: out_4 | {9 10 }
	Port: loaded | {1 2 }
	Port: fc2_weights_0 | {1 2 }
	Port: void_Matrix_Vector_Activate_Batch_stream_stream_FixedPointWeightsSp_const_Thr_4 | {6 7 }
	Port: void_Matrix_Vector_Activate_Batch_stream_stream_FixedPointWeightsSp_const_Thr_3 | {6 7 }
	Port: void_Matrix_Vector_Activate_Batch_stream_stream_FixedPointWeightsSp_const_Thr_2 | {6 7 }
	Port: void_Matrix_Vector_Activate_Batch_stream_stream_FixedPointWeightsSp_const_Thr_1 | {6 7 }
	Port: void_Matrix_Vector_Activate_Batch_stream_stream_FixedPointWeightsSp_const_Thr | {6 7 }
 - Input state : 
	Port: fc2full_top : in_0 | {2 }
	Port: fc2full_top : in_1 | {2 }
	Port: fc2full_top : in_2 | {2 }
	Port: fc2full_top : in_3 | {2 }
	Port: fc2full_top : in_4 | {2 }
	Port: fc2full_top : in_5 | {2 }
	Port: fc2full_top : in_6 | {2 }
	Port: fc2full_top : in_7 | {2 }
	Port: fc2full_top : in_8 | {2 }
	Port: fc2full_top : in_9 | {2 }
	Port: fc2full_top : in_10 | {2 }
	Port: fc2full_top : in_11 | {2 }
	Port: fc2full_top : in_12 | {2 }
	Port: fc2full_top : in_13 | {2 }
	Port: fc2full_top : in_14 | {2 }
	Port: fc2full_top : in_15 | {2 }
	Port: fc2full_top : in_16 | {2 }
	Port: fc2full_top : in_17 | {2 }
	Port: fc2full_top : in_18 | {2 }
	Port: fc2full_top : in_19 | {2 }
	Port: fc2full_top : in_20 | {2 }
	Port: fc2full_top : in_21 | {2 }
	Port: fc2full_top : in_22 | {2 }
	Port: fc2full_top : in_23 | {2 }
	Port: fc2full_top : in_24 | {2 }
	Port: fc2full_top : in_25 | {2 }
	Port: fc2full_top : in_26 | {2 }
	Port: fc2full_top : in_27 | {2 }
	Port: fc2full_top : in_28 | {2 }
	Port: fc2full_top : in_29 | {2 }
	Port: fc2full_top : in_30 | {2 }
	Port: fc2full_top : in_31 | {2 }
	Port: fc2full_top : in_32 | {2 }
	Port: fc2full_top : in_33 | {2 }
	Port: fc2full_top : in_34 | {2 }
	Port: fc2full_top : in_35 | {2 }
	Port: fc2full_top : in_36 | {2 }
	Port: fc2full_top : in_37 | {2 }
	Port: fc2full_top : in_38 | {2 }
	Port: fc2full_top : in_39 | {2 }
	Port: fc2full_top : in_40 | {2 }
	Port: fc2full_top : in_41 | {2 }
	Port: fc2full_top : in_42 | {2 }
	Port: fc2full_top : in_43 | {2 }
	Port: fc2full_top : in_44 | {2 }
	Port: fc2full_top : in_45 | {2 }
	Port: fc2full_top : in_46 | {2 }
	Port: fc2full_top : in_47 | {2 }
	Port: fc2full_top : in_48 | {2 }
	Port: fc2full_top : in_49 | {2 }
	Port: fc2full_top : in_50 | {2 }
	Port: fc2full_top : in_51 | {2 }
	Port: fc2full_top : in_52 | {2 }
	Port: fc2full_top : in_53 | {2 }
	Port: fc2full_top : in_54 | {2 }
	Port: fc2full_top : in_55 | {2 }
	Port: fc2full_top : in_56 | {2 }
	Port: fc2full_top : in_57 | {2 }
	Port: fc2full_top : in_58 | {2 }
	Port: fc2full_top : in_59 | {2 }
	Port: fc2full_top : in_60 | {2 }
	Port: fc2full_top : in_61 | {2 }
	Port: fc2full_top : in_62 | {2 }
	Port: fc2full_top : in_63 | {2 }
	Port: fc2full_top : loaded | {1 2 }
	Port: fc2full_top : FC2_W | {1 2 }
	Port: fc2full_top : fc2_weights_0 | {6 7 }
	Port: fc2full_top : void_Matrix_Vector_Activate_Batch_stream_stream_FixedPointWeightsSp_const_Thr_4 | {6 7 }
	Port: fc2full_top : void_Matrix_Vector_Activate_Batch_stream_stream_FixedPointWeightsSp_const_Thr_3 | {6 7 }
	Port: fc2full_top : void_Matrix_Vector_Activate_Batch_stream_stream_FixedPointWeightsSp_const_Thr_2 | {6 7 }
	Port: fc2full_top : void_Matrix_Vector_Activate_Batch_stream_stream_FixedPointWeightsSp_const_Thr_1 | {6 7 }
	Port: fc2full_top : void_Matrix_Vector_Activate_Batch_stream_stream_FixedPointWeightsSp_const_Thr | {6 7 }
  - Chain level:
	State 1
	State 2
	State 3
	State 4
	State 5
	State 6
	State 7
	State 8
	State 9
	State 10


============================================================
+ Verbose Summary: Datapath Resource usage 
============================================================

* Functional unit list:
|----------|--------------------------------------------------|---------|---------|---------|
| Operation|                  Functional Unit                 |  Delay  |    FF   |   LUT   |
|----------|--------------------------------------------------|---------|---------|---------|
|          |           grp_load_weights_once_fu_592           |  0.387  |    93   |   105   |
|   call   |  grp_fc2full_top_Pipeline_VITIS_LOOP_75_1_fu_602 |    0    |    8    |   301   |
|          | grp_fc2full_top_Pipeline_VITIS_LOOP_131_1_fu_671 |  0.387  |   209   |   749   |
|          | grp_fc2full_top_Pipeline_VITIS_LOOP_108_2_fu_689 |    0    |    6    |    20   |
|----------|--------------------------------------------------|---------|---------|---------|
|          |               in_0_read_read_fu_208              |    0    |    0    |    0    |
|          |               in_1_read_read_fu_214              |    0    |    0    |    0    |
|          |               in_2_read_read_fu_220              |    0    |    0    |    0    |
|          |               in_3_read_read_fu_226              |    0    |    0    |    0    |
|          |               in_4_read_read_fu_232              |    0    |    0    |    0    |
|          |               in_5_read_read_fu_238              |    0    |    0    |    0    |
|          |               in_6_read_read_fu_244              |    0    |    0    |    0    |
|          |               in_7_read_read_fu_250              |    0    |    0    |    0    |
|          |               in_8_read_read_fu_256              |    0    |    0    |    0    |
|          |               in_9_read_read_fu_262              |    0    |    0    |    0    |
|          |              in_10_read_read_fu_268              |    0    |    0    |    0    |
|          |              in_11_read_read_fu_274              |    0    |    0    |    0    |
|          |              in_12_read_read_fu_280              |    0    |    0    |    0    |
|          |              in_13_read_read_fu_286              |    0    |    0    |    0    |
|          |              in_14_read_read_fu_292              |    0    |    0    |    0    |
|          |              in_15_read_read_fu_298              |    0    |    0    |    0    |
|          |              in_16_read_read_fu_304              |    0    |    0    |    0    |
|          |              in_17_read_read_fu_310              |    0    |    0    |    0    |
|          |              in_18_read_read_fu_316              |    0    |    0    |    0    |
|          |              in_19_read_read_fu_322              |    0    |    0    |    0    |
|          |              in_20_read_read_fu_328              |    0    |    0    |    0    |
|          |              in_21_read_read_fu_334              |    0    |    0    |    0    |
|          |              in_22_read_read_fu_340              |    0    |    0    |    0    |
|          |              in_23_read_read_fu_346              |    0    |    0    |    0    |
|          |              in_24_read_read_fu_352              |    0    |    0    |    0    |
|          |              in_25_read_read_fu_358              |    0    |    0    |    0    |
|          |              in_26_read_read_fu_364              |    0    |    0    |    0    |
|          |              in_27_read_read_fu_370              |    0    |    0    |    0    |
|          |              in_28_read_read_fu_376              |    0    |    0    |    0    |
|          |              in_29_read_read_fu_382              |    0    |    0    |    0    |
|          |              in_30_read_read_fu_388              |    0    |    0    |    0    |
|   read   |              in_31_read_read_fu_394              |    0    |    0    |    0    |
|          |              in_32_read_read_fu_400              |    0    |    0    |    0    |
|          |              in_33_read_read_fu_406              |    0    |    0    |    0    |
|          |              in_34_read_read_fu_412              |    0    |    0    |    0    |
|          |              in_35_read_read_fu_418              |    0    |    0    |    0    |
|          |              in_36_read_read_fu_424              |    0    |    0    |    0    |
|          |              in_37_read_read_fu_430              |    0    |    0    |    0    |
|          |              in_38_read_read_fu_436              |    0    |    0    |    0    |
|          |              in_39_read_read_fu_442              |    0    |    0    |    0    |
|          |              in_40_read_read_fu_448              |    0    |    0    |    0    |
|          |              in_41_read_read_fu_454              |    0    |    0    |    0    |
|          |              in_42_read_read_fu_460              |    0    |    0    |    0    |
|          |              in_43_read_read_fu_466              |    0    |    0    |    0    |
|          |              in_44_read_read_fu_472              |    0    |    0    |    0    |
|          |              in_45_read_read_fu_478              |    0    |    0    |    0    |
|          |              in_46_read_read_fu_484              |    0    |    0    |    0    |
|          |              in_47_read_read_fu_490              |    0    |    0    |    0    |
|          |              in_48_read_read_fu_496              |    0    |    0    |    0    |
|          |              in_49_read_read_fu_502              |    0    |    0    |    0    |
|          |              in_50_read_read_fu_508              |    0    |    0    |    0    |
|          |              in_51_read_read_fu_514              |    0    |    0    |    0    |
|          |              in_52_read_read_fu_520              |    0    |    0    |    0    |
|          |              in_53_read_read_fu_526              |    0    |    0    |    0    |
|          |              in_54_read_read_fu_532              |    0    |    0    |    0    |
|          |              in_55_read_read_fu_538              |    0    |    0    |    0    |
|          |              in_56_read_read_fu_544              |    0    |    0    |    0    |
|          |              in_57_read_read_fu_550              |    0    |    0    |    0    |
|          |              in_58_read_read_fu_556              |    0    |    0    |    0    |
|          |              in_59_read_read_fu_562              |    0    |    0    |    0    |
|          |              in_60_read_read_fu_568              |    0    |    0    |    0    |
|          |              in_61_read_read_fu_574              |    0    |    0    |    0    |
|          |              in_62_read_read_fu_580              |    0    |    0    |    0    |
|          |              in_63_read_read_fu_586              |    0    |    0    |    0    |
|----------|--------------------------------------------------|---------|---------|---------|
|   Total  |                                                  |  0.774  |   316   |   1175  |
|----------|--------------------------------------------------|---------|---------|---------|

Memories:
+-------------+--------+--------+--------+--------+
|             |  BRAM  |   FF   |   LUT  |  URAM  |
+-------------+--------+--------+--------+--------+
|    FC2_W    |    0   |    4   |   33   |    -   |
|fc2_weights_0|    0   |    4   |   33   |    0   |
+-------------+--------+--------+--------+--------+
|    Total    |    0   |    8   |   66   |    0   |
+-------------+--------+--------+--------+--------+

* Register list:
+-------------------+--------+
|                   |   FF   |
+-------------------+--------+
| in_0_read_reg_716 |    1   |
| in_10_read_reg_766|    1   |
| in_11_read_reg_771|    1   |
| in_12_read_reg_776|    1   |
| in_13_read_reg_781|    1   |
| in_14_read_reg_786|    1   |
| in_15_read_reg_791|    1   |
| in_16_read_reg_796|    1   |
| in_17_read_reg_801|    1   |
| in_18_read_reg_806|    1   |
| in_19_read_reg_811|    1   |
| in_1_read_reg_721 |    1   |
| in_20_read_reg_816|    1   |
| in_21_read_reg_821|    1   |
| in_22_read_reg_826|    1   |
| in_23_read_reg_831|    1   |
| in_24_read_reg_836|    1   |
| in_25_read_reg_841|    1   |
| in_26_read_reg_846|    1   |
| in_27_read_reg_851|    1   |
| in_28_read_reg_856|    1   |
| in_29_read_reg_861|    1   |
| in_2_read_reg_726 |    1   |
| in_30_read_reg_866|    1   |
| in_31_read_reg_871|    1   |
| in_32_read_reg_876|    1   |
| in_33_read_reg_881|    1   |
| in_34_read_reg_886|    1   |
| in_35_read_reg_891|    1   |
| in_36_read_reg_896|    1   |
| in_37_read_reg_901|    1   |
| in_38_read_reg_906|    1   |
| in_39_read_reg_911|    1   |
| in_3_read_reg_731 |    1   |
| in_40_read_reg_916|    1   |
| in_41_read_reg_921|    1   |
| in_42_read_reg_926|    1   |
| in_43_read_reg_931|    1   |
| in_44_read_reg_936|    1   |
| in_45_read_reg_941|    1   |
| in_46_read_reg_946|    1   |
| in_47_read_reg_951|    1   |
| in_48_read_reg_956|    1   |
| in_49_read_reg_961|    1   |
| in_4_read_reg_736 |    1   |
| in_50_read_reg_966|    1   |
| in_51_read_reg_971|    1   |
| in_52_read_reg_976|    1   |
| in_53_read_reg_981|    1   |
| in_54_read_reg_986|    1   |
| in_55_read_reg_991|    1   |
| in_56_read_reg_996|    1   |
|in_57_read_reg_1001|    1   |
|in_58_read_reg_1006|    1   |
|in_59_read_reg_1011|    1   |
| in_5_read_reg_741 |    1   |
|in_60_read_reg_1016|    1   |
|in_61_read_reg_1021|    1   |
|in_62_read_reg_1026|    1   |
|in_63_read_reg_1031|    1   |
| in_6_read_reg_746 |    1   |
| in_7_read_reg_751 |    1   |
| in_8_read_reg_756 |    1   |
| in_9_read_reg_761 |    1   |
| in_stream_reg_704 |    1   |
| out_stream_reg_710|    1   |
+-------------------+--------+
|       Total       |   66   |
+-------------------+--------+

* Multiplexer (MUX) list: 
|--------|------|------|------|--------|
|  Comp  |  Pin | Size |  BW  | S x BW |
|--------|------|------|------|--------|
|  Total |      |      |      |    0   |
|--------|------|------|------|--------|



* Summary:
+-----------+--------+--------+--------+--------+--------+
|           |  BRAM  |  Delay |   FF   |   LUT  |  URAM  |
+-----------+--------+--------+--------+--------+--------+
|  Function |    -   |    0   |   316  |  1175  |    -   |
|   Memory  |    0   |    -   |    8   |   66   |    0   |
|Multiplexer|    -   |    -   |    -   |    -   |    -   |
|  Register |    -   |    -   |   66   |    -   |    -   |
+-----------+--------+--------+--------+--------+--------+
|   Total   |    0   |    0   |   390  |  1241  |    0   |
+-----------+--------+--------+--------+--------+--------+
