

================================================================
== Vitis HLS Report for 'fc2full_top_Pipeline_VITIS_LOOP_131_1'
================================================================
* Date:           Thu Apr 30 14:18:55 2026

* Version:        2023.1 (Build 3854077 on May  4 2023)
* Project:        fc2full_prj
* Solution:       xcvu9p-flga2577-2-e (Vivado IP Flow Target)
* Product family: virtexuplus
* Target device:  xcvu9p-flga2577-2-e


================================================================
== Performance Estimates
================================================================
+ Timing: 
    * Summary: 
    +--------+----------+----------+------------+
    |  Clock |  Target  | Estimated| Uncertainty|
    +--------+----------+----------+------------+
    |ap_clk  |  10.00 ns|  3.768 ns|     2.70 ns|
    +--------+----------+----------+------------+

+ Latency: 
    * Summary: 
    +---------+---------+----------+----------+-----+-----+---------+
    |  Latency (cycles) |  Latency (absolute) |  Interval | Pipeline|
    |   min   |   max   |    min   |    max   | min | max |   Type  |
    +---------+---------+----------+----------+-----+-----+---------+
    |      322|      322|  3.220 us|  3.220 us|  322|  322|       no|
    +---------+---------+----------+----------+-----+-----+---------+

    + Detail: 
        * Instance: 
        N/A

        * Loop: 
        +--------------------+---------+---------+----------+-----------+-----------+------+----------+
        |                    |  Latency (cycles) | Iteration|  Initiation Interval  | Trip |          |
        |      Loop Name     |   min   |   max   |  Latency |  achieved |   target  | Count| Pipelined|
        +--------------------+---------+---------+----------+-----------+-----------+------+----------+
        |- VITIS_LOOP_131_1  |      320|      320|         2|          1|          1|   320|       yes|
        +--------------------+---------+---------+----------+-----------+-----------+------+----------+

============================================================
+ Verbose Summary: Synthesis Manager
============================================================
InlineROM: 1
ExposeGlobal: 0
============================================================
+ Verbose Summary: CDFG Model
============================================================
IsTopModel: 0
ResetActiveHigh: 1
IsCombinational: 0
IsDatapathOnly: 0
HasWiredReturn: 1
HasMFsm: 2
HasVarLatency: 1
IsPipeline: 0
IsRtlPipelined: 0
IsInstanceOverlapped: 0
IsDontTouch: 0
HasImplIP: 0
IsGatedGlobalClock: 0

+ Individual pipeline summary: 
  * Pipeline-0: initiation interval (II) = 1, depth = 3


============================================================
+ Verbose Summary: Schedule
============================================================
* Number of FSM states : 3
* Pipeline : 1
  Pipeline-0 : II = 1, D = 3, States = { 1 2 3 }
* Dataflow Pipeline: 0

* FSM state transitions: 
1 --> 2 
2 --> 3 
3 --> 

* FSM state operations: 

State 1 <SV = 0> <Delay = 0.41>
ST_1 : Operation 5 [1/1] (0.00ns)   --->   "%sf = alloca i32 1"   --->   Operation 5 'alloca' 'sf' <Predicate = true> <Delay = 0.00>
ST_1 : Operation 6 [1/1] (0.00ns)   --->   "%tile = alloca i32 1"   --->   Operation 6 'alloca' 'tile' <Predicate = true> <Delay = 0.00>
ST_1 : Operation 7 [1/1] (0.00ns)   --->   "%i_1 = alloca i32 1"   --->   Operation 7 'alloca' 'i_1' <Predicate = true> <Delay = 0.00>
ST_1 : Operation 8 [1/1] (0.00ns)   --->   "%inputBuf = alloca i32 1"   --->   Operation 8 'alloca' 'inputBuf' <Predicate = true> <Delay = 0.00>
ST_1 : Operation 9 [1/1] (0.00ns)   --->   "%inputBuf_1 = alloca i32 1"   --->   Operation 9 'alloca' 'inputBuf_1' <Predicate = true> <Delay = 0.00>
ST_1 : Operation 10 [1/1] (0.00ns)   --->   "%inputBuf_2 = alloca i32 1"   --->   Operation 10 'alloca' 'inputBuf_2' <Predicate = true> <Delay = 0.00>
ST_1 : Operation 11 [1/1] (0.00ns)   --->   "%inputBuf_3 = alloca i32 1"   --->   Operation 11 'alloca' 'inputBuf_3' <Predicate = true> <Delay = 0.00>
ST_1 : Operation 12 [1/1] (0.00ns)   --->   "%inputBuf_4 = alloca i32 1"   --->   Operation 12 'alloca' 'inputBuf_4' <Predicate = true> <Delay = 0.00>
ST_1 : Operation 13 [1/1] (0.00ns)   --->   "%inputBuf_5 = alloca i32 1"   --->   Operation 13 'alloca' 'inputBuf_5' <Predicate = true> <Delay = 0.00>
ST_1 : Operation 14 [1/1] (0.00ns)   --->   "%inputBuf_6 = alloca i32 1"   --->   Operation 14 'alloca' 'inputBuf_6' <Predicate = true> <Delay = 0.00>
ST_1 : Operation 15 [1/1] (0.00ns)   --->   "%inputBuf_7 = alloca i32 1"   --->   Operation 15 'alloca' 'inputBuf_7' <Predicate = true> <Delay = 0.00>
ST_1 : Operation 16 [1/1] (0.00ns)   --->   "%inputBuf_8 = alloca i32 1"   --->   Operation 16 'alloca' 'inputBuf_8' <Predicate = true> <Delay = 0.00>
ST_1 : Operation 17 [1/1] (0.00ns)   --->   "%inputBuf_9 = alloca i32 1"   --->   Operation 17 'alloca' 'inputBuf_9' <Predicate = true> <Delay = 0.00>
ST_1 : Operation 18 [1/1] (0.00ns)   --->   "%inputBuf_10 = alloca i32 1"   --->   Operation 18 'alloca' 'inputBuf_10' <Predicate = true> <Delay = 0.00>
ST_1 : Operation 19 [1/1] (0.00ns)   --->   "%inputBuf_11 = alloca i32 1"   --->   Operation 19 'alloca' 'inputBuf_11' <Predicate = true> <Delay = 0.00>
ST_1 : Operation 20 [1/1] (0.00ns)   --->   "%inputBuf_12 = alloca i32 1"   --->   Operation 20 'alloca' 'inputBuf_12' <Predicate = true> <Delay = 0.00>
ST_1 : Operation 21 [1/1] (0.00ns)   --->   "%inputBuf_13 = alloca i32 1"   --->   Operation 21 'alloca' 'inputBuf_13' <Predicate = true> <Delay = 0.00>
ST_1 : Operation 22 [1/1] (0.00ns)   --->   "%inputBuf_14 = alloca i32 1"   --->   Operation 22 'alloca' 'inputBuf_14' <Predicate = true> <Delay = 0.00>
ST_1 : Operation 23 [1/1] (0.00ns)   --->   "%inputBuf_15 = alloca i32 1"   --->   Operation 23 'alloca' 'inputBuf_15' <Predicate = true> <Delay = 0.00>
ST_1 : Operation 24 [1/1] (0.00ns)   --->   "%inputBuf_16 = alloca i32 1"   --->   Operation 24 'alloca' 'inputBuf_16' <Predicate = true> <Delay = 0.00>
ST_1 : Operation 25 [1/1] (0.00ns)   --->   "%inputBuf_17 = alloca i32 1"   --->   Operation 25 'alloca' 'inputBuf_17' <Predicate = true> <Delay = 0.00>
ST_1 : Operation 26 [1/1] (0.00ns)   --->   "%inputBuf_18 = alloca i32 1"   --->   Operation 26 'alloca' 'inputBuf_18' <Predicate = true> <Delay = 0.00>
ST_1 : Operation 27 [1/1] (0.00ns)   --->   "%inputBuf_19 = alloca i32 1"   --->   Operation 27 'alloca' 'inputBuf_19' <Predicate = true> <Delay = 0.00>
ST_1 : Operation 28 [1/1] (0.00ns)   --->   "%inputBuf_20 = alloca i32 1"   --->   Operation 28 'alloca' 'inputBuf_20' <Predicate = true> <Delay = 0.00>
ST_1 : Operation 29 [1/1] (0.00ns)   --->   "%inputBuf_21 = alloca i32 1"   --->   Operation 29 'alloca' 'inputBuf_21' <Predicate = true> <Delay = 0.00>
ST_1 : Operation 30 [1/1] (0.00ns)   --->   "%inputBuf_22 = alloca i32 1"   --->   Operation 30 'alloca' 'inputBuf_22' <Predicate = true> <Delay = 0.00>
ST_1 : Operation 31 [1/1] (0.00ns)   --->   "%inputBuf_23 = alloca i32 1"   --->   Operation 31 'alloca' 'inputBuf_23' <Predicate = true> <Delay = 0.00>
ST_1 : Operation 32 [1/1] (0.00ns)   --->   "%inputBuf_24 = alloca i32 1"   --->   Operation 32 'alloca' 'inputBuf_24' <Predicate = true> <Delay = 0.00>
ST_1 : Operation 33 [1/1] (0.00ns)   --->   "%inputBuf_25 = alloca i32 1"   --->   Operation 33 'alloca' 'inputBuf_25' <Predicate = true> <Delay = 0.00>
ST_1 : Operation 34 [1/1] (0.00ns)   --->   "%inputBuf_26 = alloca i32 1"   --->   Operation 34 'alloca' 'inputBuf_26' <Predicate = true> <Delay = 0.00>
ST_1 : Operation 35 [1/1] (0.00ns)   --->   "%inputBuf_27 = alloca i32 1"   --->   Operation 35 'alloca' 'inputBuf_27' <Predicate = true> <Delay = 0.00>
ST_1 : Operation 36 [1/1] (0.00ns)   --->   "%inputBuf_28 = alloca i32 1"   --->   Operation 36 'alloca' 'inputBuf_28' <Predicate = true> <Delay = 0.00>
ST_1 : Operation 37 [1/1] (0.00ns)   --->   "%inputBuf_29 = alloca i32 1"   --->   Operation 37 'alloca' 'inputBuf_29' <Predicate = true> <Delay = 0.00>
ST_1 : Operation 38 [1/1] (0.00ns)   --->   "%inputBuf_30 = alloca i32 1"   --->   Operation 38 'alloca' 'inputBuf_30' <Predicate = true> <Delay = 0.00>
ST_1 : Operation 39 [1/1] (0.00ns)   --->   "%inputBuf_31 = alloca i32 1"   --->   Operation 39 'alloca' 'inputBuf_31' <Predicate = true> <Delay = 0.00>
ST_1 : Operation 40 [1/1] (0.00ns)   --->   "%inputBuf_32 = alloca i32 1"   --->   Operation 40 'alloca' 'inputBuf_32' <Predicate = true> <Delay = 0.00>
ST_1 : Operation 41 [1/1] (0.00ns)   --->   "%inputBuf_33 = alloca i32 1"   --->   Operation 41 'alloca' 'inputBuf_33' <Predicate = true> <Delay = 0.00>
ST_1 : Operation 42 [1/1] (0.00ns)   --->   "%inputBuf_34 = alloca i32 1"   --->   Operation 42 'alloca' 'inputBuf_34' <Predicate = true> <Delay = 0.00>
ST_1 : Operation 43 [1/1] (0.00ns)   --->   "%inputBuf_35 = alloca i32 1"   --->   Operation 43 'alloca' 'inputBuf_35' <Predicate = true> <Delay = 0.00>
ST_1 : Operation 44 [1/1] (0.00ns)   --->   "%inputBuf_36 = alloca i32 1"   --->   Operation 44 'alloca' 'inputBuf_36' <Predicate = true> <Delay = 0.00>
ST_1 : Operation 45 [1/1] (0.00ns)   --->   "%inputBuf_37 = alloca i32 1"   --->   Operation 45 'alloca' 'inputBuf_37' <Predicate = true> <Delay = 0.00>
ST_1 : Operation 46 [1/1] (0.00ns)   --->   "%inputBuf_38 = alloca i32 1"   --->   Operation 46 'alloca' 'inputBuf_38' <Predicate = true> <Delay = 0.00>
ST_1 : Operation 47 [1/1] (0.00ns)   --->   "%inputBuf_39 = alloca i32 1"   --->   Operation 47 'alloca' 'inputBuf_39' <Predicate = true> <Delay = 0.00>
ST_1 : Operation 48 [1/1] (0.00ns)   --->   "%inputBuf_40 = alloca i32 1"   --->   Operation 48 'alloca' 'inputBuf_40' <Predicate = true> <Delay = 0.00>
ST_1 : Operation 49 [1/1] (0.00ns)   --->   "%inputBuf_41 = alloca i32 1"   --->   Operation 49 'alloca' 'inputBuf_41' <Predicate = true> <Delay = 0.00>
ST_1 : Operation 50 [1/1] (0.00ns)   --->   "%inputBuf_42 = alloca i32 1"   --->   Operation 50 'alloca' 'inputBuf_42' <Predicate = true> <Delay = 0.00>
ST_1 : Operation 51 [1/1] (0.00ns)   --->   "%inputBuf_43 = alloca i32 1"   --->   Operation 51 'alloca' 'inputBuf_43' <Predicate = true> <Delay = 0.00>
ST_1 : Operation 52 [1/1] (0.00ns)   --->   "%inputBuf_44 = alloca i32 1"   --->   Operation 52 'alloca' 'inputBuf_44' <Predicate = true> <Delay = 0.00>
ST_1 : Operation 53 [1/1] (0.00ns)   --->   "%inputBuf_45 = alloca i32 1"   --->   Operation 53 'alloca' 'inputBuf_45' <Predicate = true> <Delay = 0.00>
ST_1 : Operation 54 [1/1] (0.00ns)   --->   "%inputBuf_46 = alloca i32 1"   --->   Operation 54 'alloca' 'inputBuf_46' <Predicate = true> <Delay = 0.00>
ST_1 : Operation 55 [1/1] (0.00ns)   --->   "%inputBuf_47 = alloca i32 1"   --->   Operation 55 'alloca' 'inputBuf_47' <Predicate = true> <Delay = 0.00>
ST_1 : Operation 56 [1/1] (0.00ns)   --->   "%inputBuf_48 = alloca i32 1"   --->   Operation 56 'alloca' 'inputBuf_48' <Predicate = true> <Delay = 0.00>
ST_1 : Operation 57 [1/1] (0.00ns)   --->   "%inputBuf_49 = alloca i32 1"   --->   Operation 57 'alloca' 'inputBuf_49' <Predicate = true> <Delay = 0.00>
ST_1 : Operation 58 [1/1] (0.00ns)   --->   "%inputBuf_50 = alloca i32 1"   --->   Operation 58 'alloca' 'inputBuf_50' <Predicate = true> <Delay = 0.00>
ST_1 : Operation 59 [1/1] (0.00ns)   --->   "%inputBuf_51 = alloca i32 1"   --->   Operation 59 'alloca' 'inputBuf_51' <Predicate = true> <Delay = 0.00>
ST_1 : Operation 60 [1/1] (0.00ns)   --->   "%inputBuf_52 = alloca i32 1"   --->   Operation 60 'alloca' 'inputBuf_52' <Predicate = true> <Delay = 0.00>
ST_1 : Operation 61 [1/1] (0.00ns)   --->   "%inputBuf_53 = alloca i32 1"   --->   Operation 61 'alloca' 'inputBuf_53' <Predicate = true> <Delay = 0.00>
ST_1 : Operation 62 [1/1] (0.00ns)   --->   "%inputBuf_54 = alloca i32 1"   --->   Operation 62 'alloca' 'inputBuf_54' <Predicate = true> <Delay = 0.00>
ST_1 : Operation 63 [1/1] (0.00ns)   --->   "%inputBuf_55 = alloca i32 1"   --->   Operation 63 'alloca' 'inputBuf_55' <Predicate = true> <Delay = 0.00>
ST_1 : Operation 64 [1/1] (0.00ns)   --->   "%inputBuf_56 = alloca i32 1"   --->   Operation 64 'alloca' 'inputBuf_56' <Predicate = true> <Delay = 0.00>
ST_1 : Operation 65 [1/1] (0.00ns)   --->   "%inputBuf_57 = alloca i32 1"   --->   Operation 65 'alloca' 'inputBuf_57' <Predicate = true> <Delay = 0.00>
ST_1 : Operation 66 [1/1] (0.00ns)   --->   "%inputBuf_58 = alloca i32 1"   --->   Operation 66 'alloca' 'inputBuf_58' <Predicate = true> <Delay = 0.00>
ST_1 : Operation 67 [1/1] (0.00ns)   --->   "%inputBuf_59 = alloca i32 1"   --->   Operation 67 'alloca' 'inputBuf_59' <Predicate = true> <Delay = 0.00>
ST_1 : Operation 68 [1/1] (0.00ns)   --->   "%inputBuf_60 = alloca i32 1"   --->   Operation 68 'alloca' 'inputBuf_60' <Predicate = true> <Delay = 0.00>
ST_1 : Operation 69 [1/1] (0.00ns)   --->   "%inputBuf_61 = alloca i32 1"   --->   Operation 69 'alloca' 'inputBuf_61' <Predicate = true> <Delay = 0.00>
ST_1 : Operation 70 [1/1] (0.00ns)   --->   "%inputBuf_62 = alloca i32 1"   --->   Operation 70 'alloca' 'inputBuf_62' <Predicate = true> <Delay = 0.00>
ST_1 : Operation 71 [1/1] (0.00ns)   --->   "%inputBuf_63 = alloca i32 1"   --->   Operation 71 'alloca' 'inputBuf_63' <Predicate = true> <Delay = 0.00>
ST_1 : Operation 72 [1/1] (0.00ns)   --->   "%nf = alloca i32 1"   --->   Operation 72 'alloca' 'nf' <Predicate = true> <Delay = 0.00>
ST_1 : Operation 73 [1/1] (0.00ns)   --->   "%conv_i2_i13_i = alloca i32 1"   --->   Operation 73 'alloca' 'conv_i2_i13_i' <Predicate = true> <Delay = 0.00>
ST_1 : Operation 74 [1/1] (0.00ns)   --->   "%specinterface_ln0 = specinterface void @_ssdm_op_SpecInterface, i1 %out_stream, void @empty_4, i32 0, i32 0, void @empty, i32 0, i32 0, void @empty, void @empty, void @empty, i32 0, i32 0, i32 0, i32 0, void @empty, void @empty, i32 4294967295, i32 0"   --->   Operation 74 'specinterface' 'specinterface_ln0' <Predicate = true> <Delay = 0.00>
ST_1 : Operation 75 [1/1] (0.00ns)   --->   "%specinterface_ln0 = specinterface void @_ssdm_op_SpecInterface, i1 %in_stream, void @empty_4, i32 0, i32 0, void @empty, i32 0, i32 0, void @empty, void @empty, void @empty, i32 0, i32 0, i32 0, i32 0, void @empty, void @empty, i32 4294967295, i32 0"   --->   Operation 75 'specinterface' 'specinterface_ln0' <Predicate = true> <Delay = 0.00>
ST_1 : Operation 76 [1/1] (0.38ns)   --->   "%store_ln0 = store i32 0, i32 %nf"   --->   Operation 76 'store' 'store_ln0' <Predicate = true> <Delay = 0.38>
ST_1 : Operation 77 [1/1] (0.38ns)   --->   "%store_ln0 = store i9 0, i9 %i_1"   --->   Operation 77 'store' 'store_ln0' <Predicate = true> <Delay = 0.38>
ST_1 : Operation 78 [1/1] (0.41ns)   --->   "%store_ln0 = store i32 0, i32 %tile"   --->   Operation 78 'store' 'store_ln0' <Predicate = true> <Delay = 0.41>
ST_1 : Operation 79 [1/1] (0.38ns)   --->   "%store_ln0 = store i32 0, i32 %sf"   --->   Operation 79 'store' 'store_ln0' <Predicate = true> <Delay = 0.38>
ST_1 : Operation 80 [1/1] (0.00ns)   --->   "%br_ln0 = br void %for.body.i"   --->   Operation 80 'br' 'br_ln0' <Predicate = true> <Delay = 0.00>

State 2 <SV = 1> <Delay = 2.40>
ST_2 : Operation 81 [1/1] (0.00ns)   --->   "%sf_2 = load i32 %sf" [/home/coder/Documents/s2n2/finn-hlslib-lif/mvau.hpp:123->/home/coder/Documents/s2n2/finn-hlslib-lif/fclayer.h:110->/home/coder/Desktop/s2n2/convSNN/fc2full_top.cpp:83]   --->   Operation 81 'load' 'sf_2' <Predicate = true> <Delay = 0.00>
ST_2 : Operation 82 [1/1] (0.00ns)   --->   "%i = load i9 %i_1" [/home/coder/Documents/s2n2/finn-hlslib-lif/mvau.hpp:131->/home/coder/Documents/s2n2/finn-hlslib-lif/fclayer.h:110->/home/coder/Desktop/s2n2/convSNN/fc2full_top.cpp:83]   --->   Operation 82 'load' 'i' <Predicate = true> <Delay = 0.00>
ST_2 : Operation 83 [1/1] (0.00ns)   --->   "%nf_3 = load i32 %nf" [/home/coder/Documents/s2n2/finn-hlslib-lif/mvau.hpp:123->/home/coder/Documents/s2n2/finn-hlslib-lif/fclayer.h:110->/home/coder/Desktop/s2n2/convSNN/fc2full_top.cpp:83]   --->   Operation 83 'load' 'nf_3' <Predicate = true> <Delay = 0.00>
ST_2 : Operation 84 [1/1] (0.71ns)   --->   "%icmp_ln131 = icmp_eq  i9 %i, i9 320" [/home/coder/Documents/s2n2/finn-hlslib-lif/mvau.hpp:131->/home/coder/Documents/s2n2/finn-hlslib-lif/fclayer.h:110->/home/coder/Desktop/s2n2/convSNN/fc2full_top.cpp:83]   --->   Operation 84 'icmp' 'icmp_ln131' <Predicate = true> <Delay = 0.71> <CoreInst = "Cmp">   --->   Core 9 'Cmp' <Latency = 0> <II = 1> <Delay = 0.71> <FuncUnit> <Opcode : 'icmp'> <InPorts = 2> <OutPorts = 1>
ST_2 : Operation 85 [1/1] (0.71ns)   --->   "%i_2 = add i9 %i, i9 1" [/home/coder/Documents/s2n2/finn-hlslib-lif/mvau.hpp:131->/home/coder/Documents/s2n2/finn-hlslib-lif/fclayer.h:110->/home/coder/Desktop/s2n2/convSNN/fc2full_top.cpp:83]   --->   Operation 85 'add' 'i_2' <Predicate = true> <Delay = 0.71> <CoreInst = "Adder">   --->   Core 1 'Adder' <Latency = 0> <II = 1> <Delay = 0.71> <FuncUnit> <Opcode : 'add' 'sub'> <InPorts = 2> <OutPorts = 1>
ST_2 : Operation 86 [1/1] (0.00ns)   --->   "%br_ln131 = br i1 %icmp_ln131, void %for.body.i.split, void %for.inc9.preheader.exitStub" [/home/coder/Documents/s2n2/finn-hlslib-lif/mvau.hpp:131->/home/coder/Documents/s2n2/finn-hlslib-lif/fclayer.h:110->/home/coder/Desktop/s2n2/convSNN/fc2full_top.cpp:83]   --->   Operation 86 'br' 'br_ln131' <Predicate = true> <Delay = 0.00>
ST_2 : Operation 87 [1/1] (0.00ns)   --->   "%specpipeline_ln132 = specpipeline void @_ssdm_op_SpecPipeline, i32 1, i32 0, i32 0, i32 0, void @empty" [/home/coder/Documents/s2n2/finn-hlslib-lif/mvau.hpp:132->/home/coder/Documents/s2n2/finn-hlslib-lif/fclayer.h:110->/home/coder/Desktop/s2n2/convSNN/fc2full_top.cpp:83]   --->   Operation 87 'specpipeline' 'specpipeline_ln132' <Predicate = (!icmp_ln131)> <Delay = 0.00>
ST_2 : Operation 88 [1/1] (0.00ns)   --->   "%speclooptripcount_ln111 = speclooptripcount void @_ssdm_op_SpecLoopTripCount, i64 320, i64 320, i64 320" [/home/coder/Documents/s2n2/finn-hlslib-lif/mvau.hpp:111->/home/coder/Documents/s2n2/finn-hlslib-lif/fclayer.h:110->/home/coder/Desktop/s2n2/convSNN/fc2full_top.cpp:83]   --->   Operation 88 'speclooptripcount' 'speclooptripcount_ln111' <Predicate = (!icmp_ln131)> <Delay = 0.00>
ST_2 : Operation 89 [1/1] (0.00ns)   --->   "%specloopname_ln131 = specloopname void @_ssdm_op_SpecLoopName, void @empty_2" [/home/coder/Documents/s2n2/finn-hlslib-lif/mvau.hpp:131->/home/coder/Documents/s2n2/finn-hlslib-lif/fclayer.h:110->/home/coder/Desktop/s2n2/convSNN/fc2full_top.cpp:83]   --->   Operation 89 'specloopname' 'specloopname_ln131' <Predicate = (!icmp_ln131)> <Delay = 0.00>
ST_2 : Operation 90 [1/1] (0.00ns)   --->   "%trunc_ln123 = trunc i32 %sf_2" [/home/coder/Documents/s2n2/finn-hlslib-lif/mvau.hpp:123->/home/coder/Documents/s2n2/finn-hlslib-lif/fclayer.h:110->/home/coder/Desktop/s2n2/convSNN/fc2full_top.cpp:83]   --->   Operation 90 'trunc' 'trunc_ln123' <Predicate = (!icmp_ln131)> <Delay = 0.00>
ST_2 : Operation 91 [1/1] (0.00ns)   --->   "%trunc_ln123_1 = trunc i32 %nf_3" [/home/coder/Documents/s2n2/finn-hlslib-lif/mvau.hpp:123->/home/coder/Documents/s2n2/finn-hlslib-lif/fclayer.h:110->/home/coder/Desktop/s2n2/convSNN/fc2full_top.cpp:83]   --->   Operation 91 'trunc' 'trunc_ln123_1' <Predicate = (!icmp_ln131)> <Delay = 0.00>
ST_2 : Operation 92 [1/1] (0.88ns)   --->   "%icmp_ln134 = icmp_eq  i32 %nf_3, i32 0" [/home/coder/Documents/s2n2/finn-hlslib-lif/mvau.hpp:134->/home/coder/Documents/s2n2/finn-hlslib-lif/fclayer.h:110->/home/coder/Desktop/s2n2/convSNN/fc2full_top.cpp:83]   --->   Operation 92 'icmp' 'icmp_ln134' <Predicate = (!icmp_ln131)> <Delay = 0.88> <CoreInst = "Cmp">   --->   Core 9 'Cmp' <Latency = 0> <II = 1> <Delay = 0.88> <FuncUnit> <Opcode : 'icmp'> <InPorts = 2> <OutPorts = 1>
ST_2 : Operation 93 [1/1] (0.00ns)   --->   "%br_ln134 = br i1 %icmp_ln134, void %if.else.i, void %if.then.i" [/home/coder/Documents/s2n2/finn-hlslib-lif/mvau.hpp:134->/home/coder/Documents/s2n2/finn-hlslib-lif/fclayer.h:110->/home/coder/Desktop/s2n2/convSNN/fc2full_top.cpp:83]   --->   Operation 93 'br' 'br_ln134' <Predicate = (!icmp_ln131)> <Delay = 0.00>
ST_2 : Operation 94 [1/1] (0.88ns)   --->   "%icmp_ln149 = icmp_eq  i32 %sf_2, i32 0" [/home/coder/Documents/s2n2/finn-hlslib-lif/mvau.hpp:149->/home/coder/Documents/s2n2/finn-hlslib-lif/fclayer.h:110->/home/coder/Desktop/s2n2/convSNN/fc2full_top.cpp:83]   --->   Operation 94 'icmp' 'icmp_ln149' <Predicate = (!icmp_ln131)> <Delay = 0.88> <CoreInst = "Cmp">   --->   Core 9 'Cmp' <Latency = 0> <II = 1> <Delay = 0.88> <FuncUnit> <Opcode : 'icmp'> <InPorts = 2> <OutPorts = 1>
ST_2 : Operation 95 [1/1] (0.00ns)   --->   "%br_ln149 = br i1 %icmp_ln149, void %for.body.i.i_ifconv, void %for.body25.i" [/home/coder/Documents/s2n2/finn-hlslib-lif/mvau.hpp:149->/home/coder/Documents/s2n2/finn-hlslib-lif/fclayer.h:110->/home/coder/Desktop/s2n2/convSNN/fc2full_top.cpp:83]   --->   Operation 95 'br' 'br_ln149' <Predicate = (!icmp_ln131)> <Delay = 0.00>
ST_2 : Operation 96 [1/1] (0.00ns)   --->   "%tile_load = load i32 %tile" [/home/coder/Documents/s2n2/finn-hlslib-lif/mvau.hpp:171->/home/coder/Documents/s2n2/finn-hlslib-lif/fclayer.h:110->/home/coder/Desktop/s2n2/convSNN/fc2full_top.cpp:83]   --->   Operation 96 'load' 'tile_load' <Predicate = (!icmp_ln131)> <Delay = 0.00>
ST_2 : Operation 97 [1/1] (0.00ns)   --->   "%idxprom4_i_i = zext i32 %tile_load" [/home/coder/Documents/s2n2/finn-hlslib-lif/mvau.hpp:171->/home/coder/Documents/s2n2/finn-hlslib-lif/fclayer.h:110->/home/coder/Desktop/s2n2/convSNN/fc2full_top.cpp:83]   --->   Operation 97 'zext' 'idxprom4_i_i' <Predicate = (!icmp_ln131)> <Delay = 0.00>
ST_2 : Operation 98 [1/1] (0.00ns)   --->   "%fc2_weights_0_addr = getelementptr i3 %fc2_weights_0, i64 0, i64 %idxprom4_i_i" [/home/coder/Documents/s2n2/finn-hlslib-lif/mvau.hpp:171->/home/coder/Documents/s2n2/finn-hlslib-lif/fclayer.h:110->/home/coder/Desktop/s2n2/convSNN/fc2full_top.cpp:83]   --->   Operation 98 'getelementptr' 'fc2_weights_0_addr' <Predicate = (!icmp_ln131)> <Delay = 0.00>
ST_2 : Operation 99 [2/2] (0.66ns)   --->   "%value = load i9 %fc2_weights_0_addr" [/home/coder/Documents/s2n2/finn-hlslib-lif/weights.hpp:204->/home/coder/Documents/s2n2/finn-hlslib-lif/mvau.hpp:165->/home/coder/Documents/s2n2/finn-hlslib-lif/fclayer.h:110->/home/coder/Desktop/s2n2/convSNN/fc2full_top.cpp:83]   --->   Operation 99 'load' 'value' <Predicate = (!icmp_ln131)> <Delay = 0.66> <CoreInst = "RAM">   --->   Core 83 'RAM' <Latency = 1> <II = 1> <Delay = 0.66> <Storage> <Opcode : 'load' 'store'> <Ports = 2> <Width = 3> <Depth = 320> <RAM>
ST_2 : Operation 100 [1/1] (0.88ns)   --->   "%tile_1 = add i32 %tile_load, i32 1" [/home/coder/Documents/s2n2/finn-hlslib-lif/mvau.hpp:171->/home/coder/Documents/s2n2/finn-hlslib-lif/fclayer.h:110->/home/coder/Desktop/s2n2/convSNN/fc2full_top.cpp:83]   --->   Operation 100 'add' 'tile_1' <Predicate = (!icmp_ln131)> <Delay = 0.88> <CoreInst = "Adder">   --->   Core 1 'Adder' <Latency = 0> <II = 1> <Delay = 0.88> <FuncUnit> <Opcode : 'add' 'sub'> <InPorts = 2> <OutPorts = 1>
ST_2 : Operation 101 [1/1] (0.88ns)   --->   "%sf_3 = add i32 %sf_2, i32 1" [/home/coder/Documents/s2n2/finn-hlslib-lif/mvau.hpp:172->/home/coder/Documents/s2n2/finn-hlslib-lif/fclayer.h:110->/home/coder/Desktop/s2n2/convSNN/fc2full_top.cpp:83]   --->   Operation 101 'add' 'sf_3' <Predicate = (!icmp_ln131)> <Delay = 0.88> <CoreInst = "Adder">   --->   Core 1 'Adder' <Latency = 0> <II = 1> <Delay = 0.88> <FuncUnit> <Opcode : 'add' 'sub'> <InPorts = 2> <OutPorts = 1>
ST_2 : Operation 102 [1/1] (0.88ns)   --->   "%icmp_ln172 = icmp_eq  i32 %sf_3, i32 64" [/home/coder/Documents/s2n2/finn-hlslib-lif/mvau.hpp:172->/home/coder/Documents/s2n2/finn-hlslib-lif/fclayer.h:110->/home/coder/Desktop/s2n2/convSNN/fc2full_top.cpp:83]   --->   Operation 102 'icmp' 'icmp_ln172' <Predicate = (!icmp_ln131)> <Delay = 0.88> <CoreInst = "Cmp">   --->   Core 9 'Cmp' <Latency = 0> <II = 1> <Delay = 0.88> <FuncUnit> <Opcode : 'icmp'> <InPorts = 2> <OutPorts = 1>
ST_2 : Operation 103 [1/1] (0.00ns)   --->   "%br_ln172 = br i1 %icmp_ln172, void %for.body.i.i_ifconv.for.inc93.i_crit_edge, void %for.body57.i" [/home/coder/Documents/s2n2/finn-hlslib-lif/mvau.hpp:172->/home/coder/Documents/s2n2/finn-hlslib-lif/fclayer.h:110->/home/coder/Desktop/s2n2/convSNN/fc2full_top.cpp:83]   --->   Operation 103 'br' 'br_ln172' <Predicate = (!icmp_ln131)> <Delay = 0.00>
ST_2 : Operation 104 [1/1] (0.41ns)   --->   "%store_ln172 = store i32 %tile_1, i32 %tile" [/home/coder/Documents/s2n2/finn-hlslib-lif/mvau.hpp:172->/home/coder/Documents/s2n2/finn-hlslib-lif/fclayer.h:110->/home/coder/Desktop/s2n2/convSNN/fc2full_top.cpp:83]   --->   Operation 104 'store' 'store_ln172' <Predicate = (!icmp_ln131 & !icmp_ln172)> <Delay = 0.41>
ST_2 : Operation 105 [1/1] (0.38ns)   --->   "%store_ln172 = store i32 %sf_3, i32 %sf" [/home/coder/Documents/s2n2/finn-hlslib-lif/mvau.hpp:172->/home/coder/Documents/s2n2/finn-hlslib-lif/fclayer.h:110->/home/coder/Desktop/s2n2/convSNN/fc2full_top.cpp:83]   --->   Operation 105 'store' 'store_ln172' <Predicate = (!icmp_ln131 & !icmp_ln172)> <Delay = 0.38>
ST_2 : Operation 106 [1/1] (0.00ns)   --->   "%br_ln172 = br void %for.inc93.i" [/home/coder/Documents/s2n2/finn-hlslib-lif/mvau.hpp:172->/home/coder/Documents/s2n2/finn-hlslib-lif/fclayer.h:110->/home/coder/Desktop/s2n2/convSNN/fc2full_top.cpp:83]   --->   Operation 106 'br' 'br_ln172' <Predicate = (!icmp_ln131 & !icmp_ln172)> <Delay = 0.00>
ST_2 : Operation 107 [1/1] (0.88ns)   --->   "%nf_4 = add i32 %nf_3, i32 1" [/home/coder/Documents/s2n2/finn-hlslib-lif/mvau.hpp:192->/home/coder/Documents/s2n2/finn-hlslib-lif/fclayer.h:110->/home/coder/Desktop/s2n2/convSNN/fc2full_top.cpp:83]   --->   Operation 107 'add' 'nf_4' <Predicate = (!icmp_ln131 & icmp_ln172)> <Delay = 0.88> <CoreInst = "Adder">   --->   Core 1 'Adder' <Latency = 0> <II = 1> <Delay = 0.88> <FuncUnit> <Opcode : 'add' 'sub'> <InPorts = 2> <OutPorts = 1>
ST_2 : Operation 108 [1/1] (0.88ns)   --->   "%icmp_ln192 = icmp_eq  i32 %nf_4, i32 5" [/home/coder/Documents/s2n2/finn-hlslib-lif/mvau.hpp:192->/home/coder/Documents/s2n2/finn-hlslib-lif/fclayer.h:110->/home/coder/Desktop/s2n2/convSNN/fc2full_top.cpp:83]   --->   Operation 108 'icmp' 'icmp_ln192' <Predicate = (!icmp_ln131 & icmp_ln172)> <Delay = 0.88> <CoreInst = "Cmp">   --->   Core 9 'Cmp' <Latency = 0> <II = 1> <Delay = 0.88> <FuncUnit> <Opcode : 'icmp'> <InPorts = 2> <OutPorts = 1>
ST_2 : Operation 109 [1/1] (0.22ns)   --->   "%nf_5 = select i1 %icmp_ln192, i32 0, i32 %nf_4" [/home/coder/Documents/s2n2/finn-hlslib-lif/mvau.hpp:192->/home/coder/Documents/s2n2/finn-hlslib-lif/fclayer.h:110->/home/coder/Desktop/s2n2/convSNN/fc2full_top.cpp:83]   --->   Operation 109 'select' 'nf_5' <Predicate = (!icmp_ln131 & icmp_ln172)> <Delay = 0.22> <CoreInst = "Sel">   --->   Core 73 'Sel' <Latency = 0> <II = 1> <Delay = 0.22> <FuncUnit> <Opcode : 'select'> <InPorts = 3> <OutPorts = 1>
ST_2 : Operation 110 [1/1] (0.22ns)   --->   "%tile_2 = select i1 %icmp_ln192, i32 0, i32 %tile_1" [/home/coder/Documents/s2n2/finn-hlslib-lif/mvau.hpp:192->/home/coder/Documents/s2n2/finn-hlslib-lif/fclayer.h:110->/home/coder/Desktop/s2n2/convSNN/fc2full_top.cpp:83]   --->   Operation 110 'select' 'tile_2' <Predicate = (!icmp_ln131 & icmp_ln172)> <Delay = 0.22> <CoreInst = "Sel">   --->   Core 73 'Sel' <Latency = 0> <II = 1> <Delay = 0.22> <FuncUnit> <Opcode : 'select'> <InPorts = 3> <OutPorts = 1>
ST_2 : Operation 111 [1/1] (0.38ns)   --->   "%store_ln196 = store i32 %nf_5, i32 %nf" [/home/coder/Documents/s2n2/finn-hlslib-lif/mvau.hpp:196->/home/coder/Documents/s2n2/finn-hlslib-lif/fclayer.h:110->/home/coder/Desktop/s2n2/convSNN/fc2full_top.cpp:83]   --->   Operation 111 'store' 'store_ln196' <Predicate = (!icmp_ln131 & icmp_ln172)> <Delay = 0.38>
ST_2 : Operation 112 [1/1] (0.41ns)   --->   "%store_ln196 = store i32 %tile_2, i32 %tile" [/home/coder/Documents/s2n2/finn-hlslib-lif/mvau.hpp:196->/home/coder/Documents/s2n2/finn-hlslib-lif/fclayer.h:110->/home/coder/Desktop/s2n2/convSNN/fc2full_top.cpp:83]   --->   Operation 112 'store' 'store_ln196' <Predicate = (!icmp_ln131 & icmp_ln172)> <Delay = 0.41>
ST_2 : Operation 113 [1/1] (0.38ns)   --->   "%store_ln196 = store i32 0, i32 %sf" [/home/coder/Documents/s2n2/finn-hlslib-lif/mvau.hpp:196->/home/coder/Documents/s2n2/finn-hlslib-lif/fclayer.h:110->/home/coder/Desktop/s2n2/convSNN/fc2full_top.cpp:83]   --->   Operation 113 'store' 'store_ln196' <Predicate = (!icmp_ln131 & icmp_ln172)> <Delay = 0.38>
ST_2 : Operation 114 [1/1] (0.38ns)   --->   "%store_ln131 = store i9 %i_2, i9 %i_1" [/home/coder/Documents/s2n2/finn-hlslib-lif/mvau.hpp:131->/home/coder/Documents/s2n2/finn-hlslib-lif/fclayer.h:110->/home/coder/Desktop/s2n2/convSNN/fc2full_top.cpp:83]   --->   Operation 114 'store' 'store_ln131' <Predicate = (!icmp_ln131)> <Delay = 0.38>
ST_2 : Operation 360 [1/1] (0.00ns)   --->   "%ret_ln0 = ret"   --->   Operation 360 'ret' 'ret_ln0' <Predicate = (icmp_ln131)> <Delay = 0.00>

State 3 <SV = 2> <Delay = 3.76>
ST_3 : Operation 115 [1/1] (0.00ns)   --->   "%inputBuf_load = load i1 %inputBuf" [/home/coder/Documents/s2n2/finn-hlslib-lif/mvau.hpp:142->/home/coder/Documents/s2n2/finn-hlslib-lif/fclayer.h:110->/home/coder/Desktop/s2n2/convSNN/fc2full_top.cpp:83]   --->   Operation 115 'load' 'inputBuf_load' <Predicate = (!icmp_ln131 & !icmp_ln134)> <Delay = 0.00>
ST_3 : Operation 116 [1/1] (0.00ns)   --->   "%inputBuf_1_load = load i1 %inputBuf_1" [/home/coder/Documents/s2n2/finn-hlslib-lif/mvau.hpp:142->/home/coder/Documents/s2n2/finn-hlslib-lif/fclayer.h:110->/home/coder/Desktop/s2n2/convSNN/fc2full_top.cpp:83]   --->   Operation 116 'load' 'inputBuf_1_load' <Predicate = (!icmp_ln131 & !icmp_ln134)> <Delay = 0.00>
ST_3 : Operation 117 [1/1] (0.00ns)   --->   "%inputBuf_2_load = load i1 %inputBuf_2" [/home/coder/Documents/s2n2/finn-hlslib-lif/mvau.hpp:142->/home/coder/Documents/s2n2/finn-hlslib-lif/fclayer.h:110->/home/coder/Desktop/s2n2/convSNN/fc2full_top.cpp:83]   --->   Operation 117 'load' 'inputBuf_2_load' <Predicate = (!icmp_ln131 & !icmp_ln134)> <Delay = 0.00>
ST_3 : Operation 118 [1/1] (0.00ns)   --->   "%inputBuf_3_load = load i1 %inputBuf_3" [/home/coder/Documents/s2n2/finn-hlslib-lif/mvau.hpp:142->/home/coder/Documents/s2n2/finn-hlslib-lif/fclayer.h:110->/home/coder/Desktop/s2n2/convSNN/fc2full_top.cpp:83]   --->   Operation 118 'load' 'inputBuf_3_load' <Predicate = (!icmp_ln131 & !icmp_ln134)> <Delay = 0.00>
ST_3 : Operation 119 [1/1] (0.00ns)   --->   "%inputBuf_4_load = load i1 %inputBuf_4" [/home/coder/Documents/s2n2/finn-hlslib-lif/mvau.hpp:142->/home/coder/Documents/s2n2/finn-hlslib-lif/fclayer.h:110->/home/coder/Desktop/s2n2/convSNN/fc2full_top.cpp:83]   --->   Operation 119 'load' 'inputBuf_4_load' <Predicate = (!icmp_ln131 & !icmp_ln134)> <Delay = 0.00>
ST_3 : Operation 120 [1/1] (0.00ns)   --->   "%inputBuf_5_load = load i1 %inputBuf_5" [/home/coder/Documents/s2n2/finn-hlslib-lif/mvau.hpp:142->/home/coder/Documents/s2n2/finn-hlslib-lif/fclayer.h:110->/home/coder/Desktop/s2n2/convSNN/fc2full_top.cpp:83]   --->   Operation 120 'load' 'inputBuf_5_load' <Predicate = (!icmp_ln131 & !icmp_ln134)> <Delay = 0.00>
ST_3 : Operation 121 [1/1] (0.00ns)   --->   "%inputBuf_6_load = load i1 %inputBuf_6" [/home/coder/Documents/s2n2/finn-hlslib-lif/mvau.hpp:142->/home/coder/Documents/s2n2/finn-hlslib-lif/fclayer.h:110->/home/coder/Desktop/s2n2/convSNN/fc2full_top.cpp:83]   --->   Operation 121 'load' 'inputBuf_6_load' <Predicate = (!icmp_ln131 & !icmp_ln134)> <Delay = 0.00>
ST_3 : Operation 122 [1/1] (0.00ns)   --->   "%inputBuf_7_load = load i1 %inputBuf_7" [/home/coder/Documents/s2n2/finn-hlslib-lif/mvau.hpp:142->/home/coder/Documents/s2n2/finn-hlslib-lif/fclayer.h:110->/home/coder/Desktop/s2n2/convSNN/fc2full_top.cpp:83]   --->   Operation 122 'load' 'inputBuf_7_load' <Predicate = (!icmp_ln131 & !icmp_ln134)> <Delay = 0.00>
ST_3 : Operation 123 [1/1] (0.00ns)   --->   "%inputBuf_8_load = load i1 %inputBuf_8" [/home/coder/Documents/s2n2/finn-hlslib-lif/mvau.hpp:142->/home/coder/Documents/s2n2/finn-hlslib-lif/fclayer.h:110->/home/coder/Desktop/s2n2/convSNN/fc2full_top.cpp:83]   --->   Operation 123 'load' 'inputBuf_8_load' <Predicate = (!icmp_ln131 & !icmp_ln134)> <Delay = 0.00>
ST_3 : Operation 124 [1/1] (0.00ns)   --->   "%inputBuf_9_load = load i1 %inputBuf_9" [/home/coder/Documents/s2n2/finn-hlslib-lif/mvau.hpp:142->/home/coder/Documents/s2n2/finn-hlslib-lif/fclayer.h:110->/home/coder/Desktop/s2n2/convSNN/fc2full_top.cpp:83]   --->   Operation 124 'load' 'inputBuf_9_load' <Predicate = (!icmp_ln131 & !icmp_ln134)> <Delay = 0.00>
ST_3 : Operation 125 [1/1] (0.00ns)   --->   "%inputBuf_10_load = load i1 %inputBuf_10" [/home/coder/Documents/s2n2/finn-hlslib-lif/mvau.hpp:142->/home/coder/Documents/s2n2/finn-hlslib-lif/fclayer.h:110->/home/coder/Desktop/s2n2/convSNN/fc2full_top.cpp:83]   --->   Operation 125 'load' 'inputBuf_10_load' <Predicate = (!icmp_ln131 & !icmp_ln134)> <Delay = 0.00>
ST_3 : Operation 126 [1/1] (0.00ns)   --->   "%inputBuf_11_load = load i1 %inputBuf_11" [/home/coder/Documents/s2n2/finn-hlslib-lif/mvau.hpp:142->/home/coder/Documents/s2n2/finn-hlslib-lif/fclayer.h:110->/home/coder/Desktop/s2n2/convSNN/fc2full_top.cpp:83]   --->   Operation 126 'load' 'inputBuf_11_load' <Predicate = (!icmp_ln131 & !icmp_ln134)> <Delay = 0.00>
ST_3 : Operation 127 [1/1] (0.00ns)   --->   "%inputBuf_12_load = load i1 %inputBuf_12" [/home/coder/Documents/s2n2/finn-hlslib-lif/mvau.hpp:142->/home/coder/Documents/s2n2/finn-hlslib-lif/fclayer.h:110->/home/coder/Desktop/s2n2/convSNN/fc2full_top.cpp:83]   --->   Operation 127 'load' 'inputBuf_12_load' <Predicate = (!icmp_ln131 & !icmp_ln134)> <Delay = 0.00>
ST_3 : Operation 128 [1/1] (0.00ns)   --->   "%inputBuf_13_load = load i1 %inputBuf_13" [/home/coder/Documents/s2n2/finn-hlslib-lif/mvau.hpp:142->/home/coder/Documents/s2n2/finn-hlslib-lif/fclayer.h:110->/home/coder/Desktop/s2n2/convSNN/fc2full_top.cpp:83]   --->   Operation 128 'load' 'inputBuf_13_load' <Predicate = (!icmp_ln131 & !icmp_ln134)> <Delay = 0.00>
ST_3 : Operation 129 [1/1] (0.00ns)   --->   "%inputBuf_14_load = load i1 %inputBuf_14" [/home/coder/Documents/s2n2/finn-hlslib-lif/mvau.hpp:142->/home/coder/Documents/s2n2/finn-hlslib-lif/fclayer.h:110->/home/coder/Desktop/s2n2/convSNN/fc2full_top.cpp:83]   --->   Operation 129 'load' 'inputBuf_14_load' <Predicate = (!icmp_ln131 & !icmp_ln134)> <Delay = 0.00>
ST_3 : Operation 130 [1/1] (0.00ns)   --->   "%inputBuf_15_load = load i1 %inputBuf_15" [/home/coder/Documents/s2n2/finn-hlslib-lif/mvau.hpp:142->/home/coder/Documents/s2n2/finn-hlslib-lif/fclayer.h:110->/home/coder/Desktop/s2n2/convSNN/fc2full_top.cpp:83]   --->   Operation 130 'load' 'inputBuf_15_load' <Predicate = (!icmp_ln131 & !icmp_ln134)> <Delay = 0.00>
ST_3 : Operation 131 [1/1] (0.00ns)   --->   "%inputBuf_16_load = load i1 %inputBuf_16" [/home/coder/Documents/s2n2/finn-hlslib-lif/mvau.hpp:142->/home/coder/Documents/s2n2/finn-hlslib-lif/fclayer.h:110->/home/coder/Desktop/s2n2/convSNN/fc2full_top.cpp:83]   --->   Operation 131 'load' 'inputBuf_16_load' <Predicate = (!icmp_ln131 & !icmp_ln134)> <Delay = 0.00>
ST_3 : Operation 132 [1/1] (0.00ns)   --->   "%inputBuf_17_load = load i1 %inputBuf_17" [/home/coder/Documents/s2n2/finn-hlslib-lif/mvau.hpp:142->/home/coder/Documents/s2n2/finn-hlslib-lif/fclayer.h:110->/home/coder/Desktop/s2n2/convSNN/fc2full_top.cpp:83]   --->   Operation 132 'load' 'inputBuf_17_load' <Predicate = (!icmp_ln131 & !icmp_ln134)> <Delay = 0.00>
ST_3 : Operation 133 [1/1] (0.00ns)   --->   "%inputBuf_18_load = load i1 %inputBuf_18" [/home/coder/Documents/s2n2/finn-hlslib-lif/mvau.hpp:142->/home/coder/Documents/s2n2/finn-hlslib-lif/fclayer.h:110->/home/coder/Desktop/s2n2/convSNN/fc2full_top.cpp:83]   --->   Operation 133 'load' 'inputBuf_18_load' <Predicate = (!icmp_ln131 & !icmp_ln134)> <Delay = 0.00>
ST_3 : Operation 134 [1/1] (0.00ns)   --->   "%inputBuf_19_load = load i1 %inputBuf_19" [/home/coder/Documents/s2n2/finn-hlslib-lif/mvau.hpp:142->/home/coder/Documents/s2n2/finn-hlslib-lif/fclayer.h:110->/home/coder/Desktop/s2n2/convSNN/fc2full_top.cpp:83]   --->   Operation 134 'load' 'inputBuf_19_load' <Predicate = (!icmp_ln131 & !icmp_ln134)> <Delay = 0.00>
ST_3 : Operation 135 [1/1] (0.00ns)   --->   "%inputBuf_20_load = load i1 %inputBuf_20" [/home/coder/Documents/s2n2/finn-hlslib-lif/mvau.hpp:142->/home/coder/Documents/s2n2/finn-hlslib-lif/fclayer.h:110->/home/coder/Desktop/s2n2/convSNN/fc2full_top.cpp:83]   --->   Operation 135 'load' 'inputBuf_20_load' <Predicate = (!icmp_ln131 & !icmp_ln134)> <Delay = 0.00>
ST_3 : Operation 136 [1/1] (0.00ns)   --->   "%inputBuf_21_load = load i1 %inputBuf_21" [/home/coder/Documents/s2n2/finn-hlslib-lif/mvau.hpp:142->/home/coder/Documents/s2n2/finn-hlslib-lif/fclayer.h:110->/home/coder/Desktop/s2n2/convSNN/fc2full_top.cpp:83]   --->   Operation 136 'load' 'inputBuf_21_load' <Predicate = (!icmp_ln131 & !icmp_ln134)> <Delay = 0.00>
ST_3 : Operation 137 [1/1] (0.00ns)   --->   "%inputBuf_22_load = load i1 %inputBuf_22" [/home/coder/Documents/s2n2/finn-hlslib-lif/mvau.hpp:142->/home/coder/Documents/s2n2/finn-hlslib-lif/fclayer.h:110->/home/coder/Desktop/s2n2/convSNN/fc2full_top.cpp:83]   --->   Operation 137 'load' 'inputBuf_22_load' <Predicate = (!icmp_ln131 & !icmp_ln134)> <Delay = 0.00>
ST_3 : Operation 138 [1/1] (0.00ns)   --->   "%inputBuf_23_load = load i1 %inputBuf_23" [/home/coder/Documents/s2n2/finn-hlslib-lif/mvau.hpp:142->/home/coder/Documents/s2n2/finn-hlslib-lif/fclayer.h:110->/home/coder/Desktop/s2n2/convSNN/fc2full_top.cpp:83]   --->   Operation 138 'load' 'inputBuf_23_load' <Predicate = (!icmp_ln131 & !icmp_ln134)> <Delay = 0.00>
ST_3 : Operation 139 [1/1] (0.00ns)   --->   "%inputBuf_24_load = load i1 %inputBuf_24" [/home/coder/Documents/s2n2/finn-hlslib-lif/mvau.hpp:142->/home/coder/Documents/s2n2/finn-hlslib-lif/fclayer.h:110->/home/coder/Desktop/s2n2/convSNN/fc2full_top.cpp:83]   --->   Operation 139 'load' 'inputBuf_24_load' <Predicate = (!icmp_ln131 & !icmp_ln134)> <Delay = 0.00>
ST_3 : Operation 140 [1/1] (0.00ns)   --->   "%inputBuf_25_load = load i1 %inputBuf_25" [/home/coder/Documents/s2n2/finn-hlslib-lif/mvau.hpp:142->/home/coder/Documents/s2n2/finn-hlslib-lif/fclayer.h:110->/home/coder/Desktop/s2n2/convSNN/fc2full_top.cpp:83]   --->   Operation 140 'load' 'inputBuf_25_load' <Predicate = (!icmp_ln131 & !icmp_ln134)> <Delay = 0.00>
ST_3 : Operation 141 [1/1] (0.00ns)   --->   "%inputBuf_26_load = load i1 %inputBuf_26" [/home/coder/Documents/s2n2/finn-hlslib-lif/mvau.hpp:142->/home/coder/Documents/s2n2/finn-hlslib-lif/fclayer.h:110->/home/coder/Desktop/s2n2/convSNN/fc2full_top.cpp:83]   --->   Operation 141 'load' 'inputBuf_26_load' <Predicate = (!icmp_ln131 & !icmp_ln134)> <Delay = 0.00>
ST_3 : Operation 142 [1/1] (0.00ns)   --->   "%inputBuf_27_load = load i1 %inputBuf_27" [/home/coder/Documents/s2n2/finn-hlslib-lif/mvau.hpp:142->/home/coder/Documents/s2n2/finn-hlslib-lif/fclayer.h:110->/home/coder/Desktop/s2n2/convSNN/fc2full_top.cpp:83]   --->   Operation 142 'load' 'inputBuf_27_load' <Predicate = (!icmp_ln131 & !icmp_ln134)> <Delay = 0.00>
ST_3 : Operation 143 [1/1] (0.00ns)   --->   "%inputBuf_28_load = load i1 %inputBuf_28" [/home/coder/Documents/s2n2/finn-hlslib-lif/mvau.hpp:142->/home/coder/Documents/s2n2/finn-hlslib-lif/fclayer.h:110->/home/coder/Desktop/s2n2/convSNN/fc2full_top.cpp:83]   --->   Operation 143 'load' 'inputBuf_28_load' <Predicate = (!icmp_ln131 & !icmp_ln134)> <Delay = 0.00>
ST_3 : Operation 144 [1/1] (0.00ns)   --->   "%inputBuf_29_load = load i1 %inputBuf_29" [/home/coder/Documents/s2n2/finn-hlslib-lif/mvau.hpp:142->/home/coder/Documents/s2n2/finn-hlslib-lif/fclayer.h:110->/home/coder/Desktop/s2n2/convSNN/fc2full_top.cpp:83]   --->   Operation 144 'load' 'inputBuf_29_load' <Predicate = (!icmp_ln131 & !icmp_ln134)> <Delay = 0.00>
ST_3 : Operation 145 [1/1] (0.00ns)   --->   "%inputBuf_30_load = load i1 %inputBuf_30" [/home/coder/Documents/s2n2/finn-hlslib-lif/mvau.hpp:142->/home/coder/Documents/s2n2/finn-hlslib-lif/fclayer.h:110->/home/coder/Desktop/s2n2/convSNN/fc2full_top.cpp:83]   --->   Operation 145 'load' 'inputBuf_30_load' <Predicate = (!icmp_ln131 & !icmp_ln134)> <Delay = 0.00>
ST_3 : Operation 146 [1/1] (0.00ns)   --->   "%inputBuf_31_load = load i1 %inputBuf_31" [/home/coder/Documents/s2n2/finn-hlslib-lif/mvau.hpp:142->/home/coder/Documents/s2n2/finn-hlslib-lif/fclayer.h:110->/home/coder/Desktop/s2n2/convSNN/fc2full_top.cpp:83]   --->   Operation 146 'load' 'inputBuf_31_load' <Predicate = (!icmp_ln131 & !icmp_ln134)> <Delay = 0.00>
ST_3 : Operation 147 [1/1] (0.00ns)   --->   "%inputBuf_32_load = load i1 %inputBuf_32" [/home/coder/Documents/s2n2/finn-hlslib-lif/mvau.hpp:142->/home/coder/Documents/s2n2/finn-hlslib-lif/fclayer.h:110->/home/coder/Desktop/s2n2/convSNN/fc2full_top.cpp:83]   --->   Operation 147 'load' 'inputBuf_32_load' <Predicate = (!icmp_ln131 & !icmp_ln134)> <Delay = 0.00>
ST_3 : Operation 148 [1/1] (0.00ns)   --->   "%inputBuf_33_load = load i1 %inputBuf_33" [/home/coder/Documents/s2n2/finn-hlslib-lif/mvau.hpp:142->/home/coder/Documents/s2n2/finn-hlslib-lif/fclayer.h:110->/home/coder/Desktop/s2n2/convSNN/fc2full_top.cpp:83]   --->   Operation 148 'load' 'inputBuf_33_load' <Predicate = (!icmp_ln131 & !icmp_ln134)> <Delay = 0.00>
ST_3 : Operation 149 [1/1] (0.00ns)   --->   "%inputBuf_34_load = load i1 %inputBuf_34" [/home/coder/Documents/s2n2/finn-hlslib-lif/mvau.hpp:142->/home/coder/Documents/s2n2/finn-hlslib-lif/fclayer.h:110->/home/coder/Desktop/s2n2/convSNN/fc2full_top.cpp:83]   --->   Operation 149 'load' 'inputBuf_34_load' <Predicate = (!icmp_ln131 & !icmp_ln134)> <Delay = 0.00>
ST_3 : Operation 150 [1/1] (0.00ns)   --->   "%inputBuf_35_load = load i1 %inputBuf_35" [/home/coder/Documents/s2n2/finn-hlslib-lif/mvau.hpp:142->/home/coder/Documents/s2n2/finn-hlslib-lif/fclayer.h:110->/home/coder/Desktop/s2n2/convSNN/fc2full_top.cpp:83]   --->   Operation 150 'load' 'inputBuf_35_load' <Predicate = (!icmp_ln131 & !icmp_ln134)> <Delay = 0.00>
ST_3 : Operation 151 [1/1] (0.00ns)   --->   "%inputBuf_36_load = load i1 %inputBuf_36" [/home/coder/Documents/s2n2/finn-hlslib-lif/mvau.hpp:142->/home/coder/Documents/s2n2/finn-hlslib-lif/fclayer.h:110->/home/coder/Desktop/s2n2/convSNN/fc2full_top.cpp:83]   --->   Operation 151 'load' 'inputBuf_36_load' <Predicate = (!icmp_ln131 & !icmp_ln134)> <Delay = 0.00>
ST_3 : Operation 152 [1/1] (0.00ns)   --->   "%inputBuf_37_load = load i1 %inputBuf_37" [/home/coder/Documents/s2n2/finn-hlslib-lif/mvau.hpp:142->/home/coder/Documents/s2n2/finn-hlslib-lif/fclayer.h:110->/home/coder/Desktop/s2n2/convSNN/fc2full_top.cpp:83]   --->   Operation 152 'load' 'inputBuf_37_load' <Predicate = (!icmp_ln131 & !icmp_ln134)> <Delay = 0.00>
ST_3 : Operation 153 [1/1] (0.00ns)   --->   "%inputBuf_38_load = load i1 %inputBuf_38" [/home/coder/Documents/s2n2/finn-hlslib-lif/mvau.hpp:142->/home/coder/Documents/s2n2/finn-hlslib-lif/fclayer.h:110->/home/coder/Desktop/s2n2/convSNN/fc2full_top.cpp:83]   --->   Operation 153 'load' 'inputBuf_38_load' <Predicate = (!icmp_ln131 & !icmp_ln134)> <Delay = 0.00>
ST_3 : Operation 154 [1/1] (0.00ns)   --->   "%inputBuf_39_load = load i1 %inputBuf_39" [/home/coder/Documents/s2n2/finn-hlslib-lif/mvau.hpp:142->/home/coder/Documents/s2n2/finn-hlslib-lif/fclayer.h:110->/home/coder/Desktop/s2n2/convSNN/fc2full_top.cpp:83]   --->   Operation 154 'load' 'inputBuf_39_load' <Predicate = (!icmp_ln131 & !icmp_ln134)> <Delay = 0.00>
ST_3 : Operation 155 [1/1] (0.00ns)   --->   "%inputBuf_40_load = load i1 %inputBuf_40" [/home/coder/Documents/s2n2/finn-hlslib-lif/mvau.hpp:142->/home/coder/Documents/s2n2/finn-hlslib-lif/fclayer.h:110->/home/coder/Desktop/s2n2/convSNN/fc2full_top.cpp:83]   --->   Operation 155 'load' 'inputBuf_40_load' <Predicate = (!icmp_ln131 & !icmp_ln134)> <Delay = 0.00>
ST_3 : Operation 156 [1/1] (0.00ns)   --->   "%inputBuf_41_load = load i1 %inputBuf_41" [/home/coder/Documents/s2n2/finn-hlslib-lif/mvau.hpp:142->/home/coder/Documents/s2n2/finn-hlslib-lif/fclayer.h:110->/home/coder/Desktop/s2n2/convSNN/fc2full_top.cpp:83]   --->   Operation 156 'load' 'inputBuf_41_load' <Predicate = (!icmp_ln131 & !icmp_ln134)> <Delay = 0.00>
ST_3 : Operation 157 [1/1] (0.00ns)   --->   "%inputBuf_42_load = load i1 %inputBuf_42" [/home/coder/Documents/s2n2/finn-hlslib-lif/mvau.hpp:142->/home/coder/Documents/s2n2/finn-hlslib-lif/fclayer.h:110->/home/coder/Desktop/s2n2/convSNN/fc2full_top.cpp:83]   --->   Operation 157 'load' 'inputBuf_42_load' <Predicate = (!icmp_ln131 & !icmp_ln134)> <Delay = 0.00>
ST_3 : Operation 158 [1/1] (0.00ns)   --->   "%inputBuf_43_load = load i1 %inputBuf_43" [/home/coder/Documents/s2n2/finn-hlslib-lif/mvau.hpp:142->/home/coder/Documents/s2n2/finn-hlslib-lif/fclayer.h:110->/home/coder/Desktop/s2n2/convSNN/fc2full_top.cpp:83]   --->   Operation 158 'load' 'inputBuf_43_load' <Predicate = (!icmp_ln131 & !icmp_ln134)> <Delay = 0.00>
ST_3 : Operation 159 [1/1] (0.00ns)   --->   "%inputBuf_44_load = load i1 %inputBuf_44" [/home/coder/Documents/s2n2/finn-hlslib-lif/mvau.hpp:142->/home/coder/Documents/s2n2/finn-hlslib-lif/fclayer.h:110->/home/coder/Desktop/s2n2/convSNN/fc2full_top.cpp:83]   --->   Operation 159 'load' 'inputBuf_44_load' <Predicate = (!icmp_ln131 & !icmp_ln134)> <Delay = 0.00>
ST_3 : Operation 160 [1/1] (0.00ns)   --->   "%inputBuf_45_load = load i1 %inputBuf_45" [/home/coder/Documents/s2n2/finn-hlslib-lif/mvau.hpp:142->/home/coder/Documents/s2n2/finn-hlslib-lif/fclayer.h:110->/home/coder/Desktop/s2n2/convSNN/fc2full_top.cpp:83]   --->   Operation 160 'load' 'inputBuf_45_load' <Predicate = (!icmp_ln131 & !icmp_ln134)> <Delay = 0.00>
ST_3 : Operation 161 [1/1] (0.00ns)   --->   "%inputBuf_46_load = load i1 %inputBuf_46" [/home/coder/Documents/s2n2/finn-hlslib-lif/mvau.hpp:142->/home/coder/Documents/s2n2/finn-hlslib-lif/fclayer.h:110->/home/coder/Desktop/s2n2/convSNN/fc2full_top.cpp:83]   --->   Operation 161 'load' 'inputBuf_46_load' <Predicate = (!icmp_ln131 & !icmp_ln134)> <Delay = 0.00>
ST_3 : Operation 162 [1/1] (0.00ns)   --->   "%inputBuf_47_load = load i1 %inputBuf_47" [/home/coder/Documents/s2n2/finn-hlslib-lif/mvau.hpp:142->/home/coder/Documents/s2n2/finn-hlslib-lif/fclayer.h:110->/home/coder/Desktop/s2n2/convSNN/fc2full_top.cpp:83]   --->   Operation 162 'load' 'inputBuf_47_load' <Predicate = (!icmp_ln131 & !icmp_ln134)> <Delay = 0.00>
ST_3 : Operation 163 [1/1] (0.00ns)   --->   "%inputBuf_48_load = load i1 %inputBuf_48" [/home/coder/Documents/s2n2/finn-hlslib-lif/mvau.hpp:142->/home/coder/Documents/s2n2/finn-hlslib-lif/fclayer.h:110->/home/coder/Desktop/s2n2/convSNN/fc2full_top.cpp:83]   --->   Operation 163 'load' 'inputBuf_48_load' <Predicate = (!icmp_ln131 & !icmp_ln134)> <Delay = 0.00>
ST_3 : Operation 164 [1/1] (0.00ns)   --->   "%inputBuf_49_load = load i1 %inputBuf_49" [/home/coder/Documents/s2n2/finn-hlslib-lif/mvau.hpp:142->/home/coder/Documents/s2n2/finn-hlslib-lif/fclayer.h:110->/home/coder/Desktop/s2n2/convSNN/fc2full_top.cpp:83]   --->   Operation 164 'load' 'inputBuf_49_load' <Predicate = (!icmp_ln131 & !icmp_ln134)> <Delay = 0.00>
ST_3 : Operation 165 [1/1] (0.00ns)   --->   "%inputBuf_50_load = load i1 %inputBuf_50" [/home/coder/Documents/s2n2/finn-hlslib-lif/mvau.hpp:142->/home/coder/Documents/s2n2/finn-hlslib-lif/fclayer.h:110->/home/coder/Desktop/s2n2/convSNN/fc2full_top.cpp:83]   --->   Operation 165 'load' 'inputBuf_50_load' <Predicate = (!icmp_ln131 & !icmp_ln134)> <Delay = 0.00>
ST_3 : Operation 166 [1/1] (0.00ns)   --->   "%inputBuf_51_load = load i1 %inputBuf_51" [/home/coder/Documents/s2n2/finn-hlslib-lif/mvau.hpp:142->/home/coder/Documents/s2n2/finn-hlslib-lif/fclayer.h:110->/home/coder/Desktop/s2n2/convSNN/fc2full_top.cpp:83]   --->   Operation 166 'load' 'inputBuf_51_load' <Predicate = (!icmp_ln131 & !icmp_ln134)> <Delay = 0.00>
ST_3 : Operation 167 [1/1] (0.00ns)   --->   "%inputBuf_52_load = load i1 %inputBuf_52" [/home/coder/Documents/s2n2/finn-hlslib-lif/mvau.hpp:142->/home/coder/Documents/s2n2/finn-hlslib-lif/fclayer.h:110->/home/coder/Desktop/s2n2/convSNN/fc2full_top.cpp:83]   --->   Operation 167 'load' 'inputBuf_52_load' <Predicate = (!icmp_ln131 & !icmp_ln134)> <Delay = 0.00>
ST_3 : Operation 168 [1/1] (0.00ns)   --->   "%inputBuf_53_load = load i1 %inputBuf_53" [/home/coder/Documents/s2n2/finn-hlslib-lif/mvau.hpp:142->/home/coder/Documents/s2n2/finn-hlslib-lif/fclayer.h:110->/home/coder/Desktop/s2n2/convSNN/fc2full_top.cpp:83]   --->   Operation 168 'load' 'inputBuf_53_load' <Predicate = (!icmp_ln131 & !icmp_ln134)> <Delay = 0.00>
ST_3 : Operation 169 [1/1] (0.00ns)   --->   "%inputBuf_54_load = load i1 %inputBuf_54" [/home/coder/Documents/s2n2/finn-hlslib-lif/mvau.hpp:142->/home/coder/Documents/s2n2/finn-hlslib-lif/fclayer.h:110->/home/coder/Desktop/s2n2/convSNN/fc2full_top.cpp:83]   --->   Operation 169 'load' 'inputBuf_54_load' <Predicate = (!icmp_ln131 & !icmp_ln134)> <Delay = 0.00>
ST_3 : Operation 170 [1/1] (0.00ns)   --->   "%inputBuf_55_load = load i1 %inputBuf_55" [/home/coder/Documents/s2n2/finn-hlslib-lif/mvau.hpp:142->/home/coder/Documents/s2n2/finn-hlslib-lif/fclayer.h:110->/home/coder/Desktop/s2n2/convSNN/fc2full_top.cpp:83]   --->   Operation 170 'load' 'inputBuf_55_load' <Predicate = (!icmp_ln131 & !icmp_ln134)> <Delay = 0.00>
ST_3 : Operation 171 [1/1] (0.00ns)   --->   "%inputBuf_56_load = load i1 %inputBuf_56" [/home/coder/Documents/s2n2/finn-hlslib-lif/mvau.hpp:142->/home/coder/Documents/s2n2/finn-hlslib-lif/fclayer.h:110->/home/coder/Desktop/s2n2/convSNN/fc2full_top.cpp:83]   --->   Operation 171 'load' 'inputBuf_56_load' <Predicate = (!icmp_ln131 & !icmp_ln134)> <Delay = 0.00>
ST_3 : Operation 172 [1/1] (0.00ns)   --->   "%inputBuf_57_load = load i1 %inputBuf_57" [/home/coder/Documents/s2n2/finn-hlslib-lif/mvau.hpp:142->/home/coder/Documents/s2n2/finn-hlslib-lif/fclayer.h:110->/home/coder/Desktop/s2n2/convSNN/fc2full_top.cpp:83]   --->   Operation 172 'load' 'inputBuf_57_load' <Predicate = (!icmp_ln131 & !icmp_ln134)> <Delay = 0.00>
ST_3 : Operation 173 [1/1] (0.00ns)   --->   "%inputBuf_58_load = load i1 %inputBuf_58" [/home/coder/Documents/s2n2/finn-hlslib-lif/mvau.hpp:142->/home/coder/Documents/s2n2/finn-hlslib-lif/fclayer.h:110->/home/coder/Desktop/s2n2/convSNN/fc2full_top.cpp:83]   --->   Operation 173 'load' 'inputBuf_58_load' <Predicate = (!icmp_ln131 & !icmp_ln134)> <Delay = 0.00>
ST_3 : Operation 174 [1/1] (0.00ns)   --->   "%inputBuf_59_load = load i1 %inputBuf_59" [/home/coder/Documents/s2n2/finn-hlslib-lif/mvau.hpp:142->/home/coder/Documents/s2n2/finn-hlslib-lif/fclayer.h:110->/home/coder/Desktop/s2n2/convSNN/fc2full_top.cpp:83]   --->   Operation 174 'load' 'inputBuf_59_load' <Predicate = (!icmp_ln131 & !icmp_ln134)> <Delay = 0.00>
ST_3 : Operation 175 [1/1] (0.00ns)   --->   "%inputBuf_60_load = load i1 %inputBuf_60" [/home/coder/Documents/s2n2/finn-hlslib-lif/mvau.hpp:142->/home/coder/Documents/s2n2/finn-hlslib-lif/fclayer.h:110->/home/coder/Desktop/s2n2/convSNN/fc2full_top.cpp:83]   --->   Operation 175 'load' 'inputBuf_60_load' <Predicate = (!icmp_ln131 & !icmp_ln134)> <Delay = 0.00>
ST_3 : Operation 176 [1/1] (0.00ns)   --->   "%inputBuf_61_load = load i1 %inputBuf_61" [/home/coder/Documents/s2n2/finn-hlslib-lif/mvau.hpp:142->/home/coder/Documents/s2n2/finn-hlslib-lif/fclayer.h:110->/home/coder/Desktop/s2n2/convSNN/fc2full_top.cpp:83]   --->   Operation 176 'load' 'inputBuf_61_load' <Predicate = (!icmp_ln131 & !icmp_ln134)> <Delay = 0.00>
ST_3 : Operation 177 [1/1] (0.00ns)   --->   "%inputBuf_62_load = load i1 %inputBuf_62" [/home/coder/Documents/s2n2/finn-hlslib-lif/mvau.hpp:142->/home/coder/Documents/s2n2/finn-hlslib-lif/fclayer.h:110->/home/coder/Desktop/s2n2/convSNN/fc2full_top.cpp:83]   --->   Operation 177 'load' 'inputBuf_62_load' <Predicate = (!icmp_ln131 & !icmp_ln134)> <Delay = 0.00>
ST_3 : Operation 178 [1/1] (0.00ns)   --->   "%inputBuf_63_load = load i1 %inputBuf_63" [/home/coder/Documents/s2n2/finn-hlslib-lif/mvau.hpp:142->/home/coder/Documents/s2n2/finn-hlslib-lif/fclayer.h:110->/home/coder/Desktop/s2n2/convSNN/fc2full_top.cpp:83]   --->   Operation 178 'load' 'inputBuf_63_load' <Predicate = (!icmp_ln131 & !icmp_ln134)> <Delay = 0.00>
ST_3 : Operation 179 [1/1] (0.75ns)   --->   "%inElem_1 = mux i1 @_ssdm_op_Mux.ap_auto.64i1.i6, i1 %inputBuf_load, i1 %inputBuf_1_load, i1 %inputBuf_2_load, i1 %inputBuf_3_load, i1 %inputBuf_4_load, i1 %inputBuf_5_load, i1 %inputBuf_6_load, i1 %inputBuf_7_load, i1 %inputBuf_8_load, i1 %inputBuf_9_load, i1 %inputBuf_10_load, i1 %inputBuf_11_load, i1 %inputBuf_12_load, i1 %inputBuf_13_load, i1 %inputBuf_14_load, i1 %inputBuf_15_load, i1 %inputBuf_16_load, i1 %inputBuf_17_load, i1 %inputBuf_18_load, i1 %inputBuf_19_load, i1 %inputBuf_20_load, i1 %inputBuf_21_load, i1 %inputBuf_22_load, i1 %inputBuf_23_load, i1 %inputBuf_24_load, i1 %inputBuf_25_load, i1 %inputBuf_26_load, i1 %inputBuf_27_load, i1 %inputBuf_28_load, i1 %inputBuf_29_load, i1 %inputBuf_30_load, i1 %inputBuf_31_load, i1 %inputBuf_32_load, i1 %inputBuf_33_load, i1 %inputBuf_34_load, i1 %inputBuf_35_load, i1 %inputBuf_36_load, i1 %inputBuf_37_load, i1 %inputBuf_38_load, i1 %inputBuf_39_load, i1 %inputBuf_40_load, i1 %inputBuf_41_load, i1 %inputBuf_42_load, i1 %inputBuf_43_load, i1 %inputBuf_44_load, i1 %inputBuf_45_load, i1 %inputBuf_46_load, i1 %inputBuf_47_load, i1 %inputBuf_48_load, i1 %inputBuf_49_load, i1 %inputBuf_50_load, i1 %inputBuf_51_load, i1 %inputBuf_52_load, i1 %inputBuf_53_load, i1 %inputBuf_54_load, i1 %inputBuf_55_load, i1 %inputBuf_56_load, i1 %inputBuf_57_load, i1 %inputBuf_58_load, i1 %inputBuf_59_load, i1 %inputBuf_60_load, i1 %inputBuf_61_load, i1 %inputBuf_62_load, i1 %inputBuf_63_load, i6 %trunc_ln123" [/home/coder/Documents/s2n2/finn-hlslib-lif/mvau.hpp:142->/home/coder/Documents/s2n2/finn-hlslib-lif/fclayer.h:110->/home/coder/Desktop/s2n2/convSNN/fc2full_top.cpp:83]   --->   Operation 179 'mux' 'inElem_1' <Predicate = (!icmp_ln131 & !icmp_ln134)> <Delay = 0.75> <CoreInst = "Multiplexer">   --->   Core 76 'Multiplexer' <Latency = 0> <II = 1> <Delay = 0.75> <FuncUnit> <Opcode : 'mux'> <InPorts = 2> <OutPorts = 1>
ST_3 : Operation 180 [1/1] (0.38ns)   --->   "%br_ln0 = br void %if.end.i"   --->   Operation 180 'br' 'br_ln0' <Predicate = (!icmp_ln131 & !icmp_ln134)> <Delay = 0.38>
ST_3 : Operation 181 [1/1] (1.42ns)   --->   "%inputBuf_65 = read i1 @_ssdm_op_Read.ap_fifo.volatile.i1P0A, i1 %in_stream" [/home/coder/Documents/s2n2/finn-hlslib-lif/mvau.hpp:136->/home/coder/Documents/s2n2/finn-hlslib-lif/fclayer.h:110->/home/coder/Desktop/s2n2/convSNN/fc2full_top.cpp:83]   --->   Operation 181 'read' 'inputBuf_65' <Predicate = (!icmp_ln131 & icmp_ln134)> <Delay = 1.42> <CoreInst = "FIFO_SRL">   --->   Core 81 'FIFO_SRL' <Latency = 0> <II = 1> <Delay = 1.42> <Storage> <Opcode : 'read' 'write' 'nbread' 'nbwrite'> <Ports = 0> <Width = 1> <Depth = 128> <FIFO>
ST_3 : Operation 182 [1/1] (0.68ns)   --->   "%switch_ln138 = switch i6 %trunc_ln123, void %arrayidx.i.case.63, i6 0, void %if.then.i.if.end.i_crit_edge2, i6 1, void %arrayidx.i.case.1, i6 2, void %arrayidx.i.case.2, i6 3, void %arrayidx.i.case.3, i6 4, void %arrayidx.i.case.4, i6 5, void %arrayidx.i.case.5, i6 6, void %arrayidx.i.case.6, i6 7, void %arrayidx.i.case.7, i6 8, void %arrayidx.i.case.8, i6 9, void %arrayidx.i.case.9, i6 10, void %arrayidx.i.case.10, i6 11, void %arrayidx.i.case.11, i6 12, void %arrayidx.i.case.12, i6 13, void %arrayidx.i.case.13, i6 14, void %arrayidx.i.case.14, i6 15, void %arrayidx.i.case.15, i6 16, void %arrayidx.i.case.16, i6 17, void %arrayidx.i.case.17, i6 18, void %arrayidx.i.case.18, i6 19, void %arrayidx.i.case.19, i6 20, void %arrayidx.i.case.20, i6 21, void %arrayidx.i.case.21, i6 22, void %arrayidx.i.case.22, i6 23, void %arrayidx.i.case.23, i6 24, void %arrayidx.i.case.24, i6 25, void %arrayidx.i.case.25, i6 26, void %arrayidx.i.case.26, i6 27, void %arrayidx.i.case.27, i6 28, void %arrayidx.i.case.28, i6 29, void %arrayidx.i.case.29, i6 30, void %arrayidx.i.case.30, i6 31, void %arrayidx.i.case.31, i6 32, void %arrayidx.i.case.32, i6 33, void %arrayidx.i.case.33, i6 34, void %arrayidx.i.case.34, i6 35, void %arrayidx.i.case.35, i6 36, void %arrayidx.i.case.36, i6 37, void %arrayidx.i.case.37, i6 38, void %arrayidx.i.case.38, i6 39, void %arrayidx.i.case.39, i6 40, void %arrayidx.i.case.40, i6 41, void %arrayidx.i.case.41, i6 42, void %arrayidx.i.case.42, i6 43, void %arrayidx.i.case.43, i6 44, void %arrayidx.i.case.44, i6 45, void %arrayidx.i.case.45, i6 46, void %arrayidx.i.case.46, i6 47, void %arrayidx.i.case.47, i6 48, void %arrayidx.i.case.48, i6 49, void %arrayidx.i.case.49, i6 50, void %arrayidx.i.case.50, i6 51, void %arrayidx.i.case.51, i6 52, void %arrayidx.i.case.52, i6 53, void %arrayidx.i.case.53, i6 54, void %arrayidx.i.case.54, i6 55, void %arrayidx.i.case.55, i6 56, void %arrayidx.i.case.56, i6 57, void %arrayidx.i.case.57, i6 58, void %arrayidx.i.case.58, i6 59, void %arrayidx.i.case.59, i6 60, void %arrayidx.i.case.60, i6 61, void %arrayidx.i.case.61, i6 62, void %if.then.i.if.end.i_crit_edge" [/home/coder/Documents/s2n2/finn-hlslib-lif/mvau.hpp:138->/home/coder/Documents/s2n2/finn-hlslib-lif/fclayer.h:110->/home/coder/Desktop/s2n2/convSNN/fc2full_top.cpp:83]   --->   Operation 182 'switch' 'switch_ln138' <Predicate = (!icmp_ln131 & icmp_ln134)> <Delay = 0.68>
ST_3 : Operation 183 [1/1] (0.00ns)   --->   "%store_ln138 = store i1 %inputBuf_65, i1 %inputBuf_62" [/home/coder/Documents/s2n2/finn-hlslib-lif/mvau.hpp:138->/home/coder/Documents/s2n2/finn-hlslib-lif/fclayer.h:110->/home/coder/Desktop/s2n2/convSNN/fc2full_top.cpp:83]   --->   Operation 183 'store' 'store_ln138' <Predicate = (!icmp_ln131 & icmp_ln134 & trunc_ln123 == 62)> <Delay = 0.00>
ST_3 : Operation 184 [1/1] (0.38ns)   --->   "%br_ln138 = br void %if.end.i" [/home/coder/Documents/s2n2/finn-hlslib-lif/mvau.hpp:138->/home/coder/Documents/s2n2/finn-hlslib-lif/fclayer.h:110->/home/coder/Desktop/s2n2/convSNN/fc2full_top.cpp:83]   --->   Operation 184 'br' 'br_ln138' <Predicate = (!icmp_ln131 & icmp_ln134 & trunc_ln123 == 62)> <Delay = 0.38>
ST_3 : Operation 185 [1/1] (0.00ns)   --->   "%store_ln138 = store i1 %inputBuf_65, i1 %inputBuf_61" [/home/coder/Documents/s2n2/finn-hlslib-lif/mvau.hpp:138->/home/coder/Documents/s2n2/finn-hlslib-lif/fclayer.h:110->/home/coder/Desktop/s2n2/convSNN/fc2full_top.cpp:83]   --->   Operation 185 'store' 'store_ln138' <Predicate = (!icmp_ln131 & icmp_ln134 & trunc_ln123 == 61)> <Delay = 0.00>
ST_3 : Operation 186 [1/1] (0.38ns)   --->   "%br_ln138 = br void %if.end.i" [/home/coder/Documents/s2n2/finn-hlslib-lif/mvau.hpp:138->/home/coder/Documents/s2n2/finn-hlslib-lif/fclayer.h:110->/home/coder/Desktop/s2n2/convSNN/fc2full_top.cpp:83]   --->   Operation 186 'br' 'br_ln138' <Predicate = (!icmp_ln131 & icmp_ln134 & trunc_ln123 == 61)> <Delay = 0.38>
ST_3 : Operation 187 [1/1] (0.00ns)   --->   "%store_ln138 = store i1 %inputBuf_65, i1 %inputBuf_60" [/home/coder/Documents/s2n2/finn-hlslib-lif/mvau.hpp:138->/home/coder/Documents/s2n2/finn-hlslib-lif/fclayer.h:110->/home/coder/Desktop/s2n2/convSNN/fc2full_top.cpp:83]   --->   Operation 187 'store' 'store_ln138' <Predicate = (!icmp_ln131 & icmp_ln134 & trunc_ln123 == 60)> <Delay = 0.00>
ST_3 : Operation 188 [1/1] (0.38ns)   --->   "%br_ln138 = br void %if.end.i" [/home/coder/Documents/s2n2/finn-hlslib-lif/mvau.hpp:138->/home/coder/Documents/s2n2/finn-hlslib-lif/fclayer.h:110->/home/coder/Desktop/s2n2/convSNN/fc2full_top.cpp:83]   --->   Operation 188 'br' 'br_ln138' <Predicate = (!icmp_ln131 & icmp_ln134 & trunc_ln123 == 60)> <Delay = 0.38>
ST_3 : Operation 189 [1/1] (0.00ns)   --->   "%store_ln138 = store i1 %inputBuf_65, i1 %inputBuf_59" [/home/coder/Documents/s2n2/finn-hlslib-lif/mvau.hpp:138->/home/coder/Documents/s2n2/finn-hlslib-lif/fclayer.h:110->/home/coder/Desktop/s2n2/convSNN/fc2full_top.cpp:83]   --->   Operation 189 'store' 'store_ln138' <Predicate = (!icmp_ln131 & icmp_ln134 & trunc_ln123 == 59)> <Delay = 0.00>
ST_3 : Operation 190 [1/1] (0.38ns)   --->   "%br_ln138 = br void %if.end.i" [/home/coder/Documents/s2n2/finn-hlslib-lif/mvau.hpp:138->/home/coder/Documents/s2n2/finn-hlslib-lif/fclayer.h:110->/home/coder/Desktop/s2n2/convSNN/fc2full_top.cpp:83]   --->   Operation 190 'br' 'br_ln138' <Predicate = (!icmp_ln131 & icmp_ln134 & trunc_ln123 == 59)> <Delay = 0.38>
ST_3 : Operation 191 [1/1] (0.00ns)   --->   "%store_ln138 = store i1 %inputBuf_65, i1 %inputBuf_58" [/home/coder/Documents/s2n2/finn-hlslib-lif/mvau.hpp:138->/home/coder/Documents/s2n2/finn-hlslib-lif/fclayer.h:110->/home/coder/Desktop/s2n2/convSNN/fc2full_top.cpp:83]   --->   Operation 191 'store' 'store_ln138' <Predicate = (!icmp_ln131 & icmp_ln134 & trunc_ln123 == 58)> <Delay = 0.00>
ST_3 : Operation 192 [1/1] (0.38ns)   --->   "%br_ln138 = br void %if.end.i" [/home/coder/Documents/s2n2/finn-hlslib-lif/mvau.hpp:138->/home/coder/Documents/s2n2/finn-hlslib-lif/fclayer.h:110->/home/coder/Desktop/s2n2/convSNN/fc2full_top.cpp:83]   --->   Operation 192 'br' 'br_ln138' <Predicate = (!icmp_ln131 & icmp_ln134 & trunc_ln123 == 58)> <Delay = 0.38>
ST_3 : Operation 193 [1/1] (0.00ns)   --->   "%store_ln138 = store i1 %inputBuf_65, i1 %inputBuf_57" [/home/coder/Documents/s2n2/finn-hlslib-lif/mvau.hpp:138->/home/coder/Documents/s2n2/finn-hlslib-lif/fclayer.h:110->/home/coder/Desktop/s2n2/convSNN/fc2full_top.cpp:83]   --->   Operation 193 'store' 'store_ln138' <Predicate = (!icmp_ln131 & icmp_ln134 & trunc_ln123 == 57)> <Delay = 0.00>
ST_3 : Operation 194 [1/1] (0.38ns)   --->   "%br_ln138 = br void %if.end.i" [/home/coder/Documents/s2n2/finn-hlslib-lif/mvau.hpp:138->/home/coder/Documents/s2n2/finn-hlslib-lif/fclayer.h:110->/home/coder/Desktop/s2n2/convSNN/fc2full_top.cpp:83]   --->   Operation 194 'br' 'br_ln138' <Predicate = (!icmp_ln131 & icmp_ln134 & trunc_ln123 == 57)> <Delay = 0.38>
ST_3 : Operation 195 [1/1] (0.00ns)   --->   "%store_ln138 = store i1 %inputBuf_65, i1 %inputBuf_56" [/home/coder/Documents/s2n2/finn-hlslib-lif/mvau.hpp:138->/home/coder/Documents/s2n2/finn-hlslib-lif/fclayer.h:110->/home/coder/Desktop/s2n2/convSNN/fc2full_top.cpp:83]   --->   Operation 195 'store' 'store_ln138' <Predicate = (!icmp_ln131 & icmp_ln134 & trunc_ln123 == 56)> <Delay = 0.00>
ST_3 : Operation 196 [1/1] (0.38ns)   --->   "%br_ln138 = br void %if.end.i" [/home/coder/Documents/s2n2/finn-hlslib-lif/mvau.hpp:138->/home/coder/Documents/s2n2/finn-hlslib-lif/fclayer.h:110->/home/coder/Desktop/s2n2/convSNN/fc2full_top.cpp:83]   --->   Operation 196 'br' 'br_ln138' <Predicate = (!icmp_ln131 & icmp_ln134 & trunc_ln123 == 56)> <Delay = 0.38>
ST_3 : Operation 197 [1/1] (0.00ns)   --->   "%store_ln138 = store i1 %inputBuf_65, i1 %inputBuf_55" [/home/coder/Documents/s2n2/finn-hlslib-lif/mvau.hpp:138->/home/coder/Documents/s2n2/finn-hlslib-lif/fclayer.h:110->/home/coder/Desktop/s2n2/convSNN/fc2full_top.cpp:83]   --->   Operation 197 'store' 'store_ln138' <Predicate = (!icmp_ln131 & icmp_ln134 & trunc_ln123 == 55)> <Delay = 0.00>
ST_3 : Operation 198 [1/1] (0.38ns)   --->   "%br_ln138 = br void %if.end.i" [/home/coder/Documents/s2n2/finn-hlslib-lif/mvau.hpp:138->/home/coder/Documents/s2n2/finn-hlslib-lif/fclayer.h:110->/home/coder/Desktop/s2n2/convSNN/fc2full_top.cpp:83]   --->   Operation 198 'br' 'br_ln138' <Predicate = (!icmp_ln131 & icmp_ln134 & trunc_ln123 == 55)> <Delay = 0.38>
ST_3 : Operation 199 [1/1] (0.00ns)   --->   "%store_ln138 = store i1 %inputBuf_65, i1 %inputBuf_54" [/home/coder/Documents/s2n2/finn-hlslib-lif/mvau.hpp:138->/home/coder/Documents/s2n2/finn-hlslib-lif/fclayer.h:110->/home/coder/Desktop/s2n2/convSNN/fc2full_top.cpp:83]   --->   Operation 199 'store' 'store_ln138' <Predicate = (!icmp_ln131 & icmp_ln134 & trunc_ln123 == 54)> <Delay = 0.00>
ST_3 : Operation 200 [1/1] (0.38ns)   --->   "%br_ln138 = br void %if.end.i" [/home/coder/Documents/s2n2/finn-hlslib-lif/mvau.hpp:138->/home/coder/Documents/s2n2/finn-hlslib-lif/fclayer.h:110->/home/coder/Desktop/s2n2/convSNN/fc2full_top.cpp:83]   --->   Operation 200 'br' 'br_ln138' <Predicate = (!icmp_ln131 & icmp_ln134 & trunc_ln123 == 54)> <Delay = 0.38>
ST_3 : Operation 201 [1/1] (0.00ns)   --->   "%store_ln138 = store i1 %inputBuf_65, i1 %inputBuf_53" [/home/coder/Documents/s2n2/finn-hlslib-lif/mvau.hpp:138->/home/coder/Documents/s2n2/finn-hlslib-lif/fclayer.h:110->/home/coder/Desktop/s2n2/convSNN/fc2full_top.cpp:83]   --->   Operation 201 'store' 'store_ln138' <Predicate = (!icmp_ln131 & icmp_ln134 & trunc_ln123 == 53)> <Delay = 0.00>
ST_3 : Operation 202 [1/1] (0.38ns)   --->   "%br_ln138 = br void %if.end.i" [/home/coder/Documents/s2n2/finn-hlslib-lif/mvau.hpp:138->/home/coder/Documents/s2n2/finn-hlslib-lif/fclayer.h:110->/home/coder/Desktop/s2n2/convSNN/fc2full_top.cpp:83]   --->   Operation 202 'br' 'br_ln138' <Predicate = (!icmp_ln131 & icmp_ln134 & trunc_ln123 == 53)> <Delay = 0.38>
ST_3 : Operation 203 [1/1] (0.00ns)   --->   "%store_ln138 = store i1 %inputBuf_65, i1 %inputBuf_52" [/home/coder/Documents/s2n2/finn-hlslib-lif/mvau.hpp:138->/home/coder/Documents/s2n2/finn-hlslib-lif/fclayer.h:110->/home/coder/Desktop/s2n2/convSNN/fc2full_top.cpp:83]   --->   Operation 203 'store' 'store_ln138' <Predicate = (!icmp_ln131 & icmp_ln134 & trunc_ln123 == 52)> <Delay = 0.00>
ST_3 : Operation 204 [1/1] (0.38ns)   --->   "%br_ln138 = br void %if.end.i" [/home/coder/Documents/s2n2/finn-hlslib-lif/mvau.hpp:138->/home/coder/Documents/s2n2/finn-hlslib-lif/fclayer.h:110->/home/coder/Desktop/s2n2/convSNN/fc2full_top.cpp:83]   --->   Operation 204 'br' 'br_ln138' <Predicate = (!icmp_ln131 & icmp_ln134 & trunc_ln123 == 52)> <Delay = 0.38>
ST_3 : Operation 205 [1/1] (0.00ns)   --->   "%store_ln138 = store i1 %inputBuf_65, i1 %inputBuf_51" [/home/coder/Documents/s2n2/finn-hlslib-lif/mvau.hpp:138->/home/coder/Documents/s2n2/finn-hlslib-lif/fclayer.h:110->/home/coder/Desktop/s2n2/convSNN/fc2full_top.cpp:83]   --->   Operation 205 'store' 'store_ln138' <Predicate = (!icmp_ln131 & icmp_ln134 & trunc_ln123 == 51)> <Delay = 0.00>
ST_3 : Operation 206 [1/1] (0.38ns)   --->   "%br_ln138 = br void %if.end.i" [/home/coder/Documents/s2n2/finn-hlslib-lif/mvau.hpp:138->/home/coder/Documents/s2n2/finn-hlslib-lif/fclayer.h:110->/home/coder/Desktop/s2n2/convSNN/fc2full_top.cpp:83]   --->   Operation 206 'br' 'br_ln138' <Predicate = (!icmp_ln131 & icmp_ln134 & trunc_ln123 == 51)> <Delay = 0.38>
ST_3 : Operation 207 [1/1] (0.00ns)   --->   "%store_ln138 = store i1 %inputBuf_65, i1 %inputBuf_50" [/home/coder/Documents/s2n2/finn-hlslib-lif/mvau.hpp:138->/home/coder/Documents/s2n2/finn-hlslib-lif/fclayer.h:110->/home/coder/Desktop/s2n2/convSNN/fc2full_top.cpp:83]   --->   Operation 207 'store' 'store_ln138' <Predicate = (!icmp_ln131 & icmp_ln134 & trunc_ln123 == 50)> <Delay = 0.00>
ST_3 : Operation 208 [1/1] (0.38ns)   --->   "%br_ln138 = br void %if.end.i" [/home/coder/Documents/s2n2/finn-hlslib-lif/mvau.hpp:138->/home/coder/Documents/s2n2/finn-hlslib-lif/fclayer.h:110->/home/coder/Desktop/s2n2/convSNN/fc2full_top.cpp:83]   --->   Operation 208 'br' 'br_ln138' <Predicate = (!icmp_ln131 & icmp_ln134 & trunc_ln123 == 50)> <Delay = 0.38>
ST_3 : Operation 209 [1/1] (0.00ns)   --->   "%store_ln138 = store i1 %inputBuf_65, i1 %inputBuf_49" [/home/coder/Documents/s2n2/finn-hlslib-lif/mvau.hpp:138->/home/coder/Documents/s2n2/finn-hlslib-lif/fclayer.h:110->/home/coder/Desktop/s2n2/convSNN/fc2full_top.cpp:83]   --->   Operation 209 'store' 'store_ln138' <Predicate = (!icmp_ln131 & icmp_ln134 & trunc_ln123 == 49)> <Delay = 0.00>
ST_3 : Operation 210 [1/1] (0.38ns)   --->   "%br_ln138 = br void %if.end.i" [/home/coder/Documents/s2n2/finn-hlslib-lif/mvau.hpp:138->/home/coder/Documents/s2n2/finn-hlslib-lif/fclayer.h:110->/home/coder/Desktop/s2n2/convSNN/fc2full_top.cpp:83]   --->   Operation 210 'br' 'br_ln138' <Predicate = (!icmp_ln131 & icmp_ln134 & trunc_ln123 == 49)> <Delay = 0.38>
ST_3 : Operation 211 [1/1] (0.00ns)   --->   "%store_ln138 = store i1 %inputBuf_65, i1 %inputBuf_48" [/home/coder/Documents/s2n2/finn-hlslib-lif/mvau.hpp:138->/home/coder/Documents/s2n2/finn-hlslib-lif/fclayer.h:110->/home/coder/Desktop/s2n2/convSNN/fc2full_top.cpp:83]   --->   Operation 211 'store' 'store_ln138' <Predicate = (!icmp_ln131 & icmp_ln134 & trunc_ln123 == 48)> <Delay = 0.00>
ST_3 : Operation 212 [1/1] (0.38ns)   --->   "%br_ln138 = br void %if.end.i" [/home/coder/Documents/s2n2/finn-hlslib-lif/mvau.hpp:138->/home/coder/Documents/s2n2/finn-hlslib-lif/fclayer.h:110->/home/coder/Desktop/s2n2/convSNN/fc2full_top.cpp:83]   --->   Operation 212 'br' 'br_ln138' <Predicate = (!icmp_ln131 & icmp_ln134 & trunc_ln123 == 48)> <Delay = 0.38>
ST_3 : Operation 213 [1/1] (0.00ns)   --->   "%store_ln138 = store i1 %inputBuf_65, i1 %inputBuf_47" [/home/coder/Documents/s2n2/finn-hlslib-lif/mvau.hpp:138->/home/coder/Documents/s2n2/finn-hlslib-lif/fclayer.h:110->/home/coder/Desktop/s2n2/convSNN/fc2full_top.cpp:83]   --->   Operation 213 'store' 'store_ln138' <Predicate = (!icmp_ln131 & icmp_ln134 & trunc_ln123 == 47)> <Delay = 0.00>
ST_3 : Operation 214 [1/1] (0.38ns)   --->   "%br_ln138 = br void %if.end.i" [/home/coder/Documents/s2n2/finn-hlslib-lif/mvau.hpp:138->/home/coder/Documents/s2n2/finn-hlslib-lif/fclayer.h:110->/home/coder/Desktop/s2n2/convSNN/fc2full_top.cpp:83]   --->   Operation 214 'br' 'br_ln138' <Predicate = (!icmp_ln131 & icmp_ln134 & trunc_ln123 == 47)> <Delay = 0.38>
ST_3 : Operation 215 [1/1] (0.00ns)   --->   "%store_ln138 = store i1 %inputBuf_65, i1 %inputBuf_46" [/home/coder/Documents/s2n2/finn-hlslib-lif/mvau.hpp:138->/home/coder/Documents/s2n2/finn-hlslib-lif/fclayer.h:110->/home/coder/Desktop/s2n2/convSNN/fc2full_top.cpp:83]   --->   Operation 215 'store' 'store_ln138' <Predicate = (!icmp_ln131 & icmp_ln134 & trunc_ln123 == 46)> <Delay = 0.00>
ST_3 : Operation 216 [1/1] (0.38ns)   --->   "%br_ln138 = br void %if.end.i" [/home/coder/Documents/s2n2/finn-hlslib-lif/mvau.hpp:138->/home/coder/Documents/s2n2/finn-hlslib-lif/fclayer.h:110->/home/coder/Desktop/s2n2/convSNN/fc2full_top.cpp:83]   --->   Operation 216 'br' 'br_ln138' <Predicate = (!icmp_ln131 & icmp_ln134 & trunc_ln123 == 46)> <Delay = 0.38>
ST_3 : Operation 217 [1/1] (0.00ns)   --->   "%store_ln138 = store i1 %inputBuf_65, i1 %inputBuf_45" [/home/coder/Documents/s2n2/finn-hlslib-lif/mvau.hpp:138->/home/coder/Documents/s2n2/finn-hlslib-lif/fclayer.h:110->/home/coder/Desktop/s2n2/convSNN/fc2full_top.cpp:83]   --->   Operation 217 'store' 'store_ln138' <Predicate = (!icmp_ln131 & icmp_ln134 & trunc_ln123 == 45)> <Delay = 0.00>
ST_3 : Operation 218 [1/1] (0.38ns)   --->   "%br_ln138 = br void %if.end.i" [/home/coder/Documents/s2n2/finn-hlslib-lif/mvau.hpp:138->/home/coder/Documents/s2n2/finn-hlslib-lif/fclayer.h:110->/home/coder/Desktop/s2n2/convSNN/fc2full_top.cpp:83]   --->   Operation 218 'br' 'br_ln138' <Predicate = (!icmp_ln131 & icmp_ln134 & trunc_ln123 == 45)> <Delay = 0.38>
ST_3 : Operation 219 [1/1] (0.00ns)   --->   "%store_ln138 = store i1 %inputBuf_65, i1 %inputBuf_44" [/home/coder/Documents/s2n2/finn-hlslib-lif/mvau.hpp:138->/home/coder/Documents/s2n2/finn-hlslib-lif/fclayer.h:110->/home/coder/Desktop/s2n2/convSNN/fc2full_top.cpp:83]   --->   Operation 219 'store' 'store_ln138' <Predicate = (!icmp_ln131 & icmp_ln134 & trunc_ln123 == 44)> <Delay = 0.00>
ST_3 : Operation 220 [1/1] (0.38ns)   --->   "%br_ln138 = br void %if.end.i" [/home/coder/Documents/s2n2/finn-hlslib-lif/mvau.hpp:138->/home/coder/Documents/s2n2/finn-hlslib-lif/fclayer.h:110->/home/coder/Desktop/s2n2/convSNN/fc2full_top.cpp:83]   --->   Operation 220 'br' 'br_ln138' <Predicate = (!icmp_ln131 & icmp_ln134 & trunc_ln123 == 44)> <Delay = 0.38>
ST_3 : Operation 221 [1/1] (0.00ns)   --->   "%store_ln138 = store i1 %inputBuf_65, i1 %inputBuf_43" [/home/coder/Documents/s2n2/finn-hlslib-lif/mvau.hpp:138->/home/coder/Documents/s2n2/finn-hlslib-lif/fclayer.h:110->/home/coder/Desktop/s2n2/convSNN/fc2full_top.cpp:83]   --->   Operation 221 'store' 'store_ln138' <Predicate = (!icmp_ln131 & icmp_ln134 & trunc_ln123 == 43)> <Delay = 0.00>
ST_3 : Operation 222 [1/1] (0.38ns)   --->   "%br_ln138 = br void %if.end.i" [/home/coder/Documents/s2n2/finn-hlslib-lif/mvau.hpp:138->/home/coder/Documents/s2n2/finn-hlslib-lif/fclayer.h:110->/home/coder/Desktop/s2n2/convSNN/fc2full_top.cpp:83]   --->   Operation 222 'br' 'br_ln138' <Predicate = (!icmp_ln131 & icmp_ln134 & trunc_ln123 == 43)> <Delay = 0.38>
ST_3 : Operation 223 [1/1] (0.00ns)   --->   "%store_ln138 = store i1 %inputBuf_65, i1 %inputBuf_42" [/home/coder/Documents/s2n2/finn-hlslib-lif/mvau.hpp:138->/home/coder/Documents/s2n2/finn-hlslib-lif/fclayer.h:110->/home/coder/Desktop/s2n2/convSNN/fc2full_top.cpp:83]   --->   Operation 223 'store' 'store_ln138' <Predicate = (!icmp_ln131 & icmp_ln134 & trunc_ln123 == 42)> <Delay = 0.00>
ST_3 : Operation 224 [1/1] (0.38ns)   --->   "%br_ln138 = br void %if.end.i" [/home/coder/Documents/s2n2/finn-hlslib-lif/mvau.hpp:138->/home/coder/Documents/s2n2/finn-hlslib-lif/fclayer.h:110->/home/coder/Desktop/s2n2/convSNN/fc2full_top.cpp:83]   --->   Operation 224 'br' 'br_ln138' <Predicate = (!icmp_ln131 & icmp_ln134 & trunc_ln123 == 42)> <Delay = 0.38>
ST_3 : Operation 225 [1/1] (0.00ns)   --->   "%store_ln138 = store i1 %inputBuf_65, i1 %inputBuf_41" [/home/coder/Documents/s2n2/finn-hlslib-lif/mvau.hpp:138->/home/coder/Documents/s2n2/finn-hlslib-lif/fclayer.h:110->/home/coder/Desktop/s2n2/convSNN/fc2full_top.cpp:83]   --->   Operation 225 'store' 'store_ln138' <Predicate = (!icmp_ln131 & icmp_ln134 & trunc_ln123 == 41)> <Delay = 0.00>
ST_3 : Operation 226 [1/1] (0.38ns)   --->   "%br_ln138 = br void %if.end.i" [/home/coder/Documents/s2n2/finn-hlslib-lif/mvau.hpp:138->/home/coder/Documents/s2n2/finn-hlslib-lif/fclayer.h:110->/home/coder/Desktop/s2n2/convSNN/fc2full_top.cpp:83]   --->   Operation 226 'br' 'br_ln138' <Predicate = (!icmp_ln131 & icmp_ln134 & trunc_ln123 == 41)> <Delay = 0.38>
ST_3 : Operation 227 [1/1] (0.00ns)   --->   "%store_ln138 = store i1 %inputBuf_65, i1 %inputBuf_40" [/home/coder/Documents/s2n2/finn-hlslib-lif/mvau.hpp:138->/home/coder/Documents/s2n2/finn-hlslib-lif/fclayer.h:110->/home/coder/Desktop/s2n2/convSNN/fc2full_top.cpp:83]   --->   Operation 227 'store' 'store_ln138' <Predicate = (!icmp_ln131 & icmp_ln134 & trunc_ln123 == 40)> <Delay = 0.00>
ST_3 : Operation 228 [1/1] (0.38ns)   --->   "%br_ln138 = br void %if.end.i" [/home/coder/Documents/s2n2/finn-hlslib-lif/mvau.hpp:138->/home/coder/Documents/s2n2/finn-hlslib-lif/fclayer.h:110->/home/coder/Desktop/s2n2/convSNN/fc2full_top.cpp:83]   --->   Operation 228 'br' 'br_ln138' <Predicate = (!icmp_ln131 & icmp_ln134 & trunc_ln123 == 40)> <Delay = 0.38>
ST_3 : Operation 229 [1/1] (0.00ns)   --->   "%store_ln138 = store i1 %inputBuf_65, i1 %inputBuf_39" [/home/coder/Documents/s2n2/finn-hlslib-lif/mvau.hpp:138->/home/coder/Documents/s2n2/finn-hlslib-lif/fclayer.h:110->/home/coder/Desktop/s2n2/convSNN/fc2full_top.cpp:83]   --->   Operation 229 'store' 'store_ln138' <Predicate = (!icmp_ln131 & icmp_ln134 & trunc_ln123 == 39)> <Delay = 0.00>
ST_3 : Operation 230 [1/1] (0.38ns)   --->   "%br_ln138 = br void %if.end.i" [/home/coder/Documents/s2n2/finn-hlslib-lif/mvau.hpp:138->/home/coder/Documents/s2n2/finn-hlslib-lif/fclayer.h:110->/home/coder/Desktop/s2n2/convSNN/fc2full_top.cpp:83]   --->   Operation 230 'br' 'br_ln138' <Predicate = (!icmp_ln131 & icmp_ln134 & trunc_ln123 == 39)> <Delay = 0.38>
ST_3 : Operation 231 [1/1] (0.00ns)   --->   "%store_ln138 = store i1 %inputBuf_65, i1 %inputBuf_38" [/home/coder/Documents/s2n2/finn-hlslib-lif/mvau.hpp:138->/home/coder/Documents/s2n2/finn-hlslib-lif/fclayer.h:110->/home/coder/Desktop/s2n2/convSNN/fc2full_top.cpp:83]   --->   Operation 231 'store' 'store_ln138' <Predicate = (!icmp_ln131 & icmp_ln134 & trunc_ln123 == 38)> <Delay = 0.00>
ST_3 : Operation 232 [1/1] (0.38ns)   --->   "%br_ln138 = br void %if.end.i" [/home/coder/Documents/s2n2/finn-hlslib-lif/mvau.hpp:138->/home/coder/Documents/s2n2/finn-hlslib-lif/fclayer.h:110->/home/coder/Desktop/s2n2/convSNN/fc2full_top.cpp:83]   --->   Operation 232 'br' 'br_ln138' <Predicate = (!icmp_ln131 & icmp_ln134 & trunc_ln123 == 38)> <Delay = 0.38>
ST_3 : Operation 233 [1/1] (0.00ns)   --->   "%store_ln138 = store i1 %inputBuf_65, i1 %inputBuf_37" [/home/coder/Documents/s2n2/finn-hlslib-lif/mvau.hpp:138->/home/coder/Documents/s2n2/finn-hlslib-lif/fclayer.h:110->/home/coder/Desktop/s2n2/convSNN/fc2full_top.cpp:83]   --->   Operation 233 'store' 'store_ln138' <Predicate = (!icmp_ln131 & icmp_ln134 & trunc_ln123 == 37)> <Delay = 0.00>
ST_3 : Operation 234 [1/1] (0.38ns)   --->   "%br_ln138 = br void %if.end.i" [/home/coder/Documents/s2n2/finn-hlslib-lif/mvau.hpp:138->/home/coder/Documents/s2n2/finn-hlslib-lif/fclayer.h:110->/home/coder/Desktop/s2n2/convSNN/fc2full_top.cpp:83]   --->   Operation 234 'br' 'br_ln138' <Predicate = (!icmp_ln131 & icmp_ln134 & trunc_ln123 == 37)> <Delay = 0.38>
ST_3 : Operation 235 [1/1] (0.00ns)   --->   "%store_ln138 = store i1 %inputBuf_65, i1 %inputBuf_36" [/home/coder/Documents/s2n2/finn-hlslib-lif/mvau.hpp:138->/home/coder/Documents/s2n2/finn-hlslib-lif/fclayer.h:110->/home/coder/Desktop/s2n2/convSNN/fc2full_top.cpp:83]   --->   Operation 235 'store' 'store_ln138' <Predicate = (!icmp_ln131 & icmp_ln134 & trunc_ln123 == 36)> <Delay = 0.00>
ST_3 : Operation 236 [1/1] (0.38ns)   --->   "%br_ln138 = br void %if.end.i" [/home/coder/Documents/s2n2/finn-hlslib-lif/mvau.hpp:138->/home/coder/Documents/s2n2/finn-hlslib-lif/fclayer.h:110->/home/coder/Desktop/s2n2/convSNN/fc2full_top.cpp:83]   --->   Operation 236 'br' 'br_ln138' <Predicate = (!icmp_ln131 & icmp_ln134 & trunc_ln123 == 36)> <Delay = 0.38>
ST_3 : Operation 237 [1/1] (0.00ns)   --->   "%store_ln138 = store i1 %inputBuf_65, i1 %inputBuf_35" [/home/coder/Documents/s2n2/finn-hlslib-lif/mvau.hpp:138->/home/coder/Documents/s2n2/finn-hlslib-lif/fclayer.h:110->/home/coder/Desktop/s2n2/convSNN/fc2full_top.cpp:83]   --->   Operation 237 'store' 'store_ln138' <Predicate = (!icmp_ln131 & icmp_ln134 & trunc_ln123 == 35)> <Delay = 0.00>
ST_3 : Operation 238 [1/1] (0.38ns)   --->   "%br_ln138 = br void %if.end.i" [/home/coder/Documents/s2n2/finn-hlslib-lif/mvau.hpp:138->/home/coder/Documents/s2n2/finn-hlslib-lif/fclayer.h:110->/home/coder/Desktop/s2n2/convSNN/fc2full_top.cpp:83]   --->   Operation 238 'br' 'br_ln138' <Predicate = (!icmp_ln131 & icmp_ln134 & trunc_ln123 == 35)> <Delay = 0.38>
ST_3 : Operation 239 [1/1] (0.00ns)   --->   "%store_ln138 = store i1 %inputBuf_65, i1 %inputBuf_34" [/home/coder/Documents/s2n2/finn-hlslib-lif/mvau.hpp:138->/home/coder/Documents/s2n2/finn-hlslib-lif/fclayer.h:110->/home/coder/Desktop/s2n2/convSNN/fc2full_top.cpp:83]   --->   Operation 239 'store' 'store_ln138' <Predicate = (!icmp_ln131 & icmp_ln134 & trunc_ln123 == 34)> <Delay = 0.00>
ST_3 : Operation 240 [1/1] (0.38ns)   --->   "%br_ln138 = br void %if.end.i" [/home/coder/Documents/s2n2/finn-hlslib-lif/mvau.hpp:138->/home/coder/Documents/s2n2/finn-hlslib-lif/fclayer.h:110->/home/coder/Desktop/s2n2/convSNN/fc2full_top.cpp:83]   --->   Operation 240 'br' 'br_ln138' <Predicate = (!icmp_ln131 & icmp_ln134 & trunc_ln123 == 34)> <Delay = 0.38>
ST_3 : Operation 241 [1/1] (0.00ns)   --->   "%store_ln138 = store i1 %inputBuf_65, i1 %inputBuf_33" [/home/coder/Documents/s2n2/finn-hlslib-lif/mvau.hpp:138->/home/coder/Documents/s2n2/finn-hlslib-lif/fclayer.h:110->/home/coder/Desktop/s2n2/convSNN/fc2full_top.cpp:83]   --->   Operation 241 'store' 'store_ln138' <Predicate = (!icmp_ln131 & icmp_ln134 & trunc_ln123 == 33)> <Delay = 0.00>
ST_3 : Operation 242 [1/1] (0.38ns)   --->   "%br_ln138 = br void %if.end.i" [/home/coder/Documents/s2n2/finn-hlslib-lif/mvau.hpp:138->/home/coder/Documents/s2n2/finn-hlslib-lif/fclayer.h:110->/home/coder/Desktop/s2n2/convSNN/fc2full_top.cpp:83]   --->   Operation 242 'br' 'br_ln138' <Predicate = (!icmp_ln131 & icmp_ln134 & trunc_ln123 == 33)> <Delay = 0.38>
ST_3 : Operation 243 [1/1] (0.00ns)   --->   "%store_ln138 = store i1 %inputBuf_65, i1 %inputBuf_32" [/home/coder/Documents/s2n2/finn-hlslib-lif/mvau.hpp:138->/home/coder/Documents/s2n2/finn-hlslib-lif/fclayer.h:110->/home/coder/Desktop/s2n2/convSNN/fc2full_top.cpp:83]   --->   Operation 243 'store' 'store_ln138' <Predicate = (!icmp_ln131 & icmp_ln134 & trunc_ln123 == 32)> <Delay = 0.00>
ST_3 : Operation 244 [1/1] (0.38ns)   --->   "%br_ln138 = br void %if.end.i" [/home/coder/Documents/s2n2/finn-hlslib-lif/mvau.hpp:138->/home/coder/Documents/s2n2/finn-hlslib-lif/fclayer.h:110->/home/coder/Desktop/s2n2/convSNN/fc2full_top.cpp:83]   --->   Operation 244 'br' 'br_ln138' <Predicate = (!icmp_ln131 & icmp_ln134 & trunc_ln123 == 32)> <Delay = 0.38>
ST_3 : Operation 245 [1/1] (0.00ns)   --->   "%store_ln138 = store i1 %inputBuf_65, i1 %inputBuf_31" [/home/coder/Documents/s2n2/finn-hlslib-lif/mvau.hpp:138->/home/coder/Documents/s2n2/finn-hlslib-lif/fclayer.h:110->/home/coder/Desktop/s2n2/convSNN/fc2full_top.cpp:83]   --->   Operation 245 'store' 'store_ln138' <Predicate = (!icmp_ln131 & icmp_ln134 & trunc_ln123 == 31)> <Delay = 0.00>
ST_3 : Operation 246 [1/1] (0.38ns)   --->   "%br_ln138 = br void %if.end.i" [/home/coder/Documents/s2n2/finn-hlslib-lif/mvau.hpp:138->/home/coder/Documents/s2n2/finn-hlslib-lif/fclayer.h:110->/home/coder/Desktop/s2n2/convSNN/fc2full_top.cpp:83]   --->   Operation 246 'br' 'br_ln138' <Predicate = (!icmp_ln131 & icmp_ln134 & trunc_ln123 == 31)> <Delay = 0.38>
ST_3 : Operation 247 [1/1] (0.00ns)   --->   "%store_ln138 = store i1 %inputBuf_65, i1 %inputBuf_30" [/home/coder/Documents/s2n2/finn-hlslib-lif/mvau.hpp:138->/home/coder/Documents/s2n2/finn-hlslib-lif/fclayer.h:110->/home/coder/Desktop/s2n2/convSNN/fc2full_top.cpp:83]   --->   Operation 247 'store' 'store_ln138' <Predicate = (!icmp_ln131 & icmp_ln134 & trunc_ln123 == 30)> <Delay = 0.00>
ST_3 : Operation 248 [1/1] (0.38ns)   --->   "%br_ln138 = br void %if.end.i" [/home/coder/Documents/s2n2/finn-hlslib-lif/mvau.hpp:138->/home/coder/Documents/s2n2/finn-hlslib-lif/fclayer.h:110->/home/coder/Desktop/s2n2/convSNN/fc2full_top.cpp:83]   --->   Operation 248 'br' 'br_ln138' <Predicate = (!icmp_ln131 & icmp_ln134 & trunc_ln123 == 30)> <Delay = 0.38>
ST_3 : Operation 249 [1/1] (0.00ns)   --->   "%store_ln138 = store i1 %inputBuf_65, i1 %inputBuf_29" [/home/coder/Documents/s2n2/finn-hlslib-lif/mvau.hpp:138->/home/coder/Documents/s2n2/finn-hlslib-lif/fclayer.h:110->/home/coder/Desktop/s2n2/convSNN/fc2full_top.cpp:83]   --->   Operation 249 'store' 'store_ln138' <Predicate = (!icmp_ln131 & icmp_ln134 & trunc_ln123 == 29)> <Delay = 0.00>
ST_3 : Operation 250 [1/1] (0.38ns)   --->   "%br_ln138 = br void %if.end.i" [/home/coder/Documents/s2n2/finn-hlslib-lif/mvau.hpp:138->/home/coder/Documents/s2n2/finn-hlslib-lif/fclayer.h:110->/home/coder/Desktop/s2n2/convSNN/fc2full_top.cpp:83]   --->   Operation 250 'br' 'br_ln138' <Predicate = (!icmp_ln131 & icmp_ln134 & trunc_ln123 == 29)> <Delay = 0.38>
ST_3 : Operation 251 [1/1] (0.00ns)   --->   "%store_ln138 = store i1 %inputBuf_65, i1 %inputBuf_28" [/home/coder/Documents/s2n2/finn-hlslib-lif/mvau.hpp:138->/home/coder/Documents/s2n2/finn-hlslib-lif/fclayer.h:110->/home/coder/Desktop/s2n2/convSNN/fc2full_top.cpp:83]   --->   Operation 251 'store' 'store_ln138' <Predicate = (!icmp_ln131 & icmp_ln134 & trunc_ln123 == 28)> <Delay = 0.00>
ST_3 : Operation 252 [1/1] (0.38ns)   --->   "%br_ln138 = br void %if.end.i" [/home/coder/Documents/s2n2/finn-hlslib-lif/mvau.hpp:138->/home/coder/Documents/s2n2/finn-hlslib-lif/fclayer.h:110->/home/coder/Desktop/s2n2/convSNN/fc2full_top.cpp:83]   --->   Operation 252 'br' 'br_ln138' <Predicate = (!icmp_ln131 & icmp_ln134 & trunc_ln123 == 28)> <Delay = 0.38>
ST_3 : Operation 253 [1/1] (0.00ns)   --->   "%store_ln138 = store i1 %inputBuf_65, i1 %inputBuf_27" [/home/coder/Documents/s2n2/finn-hlslib-lif/mvau.hpp:138->/home/coder/Documents/s2n2/finn-hlslib-lif/fclayer.h:110->/home/coder/Desktop/s2n2/convSNN/fc2full_top.cpp:83]   --->   Operation 253 'store' 'store_ln138' <Predicate = (!icmp_ln131 & icmp_ln134 & trunc_ln123 == 27)> <Delay = 0.00>
ST_3 : Operation 254 [1/1] (0.38ns)   --->   "%br_ln138 = br void %if.end.i" [/home/coder/Documents/s2n2/finn-hlslib-lif/mvau.hpp:138->/home/coder/Documents/s2n2/finn-hlslib-lif/fclayer.h:110->/home/coder/Desktop/s2n2/convSNN/fc2full_top.cpp:83]   --->   Operation 254 'br' 'br_ln138' <Predicate = (!icmp_ln131 & icmp_ln134 & trunc_ln123 == 27)> <Delay = 0.38>
ST_3 : Operation 255 [1/1] (0.00ns)   --->   "%store_ln138 = store i1 %inputBuf_65, i1 %inputBuf_26" [/home/coder/Documents/s2n2/finn-hlslib-lif/mvau.hpp:138->/home/coder/Documents/s2n2/finn-hlslib-lif/fclayer.h:110->/home/coder/Desktop/s2n2/convSNN/fc2full_top.cpp:83]   --->   Operation 255 'store' 'store_ln138' <Predicate = (!icmp_ln131 & icmp_ln134 & trunc_ln123 == 26)> <Delay = 0.00>
ST_3 : Operation 256 [1/1] (0.38ns)   --->   "%br_ln138 = br void %if.end.i" [/home/coder/Documents/s2n2/finn-hlslib-lif/mvau.hpp:138->/home/coder/Documents/s2n2/finn-hlslib-lif/fclayer.h:110->/home/coder/Desktop/s2n2/convSNN/fc2full_top.cpp:83]   --->   Operation 256 'br' 'br_ln138' <Predicate = (!icmp_ln131 & icmp_ln134 & trunc_ln123 == 26)> <Delay = 0.38>
ST_3 : Operation 257 [1/1] (0.00ns)   --->   "%store_ln138 = store i1 %inputBuf_65, i1 %inputBuf_25" [/home/coder/Documents/s2n2/finn-hlslib-lif/mvau.hpp:138->/home/coder/Documents/s2n2/finn-hlslib-lif/fclayer.h:110->/home/coder/Desktop/s2n2/convSNN/fc2full_top.cpp:83]   --->   Operation 257 'store' 'store_ln138' <Predicate = (!icmp_ln131 & icmp_ln134 & trunc_ln123 == 25)> <Delay = 0.00>
ST_3 : Operation 258 [1/1] (0.38ns)   --->   "%br_ln138 = br void %if.end.i" [/home/coder/Documents/s2n2/finn-hlslib-lif/mvau.hpp:138->/home/coder/Documents/s2n2/finn-hlslib-lif/fclayer.h:110->/home/coder/Desktop/s2n2/convSNN/fc2full_top.cpp:83]   --->   Operation 258 'br' 'br_ln138' <Predicate = (!icmp_ln131 & icmp_ln134 & trunc_ln123 == 25)> <Delay = 0.38>
ST_3 : Operation 259 [1/1] (0.00ns)   --->   "%store_ln138 = store i1 %inputBuf_65, i1 %inputBuf_24" [/home/coder/Documents/s2n2/finn-hlslib-lif/mvau.hpp:138->/home/coder/Documents/s2n2/finn-hlslib-lif/fclayer.h:110->/home/coder/Desktop/s2n2/convSNN/fc2full_top.cpp:83]   --->   Operation 259 'store' 'store_ln138' <Predicate = (!icmp_ln131 & icmp_ln134 & trunc_ln123 == 24)> <Delay = 0.00>
ST_3 : Operation 260 [1/1] (0.38ns)   --->   "%br_ln138 = br void %if.end.i" [/home/coder/Documents/s2n2/finn-hlslib-lif/mvau.hpp:138->/home/coder/Documents/s2n2/finn-hlslib-lif/fclayer.h:110->/home/coder/Desktop/s2n2/convSNN/fc2full_top.cpp:83]   --->   Operation 260 'br' 'br_ln138' <Predicate = (!icmp_ln131 & icmp_ln134 & trunc_ln123 == 24)> <Delay = 0.38>
ST_3 : Operation 261 [1/1] (0.00ns)   --->   "%store_ln138 = store i1 %inputBuf_65, i1 %inputBuf_23" [/home/coder/Documents/s2n2/finn-hlslib-lif/mvau.hpp:138->/home/coder/Documents/s2n2/finn-hlslib-lif/fclayer.h:110->/home/coder/Desktop/s2n2/convSNN/fc2full_top.cpp:83]   --->   Operation 261 'store' 'store_ln138' <Predicate = (!icmp_ln131 & icmp_ln134 & trunc_ln123 == 23)> <Delay = 0.00>
ST_3 : Operation 262 [1/1] (0.38ns)   --->   "%br_ln138 = br void %if.end.i" [/home/coder/Documents/s2n2/finn-hlslib-lif/mvau.hpp:138->/home/coder/Documents/s2n2/finn-hlslib-lif/fclayer.h:110->/home/coder/Desktop/s2n2/convSNN/fc2full_top.cpp:83]   --->   Operation 262 'br' 'br_ln138' <Predicate = (!icmp_ln131 & icmp_ln134 & trunc_ln123 == 23)> <Delay = 0.38>
ST_3 : Operation 263 [1/1] (0.00ns)   --->   "%store_ln138 = store i1 %inputBuf_65, i1 %inputBuf_22" [/home/coder/Documents/s2n2/finn-hlslib-lif/mvau.hpp:138->/home/coder/Documents/s2n2/finn-hlslib-lif/fclayer.h:110->/home/coder/Desktop/s2n2/convSNN/fc2full_top.cpp:83]   --->   Operation 263 'store' 'store_ln138' <Predicate = (!icmp_ln131 & icmp_ln134 & trunc_ln123 == 22)> <Delay = 0.00>
ST_3 : Operation 264 [1/1] (0.38ns)   --->   "%br_ln138 = br void %if.end.i" [/home/coder/Documents/s2n2/finn-hlslib-lif/mvau.hpp:138->/home/coder/Documents/s2n2/finn-hlslib-lif/fclayer.h:110->/home/coder/Desktop/s2n2/convSNN/fc2full_top.cpp:83]   --->   Operation 264 'br' 'br_ln138' <Predicate = (!icmp_ln131 & icmp_ln134 & trunc_ln123 == 22)> <Delay = 0.38>
ST_3 : Operation 265 [1/1] (0.00ns)   --->   "%store_ln138 = store i1 %inputBuf_65, i1 %inputBuf_21" [/home/coder/Documents/s2n2/finn-hlslib-lif/mvau.hpp:138->/home/coder/Documents/s2n2/finn-hlslib-lif/fclayer.h:110->/home/coder/Desktop/s2n2/convSNN/fc2full_top.cpp:83]   --->   Operation 265 'store' 'store_ln138' <Predicate = (!icmp_ln131 & icmp_ln134 & trunc_ln123 == 21)> <Delay = 0.00>
ST_3 : Operation 266 [1/1] (0.38ns)   --->   "%br_ln138 = br void %if.end.i" [/home/coder/Documents/s2n2/finn-hlslib-lif/mvau.hpp:138->/home/coder/Documents/s2n2/finn-hlslib-lif/fclayer.h:110->/home/coder/Desktop/s2n2/convSNN/fc2full_top.cpp:83]   --->   Operation 266 'br' 'br_ln138' <Predicate = (!icmp_ln131 & icmp_ln134 & trunc_ln123 == 21)> <Delay = 0.38>
ST_3 : Operation 267 [1/1] (0.00ns)   --->   "%store_ln138 = store i1 %inputBuf_65, i1 %inputBuf_20" [/home/coder/Documents/s2n2/finn-hlslib-lif/mvau.hpp:138->/home/coder/Documents/s2n2/finn-hlslib-lif/fclayer.h:110->/home/coder/Desktop/s2n2/convSNN/fc2full_top.cpp:83]   --->   Operation 267 'store' 'store_ln138' <Predicate = (!icmp_ln131 & icmp_ln134 & trunc_ln123 == 20)> <Delay = 0.00>
ST_3 : Operation 268 [1/1] (0.38ns)   --->   "%br_ln138 = br void %if.end.i" [/home/coder/Documents/s2n2/finn-hlslib-lif/mvau.hpp:138->/home/coder/Documents/s2n2/finn-hlslib-lif/fclayer.h:110->/home/coder/Desktop/s2n2/convSNN/fc2full_top.cpp:83]   --->   Operation 268 'br' 'br_ln138' <Predicate = (!icmp_ln131 & icmp_ln134 & trunc_ln123 == 20)> <Delay = 0.38>
ST_3 : Operation 269 [1/1] (0.00ns)   --->   "%store_ln138 = store i1 %inputBuf_65, i1 %inputBuf_19" [/home/coder/Documents/s2n2/finn-hlslib-lif/mvau.hpp:138->/home/coder/Documents/s2n2/finn-hlslib-lif/fclayer.h:110->/home/coder/Desktop/s2n2/convSNN/fc2full_top.cpp:83]   --->   Operation 269 'store' 'store_ln138' <Predicate = (!icmp_ln131 & icmp_ln134 & trunc_ln123 == 19)> <Delay = 0.00>
ST_3 : Operation 270 [1/1] (0.38ns)   --->   "%br_ln138 = br void %if.end.i" [/home/coder/Documents/s2n2/finn-hlslib-lif/mvau.hpp:138->/home/coder/Documents/s2n2/finn-hlslib-lif/fclayer.h:110->/home/coder/Desktop/s2n2/convSNN/fc2full_top.cpp:83]   --->   Operation 270 'br' 'br_ln138' <Predicate = (!icmp_ln131 & icmp_ln134 & trunc_ln123 == 19)> <Delay = 0.38>
ST_3 : Operation 271 [1/1] (0.00ns)   --->   "%store_ln138 = store i1 %inputBuf_65, i1 %inputBuf_18" [/home/coder/Documents/s2n2/finn-hlslib-lif/mvau.hpp:138->/home/coder/Documents/s2n2/finn-hlslib-lif/fclayer.h:110->/home/coder/Desktop/s2n2/convSNN/fc2full_top.cpp:83]   --->   Operation 271 'store' 'store_ln138' <Predicate = (!icmp_ln131 & icmp_ln134 & trunc_ln123 == 18)> <Delay = 0.00>
ST_3 : Operation 272 [1/1] (0.38ns)   --->   "%br_ln138 = br void %if.end.i" [/home/coder/Documents/s2n2/finn-hlslib-lif/mvau.hpp:138->/home/coder/Documents/s2n2/finn-hlslib-lif/fclayer.h:110->/home/coder/Desktop/s2n2/convSNN/fc2full_top.cpp:83]   --->   Operation 272 'br' 'br_ln138' <Predicate = (!icmp_ln131 & icmp_ln134 & trunc_ln123 == 18)> <Delay = 0.38>
ST_3 : Operation 273 [1/1] (0.00ns)   --->   "%store_ln138 = store i1 %inputBuf_65, i1 %inputBuf_17" [/home/coder/Documents/s2n2/finn-hlslib-lif/mvau.hpp:138->/home/coder/Documents/s2n2/finn-hlslib-lif/fclayer.h:110->/home/coder/Desktop/s2n2/convSNN/fc2full_top.cpp:83]   --->   Operation 273 'store' 'store_ln138' <Predicate = (!icmp_ln131 & icmp_ln134 & trunc_ln123 == 17)> <Delay = 0.00>
ST_3 : Operation 274 [1/1] (0.38ns)   --->   "%br_ln138 = br void %if.end.i" [/home/coder/Documents/s2n2/finn-hlslib-lif/mvau.hpp:138->/home/coder/Documents/s2n2/finn-hlslib-lif/fclayer.h:110->/home/coder/Desktop/s2n2/convSNN/fc2full_top.cpp:83]   --->   Operation 274 'br' 'br_ln138' <Predicate = (!icmp_ln131 & icmp_ln134 & trunc_ln123 == 17)> <Delay = 0.38>
ST_3 : Operation 275 [1/1] (0.00ns)   --->   "%store_ln138 = store i1 %inputBuf_65, i1 %inputBuf_16" [/home/coder/Documents/s2n2/finn-hlslib-lif/mvau.hpp:138->/home/coder/Documents/s2n2/finn-hlslib-lif/fclayer.h:110->/home/coder/Desktop/s2n2/convSNN/fc2full_top.cpp:83]   --->   Operation 275 'store' 'store_ln138' <Predicate = (!icmp_ln131 & icmp_ln134 & trunc_ln123 == 16)> <Delay = 0.00>
ST_3 : Operation 276 [1/1] (0.38ns)   --->   "%br_ln138 = br void %if.end.i" [/home/coder/Documents/s2n2/finn-hlslib-lif/mvau.hpp:138->/home/coder/Documents/s2n2/finn-hlslib-lif/fclayer.h:110->/home/coder/Desktop/s2n2/convSNN/fc2full_top.cpp:83]   --->   Operation 276 'br' 'br_ln138' <Predicate = (!icmp_ln131 & icmp_ln134 & trunc_ln123 == 16)> <Delay = 0.38>
ST_3 : Operation 277 [1/1] (0.00ns)   --->   "%store_ln138 = store i1 %inputBuf_65, i1 %inputBuf_15" [/home/coder/Documents/s2n2/finn-hlslib-lif/mvau.hpp:138->/home/coder/Documents/s2n2/finn-hlslib-lif/fclayer.h:110->/home/coder/Desktop/s2n2/convSNN/fc2full_top.cpp:83]   --->   Operation 277 'store' 'store_ln138' <Predicate = (!icmp_ln131 & icmp_ln134 & trunc_ln123 == 15)> <Delay = 0.00>
ST_3 : Operation 278 [1/1] (0.38ns)   --->   "%br_ln138 = br void %if.end.i" [/home/coder/Documents/s2n2/finn-hlslib-lif/mvau.hpp:138->/home/coder/Documents/s2n2/finn-hlslib-lif/fclayer.h:110->/home/coder/Desktop/s2n2/convSNN/fc2full_top.cpp:83]   --->   Operation 278 'br' 'br_ln138' <Predicate = (!icmp_ln131 & icmp_ln134 & trunc_ln123 == 15)> <Delay = 0.38>
ST_3 : Operation 279 [1/1] (0.00ns)   --->   "%store_ln138 = store i1 %inputBuf_65, i1 %inputBuf_14" [/home/coder/Documents/s2n2/finn-hlslib-lif/mvau.hpp:138->/home/coder/Documents/s2n2/finn-hlslib-lif/fclayer.h:110->/home/coder/Desktop/s2n2/convSNN/fc2full_top.cpp:83]   --->   Operation 279 'store' 'store_ln138' <Predicate = (!icmp_ln131 & icmp_ln134 & trunc_ln123 == 14)> <Delay = 0.00>
ST_3 : Operation 280 [1/1] (0.38ns)   --->   "%br_ln138 = br void %if.end.i" [/home/coder/Documents/s2n2/finn-hlslib-lif/mvau.hpp:138->/home/coder/Documents/s2n2/finn-hlslib-lif/fclayer.h:110->/home/coder/Desktop/s2n2/convSNN/fc2full_top.cpp:83]   --->   Operation 280 'br' 'br_ln138' <Predicate = (!icmp_ln131 & icmp_ln134 & trunc_ln123 == 14)> <Delay = 0.38>
ST_3 : Operation 281 [1/1] (0.00ns)   --->   "%store_ln138 = store i1 %inputBuf_65, i1 %inputBuf_13" [/home/coder/Documents/s2n2/finn-hlslib-lif/mvau.hpp:138->/home/coder/Documents/s2n2/finn-hlslib-lif/fclayer.h:110->/home/coder/Desktop/s2n2/convSNN/fc2full_top.cpp:83]   --->   Operation 281 'store' 'store_ln138' <Predicate = (!icmp_ln131 & icmp_ln134 & trunc_ln123 == 13)> <Delay = 0.00>
ST_3 : Operation 282 [1/1] (0.38ns)   --->   "%br_ln138 = br void %if.end.i" [/home/coder/Documents/s2n2/finn-hlslib-lif/mvau.hpp:138->/home/coder/Documents/s2n2/finn-hlslib-lif/fclayer.h:110->/home/coder/Desktop/s2n2/convSNN/fc2full_top.cpp:83]   --->   Operation 282 'br' 'br_ln138' <Predicate = (!icmp_ln131 & icmp_ln134 & trunc_ln123 == 13)> <Delay = 0.38>
ST_3 : Operation 283 [1/1] (0.00ns)   --->   "%store_ln138 = store i1 %inputBuf_65, i1 %inputBuf_12" [/home/coder/Documents/s2n2/finn-hlslib-lif/mvau.hpp:138->/home/coder/Documents/s2n2/finn-hlslib-lif/fclayer.h:110->/home/coder/Desktop/s2n2/convSNN/fc2full_top.cpp:83]   --->   Operation 283 'store' 'store_ln138' <Predicate = (!icmp_ln131 & icmp_ln134 & trunc_ln123 == 12)> <Delay = 0.00>
ST_3 : Operation 284 [1/1] (0.38ns)   --->   "%br_ln138 = br void %if.end.i" [/home/coder/Documents/s2n2/finn-hlslib-lif/mvau.hpp:138->/home/coder/Documents/s2n2/finn-hlslib-lif/fclayer.h:110->/home/coder/Desktop/s2n2/convSNN/fc2full_top.cpp:83]   --->   Operation 284 'br' 'br_ln138' <Predicate = (!icmp_ln131 & icmp_ln134 & trunc_ln123 == 12)> <Delay = 0.38>
ST_3 : Operation 285 [1/1] (0.00ns)   --->   "%store_ln138 = store i1 %inputBuf_65, i1 %inputBuf_11" [/home/coder/Documents/s2n2/finn-hlslib-lif/mvau.hpp:138->/home/coder/Documents/s2n2/finn-hlslib-lif/fclayer.h:110->/home/coder/Desktop/s2n2/convSNN/fc2full_top.cpp:83]   --->   Operation 285 'store' 'store_ln138' <Predicate = (!icmp_ln131 & icmp_ln134 & trunc_ln123 == 11)> <Delay = 0.00>
ST_3 : Operation 286 [1/1] (0.38ns)   --->   "%br_ln138 = br void %if.end.i" [/home/coder/Documents/s2n2/finn-hlslib-lif/mvau.hpp:138->/home/coder/Documents/s2n2/finn-hlslib-lif/fclayer.h:110->/home/coder/Desktop/s2n2/convSNN/fc2full_top.cpp:83]   --->   Operation 286 'br' 'br_ln138' <Predicate = (!icmp_ln131 & icmp_ln134 & trunc_ln123 == 11)> <Delay = 0.38>
ST_3 : Operation 287 [1/1] (0.00ns)   --->   "%store_ln138 = store i1 %inputBuf_65, i1 %inputBuf_10" [/home/coder/Documents/s2n2/finn-hlslib-lif/mvau.hpp:138->/home/coder/Documents/s2n2/finn-hlslib-lif/fclayer.h:110->/home/coder/Desktop/s2n2/convSNN/fc2full_top.cpp:83]   --->   Operation 287 'store' 'store_ln138' <Predicate = (!icmp_ln131 & icmp_ln134 & trunc_ln123 == 10)> <Delay = 0.00>
ST_3 : Operation 288 [1/1] (0.38ns)   --->   "%br_ln138 = br void %if.end.i" [/home/coder/Documents/s2n2/finn-hlslib-lif/mvau.hpp:138->/home/coder/Documents/s2n2/finn-hlslib-lif/fclayer.h:110->/home/coder/Desktop/s2n2/convSNN/fc2full_top.cpp:83]   --->   Operation 288 'br' 'br_ln138' <Predicate = (!icmp_ln131 & icmp_ln134 & trunc_ln123 == 10)> <Delay = 0.38>
ST_3 : Operation 289 [1/1] (0.00ns)   --->   "%store_ln138 = store i1 %inputBuf_65, i1 %inputBuf_9" [/home/coder/Documents/s2n2/finn-hlslib-lif/mvau.hpp:138->/home/coder/Documents/s2n2/finn-hlslib-lif/fclayer.h:110->/home/coder/Desktop/s2n2/convSNN/fc2full_top.cpp:83]   --->   Operation 289 'store' 'store_ln138' <Predicate = (!icmp_ln131 & icmp_ln134 & trunc_ln123 == 9)> <Delay = 0.00>
ST_3 : Operation 290 [1/1] (0.38ns)   --->   "%br_ln138 = br void %if.end.i" [/home/coder/Documents/s2n2/finn-hlslib-lif/mvau.hpp:138->/home/coder/Documents/s2n2/finn-hlslib-lif/fclayer.h:110->/home/coder/Desktop/s2n2/convSNN/fc2full_top.cpp:83]   --->   Operation 290 'br' 'br_ln138' <Predicate = (!icmp_ln131 & icmp_ln134 & trunc_ln123 == 9)> <Delay = 0.38>
ST_3 : Operation 291 [1/1] (0.00ns)   --->   "%store_ln138 = store i1 %inputBuf_65, i1 %inputBuf_8" [/home/coder/Documents/s2n2/finn-hlslib-lif/mvau.hpp:138->/home/coder/Documents/s2n2/finn-hlslib-lif/fclayer.h:110->/home/coder/Desktop/s2n2/convSNN/fc2full_top.cpp:83]   --->   Operation 291 'store' 'store_ln138' <Predicate = (!icmp_ln131 & icmp_ln134 & trunc_ln123 == 8)> <Delay = 0.00>
ST_3 : Operation 292 [1/1] (0.38ns)   --->   "%br_ln138 = br void %if.end.i" [/home/coder/Documents/s2n2/finn-hlslib-lif/mvau.hpp:138->/home/coder/Documents/s2n2/finn-hlslib-lif/fclayer.h:110->/home/coder/Desktop/s2n2/convSNN/fc2full_top.cpp:83]   --->   Operation 292 'br' 'br_ln138' <Predicate = (!icmp_ln131 & icmp_ln134 & trunc_ln123 == 8)> <Delay = 0.38>
ST_3 : Operation 293 [1/1] (0.00ns)   --->   "%store_ln138 = store i1 %inputBuf_65, i1 %inputBuf_7" [/home/coder/Documents/s2n2/finn-hlslib-lif/mvau.hpp:138->/home/coder/Documents/s2n2/finn-hlslib-lif/fclayer.h:110->/home/coder/Desktop/s2n2/convSNN/fc2full_top.cpp:83]   --->   Operation 293 'store' 'store_ln138' <Predicate = (!icmp_ln131 & icmp_ln134 & trunc_ln123 == 7)> <Delay = 0.00>
ST_3 : Operation 294 [1/1] (0.38ns)   --->   "%br_ln138 = br void %if.end.i" [/home/coder/Documents/s2n2/finn-hlslib-lif/mvau.hpp:138->/home/coder/Documents/s2n2/finn-hlslib-lif/fclayer.h:110->/home/coder/Desktop/s2n2/convSNN/fc2full_top.cpp:83]   --->   Operation 294 'br' 'br_ln138' <Predicate = (!icmp_ln131 & icmp_ln134 & trunc_ln123 == 7)> <Delay = 0.38>
ST_3 : Operation 295 [1/1] (0.00ns)   --->   "%store_ln138 = store i1 %inputBuf_65, i1 %inputBuf_6" [/home/coder/Documents/s2n2/finn-hlslib-lif/mvau.hpp:138->/home/coder/Documents/s2n2/finn-hlslib-lif/fclayer.h:110->/home/coder/Desktop/s2n2/convSNN/fc2full_top.cpp:83]   --->   Operation 295 'store' 'store_ln138' <Predicate = (!icmp_ln131 & icmp_ln134 & trunc_ln123 == 6)> <Delay = 0.00>
ST_3 : Operation 296 [1/1] (0.38ns)   --->   "%br_ln138 = br void %if.end.i" [/home/coder/Documents/s2n2/finn-hlslib-lif/mvau.hpp:138->/home/coder/Documents/s2n2/finn-hlslib-lif/fclayer.h:110->/home/coder/Desktop/s2n2/convSNN/fc2full_top.cpp:83]   --->   Operation 296 'br' 'br_ln138' <Predicate = (!icmp_ln131 & icmp_ln134 & trunc_ln123 == 6)> <Delay = 0.38>
ST_3 : Operation 297 [1/1] (0.00ns)   --->   "%store_ln138 = store i1 %inputBuf_65, i1 %inputBuf_5" [/home/coder/Documents/s2n2/finn-hlslib-lif/mvau.hpp:138->/home/coder/Documents/s2n2/finn-hlslib-lif/fclayer.h:110->/home/coder/Desktop/s2n2/convSNN/fc2full_top.cpp:83]   --->   Operation 297 'store' 'store_ln138' <Predicate = (!icmp_ln131 & icmp_ln134 & trunc_ln123 == 5)> <Delay = 0.00>
ST_3 : Operation 298 [1/1] (0.38ns)   --->   "%br_ln138 = br void %if.end.i" [/home/coder/Documents/s2n2/finn-hlslib-lif/mvau.hpp:138->/home/coder/Documents/s2n2/finn-hlslib-lif/fclayer.h:110->/home/coder/Desktop/s2n2/convSNN/fc2full_top.cpp:83]   --->   Operation 298 'br' 'br_ln138' <Predicate = (!icmp_ln131 & icmp_ln134 & trunc_ln123 == 5)> <Delay = 0.38>
ST_3 : Operation 299 [1/1] (0.00ns)   --->   "%store_ln138 = store i1 %inputBuf_65, i1 %inputBuf_4" [/home/coder/Documents/s2n2/finn-hlslib-lif/mvau.hpp:138->/home/coder/Documents/s2n2/finn-hlslib-lif/fclayer.h:110->/home/coder/Desktop/s2n2/convSNN/fc2full_top.cpp:83]   --->   Operation 299 'store' 'store_ln138' <Predicate = (!icmp_ln131 & icmp_ln134 & trunc_ln123 == 4)> <Delay = 0.00>
ST_3 : Operation 300 [1/1] (0.38ns)   --->   "%br_ln138 = br void %if.end.i" [/home/coder/Documents/s2n2/finn-hlslib-lif/mvau.hpp:138->/home/coder/Documents/s2n2/finn-hlslib-lif/fclayer.h:110->/home/coder/Desktop/s2n2/convSNN/fc2full_top.cpp:83]   --->   Operation 300 'br' 'br_ln138' <Predicate = (!icmp_ln131 & icmp_ln134 & trunc_ln123 == 4)> <Delay = 0.38>
ST_3 : Operation 301 [1/1] (0.00ns)   --->   "%store_ln138 = store i1 %inputBuf_65, i1 %inputBuf_3" [/home/coder/Documents/s2n2/finn-hlslib-lif/mvau.hpp:138->/home/coder/Documents/s2n2/finn-hlslib-lif/fclayer.h:110->/home/coder/Desktop/s2n2/convSNN/fc2full_top.cpp:83]   --->   Operation 301 'store' 'store_ln138' <Predicate = (!icmp_ln131 & icmp_ln134 & trunc_ln123 == 3)> <Delay = 0.00>
ST_3 : Operation 302 [1/1] (0.38ns)   --->   "%br_ln138 = br void %if.end.i" [/home/coder/Documents/s2n2/finn-hlslib-lif/mvau.hpp:138->/home/coder/Documents/s2n2/finn-hlslib-lif/fclayer.h:110->/home/coder/Desktop/s2n2/convSNN/fc2full_top.cpp:83]   --->   Operation 302 'br' 'br_ln138' <Predicate = (!icmp_ln131 & icmp_ln134 & trunc_ln123 == 3)> <Delay = 0.38>
ST_3 : Operation 303 [1/1] (0.00ns)   --->   "%store_ln138 = store i1 %inputBuf_65, i1 %inputBuf_2" [/home/coder/Documents/s2n2/finn-hlslib-lif/mvau.hpp:138->/home/coder/Documents/s2n2/finn-hlslib-lif/fclayer.h:110->/home/coder/Desktop/s2n2/convSNN/fc2full_top.cpp:83]   --->   Operation 303 'store' 'store_ln138' <Predicate = (!icmp_ln131 & icmp_ln134 & trunc_ln123 == 2)> <Delay = 0.00>
ST_3 : Operation 304 [1/1] (0.38ns)   --->   "%br_ln138 = br void %if.end.i" [/home/coder/Documents/s2n2/finn-hlslib-lif/mvau.hpp:138->/home/coder/Documents/s2n2/finn-hlslib-lif/fclayer.h:110->/home/coder/Desktop/s2n2/convSNN/fc2full_top.cpp:83]   --->   Operation 304 'br' 'br_ln138' <Predicate = (!icmp_ln131 & icmp_ln134 & trunc_ln123 == 2)> <Delay = 0.38>
ST_3 : Operation 305 [1/1] (0.00ns)   --->   "%store_ln138 = store i1 %inputBuf_65, i1 %inputBuf_1" [/home/coder/Documents/s2n2/finn-hlslib-lif/mvau.hpp:138->/home/coder/Documents/s2n2/finn-hlslib-lif/fclayer.h:110->/home/coder/Desktop/s2n2/convSNN/fc2full_top.cpp:83]   --->   Operation 305 'store' 'store_ln138' <Predicate = (!icmp_ln131 & icmp_ln134 & trunc_ln123 == 1)> <Delay = 0.00>
ST_3 : Operation 306 [1/1] (0.38ns)   --->   "%br_ln138 = br void %if.end.i" [/home/coder/Documents/s2n2/finn-hlslib-lif/mvau.hpp:138->/home/coder/Documents/s2n2/finn-hlslib-lif/fclayer.h:110->/home/coder/Desktop/s2n2/convSNN/fc2full_top.cpp:83]   --->   Operation 306 'br' 'br_ln138' <Predicate = (!icmp_ln131 & icmp_ln134 & trunc_ln123 == 1)> <Delay = 0.38>
ST_3 : Operation 307 [1/1] (0.00ns)   --->   "%store_ln138 = store i1 %inputBuf_65, i1 %inputBuf" [/home/coder/Documents/s2n2/finn-hlslib-lif/mvau.hpp:138->/home/coder/Documents/s2n2/finn-hlslib-lif/fclayer.h:110->/home/coder/Desktop/s2n2/convSNN/fc2full_top.cpp:83]   --->   Operation 307 'store' 'store_ln138' <Predicate = (!icmp_ln131 & icmp_ln134 & trunc_ln123 == 0)> <Delay = 0.00>
ST_3 : Operation 308 [1/1] (0.38ns)   --->   "%br_ln138 = br void %if.end.i" [/home/coder/Documents/s2n2/finn-hlslib-lif/mvau.hpp:138->/home/coder/Documents/s2n2/finn-hlslib-lif/fclayer.h:110->/home/coder/Desktop/s2n2/convSNN/fc2full_top.cpp:83]   --->   Operation 308 'br' 'br_ln138' <Predicate = (!icmp_ln131 & icmp_ln134 & trunc_ln123 == 0)> <Delay = 0.38>
ST_3 : Operation 309 [1/1] (0.00ns)   --->   "%store_ln138 = store i1 %inputBuf_65, i1 %inputBuf_63" [/home/coder/Documents/s2n2/finn-hlslib-lif/mvau.hpp:138->/home/coder/Documents/s2n2/finn-hlslib-lif/fclayer.h:110->/home/coder/Desktop/s2n2/convSNN/fc2full_top.cpp:83]   --->   Operation 309 'store' 'store_ln138' <Predicate = (!icmp_ln131 & icmp_ln134 & trunc_ln123 == 63)> <Delay = 0.00>
ST_3 : Operation 310 [1/1] (0.38ns)   --->   "%br_ln138 = br void %if.end.i" [/home/coder/Documents/s2n2/finn-hlslib-lif/mvau.hpp:138->/home/coder/Documents/s2n2/finn-hlslib-lif/fclayer.h:110->/home/coder/Desktop/s2n2/convSNN/fc2full_top.cpp:83]   --->   Operation 310 'br' 'br_ln138' <Predicate = (!icmp_ln131 & icmp_ln134 & trunc_ln123 == 63)> <Delay = 0.38>
ST_3 : Operation 311 [1/1] (0.00ns)   --->   "%inElem = phi i1 %inElem_1, void %if.else.i, i1 %inputBuf_65, void %arrayidx.i.case.63, i1 %inputBuf_65, void %arrayidx.i.case.61, i1 %inputBuf_65, void %arrayidx.i.case.60, i1 %inputBuf_65, void %arrayidx.i.case.59, i1 %inputBuf_65, void %arrayidx.i.case.58, i1 %inputBuf_65, void %arrayidx.i.case.57, i1 %inputBuf_65, void %arrayidx.i.case.56, i1 %inputBuf_65, void %arrayidx.i.case.55, i1 %inputBuf_65, void %arrayidx.i.case.54, i1 %inputBuf_65, void %arrayidx.i.case.53, i1 %inputBuf_65, void %arrayidx.i.case.52, i1 %inputBuf_65, void %arrayidx.i.case.51, i1 %inputBuf_65, void %arrayidx.i.case.50, i1 %inputBuf_65, void %arrayidx.i.case.49, i1 %inputBuf_65, void %arrayidx.i.case.48, i1 %inputBuf_65, void %arrayidx.i.case.47, i1 %inputBuf_65, void %arrayidx.i.case.46, i1 %inputBuf_65, void %arrayidx.i.case.45, i1 %inputBuf_65, void %arrayidx.i.case.44, i1 %inputBuf_65, void %arrayidx.i.case.43, i1 %inputBuf_65, void %arrayidx.i.case.42, i1 %inputBuf_65, void %arrayidx.i.case.41, i1 %inputBuf_65, void %arrayidx.i.case.40, i1 %inputBuf_65, void %arrayidx.i.case.39, i1 %inputBuf_65, void %arrayidx.i.case.38, i1 %inputBuf_65, void %arrayidx.i.case.37, i1 %inputBuf_65, void %arrayidx.i.case.36, i1 %inputBuf_65, void %arrayidx.i.case.35, i1 %inputBuf_65, void %arrayidx.i.case.34, i1 %inputBuf_65, void %arrayidx.i.case.33, i1 %inputBuf_65, void %arrayidx.i.case.32, i1 %inputBuf_65, void %arrayidx.i.case.31, i1 %inputBuf_65, void %arrayidx.i.case.30, i1 %inputBuf_65, void %arrayidx.i.case.29, i1 %inputBuf_65, void %arrayidx.i.case.28, i1 %inputBuf_65, void %arrayidx.i.case.27, i1 %inputBuf_65, void %arrayidx.i.case.26, i1 %inputBuf_65, void %arrayidx.i.case.25, i1 %inputBuf_65, void %arrayidx.i.case.24, i1 %inputBuf_65, void %arrayidx.i.case.23, i1 %inputBuf_65, void %arrayidx.i.case.22, i1 %inputBuf_65, void %arrayidx.i.case.21, i1 %inputBuf_65, void %arrayidx.i.case.20, i1 %inputBuf_65, void %arrayidx.i.case.19, i1 %inputBuf_65, void %arrayidx.i.case.18, i1 %inputBuf_65, void %arrayidx.i.case.17, i1 %inputBuf_65, void %arrayidx.i.case.16, i1 %inputBuf_65, void %arrayidx.i.case.15, i1 %inputBuf_65, void %arrayidx.i.case.14, i1 %inputBuf_65, void %arrayidx.i.case.13, i1 %inputBuf_65, void %arrayidx.i.case.12, i1 %inputBuf_65, void %arrayidx.i.case.11, i1 %inputBuf_65, void %arrayidx.i.case.10, i1 %inputBuf_65, void %arrayidx.i.case.9, i1 %inputBuf_65, void %arrayidx.i.case.8, i1 %inputBuf_65, void %arrayidx.i.case.7, i1 %inputBuf_65, void %arrayidx.i.case.6, i1 %inputBuf_65, void %arrayidx.i.case.5, i1 %inputBuf_65, void %arrayidx.i.case.4, i1 %inputBuf_65, void %arrayidx.i.case.3, i1 %inputBuf_65, void %arrayidx.i.case.2, i1 %inputBuf_65, void %arrayidx.i.case.1, i1 %inputBuf_65, void %if.then.i.if.end.i_crit_edge, i1 %inputBuf_65, void %if.then.i.if.end.i_crit_edge2"   --->   Operation 311 'phi' 'inElem' <Predicate = true> <Delay = 0.00>
ST_3 : Operation 312 [1/1] (0.00ns)   --->   "%void_Matrix_Vector_Activate_Batch_stream_stream_FixedPointWeightsSp_const_Thr_5 = load i16 %void_Matrix_Vector_Activate_Batch_stream_stream_FixedPointWeightsSp_const_Thr_4" [/home/coder/Documents/s2n2/finn-hlslib-lif/mvau.hpp:153->/home/coder/Documents/s2n2/finn-hlslib-lif/fclayer.h:110->/home/coder/Desktop/s2n2/convSNN/fc2full_top.cpp:83]   --->   Operation 312 'load' 'void_Matrix_Vector_Activate_Batch_stream_stream_FixedPointWeightsSp_const_Thr_5' <Predicate = (icmp_ln149)> <Delay = 0.00>
ST_3 : Operation 313 [1/1] (0.00ns)   --->   "%void_Matrix_Vector_Activate_Batch_stream_stream_FixedPointWeightsSp_const_Thr_6 = load i16 %void_Matrix_Vector_Activate_Batch_stream_stream_FixedPointWeightsSp_const_Thr_3" [/home/coder/Documents/s2n2/finn-hlslib-lif/mvau.hpp:153->/home/coder/Documents/s2n2/finn-hlslib-lif/fclayer.h:110->/home/coder/Desktop/s2n2/convSNN/fc2full_top.cpp:83]   --->   Operation 313 'load' 'void_Matrix_Vector_Activate_Batch_stream_stream_FixedPointWeightsSp_const_Thr_6' <Predicate = (icmp_ln149)> <Delay = 0.00>
ST_3 : Operation 314 [1/1] (0.00ns)   --->   "%void_Matrix_Vector_Activate_Batch_stream_stream_FixedPointWeightsSp_const_Thr_7 = load i16 %void_Matrix_Vector_Activate_Batch_stream_stream_FixedPointWeightsSp_const_Thr_2" [/home/coder/Documents/s2n2/finn-hlslib-lif/mvau.hpp:153->/home/coder/Documents/s2n2/finn-hlslib-lif/fclayer.h:110->/home/coder/Desktop/s2n2/convSNN/fc2full_top.cpp:83]   --->   Operation 314 'load' 'void_Matrix_Vector_Activate_Batch_stream_stream_FixedPointWeightsSp_const_Thr_7' <Predicate = (icmp_ln149)> <Delay = 0.00>
ST_3 : Operation 315 [1/1] (0.00ns)   --->   "%void_Matrix_Vector_Activate_Batch_stream_stream_FixedPointWeightsSp_const_Thr_8 = load i16 %void_Matrix_Vector_Activate_Batch_stream_stream_FixedPointWeightsSp_const_Thr_1" [/home/coder/Documents/s2n2/finn-hlslib-lif/mvau.hpp:153->/home/coder/Documents/s2n2/finn-hlslib-lif/fclayer.h:110->/home/coder/Desktop/s2n2/convSNN/fc2full_top.cpp:83]   --->   Operation 315 'load' 'void_Matrix_Vector_Activate_Batch_stream_stream_FixedPointWeightsSp_const_Thr_8' <Predicate = (icmp_ln149)> <Delay = 0.00>
ST_3 : Operation 316 [1/1] (0.00ns)   --->   "%void_Matrix_Vector_Activate_Batch_stream_stream_FixedPointWeightsSp_const_Thr_9 = load i16 %void_Matrix_Vector_Activate_Batch_stream_stream_FixedPointWeightsSp_const_Thr" [/home/coder/Documents/s2n2/finn-hlslib-lif/mvau.hpp:153->/home/coder/Documents/s2n2/finn-hlslib-lif/fclayer.h:110->/home/coder/Desktop/s2n2/convSNN/fc2full_top.cpp:83]   --->   Operation 316 'load' 'void_Matrix_Vector_Activate_Batch_stream_stream_FixedPointWeightsSp_const_Thr_9' <Predicate = (icmp_ln149)> <Delay = 0.00>
ST_3 : Operation 317 [1/1] (0.48ns)   --->   "%temp = mux i16 @_ssdm_op_Mux.ap_auto.5i16.i3, i16 %void_Matrix_Vector_Activate_Batch_stream_stream_FixedPointWeightsSp_const_Thr_5, i16 %void_Matrix_Vector_Activate_Batch_stream_stream_FixedPointWeightsSp_const_Thr_6, i16 %void_Matrix_Vector_Activate_Batch_stream_stream_FixedPointWeightsSp_const_Thr_7, i16 %void_Matrix_Vector_Activate_Batch_stream_stream_FixedPointWeightsSp_const_Thr_8, i16 %void_Matrix_Vector_Activate_Batch_stream_stream_FixedPointWeightsSp_const_Thr_9, i3 %trunc_ln123_1" [/home/coder/Documents/s2n2/finn-hlslib-lif/mvau.hpp:153->/home/coder/Documents/s2n2/finn-hlslib-lif/fclayer.h:110->/home/coder/Desktop/s2n2/convSNN/fc2full_top.cpp:83]   --->   Operation 317 'mux' 'temp' <Predicate = (icmp_ln149)> <Delay = 0.48> <CoreInst = "Multiplexer">   --->   Core 76 'Multiplexer' <Latency = 0> <II = 1> <Delay = 0.48> <FuncUnit> <Opcode : 'mux'> <InPorts = 2> <OutPorts = 1>
ST_3 : Operation 318 [1/1] (0.00ns)   --->   "%trunc_ln2 = partselect i12 @_ssdm_op_PartSelect.i12.i16.i32.i32, i16 %temp, i32 3, i32 14" [/home/coder/Documents/s2n2/finn-hlslib-lif/mvau.hpp:155->/home/coder/Documents/s2n2/finn-hlslib-lif/fclayer.h:110->/home/coder/Desktop/s2n2/convSNN/fc2full_top.cpp:83]   --->   Operation 318 'partselect' 'trunc_ln2' <Predicate = (icmp_ln149)> <Delay = 0.00>
ST_3 : Operation 319 [1/1] (0.00ns)   --->   "%sext_ln155 = sext i12 %trunc_ln2" [/home/coder/Documents/s2n2/finn-hlslib-lif/mvau.hpp:155->/home/coder/Documents/s2n2/finn-hlslib-lif/fclayer.h:110->/home/coder/Desktop/s2n2/convSNN/fc2full_top.cpp:83]   --->   Operation 319 'sext' 'sext_ln155' <Predicate = (icmp_ln149)> <Delay = 0.00>
ST_3 : Operation 320 [1/1] (0.78ns)   --->   "%temp_1 = sub i16 %temp, i16 %sext_ln155" [/home/coder/Documents/s2n2/finn-hlslib-lif/mvau.hpp:155->/home/coder/Documents/s2n2/finn-hlslib-lif/fclayer.h:110->/home/coder/Desktop/s2n2/convSNN/fc2full_top.cpp:83]   --->   Operation 320 'sub' 'temp_1' <Predicate = (icmp_ln149)> <Delay = 0.78> <CoreInst = "Adder">   --->   Core 1 'Adder' <Latency = 0> <II = 1> <Delay = 0.78> <FuncUnit> <Opcode : 'add' 'sub'> <InPorts = 2> <OutPorts = 1>
ST_3 : Operation 321 [1/1] (0.38ns)   --->   "%store_ln159 = store i16 %temp_1, i16 %conv_i2_i13_i" [/home/coder/Documents/s2n2/finn-hlslib-lif/mvau.hpp:159->/home/coder/Documents/s2n2/finn-hlslib-lif/fclayer.h:110->/home/coder/Desktop/s2n2/convSNN/fc2full_top.cpp:83]   --->   Operation 321 'store' 'store_ln159' <Predicate = (icmp_ln149)> <Delay = 0.38>
ST_3 : Operation 322 [1/1] (0.00ns)   --->   "%br_ln159 = br void %for.body.i.i_ifconv" [/home/coder/Documents/s2n2/finn-hlslib-lif/mvau.hpp:159->/home/coder/Documents/s2n2/finn-hlslib-lif/fclayer.h:110->/home/coder/Desktop/s2n2/convSNN/fc2full_top.cpp:83]   --->   Operation 322 'br' 'br_ln159' <Predicate = (icmp_ln149)> <Delay = 0.00>
ST_3 : Operation 323 [1/1] (0.00ns)   --->   "%conv_i2_i13_i_load = load i16 %conv_i2_i13_i" [/home/coder/Documents/s2n2/finn-hlslib-lif/mvau.hpp:165->/home/coder/Documents/s2n2/finn-hlslib-lif/fclayer.h:110->/home/coder/Desktop/s2n2/convSNN/fc2full_top.cpp:83]   --->   Operation 323 'load' 'conv_i2_i13_i_load' <Predicate = true> <Delay = 0.00>
ST_3 : Operation 324 [1/2] (0.66ns)   --->   "%value = load i9 %fc2_weights_0_addr" [/home/coder/Documents/s2n2/finn-hlslib-lif/weights.hpp:204->/home/coder/Documents/s2n2/finn-hlslib-lif/mvau.hpp:165->/home/coder/Documents/s2n2/finn-hlslib-lif/fclayer.h:110->/home/coder/Desktop/s2n2/convSNN/fc2full_top.cpp:83]   --->   Operation 324 'load' 'value' <Predicate = true> <Delay = 0.66> <CoreInst = "RAM">   --->   Core 83 'RAM' <Latency = 1> <II = 1> <Delay = 0.66> <Storage> <Opcode : 'load' 'store'> <Ports = 2> <Width = 3> <Depth = 320> <RAM>
ST_3 : Operation 325 [1/1] (0.00ns) (grouped into LUT with out node add_ln165)   --->   "%temp_3 = select i1 %inElem, i3 %value, i3 0" [/home/coder/Documents/s2n2/finn-hlslib-lif/mvau.hpp:142->/home/coder/Documents/s2n2/finn-hlslib-lif/fclayer.h:110->/home/coder/Desktop/s2n2/convSNN/fc2full_top.cpp:83]   --->   Operation 325 'select' 'temp_3' <Predicate = true> <Delay = 0.00> <CoreInst = "Sel">   --->   Core 73 'Sel' <Latency = 0> <II = 1> <Delay = 0.27> <FuncUnit> <Opcode : 'select'> <InPorts = 3> <OutPorts = 1>
ST_3 : Operation 326 [1/1] (0.00ns) (grouped into LUT with out node add_ln165)   --->   "%tmp_1 = bitconcatenate i11 @_ssdm_op_BitConcatenate.i11.i3.i8, i3 %temp_3, i8 0" [/home/coder/Documents/s2n2/finn-hlslib-lif/mvau.hpp:165->/home/coder/Documents/s2n2/finn-hlslib-lif/fclayer.h:110->/home/coder/Desktop/s2n2/convSNN/fc2full_top.cpp:83]   --->   Operation 326 'bitconcatenate' 'tmp_1' <Predicate = true> <Delay = 0.00>
ST_3 : Operation 327 [1/1] (0.00ns) (grouped into LUT with out node add_ln165)   --->   "%sext_ln165 = sext i11 %tmp_1" [/home/coder/Documents/s2n2/finn-hlslib-lif/mvau.hpp:165->/home/coder/Documents/s2n2/finn-hlslib-lif/fclayer.h:110->/home/coder/Desktop/s2n2/convSNN/fc2full_top.cpp:83]   --->   Operation 327 'sext' 'sext_ln165' <Predicate = true> <Delay = 0.00>
ST_3 : Operation 328 [1/1] (0.78ns) (out node of the LUT)   --->   "%add_ln165 = add i16 %sext_ln165, i16 %conv_i2_i13_i_load" [/home/coder/Documents/s2n2/finn-hlslib-lif/mvau.hpp:165->/home/coder/Documents/s2n2/finn-hlslib-lif/fclayer.h:110->/home/coder/Desktop/s2n2/convSNN/fc2full_top.cpp:83]   --->   Operation 328 'add' 'add_ln165' <Predicate = true> <Delay = 0.78> <CoreInst = "Adder">   --->   Core 1 'Adder' <Latency = 0> <II = 1> <Delay = 0.78> <FuncUnit> <Opcode : 'add' 'sub'> <InPorts = 2> <OutPorts = 1>
ST_3 : Operation 329 [1/1] (0.78ns)   --->   "%icmp_ln179 = icmp_sgt  i16 %add_ln165, i16 0" [/home/coder/Documents/s2n2/finn-hlslib-lif/mvau.hpp:179->/home/coder/Documents/s2n2/finn-hlslib-lif/fclayer.h:110->/home/coder/Desktop/s2n2/convSNN/fc2full_top.cpp:83]   --->   Operation 329 'icmp' 'icmp_ln179' <Predicate = (icmp_ln172)> <Delay = 0.78> <CoreInst = "Cmp">   --->   Core 9 'Cmp' <Latency = 0> <II = 1> <Delay = 0.78> <FuncUnit> <Opcode : 'icmp'> <InPorts = 2> <OutPorts = 1>
ST_3 : Operation 330 [1/1] (0.00ns)   --->   "%br_ln179 = br i1 %icmp_ln179, void %if.else71.i, void %_ZN8ap_fixedILi16ELi8EL9ap_q_mode5EL9ap_o_mode3ELi0EEC2Ei.exit.i" [/home/coder/Documents/s2n2/finn-hlslib-lif/mvau.hpp:179->/home/coder/Documents/s2n2/finn-hlslib-lif/fclayer.h:110->/home/coder/Desktop/s2n2/convSNN/fc2full_top.cpp:83]   --->   Operation 330 'br' 'br_ln179' <Predicate = (icmp_ln172)> <Delay = 0.00>
ST_3 : Operation 331 [1/1] (0.67ns)   --->   "%switch_ln184 = switch i3 %trunc_ln123_1, void %arrayidx702.i.case.4, i3 0, void %arrayidx702.i.case.0, i3 1, void %arrayidx702.i.case.1, i3 2, void %arrayidx702.i.case.2, i3 3, void %arrayidx702.i.case.3" [/home/coder/Documents/s2n2/finn-hlslib-lif/mvau.hpp:184->/home/coder/Documents/s2n2/finn-hlslib-lif/fclayer.h:110->/home/coder/Desktop/s2n2/convSNN/fc2full_top.cpp:83]   --->   Operation 331 'switch' 'switch_ln184' <Predicate = (icmp_ln172 & !icmp_ln179)> <Delay = 0.67>
ST_3 : Operation 332 [1/1] (0.38ns)   --->   "%store_ln184 = store i16 %add_ln165, i16 %void_Matrix_Vector_Activate_Batch_stream_stream_FixedPointWeightsSp_const_Thr_1" [/home/coder/Documents/s2n2/finn-hlslib-lif/mvau.hpp:184->/home/coder/Documents/s2n2/finn-hlslib-lif/fclayer.h:110->/home/coder/Desktop/s2n2/convSNN/fc2full_top.cpp:83]   --->   Operation 332 'store' 'store_ln184' <Predicate = (icmp_ln172 & !icmp_ln179 & trunc_ln123_1 == 3)> <Delay = 0.38>
ST_3 : Operation 333 [1/1] (0.00ns)   --->   "%br_ln184 = br void %arrayidx702.i.exit" [/home/coder/Documents/s2n2/finn-hlslib-lif/mvau.hpp:184->/home/coder/Documents/s2n2/finn-hlslib-lif/fclayer.h:110->/home/coder/Desktop/s2n2/convSNN/fc2full_top.cpp:83]   --->   Operation 333 'br' 'br_ln184' <Predicate = (icmp_ln172 & !icmp_ln179 & trunc_ln123_1 == 3)> <Delay = 0.00>
ST_3 : Operation 334 [1/1] (0.38ns)   --->   "%store_ln184 = store i16 %add_ln165, i16 %void_Matrix_Vector_Activate_Batch_stream_stream_FixedPointWeightsSp_const_Thr_2" [/home/coder/Documents/s2n2/finn-hlslib-lif/mvau.hpp:184->/home/coder/Documents/s2n2/finn-hlslib-lif/fclayer.h:110->/home/coder/Desktop/s2n2/convSNN/fc2full_top.cpp:83]   --->   Operation 334 'store' 'store_ln184' <Predicate = (icmp_ln172 & !icmp_ln179 & trunc_ln123_1 == 2)> <Delay = 0.38>
ST_3 : Operation 335 [1/1] (0.00ns)   --->   "%br_ln184 = br void %arrayidx702.i.exit" [/home/coder/Documents/s2n2/finn-hlslib-lif/mvau.hpp:184->/home/coder/Documents/s2n2/finn-hlslib-lif/fclayer.h:110->/home/coder/Desktop/s2n2/convSNN/fc2full_top.cpp:83]   --->   Operation 335 'br' 'br_ln184' <Predicate = (icmp_ln172 & !icmp_ln179 & trunc_ln123_1 == 2)> <Delay = 0.00>
ST_3 : Operation 336 [1/1] (0.38ns)   --->   "%store_ln184 = store i16 %add_ln165, i16 %void_Matrix_Vector_Activate_Batch_stream_stream_FixedPointWeightsSp_const_Thr_3" [/home/coder/Documents/s2n2/finn-hlslib-lif/mvau.hpp:184->/home/coder/Documents/s2n2/finn-hlslib-lif/fclayer.h:110->/home/coder/Desktop/s2n2/convSNN/fc2full_top.cpp:83]   --->   Operation 336 'store' 'store_ln184' <Predicate = (icmp_ln172 & !icmp_ln179 & trunc_ln123_1 == 1)> <Delay = 0.38>
ST_3 : Operation 337 [1/1] (0.00ns)   --->   "%br_ln184 = br void %arrayidx702.i.exit" [/home/coder/Documents/s2n2/finn-hlslib-lif/mvau.hpp:184->/home/coder/Documents/s2n2/finn-hlslib-lif/fclayer.h:110->/home/coder/Desktop/s2n2/convSNN/fc2full_top.cpp:83]   --->   Operation 337 'br' 'br_ln184' <Predicate = (icmp_ln172 & !icmp_ln179 & trunc_ln123_1 == 1)> <Delay = 0.00>
ST_3 : Operation 338 [1/1] (0.38ns)   --->   "%store_ln184 = store i16 %add_ln165, i16 %void_Matrix_Vector_Activate_Batch_stream_stream_FixedPointWeightsSp_const_Thr_4" [/home/coder/Documents/s2n2/finn-hlslib-lif/mvau.hpp:184->/home/coder/Documents/s2n2/finn-hlslib-lif/fclayer.h:110->/home/coder/Desktop/s2n2/convSNN/fc2full_top.cpp:83]   --->   Operation 338 'store' 'store_ln184' <Predicate = (icmp_ln172 & !icmp_ln179 & trunc_ln123_1 == 0)> <Delay = 0.38>
ST_3 : Operation 339 [1/1] (0.00ns)   --->   "%br_ln184 = br void %arrayidx702.i.exit" [/home/coder/Documents/s2n2/finn-hlslib-lif/mvau.hpp:184->/home/coder/Documents/s2n2/finn-hlslib-lif/fclayer.h:110->/home/coder/Desktop/s2n2/convSNN/fc2full_top.cpp:83]   --->   Operation 339 'br' 'br_ln184' <Predicate = (icmp_ln172 & !icmp_ln179 & trunc_ln123_1 == 0)> <Delay = 0.00>
ST_3 : Operation 340 [1/1] (0.38ns)   --->   "%store_ln184 = store i16 %add_ln165, i16 %void_Matrix_Vector_Activate_Batch_stream_stream_FixedPointWeightsSp_const_Thr" [/home/coder/Documents/s2n2/finn-hlslib-lif/mvau.hpp:184->/home/coder/Documents/s2n2/finn-hlslib-lif/fclayer.h:110->/home/coder/Desktop/s2n2/convSNN/fc2full_top.cpp:83]   --->   Operation 340 'store' 'store_ln184' <Predicate = (icmp_ln172 & !icmp_ln179 & trunc_ln123_1 != 0 & trunc_ln123_1 != 1 & trunc_ln123_1 != 2 & trunc_ln123_1 != 3)> <Delay = 0.38>
ST_3 : Operation 341 [1/1] (0.00ns)   --->   "%br_ln184 = br void %arrayidx702.i.exit" [/home/coder/Documents/s2n2/finn-hlslib-lif/mvau.hpp:184->/home/coder/Documents/s2n2/finn-hlslib-lif/fclayer.h:110->/home/coder/Desktop/s2n2/convSNN/fc2full_top.cpp:83]   --->   Operation 341 'br' 'br_ln184' <Predicate = (icmp_ln172 & !icmp_ln179 & trunc_ln123_1 != 0 & trunc_ln123_1 != 1 & trunc_ln123_1 != 2 & trunc_ln123_1 != 3)> <Delay = 0.00>
ST_3 : Operation 342 [1/1] (0.38ns)   --->   "%br_ln0 = br void %for.inc83.i"   --->   Operation 342 'br' 'br_ln0' <Predicate = (!icmp_ln131 & icmp_ln172 & !icmp_ln179)> <Delay = 0.38>
ST_3 : Operation 343 [1/1] (0.67ns)   --->   "%switch_ln181 = switch i3 %trunc_ln123_1, void %arrayidx702.i.case.48, i3 0, void %arrayidx702.i.case.04, i3 1, void %arrayidx702.i.case.15, i3 2, void %arrayidx702.i.case.26, i3 3, void %arrayidx702.i.case.37" [/home/coder/Documents/s2n2/finn-hlslib-lif/mvau.hpp:181->/home/coder/Documents/s2n2/finn-hlslib-lif/fclayer.h:110->/home/coder/Desktop/s2n2/convSNN/fc2full_top.cpp:83]   --->   Operation 343 'switch' 'switch_ln181' <Predicate = (icmp_ln172 & icmp_ln179)> <Delay = 0.67>
ST_3 : Operation 344 [1/1] (0.38ns)   --->   "%store_ln181 = store i16 0, i16 %void_Matrix_Vector_Activate_Batch_stream_stream_FixedPointWeightsSp_const_Thr_1" [/home/coder/Documents/s2n2/finn-hlslib-lif/mvau.hpp:181->/home/coder/Documents/s2n2/finn-hlslib-lif/fclayer.h:110->/home/coder/Desktop/s2n2/convSNN/fc2full_top.cpp:83]   --->   Operation 344 'store' 'store_ln181' <Predicate = (icmp_ln172 & icmp_ln179 & trunc_ln123_1 == 3)> <Delay = 0.38>
ST_3 : Operation 345 [1/1] (0.00ns)   --->   "%br_ln181 = br void %arrayidx702.i.exit3" [/home/coder/Documents/s2n2/finn-hlslib-lif/mvau.hpp:181->/home/coder/Documents/s2n2/finn-hlslib-lif/fclayer.h:110->/home/coder/Desktop/s2n2/convSNN/fc2full_top.cpp:83]   --->   Operation 345 'br' 'br_ln181' <Predicate = (icmp_ln172 & icmp_ln179 & trunc_ln123_1 == 3)> <Delay = 0.00>
ST_3 : Operation 346 [1/1] (0.38ns)   --->   "%store_ln181 = store i16 0, i16 %void_Matrix_Vector_Activate_Batch_stream_stream_FixedPointWeightsSp_const_Thr_2" [/home/coder/Documents/s2n2/finn-hlslib-lif/mvau.hpp:181->/home/coder/Documents/s2n2/finn-hlslib-lif/fclayer.h:110->/home/coder/Desktop/s2n2/convSNN/fc2full_top.cpp:83]   --->   Operation 346 'store' 'store_ln181' <Predicate = (icmp_ln172 & icmp_ln179 & trunc_ln123_1 == 2)> <Delay = 0.38>
ST_3 : Operation 347 [1/1] (0.00ns)   --->   "%br_ln181 = br void %arrayidx702.i.exit3" [/home/coder/Documents/s2n2/finn-hlslib-lif/mvau.hpp:181->/home/coder/Documents/s2n2/finn-hlslib-lif/fclayer.h:110->/home/coder/Desktop/s2n2/convSNN/fc2full_top.cpp:83]   --->   Operation 347 'br' 'br_ln181' <Predicate = (icmp_ln172 & icmp_ln179 & trunc_ln123_1 == 2)> <Delay = 0.00>
ST_3 : Operation 348 [1/1] (0.38ns)   --->   "%store_ln181 = store i16 0, i16 %void_Matrix_Vector_Activate_Batch_stream_stream_FixedPointWeightsSp_const_Thr_3" [/home/coder/Documents/s2n2/finn-hlslib-lif/mvau.hpp:181->/home/coder/Documents/s2n2/finn-hlslib-lif/fclayer.h:110->/home/coder/Desktop/s2n2/convSNN/fc2full_top.cpp:83]   --->   Operation 348 'store' 'store_ln181' <Predicate = (icmp_ln172 & icmp_ln179 & trunc_ln123_1 == 1)> <Delay = 0.38>
ST_3 : Operation 349 [1/1] (0.00ns)   --->   "%br_ln181 = br void %arrayidx702.i.exit3" [/home/coder/Documents/s2n2/finn-hlslib-lif/mvau.hpp:181->/home/coder/Documents/s2n2/finn-hlslib-lif/fclayer.h:110->/home/coder/Desktop/s2n2/convSNN/fc2full_top.cpp:83]   --->   Operation 349 'br' 'br_ln181' <Predicate = (icmp_ln172 & icmp_ln179 & trunc_ln123_1 == 1)> <Delay = 0.00>
ST_3 : Operation 350 [1/1] (0.38ns)   --->   "%store_ln181 = store i16 0, i16 %void_Matrix_Vector_Activate_Batch_stream_stream_FixedPointWeightsSp_const_Thr_4" [/home/coder/Documents/s2n2/finn-hlslib-lif/mvau.hpp:181->/home/coder/Documents/s2n2/finn-hlslib-lif/fclayer.h:110->/home/coder/Desktop/s2n2/convSNN/fc2full_top.cpp:83]   --->   Operation 350 'store' 'store_ln181' <Predicate = (icmp_ln172 & icmp_ln179 & trunc_ln123_1 == 0)> <Delay = 0.38>
ST_3 : Operation 351 [1/1] (0.00ns)   --->   "%br_ln181 = br void %arrayidx702.i.exit3" [/home/coder/Documents/s2n2/finn-hlslib-lif/mvau.hpp:181->/home/coder/Documents/s2n2/finn-hlslib-lif/fclayer.h:110->/home/coder/Desktop/s2n2/convSNN/fc2full_top.cpp:83]   --->   Operation 351 'br' 'br_ln181' <Predicate = (icmp_ln172 & icmp_ln179 & trunc_ln123_1 == 0)> <Delay = 0.00>
ST_3 : Operation 352 [1/1] (0.38ns)   --->   "%store_ln181 = store i16 0, i16 %void_Matrix_Vector_Activate_Batch_stream_stream_FixedPointWeightsSp_const_Thr" [/home/coder/Documents/s2n2/finn-hlslib-lif/mvau.hpp:181->/home/coder/Documents/s2n2/finn-hlslib-lif/fclayer.h:110->/home/coder/Desktop/s2n2/convSNN/fc2full_top.cpp:83]   --->   Operation 352 'store' 'store_ln181' <Predicate = (icmp_ln172 & icmp_ln179 & trunc_ln123_1 != 0 & trunc_ln123_1 != 1 & trunc_ln123_1 != 2 & trunc_ln123_1 != 3)> <Delay = 0.38>
ST_3 : Operation 353 [1/1] (0.00ns)   --->   "%br_ln181 = br void %arrayidx702.i.exit3" [/home/coder/Documents/s2n2/finn-hlslib-lif/mvau.hpp:181->/home/coder/Documents/s2n2/finn-hlslib-lif/fclayer.h:110->/home/coder/Desktop/s2n2/convSNN/fc2full_top.cpp:83]   --->   Operation 353 'br' 'br_ln181' <Predicate = (icmp_ln172 & icmp_ln179 & trunc_ln123_1 != 0 & trunc_ln123_1 != 1 & trunc_ln123_1 != 2 & trunc_ln123_1 != 3)> <Delay = 0.00>
ST_3 : Operation 354 [1/1] (0.38ns)   --->   "%br_ln182 = br void %for.inc83.i" [/home/coder/Documents/s2n2/finn-hlslib-lif/mvau.hpp:182->/home/coder/Documents/s2n2/finn-hlslib-lif/fclayer.h:110->/home/coder/Desktop/s2n2/convSNN/fc2full_top.cpp:83]   --->   Operation 354 'br' 'br_ln182' <Predicate = (!icmp_ln131 & icmp_ln172 & icmp_ln179)> <Delay = 0.38>
ST_3 : Operation 355 [1/1] (0.00ns)   --->   "%outElem = phi i1 1, void %arrayidx702.i.exit3, i1 0, void %arrayidx702.i.exit"   --->   Operation 355 'phi' 'outElem' <Predicate = (icmp_ln172)> <Delay = 0.00>
ST_3 : Operation 356 [1/1] (1.48ns)   --->   "%write_ln187 = write void @_ssdm_op_Write.ap_fifo.volatile.i1P0A, i1 %out_stream, i1 %outElem" [/home/coder/Documents/s2n2/finn-hlslib-lif/mvau.hpp:187->/home/coder/Documents/s2n2/finn-hlslib-lif/fclayer.h:110->/home/coder/Desktop/s2n2/convSNN/fc2full_top.cpp:83]   --->   Operation 356 'write' 'write_ln187' <Predicate = (icmp_ln172)> <Delay = 1.48> <CoreInst = "FIFO_SRL">   --->   Core 81 'FIFO_SRL' <Latency = 0> <II = 1> <Delay = 1.48> <Storage> <Opcode : 'read' 'write' 'nbread' 'nbwrite'> <Ports = 0> <Width = 1> <Depth = 16> <FIFO>
ST_3 : Operation 357 [1/1] (0.00ns)   --->   "%br_ln196 = br void %for.inc93.i" [/home/coder/Documents/s2n2/finn-hlslib-lif/mvau.hpp:196->/home/coder/Documents/s2n2/finn-hlslib-lif/fclayer.h:110->/home/coder/Desktop/s2n2/convSNN/fc2full_top.cpp:83]   --->   Operation 357 'br' 'br_ln196' <Predicate = (icmp_ln172)> <Delay = 0.00>
ST_3 : Operation 358 [1/1] (0.38ns)   --->   "%store_ln131 = store i16 %add_ln165, i16 %conv_i2_i13_i" [/home/coder/Documents/s2n2/finn-hlslib-lif/mvau.hpp:131->/home/coder/Documents/s2n2/finn-hlslib-lif/fclayer.h:110->/home/coder/Desktop/s2n2/convSNN/fc2full_top.cpp:83]   --->   Operation 358 'store' 'store_ln131' <Predicate = true> <Delay = 0.38>
ST_3 : Operation 359 [1/1] (0.00ns)   --->   "%br_ln131 = br void %for.body.i" [/home/coder/Documents/s2n2/finn-hlslib-lif/mvau.hpp:131->/home/coder/Documents/s2n2/finn-hlslib-lif/fclayer.h:110->/home/coder/Desktop/s2n2/convSNN/fc2full_top.cpp:83]   --->   Operation 359 'br' 'br_ln131' <Predicate = true> <Delay = 0.00>


============================================================
+ Verbose Summary: Binding
============================================================
STG Binding: 
---------------- STG Properties BEGIN ----------------
- Is combinational: 0
- Is one-state seq: 0
- Is datapath-only: 0
- Is pipelined: 0
- Is top level: 0
Port [ Return ] is wired: 1; IO mode=ap_ctrl_hs:ce=0
Port [ in_stream]:  wired=1; compound=1; hidden=0; nouse=0; global=0; static=0; extern=0; dir=0; type=3; pingpong=0; private_global=0; IO mode=ap_fifo:ce=0
Port [ out_stream]:  wired=1; compound=1; hidden=0; nouse=0; global=0; static=0; extern=0; dir=1; type=3; pingpong=0; private_global=0; IO mode=ap_fifo:ce=0
Port [ fc2_weights_0]:  wired=1; compound=1; hidden=0; nouse=0; global=1; static=1; extern=0; dir=0; type=1; pingpong=0; private_global=0; MemPort=[13]; IO mode=ap_memory:ce=0
Port [ void_Matrix_Vector_Activate_Batch_stream_stream_FixedPointWeightsSp_const_Thr_4]:  wired=0; compound=0; hidden=1; nouse=0; global=1; static=1; extern=0; dir=2; type=0; pingpong=0; private_global=1; IO mode=ap_ovld:ce=0
Port [ void_Matrix_Vector_Activate_Batch_stream_stream_FixedPointWeightsSp_const_Thr_3]:  wired=0; compound=0; hidden=1; nouse=0; global=1; static=1; extern=0; dir=2; type=0; pingpong=0; private_global=1; IO mode=ap_ovld:ce=0
Port [ void_Matrix_Vector_Activate_Batch_stream_stream_FixedPointWeightsSp_const_Thr_2]:  wired=0; compound=0; hidden=1; nouse=0; global=1; static=1; extern=0; dir=2; type=0; pingpong=0; private_global=1; IO mode=ap_ovld:ce=0
Port [ void_Matrix_Vector_Activate_Batch_stream_stream_FixedPointWeightsSp_const_Thr_1]:  wired=0; compound=0; hidden=1; nouse=0; global=1; static=1; extern=0; dir=2; type=0; pingpong=0; private_global=1; IO mode=ap_ovld:ce=0
Port [ void_Matrix_Vector_Activate_Batch_stream_stream_FixedPointWeightsSp_const_Thr]:  wired=0; compound=0; hidden=1; nouse=0; global=1; static=1; extern=0; dir=2; type=0; pingpong=0; private_global=1; IO mode=ap_ovld:ce=0
---------------- STG Properties END ------------------

---------------- Datapath Model BEGIN ----------------

<LifeTime>
<method=bitvector/>
sf                                                                              (alloca           ) [ 0110]
tile                                                                            (alloca           ) [ 0110]
i_1                                                                             (alloca           ) [ 0110]
inputBuf                                                                        (alloca           ) [ 0111]
inputBuf_1                                                                      (alloca           ) [ 0111]
inputBuf_2                                                                      (alloca           ) [ 0111]
inputBuf_3                                                                      (alloca           ) [ 0111]
inputBuf_4                                                                      (alloca           ) [ 0111]
inputBuf_5                                                                      (alloca           ) [ 0111]
inputBuf_6                                                                      (alloca           ) [ 0111]
inputBuf_7                                                                      (alloca           ) [ 0111]
inputBuf_8                                                                      (alloca           ) [ 0111]
inputBuf_9                                                                      (alloca           ) [ 0111]
inputBuf_10                                                                     (alloca           ) [ 0111]
inputBuf_11                                                                     (alloca           ) [ 0111]
inputBuf_12                                                                     (alloca           ) [ 0111]
inputBuf_13                                                                     (alloca           ) [ 0111]
inputBuf_14                                                                     (alloca           ) [ 0111]
inputBuf_15                                                                     (alloca           ) [ 0111]
inputBuf_16                                                                     (alloca           ) [ 0111]
inputBuf_17                                                                     (alloca           ) [ 0111]
inputBuf_18                                                                     (alloca           ) [ 0111]
inputBuf_19                                                                     (alloca           ) [ 0111]
inputBuf_20                                                                     (alloca           ) [ 0111]
inputBuf_21                                                                     (alloca           ) [ 0111]
inputBuf_22                                                                     (alloca           ) [ 0111]
inputBuf_23                                                                     (alloca           ) [ 0111]
inputBuf_24                                                                     (alloca           ) [ 0111]
inputBuf_25                                                                     (alloca           ) [ 0111]
inputBuf_26                                                                     (alloca           ) [ 0111]
inputBuf_27                                                                     (alloca           ) [ 0111]
inputBuf_28                                                                     (alloca           ) [ 0111]
inputBuf_29                                                                     (alloca           ) [ 0111]
inputBuf_30                                                                     (alloca           ) [ 0111]
inputBuf_31                                                                     (alloca           ) [ 0111]
inputBuf_32                                                                     (alloca           ) [ 0111]
inputBuf_33                                                                     (alloca           ) [ 0111]
inputBuf_34                                                                     (alloca           ) [ 0111]
inputBuf_35                                                                     (alloca           ) [ 0111]
inputBuf_36                                                                     (alloca           ) [ 0111]
inputBuf_37                                                                     (alloca           ) [ 0111]
inputBuf_38                                                                     (alloca           ) [ 0111]
inputBuf_39                                                                     (alloca           ) [ 0111]
inputBuf_40                                                                     (alloca           ) [ 0111]
inputBuf_41                                                                     (alloca           ) [ 0111]
inputBuf_42                                                                     (alloca           ) [ 0111]
inputBuf_43                                                                     (alloca           ) [ 0111]
inputBuf_44                                                                     (alloca           ) [ 0111]
inputBuf_45                                                                     (alloca           ) [ 0111]
inputBuf_46                                                                     (alloca           ) [ 0111]
inputBuf_47                                                                     (alloca           ) [ 0111]
inputBuf_48                                                                     (alloca           ) [ 0111]
inputBuf_49                                                                     (alloca           ) [ 0111]
inputBuf_50                                                                     (alloca           ) [ 0111]
inputBuf_51                                                                     (alloca           ) [ 0111]
inputBuf_52                                                                     (alloca           ) [ 0111]
inputBuf_53                                                                     (alloca           ) [ 0111]
inputBuf_54                                                                     (alloca           ) [ 0111]
inputBuf_55                                                                     (alloca           ) [ 0111]
inputBuf_56                                                                     (alloca           ) [ 0111]
inputBuf_57                                                                     (alloca           ) [ 0111]
inputBuf_58                                                                     (alloca           ) [ 0111]
inputBuf_59                                                                     (alloca           ) [ 0111]
inputBuf_60                                                                     (alloca           ) [ 0111]
inputBuf_61                                                                     (alloca           ) [ 0111]
inputBuf_62                                                                     (alloca           ) [ 0111]
inputBuf_63                                                                     (alloca           ) [ 0111]
nf                                                                              (alloca           ) [ 0110]
conv_i2_i13_i                                                                   (alloca           ) [ 0111]
specinterface_ln0                                                               (specinterface    ) [ 0000]
specinterface_ln0                                                               (specinterface    ) [ 0000]
store_ln0                                                                       (store            ) [ 0000]
store_ln0                                                                       (store            ) [ 0000]
store_ln0                                                                       (store            ) [ 0000]
store_ln0                                                                       (store            ) [ 0000]
br_ln0                                                                          (br               ) [ 0000]
sf_2                                                                            (load             ) [ 0000]
i                                                                               (load             ) [ 0000]
nf_3                                                                            (load             ) [ 0000]
icmp_ln131                                                                      (icmp             ) [ 0111]
i_2                                                                             (add              ) [ 0000]
br_ln131                                                                        (br               ) [ 0000]
specpipeline_ln132                                                              (specpipeline     ) [ 0000]
speclooptripcount_ln111                                                         (speclooptripcount) [ 0000]
specloopname_ln131                                                              (specloopname     ) [ 0000]
trunc_ln123                                                                     (trunc            ) [ 0101]
trunc_ln123_1                                                                   (trunc            ) [ 0101]
icmp_ln134                                                                      (icmp             ) [ 0101]
br_ln134                                                                        (br               ) [ 0000]
icmp_ln149                                                                      (icmp             ) [ 0101]
br_ln149                                                                        (br               ) [ 0000]
tile_load                                                                       (load             ) [ 0000]
idxprom4_i_i                                                                    (zext             ) [ 0000]
fc2_weights_0_addr                                                              (getelementptr    ) [ 0101]
tile_1                                                                          (add              ) [ 0000]
sf_3                                                                            (add              ) [ 0000]
icmp_ln172                                                                      (icmp             ) [ 0111]
br_ln172                                                                        (br               ) [ 0000]
store_ln172                                                                     (store            ) [ 0000]
store_ln172                                                                     (store            ) [ 0000]
br_ln172                                                                        (br               ) [ 0000]
nf_4                                                                            (add              ) [ 0000]
icmp_ln192                                                                      (icmp             ) [ 0000]
nf_5                                                                            (select           ) [ 0000]
tile_2                                                                          (select           ) [ 0000]
store_ln196                                                                     (store            ) [ 0000]
store_ln196                                                                     (store            ) [ 0000]
store_ln196                                                                     (store            ) [ 0000]
store_ln131                                                                     (store            ) [ 0000]
inputBuf_load                                                                   (load             ) [ 0000]
inputBuf_1_load                                                                 (load             ) [ 0000]
inputBuf_2_load                                                                 (load             ) [ 0000]
inputBuf_3_load                                                                 (load             ) [ 0000]
inputBuf_4_load                                                                 (load             ) [ 0000]
inputBuf_5_load                                                                 (load             ) [ 0000]
inputBuf_6_load                                                                 (load             ) [ 0000]
inputBuf_7_load                                                                 (load             ) [ 0000]
inputBuf_8_load                                                                 (load             ) [ 0000]
inputBuf_9_load                                                                 (load             ) [ 0000]
inputBuf_10_load                                                                (load             ) [ 0000]
inputBuf_11_load                                                                (load             ) [ 0000]
inputBuf_12_load                                                                (load             ) [ 0000]
inputBuf_13_load                                                                (load             ) [ 0000]
inputBuf_14_load                                                                (load             ) [ 0000]
inputBuf_15_load                                                                (load             ) [ 0000]
inputBuf_16_load                                                                (load             ) [ 0000]
inputBuf_17_load                                                                (load             ) [ 0000]
inputBuf_18_load                                                                (load             ) [ 0000]
inputBuf_19_load                                                                (load             ) [ 0000]
inputBuf_20_load                                                                (load             ) [ 0000]
inputBuf_21_load                                                                (load             ) [ 0000]
inputBuf_22_load                                                                (load             ) [ 0000]
inputBuf_23_load                                                                (load             ) [ 0000]
inputBuf_24_load                                                                (load             ) [ 0000]
inputBuf_25_load                                                                (load             ) [ 0000]
inputBuf_26_load                                                                (load             ) [ 0000]
inputBuf_27_load                                                                (load             ) [ 0000]
inputBuf_28_load                                                                (load             ) [ 0000]
inputBuf_29_load                                                                (load             ) [ 0000]
inputBuf_30_load                                                                (load             ) [ 0000]
inputBuf_31_load                                                                (load             ) [ 0000]
inputBuf_32_load                                                                (load             ) [ 0000]
inputBuf_33_load                                                                (load             ) [ 0000]
inputBuf_34_load                                                                (load             ) [ 0000]
inputBuf_35_load                                                                (load             ) [ 0000]
inputBuf_36_load                                                                (load             ) [ 0000]
inputBuf_37_load                                                                (load             ) [ 0000]
inputBuf_38_load                                                                (load             ) [ 0000]
inputBuf_39_load                                                                (load             ) [ 0000]
inputBuf_40_load                                                                (load             ) [ 0000]
inputBuf_41_load                                                                (load             ) [ 0000]
inputBuf_42_load                                                                (load             ) [ 0000]
inputBuf_43_load                                                                (load             ) [ 0000]
inputBuf_44_load                                                                (load             ) [ 0000]
inputBuf_45_load                                                                (load             ) [ 0000]
inputBuf_46_load                                                                (load             ) [ 0000]
inputBuf_47_load                                                                (load             ) [ 0000]
inputBuf_48_load                                                                (load             ) [ 0000]
inputBuf_49_load                                                                (load             ) [ 0000]
inputBuf_50_load                                                                (load             ) [ 0000]
inputBuf_51_load                                                                (load             ) [ 0000]
inputBuf_52_load                                                                (load             ) [ 0000]
inputBuf_53_load                                                                (load             ) [ 0000]
inputBuf_54_load                                                                (load             ) [ 0000]
inputBuf_55_load                                                                (load             ) [ 0000]
inputBuf_56_load                                                                (load             ) [ 0000]
inputBuf_57_load                                                                (load             ) [ 0000]
inputBuf_58_load                                                                (load             ) [ 0000]
inputBuf_59_load                                                                (load             ) [ 0000]
inputBuf_60_load                                                                (load             ) [ 0000]
inputBuf_61_load                                                                (load             ) [ 0000]
inputBuf_62_load                                                                (load             ) [ 0000]
inputBuf_63_load                                                                (load             ) [ 0000]
inElem_1                                                                        (mux              ) [ 0000]
br_ln0                                                                          (br               ) [ 0000]
inputBuf_65                                                                     (read             ) [ 0000]
switch_ln138                                                                    (switch           ) [ 0000]
store_ln138                                                                     (store            ) [ 0000]
br_ln138                                                                        (br               ) [ 0000]
store_ln138                                                                     (store            ) [ 0000]
br_ln138                                                                        (br               ) [ 0000]
store_ln138                                                                     (store            ) [ 0000]
br_ln138                                                                        (br               ) [ 0000]
store_ln138                                                                     (store            ) [ 0000]
br_ln138                                                                        (br               ) [ 0000]
store_ln138                                                                     (store            ) [ 0000]
br_ln138                                                                        (br               ) [ 0000]
store_ln138                                                                     (store            ) [ 0000]
br_ln138                                                                        (br               ) [ 0000]
store_ln138                                                                     (store            ) [ 0000]
br_ln138                                                                        (br               ) [ 0000]
store_ln138                                                                     (store            ) [ 0000]
br_ln138                                                                        (br               ) [ 0000]
store_ln138                                                                     (store            ) [ 0000]
br_ln138                                                                        (br               ) [ 0000]
store_ln138                                                                     (store            ) [ 0000]
br_ln138                                                                        (br               ) [ 0000]
store_ln138                                                                     (store            ) [ 0000]
br_ln138                                                                        (br               ) [ 0000]
store_ln138                                                                     (store            ) [ 0000]
br_ln138                                                                        (br               ) [ 0000]
store_ln138                                                                     (store            ) [ 0000]
br_ln138                                                                        (br               ) [ 0000]
store_ln138                                                                     (store            ) [ 0000]
br_ln138                                                                        (br               ) [ 0000]
store_ln138                                                                     (store            ) [ 0000]
br_ln138                                                                        (br               ) [ 0000]
store_ln138                                                                     (store            ) [ 0000]
br_ln138                                                                        (br               ) [ 0000]
store_ln138                                                                     (store            ) [ 0000]
br_ln138                                                                        (br               ) [ 0000]
store_ln138                                                                     (store            ) [ 0000]
br_ln138                                                                        (br               ) [ 0000]
store_ln138                                                                     (store            ) [ 0000]
br_ln138                                                                        (br               ) [ 0000]
store_ln138                                                                     (store            ) [ 0000]
br_ln138                                                                        (br               ) [ 0000]
store_ln138                                                                     (store            ) [ 0000]
br_ln138                                                                        (br               ) [ 0000]
store_ln138                                                                     (store            ) [ 0000]
br_ln138                                                                        (br               ) [ 0000]
store_ln138                                                                     (store            ) [ 0000]
br_ln138                                                                        (br               ) [ 0000]
store_ln138                                                                     (store            ) [ 0000]
br_ln138                                                                        (br               ) [ 0000]
store_ln138                                                                     (store            ) [ 0000]
br_ln138                                                                        (br               ) [ 0000]
store_ln138                                                                     (store            ) [ 0000]
br_ln138                                                                        (br               ) [ 0000]
store_ln138                                                                     (store            ) [ 0000]
br_ln138                                                                        (br               ) [ 0000]
store_ln138                                                                     (store            ) [ 0000]
br_ln138                                                                        (br               ) [ 0000]
store_ln138                                                                     (store            ) [ 0000]
br_ln138                                                                        (br               ) [ 0000]
store_ln138                                                                     (store            ) [ 0000]
br_ln138                                                                        (br               ) [ 0000]
store_ln138                                                                     (store            ) [ 0000]
br_ln138                                                                        (br               ) [ 0000]
store_ln138                                                                     (store            ) [ 0000]
br_ln138                                                                        (br               ) [ 0000]
store_ln138                                                                     (store            ) [ 0000]
br_ln138                                                                        (br               ) [ 0000]
store_ln138                                                                     (store            ) [ 0000]
br_ln138                                                                        (br               ) [ 0000]
store_ln138                                                                     (store            ) [ 0000]
br_ln138                                                                        (br               ) [ 0000]
store_ln138                                                                     (store            ) [ 0000]
br_ln138                                                                        (br               ) [ 0000]
store_ln138                                                                     (store            ) [ 0000]
br_ln138                                                                        (br               ) [ 0000]
store_ln138                                                                     (store            ) [ 0000]
br_ln138                                                                        (br               ) [ 0000]
store_ln138                                                                     (store            ) [ 0000]
br_ln138                                                                        (br               ) [ 0000]
store_ln138                                                                     (store            ) [ 0000]
br_ln138                                                                        (br               ) [ 0000]
store_ln138                                                                     (store            ) [ 0000]
br_ln138                                                                        (br               ) [ 0000]
store_ln138                                                                     (store            ) [ 0000]
br_ln138                                                                        (br               ) [ 0000]
store_ln138                                                                     (store            ) [ 0000]
br_ln138                                                                        (br               ) [ 0000]
store_ln138                                                                     (store            ) [ 0000]
br_ln138                                                                        (br               ) [ 0000]
store_ln138                                                                     (store            ) [ 0000]
br_ln138                                                                        (br               ) [ 0000]
store_ln138                                                                     (store            ) [ 0000]
br_ln138                                                                        (br               ) [ 0000]
store_ln138                                                                     (store            ) [ 0000]
br_ln138                                                                        (br               ) [ 0000]
store_ln138                                                                     (store            ) [ 0000]
br_ln138                                                                        (br               ) [ 0000]
store_ln138                                                                     (store            ) [ 0000]
br_ln138                                                                        (br               ) [ 0000]
store_ln138                                                                     (store            ) [ 0000]
br_ln138                                                                        (br               ) [ 0000]
store_ln138                                                                     (store            ) [ 0000]
br_ln138                                                                        (br               ) [ 0000]
store_ln138                                                                     (store            ) [ 0000]
br_ln138                                                                        (br               ) [ 0000]
store_ln138                                                                     (store            ) [ 0000]
br_ln138                                                                        (br               ) [ 0000]
store_ln138                                                                     (store            ) [ 0000]
br_ln138                                                                        (br               ) [ 0000]
store_ln138                                                                     (store            ) [ 0000]
br_ln138                                                                        (br               ) [ 0000]
store_ln138                                                                     (store            ) [ 0000]
br_ln138                                                                        (br               ) [ 0000]
store_ln138                                                                     (store            ) [ 0000]
br_ln138                                                                        (br               ) [ 0000]
store_ln138                                                                     (store            ) [ 0000]
br_ln138                                                                        (br               ) [ 0000]
store_ln138                                                                     (store            ) [ 0000]
br_ln138                                                                        (br               ) [ 0000]
store_ln138                                                                     (store            ) [ 0000]
br_ln138                                                                        (br               ) [ 0000]
store_ln138                                                                     (store            ) [ 0000]
br_ln138                                                                        (br               ) [ 0000]
store_ln138                                                                     (store            ) [ 0000]
br_ln138                                                                        (br               ) [ 0000]
store_ln138                                                                     (store            ) [ 0000]
br_ln138                                                                        (br               ) [ 0000]
store_ln138                                                                     (store            ) [ 0000]
br_ln138                                                                        (br               ) [ 0000]
inElem                                                                          (phi              ) [ 0000]
void_Matrix_Vector_Activate_Batch_stream_stream_FixedPointWeightsSp_const_Thr_5 (load             ) [ 0000]
void_Matrix_Vector_Activate_Batch_stream_stream_FixedPointWeightsSp_const_Thr_6 (load             ) [ 0000]
void_Matrix_Vector_Activate_Batch_stream_stream_FixedPointWeightsSp_const_Thr_7 (load             ) [ 0000]
void_Matrix_Vector_Activate_Batch_stream_stream_FixedPointWeightsSp_const_Thr_8 (load             ) [ 0000]
void_Matrix_Vector_Activate_Batch_stream_stream_FixedPointWeightsSp_const_Thr_9 (load             ) [ 0000]
temp                                                                            (mux              ) [ 0000]
trunc_ln2                                                                       (partselect       ) [ 0000]
sext_ln155                                                                      (sext             ) [ 0000]
temp_1                                                                          (sub              ) [ 0000]
store_ln159                                                                     (store            ) [ 0000]
br_ln159                                                                        (br               ) [ 0000]
conv_i2_i13_i_load                                                              (load             ) [ 0000]
value                                                                           (load             ) [ 0000]
temp_3                                                                          (select           ) [ 0000]
tmp_1                                                                           (bitconcatenate   ) [ 0000]
sext_ln165                                                                      (sext             ) [ 0000]
add_ln165                                                                       (add              ) [ 0000]
icmp_ln179                                                                      (icmp             ) [ 0101]
br_ln179                                                                        (br               ) [ 0000]
switch_ln184                                                                    (switch           ) [ 0000]
store_ln184                                                                     (store            ) [ 0000]
br_ln184                                                                        (br               ) [ 0000]
store_ln184                                                                     (store            ) [ 0000]
br_ln184                                                                        (br               ) [ 0000]
store_ln184                                                                     (store            ) [ 0000]
br_ln184                                                                        (br               ) [ 0000]
store_ln184                                                                     (store            ) [ 0000]
br_ln184                                                                        (br               ) [ 0000]
store_ln184                                                                     (store            ) [ 0000]
br_ln184                                                                        (br               ) [ 0000]
br_ln0                                                                          (br               ) [ 0000]
switch_ln181                                                                    (switch           ) [ 0000]
store_ln181                                                                     (store            ) [ 0000]
br_ln181                                                                        (br               ) [ 0000]
store_ln181                                                                     (store            ) [ 0000]
br_ln181                                                                        (br               ) [ 0000]
store_ln181                                                                     (store            ) [ 0000]
br_ln181                                                                        (br               ) [ 0000]
store_ln181                                                                     (store            ) [ 0000]
br_ln181                                                                        (br               ) [ 0000]
store_ln181                                                                     (store            ) [ 0000]
br_ln181                                                                        (br               ) [ 0000]
br_ln182                                                                        (br               ) [ 0000]
outElem                                                                         (phi              ) [ 0000]
write_ln187                                                                     (write            ) [ 0000]
br_ln196                                                                        (br               ) [ 0000]
store_ln131                                                                     (store            ) [ 0000]
br_ln131                                                                        (br               ) [ 0000]
ret_ln0                                                                         (ret              ) [ 0000]
</LifeTime>

<model>

<comp_list>
<comp id="0" class="1000" name="in_stream">
<pin_list>
<pin id="1" dir="1" index="0" bw="1" slack="0"/>
</pin_list>
<bind>
<StgValue><ssdm name="in_stream"/></StgValue>
</bind>
</comp>

<comp id="2" class="1000" name="out_stream">
<pin_list>
<pin id="3" dir="1" index="0" bw="1" slack="0"/>
</pin_list>
<bind>
<StgValue><ssdm name="out_stream"/></StgValue>
</bind>
</comp>

<comp id="4" class="1000" name="fc2_weights_0">
<pin_list>
<pin id="5" dir="1" index="0" bw="1" slack="0"/>
</pin_list>
<bind>
<StgValue><ssdm name="fc2_weights_0"/><MemPortTyVec>1 3 </MemPortTyVec>
</StgValue>
</bind>
</comp>

<comp id="6" class="1000" name="void_Matrix_Vector_Activate_Batch_stream_stream_FixedPointWeightsSp_const_Thr_4">
<pin_list>
<pin id="7" dir="1" index="0" bw="1" slack="0"/>
</pin_list>
<bind>
<StgValue><ssdm name="void_Matrix_Vector_Activate_Batch_stream_stream_FixedPointWeightsSp_const_Thr_4"/></StgValue>
</bind>
</comp>

<comp id="8" class="1000" name="void_Matrix_Vector_Activate_Batch_stream_stream_FixedPointWeightsSp_const_Thr_3">
<pin_list>
<pin id="9" dir="1" index="0" bw="1" slack="0"/>
</pin_list>
<bind>
<StgValue><ssdm name="void_Matrix_Vector_Activate_Batch_stream_stream_FixedPointWeightsSp_const_Thr_3"/></StgValue>
</bind>
</comp>

<comp id="10" class="1000" name="void_Matrix_Vector_Activate_Batch_stream_stream_FixedPointWeightsSp_const_Thr_2">
<pin_list>
<pin id="11" dir="1" index="0" bw="1" slack="0"/>
</pin_list>
<bind>
<StgValue><ssdm name="void_Matrix_Vector_Activate_Batch_stream_stream_FixedPointWeightsSp_const_Thr_2"/></StgValue>
</bind>
</comp>

<comp id="12" class="1000" name="void_Matrix_Vector_Activate_Batch_stream_stream_FixedPointWeightsSp_const_Thr_1">
<pin_list>
<pin id="13" dir="1" index="0" bw="1" slack="0"/>
</pin_list>
<bind>
<StgValue><ssdm name="void_Matrix_Vector_Activate_Batch_stream_stream_FixedPointWeightsSp_const_Thr_1"/></StgValue>
</bind>
</comp>

<comp id="14" class="1000" name="void_Matrix_Vector_Activate_Batch_stream_stream_FixedPointWeightsSp_const_Thr">
<pin_list>
<pin id="15" dir="1" index="0" bw="1" slack="0"/>
</pin_list>
<bind>
<StgValue><ssdm name="void_Matrix_Vector_Activate_Batch_stream_stream_FixedPointWeightsSp_const_Thr"/></StgValue>
</bind>
</comp>

<comp id="16" class="1001" name="const_16">
<pin_list>
<pin id="17" dir="1" index="0" bw="1" slack="0"/>
</pin_list>
<bind>
<StgValue><ssdm name=""/></StgValue>
</bind>
</comp>

<comp id="18" class="1001" name="const_18">
<pin_list>
<pin id="19" dir="1" index="0" bw="1" slack="2147483647"/>
</pin_list>
<bind>
<StgValue><ssdm name="_ssdm_op_SpecInterface"/></StgValue>
</bind>
</comp>

<comp id="20" class="1001" name="const_20">
<pin_list>
<pin id="21" dir="1" index="0" bw="1" slack="2147483647"/>
</pin_list>
<bind>
<StgValue><ssdm name="empty_4"/></StgValue>
</bind>
</comp>

<comp id="22" class="1001" name="const_22">
<pin_list>
<pin id="23" dir="1" index="0" bw="1" slack="0"/>
</pin_list>
<bind>
<StgValue><ssdm name=""/></StgValue>
</bind>
</comp>

<comp id="24" class="1001" name="const_24">
<pin_list>
<pin id="25" dir="1" index="0" bw="1" slack="2147483647"/>
</pin_list>
<bind>
<StgValue><ssdm name="empty"/></StgValue>
</bind>
</comp>

<comp id="26" class="1001" name="const_26">
<pin_list>
<pin id="27" dir="1" index="0" bw="1" slack="2147483647"/>
</pin_list>
<bind>
<StgValue><ssdm name=""/></StgValue>
</bind>
</comp>

<comp id="28" class="1001" name="const_28">
<pin_list>
<pin id="29" dir="1" index="0" bw="1" slack="0"/>
</pin_list>
<bind>
<StgValue><ssdm name=""/></StgValue>
</bind>
</comp>

<comp id="30" class="1001" name="const_30">
<pin_list>
<pin id="31" dir="1" index="0" bw="1" slack="0"/>
</pin_list>
<bind>
<StgValue><ssdm name=""/></StgValue>
</bind>
</comp>

<comp id="32" class="1001" name="const_32">
<pin_list>
<pin id="33" dir="1" index="0" bw="1" slack="0"/>
</pin_list>
<bind>
<StgValue><ssdm name=""/></StgValue>
</bind>
</comp>

<comp id="34" class="1001" name="const_34">
<pin_list>
<pin id="35" dir="1" index="0" bw="1" slack="2147483647"/>
</pin_list>
<bind>
<StgValue><ssdm name="_ssdm_op_SpecPipeline"/></StgValue>
</bind>
</comp>

<comp id="36" class="1001" name="const_36">
<pin_list>
<pin id="37" dir="1" index="0" bw="1" slack="2147483647"/>
</pin_list>
<bind>
<StgValue><ssdm name="_ssdm_op_SpecLoopTripCount"/></StgValue>
</bind>
</comp>

<comp id="38" class="1001" name="const_38">
<pin_list>
<pin id="39" dir="1" index="0" bw="1" slack="2147483647"/>
</pin_list>
<bind>
<StgValue><ssdm name=""/></StgValue>
</bind>
</comp>

<comp id="40" class="1001" name="const_40">
<pin_list>
<pin id="41" dir="1" index="0" bw="1" slack="2147483647"/>
</pin_list>
<bind>
<StgValue><ssdm name="_ssdm_op_SpecLoopName"/></StgValue>
</bind>
</comp>

<comp id="42" class="1001" name="const_42">
<pin_list>
<pin id="43" dir="1" index="0" bw="1" slack="2147483647"/>
</pin_list>
<bind>
<StgValue><ssdm name="empty_2"/></StgValue>
</bind>
</comp>

<comp id="44" class="1001" name="const_44">
<pin_list>
<pin id="45" dir="1" index="0" bw="1" slack="0"/>
</pin_list>
<bind>
<StgValue><ssdm name=""/></StgValue>
</bind>
</comp>

<comp id="46" class="1001" name="const_46">
<pin_list>
<pin id="47" dir="1" index="0" bw="1" slack="0"/>
</pin_list>
<bind>
<StgValue><ssdm name=""/></StgValue>
</bind>
</comp>

<comp id="48" class="1001" name="const_48">
<pin_list>
<pin id="49" dir="1" index="0" bw="1" slack="0"/>
</pin_list>
<bind>
<StgValue><ssdm name=""/></StgValue>
</bind>
</comp>

<comp id="50" class="1001" name="const_50">
<pin_list>
<pin id="51" dir="1" index="0" bw="1" slack="0"/>
</pin_list>
<bind>
<StgValue><ssdm name="_ssdm_op_Mux.ap_auto.64i1.i6"/></StgValue>
</bind>
</comp>

<comp id="52" class="1001" name="const_52">
<pin_list>
<pin id="53" dir="1" index="0" bw="1" slack="0"/>
</pin_list>
<bind>
<StgValue><ssdm name="_ssdm_op_Read.ap_fifo.volatile.i1P0A"/></StgValue>
</bind>
</comp>

<comp id="54" class="1001" name="const_54">
<pin_list>
<pin id="55" dir="1" index="0" bw="1" slack="2147483647"/>
</pin_list>
<bind>
<StgValue><ssdm name=""/></StgValue>
</bind>
</comp>

<comp id="56" class="1001" name="const_56">
<pin_list>
<pin id="57" dir="1" index="0" bw="1" slack="2147483647"/>
</pin_list>
<bind>
<StgValue><ssdm name=""/></StgValue>
</bind>
</comp>

<comp id="58" class="1001" name="const_58">
<pin_list>
<pin id="59" dir="1" index="0" bw="1" slack="2147483647"/>
</pin_list>
<bind>
<StgValue><ssdm name=""/></StgValue>
</bind>
</comp>

<comp id="60" class="1001" name="const_60">
<pin_list>
<pin id="61" dir="1" index="0" bw="1" slack="2147483647"/>
</pin_list>
<bind>
<StgValue><ssdm name=""/></StgValue>
</bind>
</comp>

<comp id="62" class="1001" name="const_62">
<pin_list>
<pin id="63" dir="1" index="0" bw="1" slack="2147483647"/>
</pin_list>
<bind>
<StgValue><ssdm name=""/></StgValue>
</bind>
</comp>

<comp id="64" class="1001" name="const_64">
<pin_list>
<pin id="65" dir="1" index="0" bw="1" slack="2147483647"/>
</pin_list>
<bind>
<StgValue><ssdm name=""/></StgValue>
</bind>
</comp>

<comp id="66" class="1001" name="const_66">
<pin_list>
<pin id="67" dir="1" index="0" bw="1" slack="2147483647"/>
</pin_list>
<bind>
<StgValue><ssdm name=""/></StgValue>
</bind>
</comp>

<comp id="68" class="1001" name="const_68">
<pin_list>
<pin id="69" dir="1" index="0" bw="1" slack="2147483647"/>
</pin_list>
<bind>
<StgValue><ssdm name=""/></StgValue>
</bind>
</comp>

<comp id="70" class="1001" name="const_70">
<pin_list>
<pin id="71" dir="1" index="0" bw="1" slack="2147483647"/>
</pin_list>
<bind>
<StgValue><ssdm name=""/></StgValue>
</bind>
</comp>

<comp id="72" class="1001" name="const_72">
<pin_list>
<pin id="73" dir="1" index="0" bw="1" slack="2147483647"/>
</pin_list>
<bind>
<StgValue><ssdm name=""/></StgValue>
</bind>
</comp>

<comp id="74" class="1001" name="const_74">
<pin_list>
<pin id="75" dir="1" index="0" bw="1" slack="2147483647"/>
</pin_list>
<bind>
<StgValue><ssdm name=""/></StgValue>
</bind>
</comp>

<comp id="76" class="1001" name="const_76">
<pin_list>
<pin id="77" dir="1" index="0" bw="1" slack="2147483647"/>
</pin_list>
<bind>
<StgValue><ssdm name=""/></StgValue>
</bind>
</comp>

<comp id="78" class="1001" name="const_78">
<pin_list>
<pin id="79" dir="1" index="0" bw="1" slack="2147483647"/>
</pin_list>
<bind>
<StgValue><ssdm name=""/></StgValue>
</bind>
</comp>

<comp id="80" class="1001" name="const_80">
<pin_list>
<pin id="81" dir="1" index="0" bw="1" slack="2147483647"/>
</pin_list>
<bind>
<StgValue><ssdm name=""/></StgValue>
</bind>
</comp>

<comp id="82" class="1001" name="const_82">
<pin_list>
<pin id="83" dir="1" index="0" bw="1" slack="2147483647"/>
</pin_list>
<bind>
<StgValue><ssdm name=""/></StgValue>
</bind>
</comp>

<comp id="84" class="1001" name="const_84">
<pin_list>
<pin id="85" dir="1" index="0" bw="1" slack="2147483647"/>
</pin_list>
<bind>
<StgValue><ssdm name=""/></StgValue>
</bind>
</comp>

<comp id="86" class="1001" name="const_86">
<pin_list>
<pin id="87" dir="1" index="0" bw="1" slack="2147483647"/>
</pin_list>
<bind>
<StgValue><ssdm name=""/></StgValue>
</bind>
</comp>

<comp id="88" class="1001" name="const_88">
<pin_list>
<pin id="89" dir="1" index="0" bw="1" slack="2147483647"/>
</pin_list>
<bind>
<StgValue><ssdm name=""/></StgValue>
</bind>
</comp>

<comp id="90" class="1001" name="const_90">
<pin_list>
<pin id="91" dir="1" index="0" bw="1" slack="2147483647"/>
</pin_list>
<bind>
<StgValue><ssdm name=""/></StgValue>
</bind>
</comp>

<comp id="92" class="1001" name="const_92">
<pin_list>
<pin id="93" dir="1" index="0" bw="1" slack="2147483647"/>
</pin_list>
<bind>
<StgValue><ssdm name=""/></StgValue>
</bind>
</comp>

<comp id="94" class="1001" name="const_94">
<pin_list>
<pin id="95" dir="1" index="0" bw="1" slack="2147483647"/>
</pin_list>
<bind>
<StgValue><ssdm name=""/></StgValue>
</bind>
</comp>

<comp id="96" class="1001" name="const_96">
<pin_list>
<pin id="97" dir="1" index="0" bw="1" slack="2147483647"/>
</pin_list>
<bind>
<StgValue><ssdm name=""/></StgValue>
</bind>
</comp>

<comp id="98" class="1001" name="const_98">
<pin_list>
<pin id="99" dir="1" index="0" bw="1" slack="2147483647"/>
</pin_list>
<bind>
<StgValue><ssdm name=""/></StgValue>
</bind>
</comp>

<comp id="100" class="1001" name="const_100">
<pin_list>
<pin id="101" dir="1" index="0" bw="1" slack="2147483647"/>
</pin_list>
<bind>
<StgValue><ssdm name=""/></StgValue>
</bind>
</comp>

<comp id="102" class="1001" name="const_102">
<pin_list>
<pin id="103" dir="1" index="0" bw="1" slack="2147483647"/>
</pin_list>
<bind>
<StgValue><ssdm name=""/></StgValue>
</bind>
</comp>

<comp id="104" class="1001" name="const_104">
<pin_list>
<pin id="105" dir="1" index="0" bw="1" slack="2147483647"/>
</pin_list>
<bind>
<StgValue><ssdm name=""/></StgValue>
</bind>
</comp>

<comp id="106" class="1001" name="const_106">
<pin_list>
<pin id="107" dir="1" index="0" bw="1" slack="2147483647"/>
</pin_list>
<bind>
<StgValue><ssdm name=""/></StgValue>
</bind>
</comp>

<comp id="108" class="1001" name="const_108">
<pin_list>
<pin id="109" dir="1" index="0" bw="1" slack="2147483647"/>
</pin_list>
<bind>
<StgValue><ssdm name=""/></StgValue>
</bind>
</comp>

<comp id="110" class="1001" name="const_110">
<pin_list>
<pin id="111" dir="1" index="0" bw="1" slack="2147483647"/>
</pin_list>
<bind>
<StgValue><ssdm name=""/></StgValue>
</bind>
</comp>

<comp id="112" class="1001" name="const_112">
<pin_list>
<pin id="113" dir="1" index="0" bw="1" slack="2147483647"/>
</pin_list>
<bind>
<StgValue><ssdm name=""/></StgValue>
</bind>
</comp>

<comp id="114" class="1001" name="const_114">
<pin_list>
<pin id="115" dir="1" index="0" bw="1" slack="2147483647"/>
</pin_list>
<bind>
<StgValue><ssdm name=""/></StgValue>
</bind>
</comp>

<comp id="116" class="1001" name="const_116">
<pin_list>
<pin id="117" dir="1" index="0" bw="1" slack="2147483647"/>
</pin_list>
<bind>
<StgValue><ssdm name=""/></StgValue>
</bind>
</comp>

<comp id="118" class="1001" name="const_118">
<pin_list>
<pin id="119" dir="1" index="0" bw="1" slack="2147483647"/>
</pin_list>
<bind>
<StgValue><ssdm name=""/></StgValue>
</bind>
</comp>

<comp id="120" class="1001" name="const_120">
<pin_list>
<pin id="121" dir="1" index="0" bw="1" slack="2147483647"/>
</pin_list>
<bind>
<StgValue><ssdm name=""/></StgValue>
</bind>
</comp>

<comp id="122" class="1001" name="const_122">
<pin_list>
<pin id="123" dir="1" index="0" bw="1" slack="2147483647"/>
</pin_list>
<bind>
<StgValue><ssdm name=""/></StgValue>
</bind>
</comp>

<comp id="124" class="1001" name="const_124">
<pin_list>
<pin id="125" dir="1" index="0" bw="1" slack="2147483647"/>
</pin_list>
<bind>
<StgValue><ssdm name=""/></StgValue>
</bind>
</comp>

<comp id="126" class="1001" name="const_126">
<pin_list>
<pin id="127" dir="1" index="0" bw="1" slack="2147483647"/>
</pin_list>
<bind>
<StgValue><ssdm name=""/></StgValue>
</bind>
</comp>

<comp id="128" class="1001" name="const_128">
<pin_list>
<pin id="129" dir="1" index="0" bw="1" slack="2147483647"/>
</pin_list>
<bind>
<StgValue><ssdm name=""/></StgValue>
</bind>
</comp>

<comp id="130" class="1001" name="const_130">
<pin_list>
<pin id="131" dir="1" index="0" bw="1" slack="2147483647"/>
</pin_list>
<bind>
<StgValue><ssdm name=""/></StgValue>
</bind>
</comp>

<comp id="132" class="1001" name="const_132">
<pin_list>
<pin id="133" dir="1" index="0" bw="1" slack="2147483647"/>
</pin_list>
<bind>
<StgValue><ssdm name=""/></StgValue>
</bind>
</comp>

<comp id="134" class="1001" name="const_134">
<pin_list>
<pin id="135" dir="1" index="0" bw="1" slack="2147483647"/>
</pin_list>
<bind>
<StgValue><ssdm name=""/></StgValue>
</bind>
</comp>

<comp id="136" class="1001" name="const_136">
<pin_list>
<pin id="137" dir="1" index="0" bw="1" slack="2147483647"/>
</pin_list>
<bind>
<StgValue><ssdm name=""/></StgValue>
</bind>
</comp>

<comp id="138" class="1001" name="const_138">
<pin_list>
<pin id="139" dir="1" index="0" bw="1" slack="2147483647"/>
</pin_list>
<bind>
<StgValue><ssdm name=""/></StgValue>
</bind>
</comp>

<comp id="140" class="1001" name="const_140">
<pin_list>
<pin id="141" dir="1" index="0" bw="1" slack="2147483647"/>
</pin_list>
<bind>
<StgValue><ssdm name=""/></StgValue>
</bind>
</comp>

<comp id="142" class="1001" name="const_142">
<pin_list>
<pin id="143" dir="1" index="0" bw="1" slack="2147483647"/>
</pin_list>
<bind>
<StgValue><ssdm name=""/></StgValue>
</bind>
</comp>

<comp id="144" class="1001" name="const_144">
<pin_list>
<pin id="145" dir="1" index="0" bw="1" slack="2147483647"/>
</pin_list>
<bind>
<StgValue><ssdm name=""/></StgValue>
</bind>
</comp>

<comp id="146" class="1001" name="const_146">
<pin_list>
<pin id="147" dir="1" index="0" bw="1" slack="2147483647"/>
</pin_list>
<bind>
<StgValue><ssdm name=""/></StgValue>
</bind>
</comp>

<comp id="148" class="1001" name="const_148">
<pin_list>
<pin id="149" dir="1" index="0" bw="1" slack="2147483647"/>
</pin_list>
<bind>
<StgValue><ssdm name=""/></StgValue>
</bind>
</comp>

<comp id="150" class="1001" name="const_150">
<pin_list>
<pin id="151" dir="1" index="0" bw="1" slack="2147483647"/>
</pin_list>
<bind>
<StgValue><ssdm name=""/></StgValue>
</bind>
</comp>

<comp id="152" class="1001" name="const_152">
<pin_list>
<pin id="153" dir="1" index="0" bw="1" slack="2147483647"/>
</pin_list>
<bind>
<StgValue><ssdm name=""/></StgValue>
</bind>
</comp>

<comp id="154" class="1001" name="const_154">
<pin_list>
<pin id="155" dir="1" index="0" bw="1" slack="2147483647"/>
</pin_list>
<bind>
<StgValue><ssdm name=""/></StgValue>
</bind>
</comp>

<comp id="156" class="1001" name="const_156">
<pin_list>
<pin id="157" dir="1" index="0" bw="1" slack="2147483647"/>
</pin_list>
<bind>
<StgValue><ssdm name=""/></StgValue>
</bind>
</comp>

<comp id="158" class="1001" name="const_158">
<pin_list>
<pin id="159" dir="1" index="0" bw="1" slack="2147483647"/>
</pin_list>
<bind>
<StgValue><ssdm name=""/></StgValue>
</bind>
</comp>

<comp id="160" class="1001" name="const_160">
<pin_list>
<pin id="161" dir="1" index="0" bw="1" slack="2147483647"/>
</pin_list>
<bind>
<StgValue><ssdm name=""/></StgValue>
</bind>
</comp>

<comp id="162" class="1001" name="const_162">
<pin_list>
<pin id="163" dir="1" index="0" bw="1" slack="2147483647"/>
</pin_list>
<bind>
<StgValue><ssdm name=""/></StgValue>
</bind>
</comp>

<comp id="164" class="1001" name="const_164">
<pin_list>
<pin id="165" dir="1" index="0" bw="1" slack="2147483647"/>
</pin_list>
<bind>
<StgValue><ssdm name=""/></StgValue>
</bind>
</comp>

<comp id="166" class="1001" name="const_166">
<pin_list>
<pin id="167" dir="1" index="0" bw="1" slack="2147483647"/>
</pin_list>
<bind>
<StgValue><ssdm name=""/></StgValue>
</bind>
</comp>

<comp id="168" class="1001" name="const_168">
<pin_list>
<pin id="169" dir="1" index="0" bw="1" slack="2147483647"/>
</pin_list>
<bind>
<StgValue><ssdm name=""/></StgValue>
</bind>
</comp>

<comp id="170" class="1001" name="const_170">
<pin_list>
<pin id="171" dir="1" index="0" bw="1" slack="2147483647"/>
</pin_list>
<bind>
<StgValue><ssdm name=""/></StgValue>
</bind>
</comp>

<comp id="172" class="1001" name="const_172">
<pin_list>
<pin id="173" dir="1" index="0" bw="1" slack="2147483647"/>
</pin_list>
<bind>
<StgValue><ssdm name=""/></StgValue>
</bind>
</comp>

<comp id="174" class="1001" name="const_174">
<pin_list>
<pin id="175" dir="1" index="0" bw="1" slack="2147483647"/>
</pin_list>
<bind>
<StgValue><ssdm name=""/></StgValue>
</bind>
</comp>

<comp id="176" class="1001" name="const_176">
<pin_list>
<pin id="177" dir="1" index="0" bw="1" slack="2147483647"/>
</pin_list>
<bind>
<StgValue><ssdm name=""/></StgValue>
</bind>
</comp>

<comp id="178" class="1001" name="const_178">
<pin_list>
<pin id="179" dir="1" index="0" bw="1" slack="2147483647"/>
</pin_list>
<bind>
<StgValue><ssdm name=""/></StgValue>
</bind>
</comp>

<comp id="180" class="1001" name="const_180">
<pin_list>
<pin id="181" dir="1" index="0" bw="1" slack="0"/>
</pin_list>
<bind>
<StgValue><ssdm name="_ssdm_op_Mux.ap_auto.5i16.i3"/></StgValue>
</bind>
</comp>

<comp id="182" class="1001" name="const_182">
<pin_list>
<pin id="183" dir="1" index="0" bw="1" slack="0"/>
</pin_list>
<bind>
<StgValue><ssdm name="_ssdm_op_PartSelect.i12.i16.i32.i32"/></StgValue>
</bind>
</comp>

<comp id="184" class="1001" name="const_184">
<pin_list>
<pin id="185" dir="1" index="0" bw="1" slack="0"/>
</pin_list>
<bind>
<StgValue><ssdm name=""/></StgValue>
</bind>
</comp>

<comp id="186" class="1001" name="const_186">
<pin_list>
<pin id="187" dir="1" index="0" bw="1" slack="0"/>
</pin_list>
<bind>
<StgValue><ssdm name=""/></StgValue>
</bind>
</comp>

<comp id="188" class="1001" name="const_188">
<pin_list>
<pin id="189" dir="1" index="0" bw="1" slack="0"/>
</pin_list>
<bind>
<StgValue><ssdm name=""/></StgValue>
</bind>
</comp>

<comp id="190" class="1001" name="const_190">
<pin_list>
<pin id="191" dir="1" index="0" bw="1" slack="0"/>
</pin_list>
<bind>
<StgValue><ssdm name="_ssdm_op_BitConcatenate.i11.i3.i8"/></StgValue>
</bind>
</comp>

<comp id="192" class="1001" name="const_192">
<pin_list>
<pin id="193" dir="1" index="0" bw="1" slack="0"/>
</pin_list>
<bind>
<StgValue><ssdm name=""/></StgValue>
</bind>
</comp>

<comp id="194" class="1001" name="const_194">
<pin_list>
<pin id="195" dir="1" index="0" bw="1" slack="0"/>
</pin_list>
<bind>
<StgValue><ssdm name=""/></StgValue>
</bind>
</comp>

<comp id="196" class="1001" name="const_196">
<pin_list>
<pin id="197" dir="1" index="0" bw="1" slack="2147483647"/>
</pin_list>
<bind>
<StgValue><ssdm name=""/></StgValue>
</bind>
</comp>

<comp id="198" class="1001" name="const_198">
<pin_list>
<pin id="199" dir="1" index="0" bw="1" slack="2147483647"/>
</pin_list>
<bind>
<StgValue><ssdm name=""/></StgValue>
</bind>
</comp>

<comp id="200" class="1001" name="const_200">
<pin_list>
<pin id="201" dir="1" index="0" bw="1" slack="2147483647"/>
</pin_list>
<bind>
<StgValue><ssdm name=""/></StgValue>
</bind>
</comp>

<comp id="202" class="1001" name="const_202">
<pin_list>
<pin id="203" dir="1" index="0" bw="1" slack="0"/>
</pin_list>
<bind>
<StgValue><ssdm name=""/></StgValue>
</bind>
</comp>

<comp id="204" class="1001" name="const_204">
<pin_list>
<pin id="205" dir="1" index="0" bw="1" slack="0"/>
</pin_list>
<bind>
<StgValue><ssdm name=""/></StgValue>
</bind>
</comp>

<comp id="206" class="1001" name="const_206">
<pin_list>
<pin id="207" dir="1" index="0" bw="1" slack="0"/>
</pin_list>
<bind>
<StgValue><ssdm name="_ssdm_op_Write.ap_fifo.volatile.i1P0A"/></StgValue>
</bind>
</comp>

<comp id="208" class="1004" name="sf_fu_208">
<pin_list>
<pin id="209" dir="0" index="0" bw="1" slack="0"/>
<pin id="210" dir="1" index="1" bw="32" slack="0"/>
</pin_list>
<bind>
<opcode="alloca(26) " fcode="alloca"/>
<opset="sf/1 "/>
</bind>
</comp>

<comp id="212" class="1004" name="tile_fu_212">
<pin_list>
<pin id="213" dir="0" index="0" bw="1" slack="0"/>
<pin id="214" dir="1" index="1" bw="32" slack="0"/>
</pin_list>
<bind>
<opcode="alloca(26) " fcode="alloca"/>
<opset="tile/1 "/>
</bind>
</comp>

<comp id="216" class="1004" name="i_1_fu_216">
<pin_list>
<pin id="217" dir="0" index="0" bw="1" slack="0"/>
<pin id="218" dir="1" index="1" bw="9" slack="0"/>
</pin_list>
<bind>
<opcode="alloca(26) " fcode="alloca"/>
<opset="i_1/1 "/>
</bind>
</comp>

<comp id="220" class="1004" name="inputBuf_fu_220">
<pin_list>
<pin id="221" dir="0" index="0" bw="1" slack="0"/>
<pin id="222" dir="1" index="1" bw="1" slack="2"/>
</pin_list>
<bind>
<opcode="alloca(26) " fcode="alloca"/>
<opset="inputBuf/1 "/>
</bind>
</comp>

<comp id="224" class="1004" name="inputBuf_1_fu_224">
<pin_list>
<pin id="225" dir="0" index="0" bw="1" slack="0"/>
<pin id="226" dir="1" index="1" bw="1" slack="2"/>
</pin_list>
<bind>
<opcode="alloca(26) " fcode="alloca"/>
<opset="inputBuf_1/1 "/>
</bind>
</comp>

<comp id="228" class="1004" name="inputBuf_2_fu_228">
<pin_list>
<pin id="229" dir="0" index="0" bw="1" slack="0"/>
<pin id="230" dir="1" index="1" bw="1" slack="2"/>
</pin_list>
<bind>
<opcode="alloca(26) " fcode="alloca"/>
<opset="inputBuf_2/1 "/>
</bind>
</comp>

<comp id="232" class="1004" name="inputBuf_3_fu_232">
<pin_list>
<pin id="233" dir="0" index="0" bw="1" slack="0"/>
<pin id="234" dir="1" index="1" bw="1" slack="2"/>
</pin_list>
<bind>
<opcode="alloca(26) " fcode="alloca"/>
<opset="inputBuf_3/1 "/>
</bind>
</comp>

<comp id="236" class="1004" name="inputBuf_4_fu_236">
<pin_list>
<pin id="237" dir="0" index="0" bw="1" slack="0"/>
<pin id="238" dir="1" index="1" bw="1" slack="2"/>
</pin_list>
<bind>
<opcode="alloca(26) " fcode="alloca"/>
<opset="inputBuf_4/1 "/>
</bind>
</comp>

<comp id="240" class="1004" name="inputBuf_5_fu_240">
<pin_list>
<pin id="241" dir="0" index="0" bw="1" slack="0"/>
<pin id="242" dir="1" index="1" bw="1" slack="2"/>
</pin_list>
<bind>
<opcode="alloca(26) " fcode="alloca"/>
<opset="inputBuf_5/1 "/>
</bind>
</comp>

<comp id="244" class="1004" name="inputBuf_6_fu_244">
<pin_list>
<pin id="245" dir="0" index="0" bw="1" slack="0"/>
<pin id="246" dir="1" index="1" bw="1" slack="2"/>
</pin_list>
<bind>
<opcode="alloca(26) " fcode="alloca"/>
<opset="inputBuf_6/1 "/>
</bind>
</comp>

<comp id="248" class="1004" name="inputBuf_7_fu_248">
<pin_list>
<pin id="249" dir="0" index="0" bw="1" slack="0"/>
<pin id="250" dir="1" index="1" bw="1" slack="2"/>
</pin_list>
<bind>
<opcode="alloca(26) " fcode="alloca"/>
<opset="inputBuf_7/1 "/>
</bind>
</comp>

<comp id="252" class="1004" name="inputBuf_8_fu_252">
<pin_list>
<pin id="253" dir="0" index="0" bw="1" slack="0"/>
<pin id="254" dir="1" index="1" bw="1" slack="2"/>
</pin_list>
<bind>
<opcode="alloca(26) " fcode="alloca"/>
<opset="inputBuf_8/1 "/>
</bind>
</comp>

<comp id="256" class="1004" name="inputBuf_9_fu_256">
<pin_list>
<pin id="257" dir="0" index="0" bw="1" slack="0"/>
<pin id="258" dir="1" index="1" bw="1" slack="2"/>
</pin_list>
<bind>
<opcode="alloca(26) " fcode="alloca"/>
<opset="inputBuf_9/1 "/>
</bind>
</comp>

<comp id="260" class="1004" name="inputBuf_10_fu_260">
<pin_list>
<pin id="261" dir="0" index="0" bw="1" slack="0"/>
<pin id="262" dir="1" index="1" bw="1" slack="2"/>
</pin_list>
<bind>
<opcode="alloca(26) " fcode="alloca"/>
<opset="inputBuf_10/1 "/>
</bind>
</comp>

<comp id="264" class="1004" name="inputBuf_11_fu_264">
<pin_list>
<pin id="265" dir="0" index="0" bw="1" slack="0"/>
<pin id="266" dir="1" index="1" bw="1" slack="2"/>
</pin_list>
<bind>
<opcode="alloca(26) " fcode="alloca"/>
<opset="inputBuf_11/1 "/>
</bind>
</comp>

<comp id="268" class="1004" name="inputBuf_12_fu_268">
<pin_list>
<pin id="269" dir="0" index="0" bw="1" slack="0"/>
<pin id="270" dir="1" index="1" bw="1" slack="2"/>
</pin_list>
<bind>
<opcode="alloca(26) " fcode="alloca"/>
<opset="inputBuf_12/1 "/>
</bind>
</comp>

<comp id="272" class="1004" name="inputBuf_13_fu_272">
<pin_list>
<pin id="273" dir="0" index="0" bw="1" slack="0"/>
<pin id="274" dir="1" index="1" bw="1" slack="2"/>
</pin_list>
<bind>
<opcode="alloca(26) " fcode="alloca"/>
<opset="inputBuf_13/1 "/>
</bind>
</comp>

<comp id="276" class="1004" name="inputBuf_14_fu_276">
<pin_list>
<pin id="277" dir="0" index="0" bw="1" slack="0"/>
<pin id="278" dir="1" index="1" bw="1" slack="2"/>
</pin_list>
<bind>
<opcode="alloca(26) " fcode="alloca"/>
<opset="inputBuf_14/1 "/>
</bind>
</comp>

<comp id="280" class="1004" name="inputBuf_15_fu_280">
<pin_list>
<pin id="281" dir="0" index="0" bw="1" slack="0"/>
<pin id="282" dir="1" index="1" bw="1" slack="2"/>
</pin_list>
<bind>
<opcode="alloca(26) " fcode="alloca"/>
<opset="inputBuf_15/1 "/>
</bind>
</comp>

<comp id="284" class="1004" name="inputBuf_16_fu_284">
<pin_list>
<pin id="285" dir="0" index="0" bw="1" slack="0"/>
<pin id="286" dir="1" index="1" bw="1" slack="2"/>
</pin_list>
<bind>
<opcode="alloca(26) " fcode="alloca"/>
<opset="inputBuf_16/1 "/>
</bind>
</comp>

<comp id="288" class="1004" name="inputBuf_17_fu_288">
<pin_list>
<pin id="289" dir="0" index="0" bw="1" slack="0"/>
<pin id="290" dir="1" index="1" bw="1" slack="2"/>
</pin_list>
<bind>
<opcode="alloca(26) " fcode="alloca"/>
<opset="inputBuf_17/1 "/>
</bind>
</comp>

<comp id="292" class="1004" name="inputBuf_18_fu_292">
<pin_list>
<pin id="293" dir="0" index="0" bw="1" slack="0"/>
<pin id="294" dir="1" index="1" bw="1" slack="2"/>
</pin_list>
<bind>
<opcode="alloca(26) " fcode="alloca"/>
<opset="inputBuf_18/1 "/>
</bind>
</comp>

<comp id="296" class="1004" name="inputBuf_19_fu_296">
<pin_list>
<pin id="297" dir="0" index="0" bw="1" slack="0"/>
<pin id="298" dir="1" index="1" bw="1" slack="2"/>
</pin_list>
<bind>
<opcode="alloca(26) " fcode="alloca"/>
<opset="inputBuf_19/1 "/>
</bind>
</comp>

<comp id="300" class="1004" name="inputBuf_20_fu_300">
<pin_list>
<pin id="301" dir="0" index="0" bw="1" slack="0"/>
<pin id="302" dir="1" index="1" bw="1" slack="2"/>
</pin_list>
<bind>
<opcode="alloca(26) " fcode="alloca"/>
<opset="inputBuf_20/1 "/>
</bind>
</comp>

<comp id="304" class="1004" name="inputBuf_21_fu_304">
<pin_list>
<pin id="305" dir="0" index="0" bw="1" slack="0"/>
<pin id="306" dir="1" index="1" bw="1" slack="2"/>
</pin_list>
<bind>
<opcode="alloca(26) " fcode="alloca"/>
<opset="inputBuf_21/1 "/>
</bind>
</comp>

<comp id="308" class="1004" name="inputBuf_22_fu_308">
<pin_list>
<pin id="309" dir="0" index="0" bw="1" slack="0"/>
<pin id="310" dir="1" index="1" bw="1" slack="2"/>
</pin_list>
<bind>
<opcode="alloca(26) " fcode="alloca"/>
<opset="inputBuf_22/1 "/>
</bind>
</comp>

<comp id="312" class="1004" name="inputBuf_23_fu_312">
<pin_list>
<pin id="313" dir="0" index="0" bw="1" slack="0"/>
<pin id="314" dir="1" index="1" bw="1" slack="2"/>
</pin_list>
<bind>
<opcode="alloca(26) " fcode="alloca"/>
<opset="inputBuf_23/1 "/>
</bind>
</comp>

<comp id="316" class="1004" name="inputBuf_24_fu_316">
<pin_list>
<pin id="317" dir="0" index="0" bw="1" slack="0"/>
<pin id="318" dir="1" index="1" bw="1" slack="2"/>
</pin_list>
<bind>
<opcode="alloca(26) " fcode="alloca"/>
<opset="inputBuf_24/1 "/>
</bind>
</comp>

<comp id="320" class="1004" name="inputBuf_25_fu_320">
<pin_list>
<pin id="321" dir="0" index="0" bw="1" slack="0"/>
<pin id="322" dir="1" index="1" bw="1" slack="2"/>
</pin_list>
<bind>
<opcode="alloca(26) " fcode="alloca"/>
<opset="inputBuf_25/1 "/>
</bind>
</comp>

<comp id="324" class="1004" name="inputBuf_26_fu_324">
<pin_list>
<pin id="325" dir="0" index="0" bw="1" slack="0"/>
<pin id="326" dir="1" index="1" bw="1" slack="2"/>
</pin_list>
<bind>
<opcode="alloca(26) " fcode="alloca"/>
<opset="inputBuf_26/1 "/>
</bind>
</comp>

<comp id="328" class="1004" name="inputBuf_27_fu_328">
<pin_list>
<pin id="329" dir="0" index="0" bw="1" slack="0"/>
<pin id="330" dir="1" index="1" bw="1" slack="2"/>
</pin_list>
<bind>
<opcode="alloca(26) " fcode="alloca"/>
<opset="inputBuf_27/1 "/>
</bind>
</comp>

<comp id="332" class="1004" name="inputBuf_28_fu_332">
<pin_list>
<pin id="333" dir="0" index="0" bw="1" slack="0"/>
<pin id="334" dir="1" index="1" bw="1" slack="2"/>
</pin_list>
<bind>
<opcode="alloca(26) " fcode="alloca"/>
<opset="inputBuf_28/1 "/>
</bind>
</comp>

<comp id="336" class="1004" name="inputBuf_29_fu_336">
<pin_list>
<pin id="337" dir="0" index="0" bw="1" slack="0"/>
<pin id="338" dir="1" index="1" bw="1" slack="2"/>
</pin_list>
<bind>
<opcode="alloca(26) " fcode="alloca"/>
<opset="inputBuf_29/1 "/>
</bind>
</comp>

<comp id="340" class="1004" name="inputBuf_30_fu_340">
<pin_list>
<pin id="341" dir="0" index="0" bw="1" slack="0"/>
<pin id="342" dir="1" index="1" bw="1" slack="2"/>
</pin_list>
<bind>
<opcode="alloca(26) " fcode="alloca"/>
<opset="inputBuf_30/1 "/>
</bind>
</comp>

<comp id="344" class="1004" name="inputBuf_31_fu_344">
<pin_list>
<pin id="345" dir="0" index="0" bw="1" slack="0"/>
<pin id="346" dir="1" index="1" bw="1" slack="2"/>
</pin_list>
<bind>
<opcode="alloca(26) " fcode="alloca"/>
<opset="inputBuf_31/1 "/>
</bind>
</comp>

<comp id="348" class="1004" name="inputBuf_32_fu_348">
<pin_list>
<pin id="349" dir="0" index="0" bw="1" slack="0"/>
<pin id="350" dir="1" index="1" bw="1" slack="2"/>
</pin_list>
<bind>
<opcode="alloca(26) " fcode="alloca"/>
<opset="inputBuf_32/1 "/>
</bind>
</comp>

<comp id="352" class="1004" name="inputBuf_33_fu_352">
<pin_list>
<pin id="353" dir="0" index="0" bw="1" slack="0"/>
<pin id="354" dir="1" index="1" bw="1" slack="2"/>
</pin_list>
<bind>
<opcode="alloca(26) " fcode="alloca"/>
<opset="inputBuf_33/1 "/>
</bind>
</comp>

<comp id="356" class="1004" name="inputBuf_34_fu_356">
<pin_list>
<pin id="357" dir="0" index="0" bw="1" slack="0"/>
<pin id="358" dir="1" index="1" bw="1" slack="2"/>
</pin_list>
<bind>
<opcode="alloca(26) " fcode="alloca"/>
<opset="inputBuf_34/1 "/>
</bind>
</comp>

<comp id="360" class="1004" name="inputBuf_35_fu_360">
<pin_list>
<pin id="361" dir="0" index="0" bw="1" slack="0"/>
<pin id="362" dir="1" index="1" bw="1" slack="2"/>
</pin_list>
<bind>
<opcode="alloca(26) " fcode="alloca"/>
<opset="inputBuf_35/1 "/>
</bind>
</comp>

<comp id="364" class="1004" name="inputBuf_36_fu_364">
<pin_list>
<pin id="365" dir="0" index="0" bw="1" slack="0"/>
<pin id="366" dir="1" index="1" bw="1" slack="2"/>
</pin_list>
<bind>
<opcode="alloca(26) " fcode="alloca"/>
<opset="inputBuf_36/1 "/>
</bind>
</comp>

<comp id="368" class="1004" name="inputBuf_37_fu_368">
<pin_list>
<pin id="369" dir="0" index="0" bw="1" slack="0"/>
<pin id="370" dir="1" index="1" bw="1" slack="2"/>
</pin_list>
<bind>
<opcode="alloca(26) " fcode="alloca"/>
<opset="inputBuf_37/1 "/>
</bind>
</comp>

<comp id="372" class="1004" name="inputBuf_38_fu_372">
<pin_list>
<pin id="373" dir="0" index="0" bw="1" slack="0"/>
<pin id="374" dir="1" index="1" bw="1" slack="2"/>
</pin_list>
<bind>
<opcode="alloca(26) " fcode="alloca"/>
<opset="inputBuf_38/1 "/>
</bind>
</comp>

<comp id="376" class="1004" name="inputBuf_39_fu_376">
<pin_list>
<pin id="377" dir="0" index="0" bw="1" slack="0"/>
<pin id="378" dir="1" index="1" bw="1" slack="2"/>
</pin_list>
<bind>
<opcode="alloca(26) " fcode="alloca"/>
<opset="inputBuf_39/1 "/>
</bind>
</comp>

<comp id="380" class="1004" name="inputBuf_40_fu_380">
<pin_list>
<pin id="381" dir="0" index="0" bw="1" slack="0"/>
<pin id="382" dir="1" index="1" bw="1" slack="2"/>
</pin_list>
<bind>
<opcode="alloca(26) " fcode="alloca"/>
<opset="inputBuf_40/1 "/>
</bind>
</comp>

<comp id="384" class="1004" name="inputBuf_41_fu_384">
<pin_list>
<pin id="385" dir="0" index="0" bw="1" slack="0"/>
<pin id="386" dir="1" index="1" bw="1" slack="2"/>
</pin_list>
<bind>
<opcode="alloca(26) " fcode="alloca"/>
<opset="inputBuf_41/1 "/>
</bind>
</comp>

<comp id="388" class="1004" name="inputBuf_42_fu_388">
<pin_list>
<pin id="389" dir="0" index="0" bw="1" slack="0"/>
<pin id="390" dir="1" index="1" bw="1" slack="2"/>
</pin_list>
<bind>
<opcode="alloca(26) " fcode="alloca"/>
<opset="inputBuf_42/1 "/>
</bind>
</comp>

<comp id="392" class="1004" name="inputBuf_43_fu_392">
<pin_list>
<pin id="393" dir="0" index="0" bw="1" slack="0"/>
<pin id="394" dir="1" index="1" bw="1" slack="2"/>
</pin_list>
<bind>
<opcode="alloca(26) " fcode="alloca"/>
<opset="inputBuf_43/1 "/>
</bind>
</comp>

<comp id="396" class="1004" name="inputBuf_44_fu_396">
<pin_list>
<pin id="397" dir="0" index="0" bw="1" slack="0"/>
<pin id="398" dir="1" index="1" bw="1" slack="2"/>
</pin_list>
<bind>
<opcode="alloca(26) " fcode="alloca"/>
<opset="inputBuf_44/1 "/>
</bind>
</comp>

<comp id="400" class="1004" name="inputBuf_45_fu_400">
<pin_list>
<pin id="401" dir="0" index="0" bw="1" slack="0"/>
<pin id="402" dir="1" index="1" bw="1" slack="2"/>
</pin_list>
<bind>
<opcode="alloca(26) " fcode="alloca"/>
<opset="inputBuf_45/1 "/>
</bind>
</comp>

<comp id="404" class="1004" name="inputBuf_46_fu_404">
<pin_list>
<pin id="405" dir="0" index="0" bw="1" slack="0"/>
<pin id="406" dir="1" index="1" bw="1" slack="2"/>
</pin_list>
<bind>
<opcode="alloca(26) " fcode="alloca"/>
<opset="inputBuf_46/1 "/>
</bind>
</comp>

<comp id="408" class="1004" name="inputBuf_47_fu_408">
<pin_list>
<pin id="409" dir="0" index="0" bw="1" slack="0"/>
<pin id="410" dir="1" index="1" bw="1" slack="2"/>
</pin_list>
<bind>
<opcode="alloca(26) " fcode="alloca"/>
<opset="inputBuf_47/1 "/>
</bind>
</comp>

<comp id="412" class="1004" name="inputBuf_48_fu_412">
<pin_list>
<pin id="413" dir="0" index="0" bw="1" slack="0"/>
<pin id="414" dir="1" index="1" bw="1" slack="2"/>
</pin_list>
<bind>
<opcode="alloca(26) " fcode="alloca"/>
<opset="inputBuf_48/1 "/>
</bind>
</comp>

<comp id="416" class="1004" name="inputBuf_49_fu_416">
<pin_list>
<pin id="417" dir="0" index="0" bw="1" slack="0"/>
<pin id="418" dir="1" index="1" bw="1" slack="2"/>
</pin_list>
<bind>
<opcode="alloca(26) " fcode="alloca"/>
<opset="inputBuf_49/1 "/>
</bind>
</comp>

<comp id="420" class="1004" name="inputBuf_50_fu_420">
<pin_list>
<pin id="421" dir="0" index="0" bw="1" slack="0"/>
<pin id="422" dir="1" index="1" bw="1" slack="2"/>
</pin_list>
<bind>
<opcode="alloca(26) " fcode="alloca"/>
<opset="inputBuf_50/1 "/>
</bind>
</comp>

<comp id="424" class="1004" name="inputBuf_51_fu_424">
<pin_list>
<pin id="425" dir="0" index="0" bw="1" slack="0"/>
<pin id="426" dir="1" index="1" bw="1" slack="2"/>
</pin_list>
<bind>
<opcode="alloca(26) " fcode="alloca"/>
<opset="inputBuf_51/1 "/>
</bind>
</comp>

<comp id="428" class="1004" name="inputBuf_52_fu_428">
<pin_list>
<pin id="429" dir="0" index="0" bw="1" slack="0"/>
<pin id="430" dir="1" index="1" bw="1" slack="2"/>
</pin_list>
<bind>
<opcode="alloca(26) " fcode="alloca"/>
<opset="inputBuf_52/1 "/>
</bind>
</comp>

<comp id="432" class="1004" name="inputBuf_53_fu_432">
<pin_list>
<pin id="433" dir="0" index="0" bw="1" slack="0"/>
<pin id="434" dir="1" index="1" bw="1" slack="2"/>
</pin_list>
<bind>
<opcode="alloca(26) " fcode="alloca"/>
<opset="inputBuf_53/1 "/>
</bind>
</comp>

<comp id="436" class="1004" name="inputBuf_54_fu_436">
<pin_list>
<pin id="437" dir="0" index="0" bw="1" slack="0"/>
<pin id="438" dir="1" index="1" bw="1" slack="2"/>
</pin_list>
<bind>
<opcode="alloca(26) " fcode="alloca"/>
<opset="inputBuf_54/1 "/>
</bind>
</comp>

<comp id="440" class="1004" name="inputBuf_55_fu_440">
<pin_list>
<pin id="441" dir="0" index="0" bw="1" slack="0"/>
<pin id="442" dir="1" index="1" bw="1" slack="2"/>
</pin_list>
<bind>
<opcode="alloca(26) " fcode="alloca"/>
<opset="inputBuf_55/1 "/>
</bind>
</comp>

<comp id="444" class="1004" name="inputBuf_56_fu_444">
<pin_list>
<pin id="445" dir="0" index="0" bw="1" slack="0"/>
<pin id="446" dir="1" index="1" bw="1" slack="2"/>
</pin_list>
<bind>
<opcode="alloca(26) " fcode="alloca"/>
<opset="inputBuf_56/1 "/>
</bind>
</comp>

<comp id="448" class="1004" name="inputBuf_57_fu_448">
<pin_list>
<pin id="449" dir="0" index="0" bw="1" slack="0"/>
<pin id="450" dir="1" index="1" bw="1" slack="2"/>
</pin_list>
<bind>
<opcode="alloca(26) " fcode="alloca"/>
<opset="inputBuf_57/1 "/>
</bind>
</comp>

<comp id="452" class="1004" name="inputBuf_58_fu_452">
<pin_list>
<pin id="453" dir="0" index="0" bw="1" slack="0"/>
<pin id="454" dir="1" index="1" bw="1" slack="2"/>
</pin_list>
<bind>
<opcode="alloca(26) " fcode="alloca"/>
<opset="inputBuf_58/1 "/>
</bind>
</comp>

<comp id="456" class="1004" name="inputBuf_59_fu_456">
<pin_list>
<pin id="457" dir="0" index="0" bw="1" slack="0"/>
<pin id="458" dir="1" index="1" bw="1" slack="2"/>
</pin_list>
<bind>
<opcode="alloca(26) " fcode="alloca"/>
<opset="inputBuf_59/1 "/>
</bind>
</comp>

<comp id="460" class="1004" name="inputBuf_60_fu_460">
<pin_list>
<pin id="461" dir="0" index="0" bw="1" slack="0"/>
<pin id="462" dir="1" index="1" bw="1" slack="2"/>
</pin_list>
<bind>
<opcode="alloca(26) " fcode="alloca"/>
<opset="inputBuf_60/1 "/>
</bind>
</comp>

<comp id="464" class="1004" name="inputBuf_61_fu_464">
<pin_list>
<pin id="465" dir="0" index="0" bw="1" slack="0"/>
<pin id="466" dir="1" index="1" bw="1" slack="2"/>
</pin_list>
<bind>
<opcode="alloca(26) " fcode="alloca"/>
<opset="inputBuf_61/1 "/>
</bind>
</comp>

<comp id="468" class="1004" name="inputBuf_62_fu_468">
<pin_list>
<pin id="469" dir="0" index="0" bw="1" slack="0"/>
<pin id="470" dir="1" index="1" bw="1" slack="2"/>
</pin_list>
<bind>
<opcode="alloca(26) " fcode="alloca"/>
<opset="inputBuf_62/1 "/>
</bind>
</comp>

<comp id="472" class="1004" name="inputBuf_63_fu_472">
<pin_list>
<pin id="473" dir="0" index="0" bw="1" slack="0"/>
<pin id="474" dir="1" index="1" bw="1" slack="2"/>
</pin_list>
<bind>
<opcode="alloca(26) " fcode="alloca"/>
<opset="inputBuf_63/1 "/>
</bind>
</comp>

<comp id="476" class="1004" name="nf_fu_476">
<pin_list>
<pin id="477" dir="0" index="0" bw="1" slack="0"/>
<pin id="478" dir="1" index="1" bw="32" slack="0"/>
</pin_list>
<bind>
<opcode="alloca(26) " fcode="alloca"/>
<opset="nf/1 "/>
</bind>
</comp>

<comp id="480" class="1004" name="conv_i2_i13_i_fu_480">
<pin_list>
<pin id="481" dir="0" index="0" bw="1" slack="0"/>
<pin id="482" dir="1" index="1" bw="16" slack="2"/>
</pin_list>
<bind>
<opcode="alloca(26) " fcode="alloca"/>
<opset="conv_i2_i13_i/1 "/>
</bind>
</comp>

<comp id="484" class="1004" name="inputBuf_65_read_fu_484">
<pin_list>
<pin id="485" dir="0" index="0" bw="1" slack="0"/>
<pin id="486" dir="0" index="1" bw="1" slack="0"/>
<pin id="487" dir="1" index="2" bw="1" slack="0"/>
</pin_list>
<bind>
<opcode="read(1150) " fcode="read"/>
<opset="inputBuf_65/3 "/>
</bind>
</comp>

<comp id="490" class="1004" name="write_ln187_write_fu_490">
<pin_list>
<pin id="491" dir="0" index="0" bw="0" slack="0"/>
<pin id="492" dir="0" index="1" bw="1" slack="0"/>
<pin id="493" dir="0" index="2" bw="1" slack="0"/>
<pin id="494" dir="1" index="3" bw="0" slack="2147483647"/>
</pin_list>
<bind>
<opcode="write(1151) " fcode="write"/>
<opset="write_ln187/3 "/>
</bind>
</comp>

<comp id="497" class="1004" name="fc2_weights_0_addr_gep_fu_497">
<pin_list>
<pin id="498" dir="0" index="0" bw="3" slack="0"/>
<pin id="499" dir="0" index="1" bw="1" slack="0"/>
<pin id="500" dir="0" index="2" bw="32" slack="0"/>
<pin id="501" dir="1" index="3" bw="9" slack="0"/>
</pin_list>
<bind>
<opcode="getelementptr(29) " fcode="getelementptr"/>
<opset="fc2_weights_0_addr/2 "/>
</bind>
</comp>

<comp id="504" class="1004" name="grp_access_fu_504">
<pin_list>
<pin id="505" dir="0" index="0" bw="9" slack="0"/>
<pin id="506" dir="0" index="1" bw="3" slack="2147483647"/>
<pin id="507" dir="0" index="2" bw="0" slack="2147483647"/>
<pin id="508" dir="1" index="3" bw="3" slack="0"/>
</pin_list>
<bind>
<opcode="load(27) " fcode="load"/>
<opset="value/2 "/>
</bind>
</comp>

<comp id="510" class="1005" name="inElem_reg_510">
<pin_list>
<pin id="511" dir="0" index="0" bw="1" slack="2147483647"/>
<pin id="512" dir="1" index="1" bw="1" slack="2147483647"/>
</pin_list>
<bind>
<opset="inElem (phireg) "/>
</bind>
</comp>

<comp id="513" class="1004" name="inElem_phi_fu_513">
<pin_list>
<pin id="514" dir="0" index="0" bw="1" slack="0"/>
<pin id="515" dir="0" index="1" bw="0" slack="2147483647"/>
<pin id="516" dir="0" index="2" bw="1" slack="0"/>
<pin id="517" dir="0" index="3" bw="0" slack="2147483647"/>
<pin id="518" dir="0" index="4" bw="1" slack="0"/>
<pin id="519" dir="0" index="5" bw="0" slack="2147483647"/>
<pin id="520" dir="0" index="6" bw="1" slack="0"/>
<pin id="521" dir="0" index="7" bw="0" slack="2147483647"/>
<pin id="522" dir="0" index="8" bw="1" slack="0"/>
<pin id="523" dir="0" index="9" bw="0" slack="2147483647"/>
<pin id="524" dir="0" index="10" bw="1" slack="0"/>
<pin id="525" dir="0" index="11" bw="0" slack="2147483647"/>
<pin id="526" dir="0" index="12" bw="1" slack="0"/>
<pin id="527" dir="0" index="13" bw="0" slack="2147483647"/>
<pin id="528" dir="0" index="14" bw="1" slack="0"/>
<pin id="529" dir="0" index="15" bw="0" slack="2147483647"/>
<pin id="530" dir="0" index="16" bw="1" slack="0"/>
<pin id="531" dir="0" index="17" bw="0" slack="2147483647"/>
<pin id="532" dir="0" index="18" bw="1" slack="0"/>
<pin id="533" dir="0" index="19" bw="0" slack="2147483647"/>
<pin id="534" dir="0" index="20" bw="1" slack="0"/>
<pin id="535" dir="0" index="21" bw="0" slack="2147483647"/>
<pin id="536" dir="0" index="22" bw="1" slack="0"/>
<pin id="537" dir="0" index="23" bw="0" slack="2147483647"/>
<pin id="538" dir="0" index="24" bw="1" slack="0"/>
<pin id="539" dir="0" index="25" bw="0" slack="2147483647"/>
<pin id="540" dir="0" index="26" bw="1" slack="0"/>
<pin id="541" dir="0" index="27" bw="0" slack="2147483647"/>
<pin id="542" dir="0" index="28" bw="1" slack="0"/>
<pin id="543" dir="0" index="29" bw="0" slack="2147483647"/>
<pin id="544" dir="0" index="30" bw="1" slack="0"/>
<pin id="545" dir="0" index="31" bw="0" slack="2147483647"/>
<pin id="546" dir="0" index="32" bw="1" slack="0"/>
<pin id="547" dir="0" index="33" bw="0" slack="2147483647"/>
<pin id="548" dir="0" index="34" bw="1" slack="0"/>
<pin id="549" dir="0" index="35" bw="0" slack="2147483647"/>
<pin id="550" dir="0" index="36" bw="1" slack="0"/>
<pin id="551" dir="0" index="37" bw="0" slack="2147483647"/>
<pin id="552" dir="0" index="38" bw="1" slack="0"/>
<pin id="553" dir="0" index="39" bw="0" slack="2147483647"/>
<pin id="554" dir="0" index="40" bw="1" slack="0"/>
<pin id="555" dir="0" index="41" bw="0" slack="2147483647"/>
<pin id="556" dir="0" index="42" bw="1" slack="0"/>
<pin id="557" dir="0" index="43" bw="0" slack="2147483647"/>
<pin id="558" dir="0" index="44" bw="1" slack="0"/>
<pin id="559" dir="0" index="45" bw="0" slack="2147483647"/>
<pin id="560" dir="0" index="46" bw="1" slack="0"/>
<pin id="561" dir="0" index="47" bw="0" slack="2147483647"/>
<pin id="562" dir="0" index="48" bw="1" slack="0"/>
<pin id="563" dir="0" index="49" bw="0" slack="2147483647"/>
<pin id="564" dir="0" index="50" bw="1" slack="0"/>
<pin id="565" dir="0" index="51" bw="0" slack="2147483647"/>
<pin id="566" dir="0" index="52" bw="1" slack="0"/>
<pin id="567" dir="0" index="53" bw="0" slack="2147483647"/>
<pin id="568" dir="0" index="54" bw="1" slack="0"/>
<pin id="569" dir="0" index="55" bw="0" slack="2147483647"/>
<pin id="570" dir="0" index="56" bw="1" slack="0"/>
<pin id="571" dir="0" index="57" bw="0" slack="2147483647"/>
<pin id="572" dir="0" index="58" bw="1" slack="0"/>
<pin id="573" dir="0" index="59" bw="0" slack="2147483647"/>
<pin id="574" dir="0" index="60" bw="1" slack="0"/>
<pin id="575" dir="0" index="61" bw="0" slack="2147483647"/>
<pin id="576" dir="0" index="62" bw="1" slack="0"/>
<pin id="577" dir="0" index="63" bw="0" slack="2147483647"/>
<pin id="578" dir="0" index="64" bw="1" slack="0"/>
<pin id="579" dir="0" index="65" bw="0" slack="2147483647"/>
<pin id="580" dir="0" index="66" bw="1" slack="0"/>
<pin id="581" dir="0" index="67" bw="0" slack="2147483647"/>
<pin id="582" dir="0" index="68" bw="1" slack="0"/>
<pin id="583" dir="0" index="69" bw="0" slack="2147483647"/>
<pin id="584" dir="0" index="70" bw="1" slack="0"/>
<pin id="585" dir="0" index="71" bw="0" slack="2147483647"/>
<pin id="586" dir="0" index="72" bw="1" slack="0"/>
<pin id="587" dir="0" index="73" bw="0" slack="2147483647"/>
<pin id="588" dir="0" index="74" bw="1" slack="0"/>
<pin id="589" dir="0" index="75" bw="0" slack="2147483647"/>
<pin id="590" dir="0" index="76" bw="1" slack="0"/>
<pin id="591" dir="0" index="77" bw="0" slack="2147483647"/>
<pin id="592" dir="0" index="78" bw="1" slack="0"/>
<pin id="593" dir="0" index="79" bw="0" slack="2147483647"/>
<pin id="594" dir="0" index="80" bw="1" slack="0"/>
<pin id="595" dir="0" index="81" bw="0" slack="2147483647"/>
<pin id="596" dir="0" index="82" bw="1" slack="0"/>
<pin id="597" dir="0" index="83" bw="0" slack="2147483647"/>
<pin id="598" dir="0" index="84" bw="1" slack="0"/>
<pin id="599" dir="0" index="85" bw="0" slack="2147483647"/>
<pin id="600" dir="0" index="86" bw="1" slack="0"/>
<pin id="601" dir="0" index="87" bw="0" slack="2147483647"/>
<pin id="602" dir="0" index="88" bw="1" slack="0"/>
<pin id="603" dir="0" index="89" bw="0" slack="2147483647"/>
<pin id="604" dir="0" index="90" bw="1" slack="0"/>
<pin id="605" dir="0" index="91" bw="0" slack="2147483647"/>
<pin id="606" dir="0" index="92" bw="1" slack="0"/>
<pin id="607" dir="0" index="93" bw="0" slack="2147483647"/>
<pin id="608" dir="0" index="94" bw="1" slack="0"/>
<pin id="609" dir="0" index="95" bw="0" slack="2147483647"/>
<pin id="610" dir="0" index="96" bw="1" slack="0"/>
<pin id="611" dir="0" index="97" bw="0" slack="2147483647"/>
<pin id="612" dir="0" index="98" bw="1" slack="0"/>
<pin id="613" dir="0" index="99" bw="0" slack="2147483647"/>
<pin id="614" dir="0" index="100" bw="1" slack="0"/>
<pin id="615" dir="0" index="101" bw="0" slack="2147483647"/>
<pin id="616" dir="0" index="102" bw="1" slack="0"/>
<pin id="617" dir="0" index="103" bw="0" slack="2147483647"/>
<pin id="618" dir="0" index="104" bw="1" slack="0"/>
<pin id="619" dir="0" index="105" bw="0" slack="2147483647"/>
<pin id="620" dir="0" index="106" bw="1" slack="0"/>
<pin id="621" dir="0" index="107" bw="0" slack="2147483647"/>
<pin id="622" dir="0" index="108" bw="1" slack="0"/>
<pin id="623" dir="0" index="109" bw="0" slack="2147483647"/>
<pin id="624" dir="0" index="110" bw="1" slack="0"/>
<pin id="625" dir="0" index="111" bw="0" slack="2147483647"/>
<pin id="626" dir="0" index="112" bw="1" slack="0"/>
<pin id="627" dir="0" index="113" bw="0" slack="2147483647"/>
<pin id="628" dir="0" index="114" bw="1" slack="0"/>
<pin id="629" dir="0" index="115" bw="0" slack="2147483647"/>
<pin id="630" dir="0" index="116" bw="1" slack="0"/>
<pin id="631" dir="0" index="117" bw="0" slack="2147483647"/>
<pin id="632" dir="0" index="118" bw="1" slack="0"/>
<pin id="633" dir="0" index="119" bw="0" slack="2147483647"/>
<pin id="634" dir="0" index="120" bw="1" slack="0"/>
<pin id="635" dir="0" index="121" bw="0" slack="2147483647"/>
<pin id="636" dir="0" index="122" bw="1" slack="0"/>
<pin id="637" dir="0" index="123" bw="0" slack="2147483647"/>
<pin id="638" dir="0" index="124" bw="1" slack="0"/>
<pin id="639" dir="0" index="125" bw="0" slack="2147483647"/>
<pin id="640" dir="0" index="126" bw="1" slack="0"/>
<pin id="641" dir="0" index="127" bw="0" slack="2147483647"/>
<pin id="642" dir="0" index="128" bw="1" slack="0"/>
<pin id="643" dir="0" index="129" bw="0" slack="2147483647"/>
<pin id="644" dir="1" index="130" bw="1" slack="0"/>
</pin_list>
<bind>
<opcode="phi(47) " fcode="phi"/>
<opset="inElem/3 "/>
</bind>
</comp>

<comp id="709" class="1005" name="outElem_reg_709">
<pin_list>
<pin id="710" dir="0" index="0" bw="1" slack="2147483647"/>
<pin id="711" dir="1" index="1" bw="1" slack="2147483647"/>
</pin_list>
<bind>
<opset="outElem (phireg) "/>
</bind>
</comp>

<comp id="712" class="1004" name="outElem_phi_fu_712">
<pin_list>
<pin id="713" dir="0" index="0" bw="1" slack="0"/>
<pin id="714" dir="0" index="1" bw="0" slack="2147483647"/>
<pin id="715" dir="0" index="2" bw="1" slack="0"/>
<pin id="716" dir="0" index="3" bw="0" slack="2147483647"/>
<pin id="717" dir="1" index="4" bw="1" slack="0"/>
</pin_list>
<bind>
<opcode="phi(47) " fcode="phi"/>
<opset="outElem/3 "/>
</bind>
</comp>

<comp id="721" class="1004" name="store_ln0_store_fu_721">
<pin_list>
<pin id="722" dir="0" index="0" bw="1" slack="0"/>
<pin id="723" dir="0" index="1" bw="32" slack="0"/>
<pin id="724" dir="1" index="2" bw="0" slack="2147483647"/>
</pin_list>
<bind>
<opcode="store(28) " fcode="store"/>
<opset="store_ln0/1 "/>
</bind>
</comp>

<comp id="726" class="1004" name="store_ln0_store_fu_726">
<pin_list>
<pin id="727" dir="0" index="0" bw="1" slack="0"/>
<pin id="728" dir="0" index="1" bw="9" slack="0"/>
<pin id="729" dir="1" index="2" bw="0" slack="2147483647"/>
</pin_list>
<bind>
<opcode="store(28) " fcode="store"/>
<opset="store_ln0/1 "/>
</bind>
</comp>

<comp id="731" class="1004" name="store_ln0_store_fu_731">
<pin_list>
<pin id="732" dir="0" index="0" bw="1" slack="0"/>
<pin id="733" dir="0" index="1" bw="32" slack="0"/>
<pin id="734" dir="1" index="2" bw="0" slack="2147483647"/>
</pin_list>
<bind>
<opcode="store(28) " fcode="store"/>
<opset="store_ln0/1 "/>
</bind>
</comp>

<comp id="736" class="1004" name="store_ln0_store_fu_736">
<pin_list>
<pin id="737" dir="0" index="0" bw="1" slack="0"/>
<pin id="738" dir="0" index="1" bw="32" slack="0"/>
<pin id="739" dir="1" index="2" bw="0" slack="2147483647"/>
</pin_list>
<bind>
<opcode="store(28) " fcode="store"/>
<opset="store_ln0/1 "/>
</bind>
</comp>

<comp id="741" class="1004" name="sf_2_load_fu_741">
<pin_list>
<pin id="742" dir="0" index="0" bw="32" slack="1"/>
<pin id="743" dir="1" index="1" bw="32" slack="0"/>
</pin_list>
<bind>
<opcode="load(27) " fcode="load"/>
<opset="sf_2/2 "/>
</bind>
</comp>

<comp id="744" class="1004" name="i_load_fu_744">
<pin_list>
<pin id="745" dir="0" index="0" bw="9" slack="1"/>
<pin id="746" dir="1" index="1" bw="9" slack="0"/>
</pin_list>
<bind>
<opcode="load(27) " fcode="load"/>
<opset="i/2 "/>
</bind>
</comp>

<comp id="747" class="1004" name="nf_3_load_fu_747">
<pin_list>
<pin id="748" dir="0" index="0" bw="32" slack="1"/>
<pin id="749" dir="1" index="1" bw="32" slack="0"/>
</pin_list>
<bind>
<opcode="load(27) " fcode="load"/>
<opset="nf_3/2 "/>
</bind>
</comp>

<comp id="750" class="1004" name="icmp_ln131_fu_750">
<pin_list>
<pin id="751" dir="0" index="0" bw="9" slack="0"/>
<pin id="752" dir="0" index="1" bw="9" slack="0"/>
<pin id="753" dir="1" index="2" bw="1" slack="1"/>
</pin_list>
<bind>
<opcode="icmp(45) " fcode="icmp"/>
<opset="icmp_ln131/2 "/>
</bind>
</comp>

<comp id="756" class="1004" name="i_2_fu_756">
<pin_list>
<pin id="757" dir="0" index="0" bw="9" slack="0"/>
<pin id="758" dir="0" index="1" bw="1" slack="0"/>
<pin id="759" dir="1" index="2" bw="9" slack="0"/>
</pin_list>
<bind>
<opcode="add(8) " fcode="add"/>
<opset="i_2/2 "/>
</bind>
</comp>

<comp id="762" class="1004" name="trunc_ln123_fu_762">
<pin_list>
<pin id="763" dir="0" index="0" bw="32" slack="0"/>
<pin id="764" dir="1" index="1" bw="6" slack="1"/>
</pin_list>
<bind>
<opcode="trunc(33) " fcode="trunc"/>
<opset="trunc_ln123/2 "/>
</bind>
</comp>

<comp id="766" class="1004" name="trunc_ln123_1_fu_766">
<pin_list>
<pin id="767" dir="0" index="0" bw="32" slack="0"/>
<pin id="768" dir="1" index="1" bw="3" slack="1"/>
</pin_list>
<bind>
<opcode="trunc(33) " fcode="trunc"/>
<opset="trunc_ln123_1/2 "/>
</bind>
</comp>

<comp id="770" class="1004" name="icmp_ln134_fu_770">
<pin_list>
<pin id="771" dir="0" index="0" bw="32" slack="0"/>
<pin id="772" dir="0" index="1" bw="1" slack="0"/>
<pin id="773" dir="1" index="2" bw="1" slack="1"/>
</pin_list>
<bind>
<opcode="icmp(45) " fcode="icmp"/>
<opset="icmp_ln134/2 "/>
</bind>
</comp>

<comp id="776" class="1004" name="icmp_ln149_fu_776">
<pin_list>
<pin id="777" dir="0" index="0" bw="32" slack="0"/>
<pin id="778" dir="0" index="1" bw="1" slack="0"/>
<pin id="779" dir="1" index="2" bw="1" slack="1"/>
</pin_list>
<bind>
<opcode="icmp(45) " fcode="icmp"/>
<opset="icmp_ln149/2 "/>
</bind>
</comp>

<comp id="782" class="1004" name="tile_load_load_fu_782">
<pin_list>
<pin id="783" dir="0" index="0" bw="32" slack="1"/>
<pin id="784" dir="1" index="1" bw="32" slack="0"/>
</pin_list>
<bind>
<opcode="load(27) " fcode="load"/>
<opset="tile_load/2 "/>
</bind>
</comp>

<comp id="785" class="1004" name="idxprom4_i_i_fu_785">
<pin_list>
<pin id="786" dir="0" index="0" bw="32" slack="0"/>
<pin id="787" dir="1" index="1" bw="64" slack="0"/>
</pin_list>
<bind>
<opcode="zext(34) " fcode="zext"/>
<opset="idxprom4_i_i/2 "/>
</bind>
</comp>

<comp id="790" class="1004" name="tile_1_fu_790">
<pin_list>
<pin id="791" dir="0" index="0" bw="32" slack="0"/>
<pin id="792" dir="0" index="1" bw="1" slack="0"/>
<pin id="793" dir="1" index="2" bw="32" slack="0"/>
</pin_list>
<bind>
<opcode="add(8) " fcode="add"/>
<opset="tile_1/2 "/>
</bind>
</comp>

<comp id="796" class="1004" name="sf_3_fu_796">
<pin_list>
<pin id="797" dir="0" index="0" bw="32" slack="0"/>
<pin id="798" dir="0" index="1" bw="1" slack="0"/>
<pin id="799" dir="1" index="2" bw="32" slack="0"/>
</pin_list>
<bind>
<opcode="add(8) " fcode="add"/>
<opset="sf_3/2 "/>
</bind>
</comp>

<comp id="802" class="1004" name="icmp_ln172_fu_802">
<pin_list>
<pin id="803" dir="0" index="0" bw="32" slack="0"/>
<pin id="804" dir="0" index="1" bw="8" slack="0"/>
<pin id="805" dir="1" index="2" bw="1" slack="1"/>
</pin_list>
<bind>
<opcode="icmp(45) " fcode="icmp"/>
<opset="icmp_ln172/2 "/>
</bind>
</comp>

<comp id="808" class="1004" name="store_ln172_store_fu_808">
<pin_list>
<pin id="809" dir="0" index="0" bw="32" slack="0"/>
<pin id="810" dir="0" index="1" bw="32" slack="1"/>
<pin id="811" dir="1" index="2" bw="0" slack="2147483647"/>
</pin_list>
<bind>
<opcode="store(28) " fcode="store"/>
<opset="store_ln172/2 "/>
</bind>
</comp>

<comp id="813" class="1004" name="store_ln172_store_fu_813">
<pin_list>
<pin id="814" dir="0" index="0" bw="32" slack="0"/>
<pin id="815" dir="0" index="1" bw="32" slack="1"/>
<pin id="816" dir="1" index="2" bw="0" slack="2147483647"/>
</pin_list>
<bind>
<opcode="store(28) " fcode="store"/>
<opset="store_ln172/2 "/>
</bind>
</comp>

<comp id="818" class="1004" name="nf_4_fu_818">
<pin_list>
<pin id="819" dir="0" index="0" bw="32" slack="0"/>
<pin id="820" dir="0" index="1" bw="1" slack="0"/>
<pin id="821" dir="1" index="2" bw="32" slack="0"/>
</pin_list>
<bind>
<opcode="add(8) " fcode="add"/>
<opset="nf_4/2 "/>
</bind>
</comp>

<comp id="824" class="1004" name="icmp_ln192_fu_824">
<pin_list>
<pin id="825" dir="0" index="0" bw="32" slack="0"/>
<pin id="826" dir="0" index="1" bw="4" slack="0"/>
<pin id="827" dir="1" index="2" bw="1" slack="0"/>
</pin_list>
<bind>
<opcode="icmp(45) " fcode="icmp"/>
<opset="icmp_ln192/2 "/>
</bind>
</comp>

<comp id="830" class="1004" name="nf_5_fu_830">
<pin_list>
<pin id="831" dir="0" index="0" bw="1" slack="0"/>
<pin id="832" dir="0" index="1" bw="1" slack="0"/>
<pin id="833" dir="0" index="2" bw="32" slack="0"/>
<pin id="834" dir="1" index="3" bw="32" slack="0"/>
</pin_list>
<bind>
<opcode="select(49) " fcode="select"/>
<opset="nf_5/2 "/>
</bind>
</comp>

<comp id="838" class="1004" name="tile_2_fu_838">
<pin_list>
<pin id="839" dir="0" index="0" bw="1" slack="0"/>
<pin id="840" dir="0" index="1" bw="1" slack="0"/>
<pin id="841" dir="0" index="2" bw="32" slack="0"/>
<pin id="842" dir="1" index="3" bw="32" slack="0"/>
</pin_list>
<bind>
<opcode="select(49) " fcode="select"/>
<opset="tile_2/2 "/>
</bind>
</comp>

<comp id="846" class="1004" name="store_ln196_store_fu_846">
<pin_list>
<pin id="847" dir="0" index="0" bw="32" slack="0"/>
<pin id="848" dir="0" index="1" bw="32" slack="1"/>
<pin id="849" dir="1" index="2" bw="0" slack="2147483647"/>
</pin_list>
<bind>
<opcode="store(28) " fcode="store"/>
<opset="store_ln196/2 "/>
</bind>
</comp>

<comp id="851" class="1004" name="store_ln196_store_fu_851">
<pin_list>
<pin id="852" dir="0" index="0" bw="32" slack="0"/>
<pin id="853" dir="0" index="1" bw="32" slack="1"/>
<pin id="854" dir="1" index="2" bw="0" slack="2147483647"/>
</pin_list>
<bind>
<opcode="store(28) " fcode="store"/>
<opset="store_ln196/2 "/>
</bind>
</comp>

<comp id="856" class="1004" name="store_ln196_store_fu_856">
<pin_list>
<pin id="857" dir="0" index="0" bw="1" slack="0"/>
<pin id="858" dir="0" index="1" bw="32" slack="1"/>
<pin id="859" dir="1" index="2" bw="0" slack="2147483647"/>
</pin_list>
<bind>
<opcode="store(28) " fcode="store"/>
<opset="store_ln196/2 "/>
</bind>
</comp>

<comp id="861" class="1004" name="store_ln131_store_fu_861">
<pin_list>
<pin id="862" dir="0" index="0" bw="9" slack="0"/>
<pin id="863" dir="0" index="1" bw="9" slack="1"/>
<pin id="864" dir="1" index="2" bw="0" slack="2147483647"/>
</pin_list>
<bind>
<opcode="store(28) " fcode="store"/>
<opset="store_ln131/2 "/>
</bind>
</comp>

<comp id="866" class="1004" name="inputBuf_load_load_fu_866">
<pin_list>
<pin id="867" dir="0" index="0" bw="1" slack="2"/>
<pin id="868" dir="1" index="1" bw="1" slack="0"/>
</pin_list>
<bind>
<opcode="load(27) " fcode="load"/>
<opset="inputBuf_load/3 "/>
</bind>
</comp>

<comp id="869" class="1004" name="inputBuf_1_load_load_fu_869">
<pin_list>
<pin id="870" dir="0" index="0" bw="1" slack="2"/>
<pin id="871" dir="1" index="1" bw="1" slack="0"/>
</pin_list>
<bind>
<opcode="load(27) " fcode="load"/>
<opset="inputBuf_1_load/3 "/>
</bind>
</comp>

<comp id="872" class="1004" name="inputBuf_2_load_load_fu_872">
<pin_list>
<pin id="873" dir="0" index="0" bw="1" slack="2"/>
<pin id="874" dir="1" index="1" bw="1" slack="0"/>
</pin_list>
<bind>
<opcode="load(27) " fcode="load"/>
<opset="inputBuf_2_load/3 "/>
</bind>
</comp>

<comp id="875" class="1004" name="inputBuf_3_load_load_fu_875">
<pin_list>
<pin id="876" dir="0" index="0" bw="1" slack="2"/>
<pin id="877" dir="1" index="1" bw="1" slack="0"/>
</pin_list>
<bind>
<opcode="load(27) " fcode="load"/>
<opset="inputBuf_3_load/3 "/>
</bind>
</comp>

<comp id="878" class="1004" name="inputBuf_4_load_load_fu_878">
<pin_list>
<pin id="879" dir="0" index="0" bw="1" slack="2"/>
<pin id="880" dir="1" index="1" bw="1" slack="0"/>
</pin_list>
<bind>
<opcode="load(27) " fcode="load"/>
<opset="inputBuf_4_load/3 "/>
</bind>
</comp>

<comp id="881" class="1004" name="inputBuf_5_load_load_fu_881">
<pin_list>
<pin id="882" dir="0" index="0" bw="1" slack="2"/>
<pin id="883" dir="1" index="1" bw="1" slack="0"/>
</pin_list>
<bind>
<opcode="load(27) " fcode="load"/>
<opset="inputBuf_5_load/3 "/>
</bind>
</comp>

<comp id="884" class="1004" name="inputBuf_6_load_load_fu_884">
<pin_list>
<pin id="885" dir="0" index="0" bw="1" slack="2"/>
<pin id="886" dir="1" index="1" bw="1" slack="0"/>
</pin_list>
<bind>
<opcode="load(27) " fcode="load"/>
<opset="inputBuf_6_load/3 "/>
</bind>
</comp>

<comp id="887" class="1004" name="inputBuf_7_load_load_fu_887">
<pin_list>
<pin id="888" dir="0" index="0" bw="1" slack="2"/>
<pin id="889" dir="1" index="1" bw="1" slack="0"/>
</pin_list>
<bind>
<opcode="load(27) " fcode="load"/>
<opset="inputBuf_7_load/3 "/>
</bind>
</comp>

<comp id="890" class="1004" name="inputBuf_8_load_load_fu_890">
<pin_list>
<pin id="891" dir="0" index="0" bw="1" slack="2"/>
<pin id="892" dir="1" index="1" bw="1" slack="0"/>
</pin_list>
<bind>
<opcode="load(27) " fcode="load"/>
<opset="inputBuf_8_load/3 "/>
</bind>
</comp>

<comp id="893" class="1004" name="inputBuf_9_load_load_fu_893">
<pin_list>
<pin id="894" dir="0" index="0" bw="1" slack="2"/>
<pin id="895" dir="1" index="1" bw="1" slack="0"/>
</pin_list>
<bind>
<opcode="load(27) " fcode="load"/>
<opset="inputBuf_9_load/3 "/>
</bind>
</comp>

<comp id="896" class="1004" name="inputBuf_10_load_load_fu_896">
<pin_list>
<pin id="897" dir="0" index="0" bw="1" slack="2"/>
<pin id="898" dir="1" index="1" bw="1" slack="0"/>
</pin_list>
<bind>
<opcode="load(27) " fcode="load"/>
<opset="inputBuf_10_load/3 "/>
</bind>
</comp>

<comp id="899" class="1004" name="inputBuf_11_load_load_fu_899">
<pin_list>
<pin id="900" dir="0" index="0" bw="1" slack="2"/>
<pin id="901" dir="1" index="1" bw="1" slack="0"/>
</pin_list>
<bind>
<opcode="load(27) " fcode="load"/>
<opset="inputBuf_11_load/3 "/>
</bind>
</comp>

<comp id="902" class="1004" name="inputBuf_12_load_load_fu_902">
<pin_list>
<pin id="903" dir="0" index="0" bw="1" slack="2"/>
<pin id="904" dir="1" index="1" bw="1" slack="0"/>
</pin_list>
<bind>
<opcode="load(27) " fcode="load"/>
<opset="inputBuf_12_load/3 "/>
</bind>
</comp>

<comp id="905" class="1004" name="inputBuf_13_load_load_fu_905">
<pin_list>
<pin id="906" dir="0" index="0" bw="1" slack="2"/>
<pin id="907" dir="1" index="1" bw="1" slack="0"/>
</pin_list>
<bind>
<opcode="load(27) " fcode="load"/>
<opset="inputBuf_13_load/3 "/>
</bind>
</comp>

<comp id="908" class="1004" name="inputBuf_14_load_load_fu_908">
<pin_list>
<pin id="909" dir="0" index="0" bw="1" slack="2"/>
<pin id="910" dir="1" index="1" bw="1" slack="0"/>
</pin_list>
<bind>
<opcode="load(27) " fcode="load"/>
<opset="inputBuf_14_load/3 "/>
</bind>
</comp>

<comp id="911" class="1004" name="inputBuf_15_load_load_fu_911">
<pin_list>
<pin id="912" dir="0" index="0" bw="1" slack="2"/>
<pin id="913" dir="1" index="1" bw="1" slack="0"/>
</pin_list>
<bind>
<opcode="load(27) " fcode="load"/>
<opset="inputBuf_15_load/3 "/>
</bind>
</comp>

<comp id="914" class="1004" name="inputBuf_16_load_load_fu_914">
<pin_list>
<pin id="915" dir="0" index="0" bw="1" slack="2"/>
<pin id="916" dir="1" index="1" bw="1" slack="0"/>
</pin_list>
<bind>
<opcode="load(27) " fcode="load"/>
<opset="inputBuf_16_load/3 "/>
</bind>
</comp>

<comp id="917" class="1004" name="inputBuf_17_load_load_fu_917">
<pin_list>
<pin id="918" dir="0" index="0" bw="1" slack="2"/>
<pin id="919" dir="1" index="1" bw="1" slack="0"/>
</pin_list>
<bind>
<opcode="load(27) " fcode="load"/>
<opset="inputBuf_17_load/3 "/>
</bind>
</comp>

<comp id="920" class="1004" name="inputBuf_18_load_load_fu_920">
<pin_list>
<pin id="921" dir="0" index="0" bw="1" slack="2"/>
<pin id="922" dir="1" index="1" bw="1" slack="0"/>
</pin_list>
<bind>
<opcode="load(27) " fcode="load"/>
<opset="inputBuf_18_load/3 "/>
</bind>
</comp>

<comp id="923" class="1004" name="inputBuf_19_load_load_fu_923">
<pin_list>
<pin id="924" dir="0" index="0" bw="1" slack="2"/>
<pin id="925" dir="1" index="1" bw="1" slack="0"/>
</pin_list>
<bind>
<opcode="load(27) " fcode="load"/>
<opset="inputBuf_19_load/3 "/>
</bind>
</comp>

<comp id="926" class="1004" name="inputBuf_20_load_load_fu_926">
<pin_list>
<pin id="927" dir="0" index="0" bw="1" slack="2"/>
<pin id="928" dir="1" index="1" bw="1" slack="0"/>
</pin_list>
<bind>
<opcode="load(27) " fcode="load"/>
<opset="inputBuf_20_load/3 "/>
</bind>
</comp>

<comp id="929" class="1004" name="inputBuf_21_load_load_fu_929">
<pin_list>
<pin id="930" dir="0" index="0" bw="1" slack="2"/>
<pin id="931" dir="1" index="1" bw="1" slack="0"/>
</pin_list>
<bind>
<opcode="load(27) " fcode="load"/>
<opset="inputBuf_21_load/3 "/>
</bind>
</comp>

<comp id="932" class="1004" name="inputBuf_22_load_load_fu_932">
<pin_list>
<pin id="933" dir="0" index="0" bw="1" slack="2"/>
<pin id="934" dir="1" index="1" bw="1" slack="0"/>
</pin_list>
<bind>
<opcode="load(27) " fcode="load"/>
<opset="inputBuf_22_load/3 "/>
</bind>
</comp>

<comp id="935" class="1004" name="inputBuf_23_load_load_fu_935">
<pin_list>
<pin id="936" dir="0" index="0" bw="1" slack="2"/>
<pin id="937" dir="1" index="1" bw="1" slack="0"/>
</pin_list>
<bind>
<opcode="load(27) " fcode="load"/>
<opset="inputBuf_23_load/3 "/>
</bind>
</comp>

<comp id="938" class="1004" name="inputBuf_24_load_load_fu_938">
<pin_list>
<pin id="939" dir="0" index="0" bw="1" slack="2"/>
<pin id="940" dir="1" index="1" bw="1" slack="0"/>
</pin_list>
<bind>
<opcode="load(27) " fcode="load"/>
<opset="inputBuf_24_load/3 "/>
</bind>
</comp>

<comp id="941" class="1004" name="inputBuf_25_load_load_fu_941">
<pin_list>
<pin id="942" dir="0" index="0" bw="1" slack="2"/>
<pin id="943" dir="1" index="1" bw="1" slack="0"/>
</pin_list>
<bind>
<opcode="load(27) " fcode="load"/>
<opset="inputBuf_25_load/3 "/>
</bind>
</comp>

<comp id="944" class="1004" name="inputBuf_26_load_load_fu_944">
<pin_list>
<pin id="945" dir="0" index="0" bw="1" slack="2"/>
<pin id="946" dir="1" index="1" bw="1" slack="0"/>
</pin_list>
<bind>
<opcode="load(27) " fcode="load"/>
<opset="inputBuf_26_load/3 "/>
</bind>
</comp>

<comp id="947" class="1004" name="inputBuf_27_load_load_fu_947">
<pin_list>
<pin id="948" dir="0" index="0" bw="1" slack="2"/>
<pin id="949" dir="1" index="1" bw="1" slack="0"/>
</pin_list>
<bind>
<opcode="load(27) " fcode="load"/>
<opset="inputBuf_27_load/3 "/>
</bind>
</comp>

<comp id="950" class="1004" name="inputBuf_28_load_load_fu_950">
<pin_list>
<pin id="951" dir="0" index="0" bw="1" slack="2"/>
<pin id="952" dir="1" index="1" bw="1" slack="0"/>
</pin_list>
<bind>
<opcode="load(27) " fcode="load"/>
<opset="inputBuf_28_load/3 "/>
</bind>
</comp>

<comp id="953" class="1004" name="inputBuf_29_load_load_fu_953">
<pin_list>
<pin id="954" dir="0" index="0" bw="1" slack="2"/>
<pin id="955" dir="1" index="1" bw="1" slack="0"/>
</pin_list>
<bind>
<opcode="load(27) " fcode="load"/>
<opset="inputBuf_29_load/3 "/>
</bind>
</comp>

<comp id="956" class="1004" name="inputBuf_30_load_load_fu_956">
<pin_list>
<pin id="957" dir="0" index="0" bw="1" slack="2"/>
<pin id="958" dir="1" index="1" bw="1" slack="0"/>
</pin_list>
<bind>
<opcode="load(27) " fcode="load"/>
<opset="inputBuf_30_load/3 "/>
</bind>
</comp>

<comp id="959" class="1004" name="inputBuf_31_load_load_fu_959">
<pin_list>
<pin id="960" dir="0" index="0" bw="1" slack="2"/>
<pin id="961" dir="1" index="1" bw="1" slack="0"/>
</pin_list>
<bind>
<opcode="load(27) " fcode="load"/>
<opset="inputBuf_31_load/3 "/>
</bind>
</comp>

<comp id="962" class="1004" name="inputBuf_32_load_load_fu_962">
<pin_list>
<pin id="963" dir="0" index="0" bw="1" slack="2"/>
<pin id="964" dir="1" index="1" bw="1" slack="0"/>
</pin_list>
<bind>
<opcode="load(27) " fcode="load"/>
<opset="inputBuf_32_load/3 "/>
</bind>
</comp>

<comp id="965" class="1004" name="inputBuf_33_load_load_fu_965">
<pin_list>
<pin id="966" dir="0" index="0" bw="1" slack="2"/>
<pin id="967" dir="1" index="1" bw="1" slack="0"/>
</pin_list>
<bind>
<opcode="load(27) " fcode="load"/>
<opset="inputBuf_33_load/3 "/>
</bind>
</comp>

<comp id="968" class="1004" name="inputBuf_34_load_load_fu_968">
<pin_list>
<pin id="969" dir="0" index="0" bw="1" slack="2"/>
<pin id="970" dir="1" index="1" bw="1" slack="0"/>
</pin_list>
<bind>
<opcode="load(27) " fcode="load"/>
<opset="inputBuf_34_load/3 "/>
</bind>
</comp>

<comp id="971" class="1004" name="inputBuf_35_load_load_fu_971">
<pin_list>
<pin id="972" dir="0" index="0" bw="1" slack="2"/>
<pin id="973" dir="1" index="1" bw="1" slack="0"/>
</pin_list>
<bind>
<opcode="load(27) " fcode="load"/>
<opset="inputBuf_35_load/3 "/>
</bind>
</comp>

<comp id="974" class="1004" name="inputBuf_36_load_load_fu_974">
<pin_list>
<pin id="975" dir="0" index="0" bw="1" slack="2"/>
<pin id="976" dir="1" index="1" bw="1" slack="0"/>
</pin_list>
<bind>
<opcode="load(27) " fcode="load"/>
<opset="inputBuf_36_load/3 "/>
</bind>
</comp>

<comp id="977" class="1004" name="inputBuf_37_load_load_fu_977">
<pin_list>
<pin id="978" dir="0" index="0" bw="1" slack="2"/>
<pin id="979" dir="1" index="1" bw="1" slack="0"/>
</pin_list>
<bind>
<opcode="load(27) " fcode="load"/>
<opset="inputBuf_37_load/3 "/>
</bind>
</comp>

<comp id="980" class="1004" name="inputBuf_38_load_load_fu_980">
<pin_list>
<pin id="981" dir="0" index="0" bw="1" slack="2"/>
<pin id="982" dir="1" index="1" bw="1" slack="0"/>
</pin_list>
<bind>
<opcode="load(27) " fcode="load"/>
<opset="inputBuf_38_load/3 "/>
</bind>
</comp>

<comp id="983" class="1004" name="inputBuf_39_load_load_fu_983">
<pin_list>
<pin id="984" dir="0" index="0" bw="1" slack="2"/>
<pin id="985" dir="1" index="1" bw="1" slack="0"/>
</pin_list>
<bind>
<opcode="load(27) " fcode="load"/>
<opset="inputBuf_39_load/3 "/>
</bind>
</comp>

<comp id="986" class="1004" name="inputBuf_40_load_load_fu_986">
<pin_list>
<pin id="987" dir="0" index="0" bw="1" slack="2"/>
<pin id="988" dir="1" index="1" bw="1" slack="0"/>
</pin_list>
<bind>
<opcode="load(27) " fcode="load"/>
<opset="inputBuf_40_load/3 "/>
</bind>
</comp>

<comp id="989" class="1004" name="inputBuf_41_load_load_fu_989">
<pin_list>
<pin id="990" dir="0" index="0" bw="1" slack="2"/>
<pin id="991" dir="1" index="1" bw="1" slack="0"/>
</pin_list>
<bind>
<opcode="load(27) " fcode="load"/>
<opset="inputBuf_41_load/3 "/>
</bind>
</comp>

<comp id="992" class="1004" name="inputBuf_42_load_load_fu_992">
<pin_list>
<pin id="993" dir="0" index="0" bw="1" slack="2"/>
<pin id="994" dir="1" index="1" bw="1" slack="0"/>
</pin_list>
<bind>
<opcode="load(27) " fcode="load"/>
<opset="inputBuf_42_load/3 "/>
</bind>
</comp>

<comp id="995" class="1004" name="inputBuf_43_load_load_fu_995">
<pin_list>
<pin id="996" dir="0" index="0" bw="1" slack="2"/>
<pin id="997" dir="1" index="1" bw="1" slack="0"/>
</pin_list>
<bind>
<opcode="load(27) " fcode="load"/>
<opset="inputBuf_43_load/3 "/>
</bind>
</comp>

<comp id="998" class="1004" name="inputBuf_44_load_load_fu_998">
<pin_list>
<pin id="999" dir="0" index="0" bw="1" slack="2"/>
<pin id="1000" dir="1" index="1" bw="1" slack="0"/>
</pin_list>
<bind>
<opcode="load(27) " fcode="load"/>
<opset="inputBuf_44_load/3 "/>
</bind>
</comp>

<comp id="1001" class="1004" name="inputBuf_45_load_load_fu_1001">
<pin_list>
<pin id="1002" dir="0" index="0" bw="1" slack="2"/>
<pin id="1003" dir="1" index="1" bw="1" slack="0"/>
</pin_list>
<bind>
<opcode="load(27) " fcode="load"/>
<opset="inputBuf_45_load/3 "/>
</bind>
</comp>

<comp id="1004" class="1004" name="inputBuf_46_load_load_fu_1004">
<pin_list>
<pin id="1005" dir="0" index="0" bw="1" slack="2"/>
<pin id="1006" dir="1" index="1" bw="1" slack="0"/>
</pin_list>
<bind>
<opcode="load(27) " fcode="load"/>
<opset="inputBuf_46_load/3 "/>
</bind>
</comp>

<comp id="1007" class="1004" name="inputBuf_47_load_load_fu_1007">
<pin_list>
<pin id="1008" dir="0" index="0" bw="1" slack="2"/>
<pin id="1009" dir="1" index="1" bw="1" slack="0"/>
</pin_list>
<bind>
<opcode="load(27) " fcode="load"/>
<opset="inputBuf_47_load/3 "/>
</bind>
</comp>

<comp id="1010" class="1004" name="inputBuf_48_load_load_fu_1010">
<pin_list>
<pin id="1011" dir="0" index="0" bw="1" slack="2"/>
<pin id="1012" dir="1" index="1" bw="1" slack="0"/>
</pin_list>
<bind>
<opcode="load(27) " fcode="load"/>
<opset="inputBuf_48_load/3 "/>
</bind>
</comp>

<comp id="1013" class="1004" name="inputBuf_49_load_load_fu_1013">
<pin_list>
<pin id="1014" dir="0" index="0" bw="1" slack="2"/>
<pin id="1015" dir="1" index="1" bw="1" slack="0"/>
</pin_list>
<bind>
<opcode="load(27) " fcode="load"/>
<opset="inputBuf_49_load/3 "/>
</bind>
</comp>

<comp id="1016" class="1004" name="inputBuf_50_load_load_fu_1016">
<pin_list>
<pin id="1017" dir="0" index="0" bw="1" slack="2"/>
<pin id="1018" dir="1" index="1" bw="1" slack="0"/>
</pin_list>
<bind>
<opcode="load(27) " fcode="load"/>
<opset="inputBuf_50_load/3 "/>
</bind>
</comp>

<comp id="1019" class="1004" name="inputBuf_51_load_load_fu_1019">
<pin_list>
<pin id="1020" dir="0" index="0" bw="1" slack="2"/>
<pin id="1021" dir="1" index="1" bw="1" slack="0"/>
</pin_list>
<bind>
<opcode="load(27) " fcode="load"/>
<opset="inputBuf_51_load/3 "/>
</bind>
</comp>

<comp id="1022" class="1004" name="inputBuf_52_load_load_fu_1022">
<pin_list>
<pin id="1023" dir="0" index="0" bw="1" slack="2"/>
<pin id="1024" dir="1" index="1" bw="1" slack="0"/>
</pin_list>
<bind>
<opcode="load(27) " fcode="load"/>
<opset="inputBuf_52_load/3 "/>
</bind>
</comp>

<comp id="1025" class="1004" name="inputBuf_53_load_load_fu_1025">
<pin_list>
<pin id="1026" dir="0" index="0" bw="1" slack="2"/>
<pin id="1027" dir="1" index="1" bw="1" slack="0"/>
</pin_list>
<bind>
<opcode="load(27) " fcode="load"/>
<opset="inputBuf_53_load/3 "/>
</bind>
</comp>

<comp id="1028" class="1004" name="inputBuf_54_load_load_fu_1028">
<pin_list>
<pin id="1029" dir="0" index="0" bw="1" slack="2"/>
<pin id="1030" dir="1" index="1" bw="1" slack="0"/>
</pin_list>
<bind>
<opcode="load(27) " fcode="load"/>
<opset="inputBuf_54_load/3 "/>
</bind>
</comp>

<comp id="1031" class="1004" name="inputBuf_55_load_load_fu_1031">
<pin_list>
<pin id="1032" dir="0" index="0" bw="1" slack="2"/>
<pin id="1033" dir="1" index="1" bw="1" slack="0"/>
</pin_list>
<bind>
<opcode="load(27) " fcode="load"/>
<opset="inputBuf_55_load/3 "/>
</bind>
</comp>

<comp id="1034" class="1004" name="inputBuf_56_load_load_fu_1034">
<pin_list>
<pin id="1035" dir="0" index="0" bw="1" slack="2"/>
<pin id="1036" dir="1" index="1" bw="1" slack="0"/>
</pin_list>
<bind>
<opcode="load(27) " fcode="load"/>
<opset="inputBuf_56_load/3 "/>
</bind>
</comp>

<comp id="1037" class="1004" name="inputBuf_57_load_load_fu_1037">
<pin_list>
<pin id="1038" dir="0" index="0" bw="1" slack="2"/>
<pin id="1039" dir="1" index="1" bw="1" slack="0"/>
</pin_list>
<bind>
<opcode="load(27) " fcode="load"/>
<opset="inputBuf_57_load/3 "/>
</bind>
</comp>

<comp id="1040" class="1004" name="inputBuf_58_load_load_fu_1040">
<pin_list>
<pin id="1041" dir="0" index="0" bw="1" slack="2"/>
<pin id="1042" dir="1" index="1" bw="1" slack="0"/>
</pin_list>
<bind>
<opcode="load(27) " fcode="load"/>
<opset="inputBuf_58_load/3 "/>
</bind>
</comp>

<comp id="1043" class="1004" name="inputBuf_59_load_load_fu_1043">
<pin_list>
<pin id="1044" dir="0" index="0" bw="1" slack="2"/>
<pin id="1045" dir="1" index="1" bw="1" slack="0"/>
</pin_list>
<bind>
<opcode="load(27) " fcode="load"/>
<opset="inputBuf_59_load/3 "/>
</bind>
</comp>

<comp id="1046" class="1004" name="inputBuf_60_load_load_fu_1046">
<pin_list>
<pin id="1047" dir="0" index="0" bw="1" slack="2"/>
<pin id="1048" dir="1" index="1" bw="1" slack="0"/>
</pin_list>
<bind>
<opcode="load(27) " fcode="load"/>
<opset="inputBuf_60_load/3 "/>
</bind>
</comp>

<comp id="1049" class="1004" name="inputBuf_61_load_load_fu_1049">
<pin_list>
<pin id="1050" dir="0" index="0" bw="1" slack="2"/>
<pin id="1051" dir="1" index="1" bw="1" slack="0"/>
</pin_list>
<bind>
<opcode="load(27) " fcode="load"/>
<opset="inputBuf_61_load/3 "/>
</bind>
</comp>

<comp id="1052" class="1004" name="inputBuf_62_load_load_fu_1052">
<pin_list>
<pin id="1053" dir="0" index="0" bw="1" slack="2"/>
<pin id="1054" dir="1" index="1" bw="1" slack="0"/>
</pin_list>
<bind>
<opcode="load(27) " fcode="load"/>
<opset="inputBuf_62_load/3 "/>
</bind>
</comp>

<comp id="1055" class="1004" name="inputBuf_63_load_load_fu_1055">
<pin_list>
<pin id="1056" dir="0" index="0" bw="1" slack="2"/>
<pin id="1057" dir="1" index="1" bw="1" slack="0"/>
</pin_list>
<bind>
<opcode="load(27) " fcode="load"/>
<opset="inputBuf_63_load/3 "/>
</bind>
</comp>

<comp id="1058" class="1004" name="inElem_1_fu_1058">
<pin_list>
<pin id="1059" dir="0" index="0" bw="1" slack="0"/>
<pin id="1060" dir="0" index="1" bw="1" slack="0"/>
<pin id="1061" dir="0" index="2" bw="1" slack="0"/>
<pin id="1062" dir="0" index="3" bw="1" slack="0"/>
<pin id="1063" dir="0" index="4" bw="1" slack="0"/>
<pin id="1064" dir="0" index="5" bw="1" slack="0"/>
<pin id="1065" dir="0" index="6" bw="1" slack="0"/>
<pin id="1066" dir="0" index="7" bw="1" slack="0"/>
<pin id="1067" dir="0" index="8" bw="1" slack="0"/>
<pin id="1068" dir="0" index="9" bw="1" slack="0"/>
<pin id="1069" dir="0" index="10" bw="1" slack="0"/>
<pin id="1070" dir="0" index="11" bw="1" slack="0"/>
<pin id="1071" dir="0" index="12" bw="1" slack="0"/>
<pin id="1072" dir="0" index="13" bw="1" slack="0"/>
<pin id="1073" dir="0" index="14" bw="1" slack="0"/>
<pin id="1074" dir="0" index="15" bw="1" slack="0"/>
<pin id="1075" dir="0" index="16" bw="1" slack="0"/>
<pin id="1076" dir="0" index="17" bw="1" slack="0"/>
<pin id="1077" dir="0" index="18" bw="1" slack="0"/>
<pin id="1078" dir="0" index="19" bw="1" slack="0"/>
<pin id="1079" dir="0" index="20" bw="1" slack="0"/>
<pin id="1080" dir="0" index="21" bw="1" slack="0"/>
<pin id="1081" dir="0" index="22" bw="1" slack="0"/>
<pin id="1082" dir="0" index="23" bw="1" slack="0"/>
<pin id="1083" dir="0" index="24" bw="1" slack="0"/>
<pin id="1084" dir="0" index="25" bw="1" slack="0"/>
<pin id="1085" dir="0" index="26" bw="1" slack="0"/>
<pin id="1086" dir="0" index="27" bw="1" slack="0"/>
<pin id="1087" dir="0" index="28" bw="1" slack="0"/>
<pin id="1088" dir="0" index="29" bw="1" slack="0"/>
<pin id="1089" dir="0" index="30" bw="1" slack="0"/>
<pin id="1090" dir="0" index="31" bw="1" slack="0"/>
<pin id="1091" dir="0" index="32" bw="1" slack="0"/>
<pin id="1092" dir="0" index="33" bw="1" slack="0"/>
<pin id="1093" dir="0" index="34" bw="1" slack="0"/>
<pin id="1094" dir="0" index="35" bw="1" slack="0"/>
<pin id="1095" dir="0" index="36" bw="1" slack="0"/>
<pin id="1096" dir="0" index="37" bw="1" slack="0"/>
<pin id="1097" dir="0" index="38" bw="1" slack="0"/>
<pin id="1098" dir="0" index="39" bw="1" slack="0"/>
<pin id="1099" dir="0" index="40" bw="1" slack="0"/>
<pin id="1100" dir="0" index="41" bw="1" slack="0"/>
<pin id="1101" dir="0" index="42" bw="1" slack="0"/>
<pin id="1102" dir="0" index="43" bw="1" slack="0"/>
<pin id="1103" dir="0" index="44" bw="1" slack="0"/>
<pin id="1104" dir="0" index="45" bw="1" slack="0"/>
<pin id="1105" dir="0" index="46" bw="1" slack="0"/>
<pin id="1106" dir="0" index="47" bw="1" slack="0"/>
<pin id="1107" dir="0" index="48" bw="1" slack="0"/>
<pin id="1108" dir="0" index="49" bw="1" slack="0"/>
<pin id="1109" dir="0" index="50" bw="1" slack="0"/>
<pin id="1110" dir="0" index="51" bw="1" slack="0"/>
<pin id="1111" dir="0" index="52" bw="1" slack="0"/>
<pin id="1112" dir="0" index="53" bw="1" slack="0"/>
<pin id="1113" dir="0" index="54" bw="1" slack="0"/>
<pin id="1114" dir="0" index="55" bw="1" slack="0"/>
<pin id="1115" dir="0" index="56" bw="1" slack="0"/>
<pin id="1116" dir="0" index="57" bw="1" slack="0"/>
<pin id="1117" dir="0" index="58" bw="1" slack="0"/>
<pin id="1118" dir="0" index="59" bw="1" slack="0"/>
<pin id="1119" dir="0" index="60" bw="1" slack="0"/>
<pin id="1120" dir="0" index="61" bw="1" slack="0"/>
<pin id="1121" dir="0" index="62" bw="1" slack="0"/>
<pin id="1122" dir="0" index="63" bw="1" slack="0"/>
<pin id="1123" dir="0" index="64" bw="1" slack="0"/>
<pin id="1124" dir="0" index="65" bw="6" slack="1"/>
<pin id="1125" dir="1" index="66" bw="1" slack="0"/>
</pin_list>
<bind>
<opcode="mux(1196) " fcode="mux"/>
<opset="inElem_1/3 "/>
</bind>
</comp>

<comp id="1192" class="1004" name="store_ln138_store_fu_1192">
<pin_list>
<pin id="1193" dir="0" index="0" bw="1" slack="0"/>
<pin id="1194" dir="0" index="1" bw="1" slack="2"/>
<pin id="1195" dir="1" index="2" bw="0" slack="2147483647"/>
</pin_list>
<bind>
<opcode="store(28) " fcode="store"/>
<opset="store_ln138/3 "/>
</bind>
</comp>

<comp id="1197" class="1004" name="store_ln138_store_fu_1197">
<pin_list>
<pin id="1198" dir="0" index="0" bw="1" slack="0"/>
<pin id="1199" dir="0" index="1" bw="1" slack="2"/>
<pin id="1200" dir="1" index="2" bw="0" slack="2147483647"/>
</pin_list>
<bind>
<opcode="store(28) " fcode="store"/>
<opset="store_ln138/3 "/>
</bind>
</comp>

<comp id="1202" class="1004" name="store_ln138_store_fu_1202">
<pin_list>
<pin id="1203" dir="0" index="0" bw="1" slack="0"/>
<pin id="1204" dir="0" index="1" bw="1" slack="2"/>
<pin id="1205" dir="1" index="2" bw="0" slack="2147483647"/>
</pin_list>
<bind>
<opcode="store(28) " fcode="store"/>
<opset="store_ln138/3 "/>
</bind>
</comp>

<comp id="1207" class="1004" name="store_ln138_store_fu_1207">
<pin_list>
<pin id="1208" dir="0" index="0" bw="1" slack="0"/>
<pin id="1209" dir="0" index="1" bw="1" slack="2"/>
<pin id="1210" dir="1" index="2" bw="0" slack="2147483647"/>
</pin_list>
<bind>
<opcode="store(28) " fcode="store"/>
<opset="store_ln138/3 "/>
</bind>
</comp>

<comp id="1212" class="1004" name="store_ln138_store_fu_1212">
<pin_list>
<pin id="1213" dir="0" index="0" bw="1" slack="0"/>
<pin id="1214" dir="0" index="1" bw="1" slack="2"/>
<pin id="1215" dir="1" index="2" bw="0" slack="2147483647"/>
</pin_list>
<bind>
<opcode="store(28) " fcode="store"/>
<opset="store_ln138/3 "/>
</bind>
</comp>

<comp id="1217" class="1004" name="store_ln138_store_fu_1217">
<pin_list>
<pin id="1218" dir="0" index="0" bw="1" slack="0"/>
<pin id="1219" dir="0" index="1" bw="1" slack="2"/>
<pin id="1220" dir="1" index="2" bw="0" slack="2147483647"/>
</pin_list>
<bind>
<opcode="store(28) " fcode="store"/>
<opset="store_ln138/3 "/>
</bind>
</comp>

<comp id="1222" class="1004" name="store_ln138_store_fu_1222">
<pin_list>
<pin id="1223" dir="0" index="0" bw="1" slack="0"/>
<pin id="1224" dir="0" index="1" bw="1" slack="2"/>
<pin id="1225" dir="1" index="2" bw="0" slack="2147483647"/>
</pin_list>
<bind>
<opcode="store(28) " fcode="store"/>
<opset="store_ln138/3 "/>
</bind>
</comp>

<comp id="1227" class="1004" name="store_ln138_store_fu_1227">
<pin_list>
<pin id="1228" dir="0" index="0" bw="1" slack="0"/>
<pin id="1229" dir="0" index="1" bw="1" slack="2"/>
<pin id="1230" dir="1" index="2" bw="0" slack="2147483647"/>
</pin_list>
<bind>
<opcode="store(28) " fcode="store"/>
<opset="store_ln138/3 "/>
</bind>
</comp>

<comp id="1232" class="1004" name="store_ln138_store_fu_1232">
<pin_list>
<pin id="1233" dir="0" index="0" bw="1" slack="0"/>
<pin id="1234" dir="0" index="1" bw="1" slack="2"/>
<pin id="1235" dir="1" index="2" bw="0" slack="2147483647"/>
</pin_list>
<bind>
<opcode="store(28) " fcode="store"/>
<opset="store_ln138/3 "/>
</bind>
</comp>

<comp id="1237" class="1004" name="store_ln138_store_fu_1237">
<pin_list>
<pin id="1238" dir="0" index="0" bw="1" slack="0"/>
<pin id="1239" dir="0" index="1" bw="1" slack="2"/>
<pin id="1240" dir="1" index="2" bw="0" slack="2147483647"/>
</pin_list>
<bind>
<opcode="store(28) " fcode="store"/>
<opset="store_ln138/3 "/>
</bind>
</comp>

<comp id="1242" class="1004" name="store_ln138_store_fu_1242">
<pin_list>
<pin id="1243" dir="0" index="0" bw="1" slack="0"/>
<pin id="1244" dir="0" index="1" bw="1" slack="2"/>
<pin id="1245" dir="1" index="2" bw="0" slack="2147483647"/>
</pin_list>
<bind>
<opcode="store(28) " fcode="store"/>
<opset="store_ln138/3 "/>
</bind>
</comp>

<comp id="1247" class="1004" name="store_ln138_store_fu_1247">
<pin_list>
<pin id="1248" dir="0" index="0" bw="1" slack="0"/>
<pin id="1249" dir="0" index="1" bw="1" slack="2"/>
<pin id="1250" dir="1" index="2" bw="0" slack="2147483647"/>
</pin_list>
<bind>
<opcode="store(28) " fcode="store"/>
<opset="store_ln138/3 "/>
</bind>
</comp>

<comp id="1252" class="1004" name="store_ln138_store_fu_1252">
<pin_list>
<pin id="1253" dir="0" index="0" bw="1" slack="0"/>
<pin id="1254" dir="0" index="1" bw="1" slack="2"/>
<pin id="1255" dir="1" index="2" bw="0" slack="2147483647"/>
</pin_list>
<bind>
<opcode="store(28) " fcode="store"/>
<opset="store_ln138/3 "/>
</bind>
</comp>

<comp id="1257" class="1004" name="store_ln138_store_fu_1257">
<pin_list>
<pin id="1258" dir="0" index="0" bw="1" slack="0"/>
<pin id="1259" dir="0" index="1" bw="1" slack="2"/>
<pin id="1260" dir="1" index="2" bw="0" slack="2147483647"/>
</pin_list>
<bind>
<opcode="store(28) " fcode="store"/>
<opset="store_ln138/3 "/>
</bind>
</comp>

<comp id="1262" class="1004" name="store_ln138_store_fu_1262">
<pin_list>
<pin id="1263" dir="0" index="0" bw="1" slack="0"/>
<pin id="1264" dir="0" index="1" bw="1" slack="2"/>
<pin id="1265" dir="1" index="2" bw="0" slack="2147483647"/>
</pin_list>
<bind>
<opcode="store(28) " fcode="store"/>
<opset="store_ln138/3 "/>
</bind>
</comp>

<comp id="1267" class="1004" name="store_ln138_store_fu_1267">
<pin_list>
<pin id="1268" dir="0" index="0" bw="1" slack="0"/>
<pin id="1269" dir="0" index="1" bw="1" slack="2"/>
<pin id="1270" dir="1" index="2" bw="0" slack="2147483647"/>
</pin_list>
<bind>
<opcode="store(28) " fcode="store"/>
<opset="store_ln138/3 "/>
</bind>
</comp>

<comp id="1272" class="1004" name="store_ln138_store_fu_1272">
<pin_list>
<pin id="1273" dir="0" index="0" bw="1" slack="0"/>
<pin id="1274" dir="0" index="1" bw="1" slack="2"/>
<pin id="1275" dir="1" index="2" bw="0" slack="2147483647"/>
</pin_list>
<bind>
<opcode="store(28) " fcode="store"/>
<opset="store_ln138/3 "/>
</bind>
</comp>

<comp id="1277" class="1004" name="store_ln138_store_fu_1277">
<pin_list>
<pin id="1278" dir="0" index="0" bw="1" slack="0"/>
<pin id="1279" dir="0" index="1" bw="1" slack="2"/>
<pin id="1280" dir="1" index="2" bw="0" slack="2147483647"/>
</pin_list>
<bind>
<opcode="store(28) " fcode="store"/>
<opset="store_ln138/3 "/>
</bind>
</comp>

<comp id="1282" class="1004" name="store_ln138_store_fu_1282">
<pin_list>
<pin id="1283" dir="0" index="0" bw="1" slack="0"/>
<pin id="1284" dir="0" index="1" bw="1" slack="2"/>
<pin id="1285" dir="1" index="2" bw="0" slack="2147483647"/>
</pin_list>
<bind>
<opcode="store(28) " fcode="store"/>
<opset="store_ln138/3 "/>
</bind>
</comp>

<comp id="1287" class="1004" name="store_ln138_store_fu_1287">
<pin_list>
<pin id="1288" dir="0" index="0" bw="1" slack="0"/>
<pin id="1289" dir="0" index="1" bw="1" slack="2"/>
<pin id="1290" dir="1" index="2" bw="0" slack="2147483647"/>
</pin_list>
<bind>
<opcode="store(28) " fcode="store"/>
<opset="store_ln138/3 "/>
</bind>
</comp>

<comp id="1292" class="1004" name="store_ln138_store_fu_1292">
<pin_list>
<pin id="1293" dir="0" index="0" bw="1" slack="0"/>
<pin id="1294" dir="0" index="1" bw="1" slack="2"/>
<pin id="1295" dir="1" index="2" bw="0" slack="2147483647"/>
</pin_list>
<bind>
<opcode="store(28) " fcode="store"/>
<opset="store_ln138/3 "/>
</bind>
</comp>

<comp id="1297" class="1004" name="store_ln138_store_fu_1297">
<pin_list>
<pin id="1298" dir="0" index="0" bw="1" slack="0"/>
<pin id="1299" dir="0" index="1" bw="1" slack="2"/>
<pin id="1300" dir="1" index="2" bw="0" slack="2147483647"/>
</pin_list>
<bind>
<opcode="store(28) " fcode="store"/>
<opset="store_ln138/3 "/>
</bind>
</comp>

<comp id="1302" class="1004" name="store_ln138_store_fu_1302">
<pin_list>
<pin id="1303" dir="0" index="0" bw="1" slack="0"/>
<pin id="1304" dir="0" index="1" bw="1" slack="2"/>
<pin id="1305" dir="1" index="2" bw="0" slack="2147483647"/>
</pin_list>
<bind>
<opcode="store(28) " fcode="store"/>
<opset="store_ln138/3 "/>
</bind>
</comp>

<comp id="1307" class="1004" name="store_ln138_store_fu_1307">
<pin_list>
<pin id="1308" dir="0" index="0" bw="1" slack="0"/>
<pin id="1309" dir="0" index="1" bw="1" slack="2"/>
<pin id="1310" dir="1" index="2" bw="0" slack="2147483647"/>
</pin_list>
<bind>
<opcode="store(28) " fcode="store"/>
<opset="store_ln138/3 "/>
</bind>
</comp>

<comp id="1312" class="1004" name="store_ln138_store_fu_1312">
<pin_list>
<pin id="1313" dir="0" index="0" bw="1" slack="0"/>
<pin id="1314" dir="0" index="1" bw="1" slack="2"/>
<pin id="1315" dir="1" index="2" bw="0" slack="2147483647"/>
</pin_list>
<bind>
<opcode="store(28) " fcode="store"/>
<opset="store_ln138/3 "/>
</bind>
</comp>

<comp id="1317" class="1004" name="store_ln138_store_fu_1317">
<pin_list>
<pin id="1318" dir="0" index="0" bw="1" slack="0"/>
<pin id="1319" dir="0" index="1" bw="1" slack="2"/>
<pin id="1320" dir="1" index="2" bw="0" slack="2147483647"/>
</pin_list>
<bind>
<opcode="store(28) " fcode="store"/>
<opset="store_ln138/3 "/>
</bind>
</comp>

<comp id="1322" class="1004" name="store_ln138_store_fu_1322">
<pin_list>
<pin id="1323" dir="0" index="0" bw="1" slack="0"/>
<pin id="1324" dir="0" index="1" bw="1" slack="2"/>
<pin id="1325" dir="1" index="2" bw="0" slack="2147483647"/>
</pin_list>
<bind>
<opcode="store(28) " fcode="store"/>
<opset="store_ln138/3 "/>
</bind>
</comp>

<comp id="1327" class="1004" name="store_ln138_store_fu_1327">
<pin_list>
<pin id="1328" dir="0" index="0" bw="1" slack="0"/>
<pin id="1329" dir="0" index="1" bw="1" slack="2"/>
<pin id="1330" dir="1" index="2" bw="0" slack="2147483647"/>
</pin_list>
<bind>
<opcode="store(28) " fcode="store"/>
<opset="store_ln138/3 "/>
</bind>
</comp>

<comp id="1332" class="1004" name="store_ln138_store_fu_1332">
<pin_list>
<pin id="1333" dir="0" index="0" bw="1" slack="0"/>
<pin id="1334" dir="0" index="1" bw="1" slack="2"/>
<pin id="1335" dir="1" index="2" bw="0" slack="2147483647"/>
</pin_list>
<bind>
<opcode="store(28) " fcode="store"/>
<opset="store_ln138/3 "/>
</bind>
</comp>

<comp id="1337" class="1004" name="store_ln138_store_fu_1337">
<pin_list>
<pin id="1338" dir="0" index="0" bw="1" slack="0"/>
<pin id="1339" dir="0" index="1" bw="1" slack="2"/>
<pin id="1340" dir="1" index="2" bw="0" slack="2147483647"/>
</pin_list>
<bind>
<opcode="store(28) " fcode="store"/>
<opset="store_ln138/3 "/>
</bind>
</comp>

<comp id="1342" class="1004" name="store_ln138_store_fu_1342">
<pin_list>
<pin id="1343" dir="0" index="0" bw="1" slack="0"/>
<pin id="1344" dir="0" index="1" bw="1" slack="2"/>
<pin id="1345" dir="1" index="2" bw="0" slack="2147483647"/>
</pin_list>
<bind>
<opcode="store(28) " fcode="store"/>
<opset="store_ln138/3 "/>
</bind>
</comp>

<comp id="1347" class="1004" name="store_ln138_store_fu_1347">
<pin_list>
<pin id="1348" dir="0" index="0" bw="1" slack="0"/>
<pin id="1349" dir="0" index="1" bw="1" slack="2"/>
<pin id="1350" dir="1" index="2" bw="0" slack="2147483647"/>
</pin_list>
<bind>
<opcode="store(28) " fcode="store"/>
<opset="store_ln138/3 "/>
</bind>
</comp>

<comp id="1352" class="1004" name="store_ln138_store_fu_1352">
<pin_list>
<pin id="1353" dir="0" index="0" bw="1" slack="0"/>
<pin id="1354" dir="0" index="1" bw="1" slack="2"/>
<pin id="1355" dir="1" index="2" bw="0" slack="2147483647"/>
</pin_list>
<bind>
<opcode="store(28) " fcode="store"/>
<opset="store_ln138/3 "/>
</bind>
</comp>

<comp id="1357" class="1004" name="store_ln138_store_fu_1357">
<pin_list>
<pin id="1358" dir="0" index="0" bw="1" slack="0"/>
<pin id="1359" dir="0" index="1" bw="1" slack="2"/>
<pin id="1360" dir="1" index="2" bw="0" slack="2147483647"/>
</pin_list>
<bind>
<opcode="store(28) " fcode="store"/>
<opset="store_ln138/3 "/>
</bind>
</comp>

<comp id="1362" class="1004" name="store_ln138_store_fu_1362">
<pin_list>
<pin id="1363" dir="0" index="0" bw="1" slack="0"/>
<pin id="1364" dir="0" index="1" bw="1" slack="2"/>
<pin id="1365" dir="1" index="2" bw="0" slack="2147483647"/>
</pin_list>
<bind>
<opcode="store(28) " fcode="store"/>
<opset="store_ln138/3 "/>
</bind>
</comp>

<comp id="1367" class="1004" name="store_ln138_store_fu_1367">
<pin_list>
<pin id="1368" dir="0" index="0" bw="1" slack="0"/>
<pin id="1369" dir="0" index="1" bw="1" slack="2"/>
<pin id="1370" dir="1" index="2" bw="0" slack="2147483647"/>
</pin_list>
<bind>
<opcode="store(28) " fcode="store"/>
<opset="store_ln138/3 "/>
</bind>
</comp>

<comp id="1372" class="1004" name="store_ln138_store_fu_1372">
<pin_list>
<pin id="1373" dir="0" index="0" bw="1" slack="0"/>
<pin id="1374" dir="0" index="1" bw="1" slack="2"/>
<pin id="1375" dir="1" index="2" bw="0" slack="2147483647"/>
</pin_list>
<bind>
<opcode="store(28) " fcode="store"/>
<opset="store_ln138/3 "/>
</bind>
</comp>

<comp id="1377" class="1004" name="store_ln138_store_fu_1377">
<pin_list>
<pin id="1378" dir="0" index="0" bw="1" slack="0"/>
<pin id="1379" dir="0" index="1" bw="1" slack="2"/>
<pin id="1380" dir="1" index="2" bw="0" slack="2147483647"/>
</pin_list>
<bind>
<opcode="store(28) " fcode="store"/>
<opset="store_ln138/3 "/>
</bind>
</comp>

<comp id="1382" class="1004" name="store_ln138_store_fu_1382">
<pin_list>
<pin id="1383" dir="0" index="0" bw="1" slack="0"/>
<pin id="1384" dir="0" index="1" bw="1" slack="2"/>
<pin id="1385" dir="1" index="2" bw="0" slack="2147483647"/>
</pin_list>
<bind>
<opcode="store(28) " fcode="store"/>
<opset="store_ln138/3 "/>
</bind>
</comp>

<comp id="1387" class="1004" name="store_ln138_store_fu_1387">
<pin_list>
<pin id="1388" dir="0" index="0" bw="1" slack="0"/>
<pin id="1389" dir="0" index="1" bw="1" slack="2"/>
<pin id="1390" dir="1" index="2" bw="0" slack="2147483647"/>
</pin_list>
<bind>
<opcode="store(28) " fcode="store"/>
<opset="store_ln138/3 "/>
</bind>
</comp>

<comp id="1392" class="1004" name="store_ln138_store_fu_1392">
<pin_list>
<pin id="1393" dir="0" index="0" bw="1" slack="0"/>
<pin id="1394" dir="0" index="1" bw="1" slack="2"/>
<pin id="1395" dir="1" index="2" bw="0" slack="2147483647"/>
</pin_list>
<bind>
<opcode="store(28) " fcode="store"/>
<opset="store_ln138/3 "/>
</bind>
</comp>

<comp id="1397" class="1004" name="store_ln138_store_fu_1397">
<pin_list>
<pin id="1398" dir="0" index="0" bw="1" slack="0"/>
<pin id="1399" dir="0" index="1" bw="1" slack="2"/>
<pin id="1400" dir="1" index="2" bw="0" slack="2147483647"/>
</pin_list>
<bind>
<opcode="store(28) " fcode="store"/>
<opset="store_ln138/3 "/>
</bind>
</comp>

<comp id="1402" class="1004" name="store_ln138_store_fu_1402">
<pin_list>
<pin id="1403" dir="0" index="0" bw="1" slack="0"/>
<pin id="1404" dir="0" index="1" bw="1" slack="2"/>
<pin id="1405" dir="1" index="2" bw="0" slack="2147483647"/>
</pin_list>
<bind>
<opcode="store(28) " fcode="store"/>
<opset="store_ln138/3 "/>
</bind>
</comp>

<comp id="1407" class="1004" name="store_ln138_store_fu_1407">
<pin_list>
<pin id="1408" dir="0" index="0" bw="1" slack="0"/>
<pin id="1409" dir="0" index="1" bw="1" slack="2"/>
<pin id="1410" dir="1" index="2" bw="0" slack="2147483647"/>
</pin_list>
<bind>
<opcode="store(28) " fcode="store"/>
<opset="store_ln138/3 "/>
</bind>
</comp>

<comp id="1412" class="1004" name="store_ln138_store_fu_1412">
<pin_list>
<pin id="1413" dir="0" index="0" bw="1" slack="0"/>
<pin id="1414" dir="0" index="1" bw="1" slack="2"/>
<pin id="1415" dir="1" index="2" bw="0" slack="2147483647"/>
</pin_list>
<bind>
<opcode="store(28) " fcode="store"/>
<opset="store_ln138/3 "/>
</bind>
</comp>

<comp id="1417" class="1004" name="store_ln138_store_fu_1417">
<pin_list>
<pin id="1418" dir="0" index="0" bw="1" slack="0"/>
<pin id="1419" dir="0" index="1" bw="1" slack="2"/>
<pin id="1420" dir="1" index="2" bw="0" slack="2147483647"/>
</pin_list>
<bind>
<opcode="store(28) " fcode="store"/>
<opset="store_ln138/3 "/>
</bind>
</comp>

<comp id="1422" class="1004" name="store_ln138_store_fu_1422">
<pin_list>
<pin id="1423" dir="0" index="0" bw="1" slack="0"/>
<pin id="1424" dir="0" index="1" bw="1" slack="2"/>
<pin id="1425" dir="1" index="2" bw="0" slack="2147483647"/>
</pin_list>
<bind>
<opcode="store(28) " fcode="store"/>
<opset="store_ln138/3 "/>
</bind>
</comp>

<comp id="1427" class="1004" name="store_ln138_store_fu_1427">
<pin_list>
<pin id="1428" dir="0" index="0" bw="1" slack="0"/>
<pin id="1429" dir="0" index="1" bw="1" slack="2"/>
<pin id="1430" dir="1" index="2" bw="0" slack="2147483647"/>
</pin_list>
<bind>
<opcode="store(28) " fcode="store"/>
<opset="store_ln138/3 "/>
</bind>
</comp>

<comp id="1432" class="1004" name="store_ln138_store_fu_1432">
<pin_list>
<pin id="1433" dir="0" index="0" bw="1" slack="0"/>
<pin id="1434" dir="0" index="1" bw="1" slack="2"/>
<pin id="1435" dir="1" index="2" bw="0" slack="2147483647"/>
</pin_list>
<bind>
<opcode="store(28) " fcode="store"/>
<opset="store_ln138/3 "/>
</bind>
</comp>

<comp id="1437" class="1004" name="store_ln138_store_fu_1437">
<pin_list>
<pin id="1438" dir="0" index="0" bw="1" slack="0"/>
<pin id="1439" dir="0" index="1" bw="1" slack="2"/>
<pin id="1440" dir="1" index="2" bw="0" slack="2147483647"/>
</pin_list>
<bind>
<opcode="store(28) " fcode="store"/>
<opset="store_ln138/3 "/>
</bind>
</comp>

<comp id="1442" class="1004" name="store_ln138_store_fu_1442">
<pin_list>
<pin id="1443" dir="0" index="0" bw="1" slack="0"/>
<pin id="1444" dir="0" index="1" bw="1" slack="2"/>
<pin id="1445" dir="1" index="2" bw="0" slack="2147483647"/>
</pin_list>
<bind>
<opcode="store(28) " fcode="store"/>
<opset="store_ln138/3 "/>
</bind>
</comp>

<comp id="1447" class="1004" name="store_ln138_store_fu_1447">
<pin_list>
<pin id="1448" dir="0" index="0" bw="1" slack="0"/>
<pin id="1449" dir="0" index="1" bw="1" slack="2"/>
<pin id="1450" dir="1" index="2" bw="0" slack="2147483647"/>
</pin_list>
<bind>
<opcode="store(28) " fcode="store"/>
<opset="store_ln138/3 "/>
</bind>
</comp>

<comp id="1452" class="1004" name="store_ln138_store_fu_1452">
<pin_list>
<pin id="1453" dir="0" index="0" bw="1" slack="0"/>
<pin id="1454" dir="0" index="1" bw="1" slack="2"/>
<pin id="1455" dir="1" index="2" bw="0" slack="2147483647"/>
</pin_list>
<bind>
<opcode="store(28) " fcode="store"/>
<opset="store_ln138/3 "/>
</bind>
</comp>

<comp id="1457" class="1004" name="store_ln138_store_fu_1457">
<pin_list>
<pin id="1458" dir="0" index="0" bw="1" slack="0"/>
<pin id="1459" dir="0" index="1" bw="1" slack="2"/>
<pin id="1460" dir="1" index="2" bw="0" slack="2147483647"/>
</pin_list>
<bind>
<opcode="store(28) " fcode="store"/>
<opset="store_ln138/3 "/>
</bind>
</comp>

<comp id="1462" class="1004" name="store_ln138_store_fu_1462">
<pin_list>
<pin id="1463" dir="0" index="0" bw="1" slack="0"/>
<pin id="1464" dir="0" index="1" bw="1" slack="2"/>
<pin id="1465" dir="1" index="2" bw="0" slack="2147483647"/>
</pin_list>
<bind>
<opcode="store(28) " fcode="store"/>
<opset="store_ln138/3 "/>
</bind>
</comp>

<comp id="1467" class="1004" name="store_ln138_store_fu_1467">
<pin_list>
<pin id="1468" dir="0" index="0" bw="1" slack="0"/>
<pin id="1469" dir="0" index="1" bw="1" slack="2"/>
<pin id="1470" dir="1" index="2" bw="0" slack="2147483647"/>
</pin_list>
<bind>
<opcode="store(28) " fcode="store"/>
<opset="store_ln138/3 "/>
</bind>
</comp>

<comp id="1472" class="1004" name="store_ln138_store_fu_1472">
<pin_list>
<pin id="1473" dir="0" index="0" bw="1" slack="0"/>
<pin id="1474" dir="0" index="1" bw="1" slack="2"/>
<pin id="1475" dir="1" index="2" bw="0" slack="2147483647"/>
</pin_list>
<bind>
<opcode="store(28) " fcode="store"/>
<opset="store_ln138/3 "/>
</bind>
</comp>

<comp id="1477" class="1004" name="store_ln138_store_fu_1477">
<pin_list>
<pin id="1478" dir="0" index="0" bw="1" slack="0"/>
<pin id="1479" dir="0" index="1" bw="1" slack="2"/>
<pin id="1480" dir="1" index="2" bw="0" slack="2147483647"/>
</pin_list>
<bind>
<opcode="store(28) " fcode="store"/>
<opset="store_ln138/3 "/>
</bind>
</comp>

<comp id="1482" class="1004" name="store_ln138_store_fu_1482">
<pin_list>
<pin id="1483" dir="0" index="0" bw="1" slack="0"/>
<pin id="1484" dir="0" index="1" bw="1" slack="2"/>
<pin id="1485" dir="1" index="2" bw="0" slack="2147483647"/>
</pin_list>
<bind>
<opcode="store(28) " fcode="store"/>
<opset="store_ln138/3 "/>
</bind>
</comp>

<comp id="1487" class="1004" name="store_ln138_store_fu_1487">
<pin_list>
<pin id="1488" dir="0" index="0" bw="1" slack="0"/>
<pin id="1489" dir="0" index="1" bw="1" slack="2"/>
<pin id="1490" dir="1" index="2" bw="0" slack="2147483647"/>
</pin_list>
<bind>
<opcode="store(28) " fcode="store"/>
<opset="store_ln138/3 "/>
</bind>
</comp>

<comp id="1492" class="1004" name="store_ln138_store_fu_1492">
<pin_list>
<pin id="1493" dir="0" index="0" bw="1" slack="0"/>
<pin id="1494" dir="0" index="1" bw="1" slack="2"/>
<pin id="1495" dir="1" index="2" bw="0" slack="2147483647"/>
</pin_list>
<bind>
<opcode="store(28) " fcode="store"/>
<opset="store_ln138/3 "/>
</bind>
</comp>

<comp id="1497" class="1004" name="store_ln138_store_fu_1497">
<pin_list>
<pin id="1498" dir="0" index="0" bw="1" slack="0"/>
<pin id="1499" dir="0" index="1" bw="1" slack="2"/>
<pin id="1500" dir="1" index="2" bw="0" slack="2147483647"/>
</pin_list>
<bind>
<opcode="store(28) " fcode="store"/>
<opset="store_ln138/3 "/>
</bind>
</comp>

<comp id="1502" class="1004" name="store_ln138_store_fu_1502">
<pin_list>
<pin id="1503" dir="0" index="0" bw="1" slack="0"/>
<pin id="1504" dir="0" index="1" bw="1" slack="2"/>
<pin id="1505" dir="1" index="2" bw="0" slack="2147483647"/>
</pin_list>
<bind>
<opcode="store(28) " fcode="store"/>
<opset="store_ln138/3 "/>
</bind>
</comp>

<comp id="1507" class="1004" name="store_ln138_store_fu_1507">
<pin_list>
<pin id="1508" dir="0" index="0" bw="1" slack="0"/>
<pin id="1509" dir="0" index="1" bw="1" slack="2"/>
<pin id="1510" dir="1" index="2" bw="0" slack="2147483647"/>
</pin_list>
<bind>
<opcode="store(28) " fcode="store"/>
<opset="store_ln138/3 "/>
</bind>
</comp>

<comp id="1512" class="1004" name="void_Matrix_Vector_Activate_Batch_stream_stream_FixedPointWeightsSp_const_Thr_5_load_fu_1512">
<pin_list>
<pin id="1513" dir="0" index="0" bw="16" slack="0"/>
<pin id="1514" dir="1" index="1" bw="16" slack="0"/>
</pin_list>
<bind>
<opcode="load(27) " fcode="load"/>
<opset="void_Matrix_Vector_Activate_Batch_stream_stream_FixedPointWeightsSp_const_Thr_5/3 "/>
</bind>
</comp>

<comp id="1516" class="1004" name="void_Matrix_Vector_Activate_Batch_stream_stream_FixedPointWeightsSp_const_Thr_6_load_fu_1516">
<pin_list>
<pin id="1517" dir="0" index="0" bw="16" slack="0"/>
<pin id="1518" dir="1" index="1" bw="16" slack="0"/>
</pin_list>
<bind>
<opcode="load(27) " fcode="load"/>
<opset="void_Matrix_Vector_Activate_Batch_stream_stream_FixedPointWeightsSp_const_Thr_6/3 "/>
</bind>
</comp>

<comp id="1520" class="1004" name="void_Matrix_Vector_Activate_Batch_stream_stream_FixedPointWeightsSp_const_Thr_7_load_fu_1520">
<pin_list>
<pin id="1521" dir="0" index="0" bw="16" slack="0"/>
<pin id="1522" dir="1" index="1" bw="16" slack="0"/>
</pin_list>
<bind>
<opcode="load(27) " fcode="load"/>
<opset="void_Matrix_Vector_Activate_Batch_stream_stream_FixedPointWeightsSp_const_Thr_7/3 "/>
</bind>
</comp>

<comp id="1524" class="1004" name="void_Matrix_Vector_Activate_Batch_stream_stream_FixedPointWeightsSp_const_Thr_8_load_fu_1524">
<pin_list>
<pin id="1525" dir="0" index="0" bw="16" slack="0"/>
<pin id="1526" dir="1" index="1" bw="16" slack="0"/>
</pin_list>
<bind>
<opcode="load(27) " fcode="load"/>
<opset="void_Matrix_Vector_Activate_Batch_stream_stream_FixedPointWeightsSp_const_Thr_8/3 "/>
</bind>
</comp>

<comp id="1528" class="1004" name="void_Matrix_Vector_Activate_Batch_stream_stream_FixedPointWeightsSp_const_Thr_9_load_fu_1528">
<pin_list>
<pin id="1529" dir="0" index="0" bw="16" slack="0"/>
<pin id="1530" dir="1" index="1" bw="16" slack="0"/>
</pin_list>
<bind>
<opcode="load(27) " fcode="load"/>
<opset="void_Matrix_Vector_Activate_Batch_stream_stream_FixedPointWeightsSp_const_Thr_9/3 "/>
</bind>
</comp>

<comp id="1532" class="1004" name="temp_fu_1532">
<pin_list>
<pin id="1533" dir="0" index="0" bw="16" slack="0"/>
<pin id="1534" dir="0" index="1" bw="16" slack="0"/>
<pin id="1535" dir="0" index="2" bw="16" slack="0"/>
<pin id="1536" dir="0" index="3" bw="16" slack="0"/>
<pin id="1537" dir="0" index="4" bw="16" slack="0"/>
<pin id="1538" dir="0" index="5" bw="16" slack="0"/>
<pin id="1539" dir="0" index="6" bw="3" slack="1"/>
<pin id="1540" dir="1" index="7" bw="16" slack="0"/>
</pin_list>
<bind>
<opcode="mux(1196) " fcode="mux"/>
<opset="temp/3 "/>
</bind>
</comp>

<comp id="1547" class="1004" name="trunc_ln2_fu_1547">
<pin_list>
<pin id="1548" dir="0" index="0" bw="12" slack="0"/>
<pin id="1549" dir="0" index="1" bw="16" slack="0"/>
<pin id="1550" dir="0" index="2" bw="3" slack="0"/>
<pin id="1551" dir="0" index="3" bw="5" slack="0"/>
<pin id="1552" dir="1" index="4" bw="12" slack="0"/>
</pin_list>
<bind>
<opcode="partselect(1002) " fcode="partselect"/>
<opset="trunc_ln2/3 "/>
</bind>
</comp>

<comp id="1557" class="1004" name="sext_ln155_fu_1557">
<pin_list>
<pin id="1558" dir="0" index="0" bw="12" slack="0"/>
<pin id="1559" dir="1" index="1" bw="16" slack="0"/>
</pin_list>
<bind>
<opcode="sext(35) " fcode="sext"/>
<opset="sext_ln155/3 "/>
</bind>
</comp>

<comp id="1561" class="1004" name="temp_1_fu_1561">
<pin_list>
<pin id="1562" dir="0" index="0" bw="16" slack="0"/>
<pin id="1563" dir="0" index="1" bw="12" slack="0"/>
<pin id="1564" dir="1" index="2" bw="16" slack="0"/>
</pin_list>
<bind>
<opcode="sub(10) " fcode="sub"/>
<opset="temp_1/3 "/>
</bind>
</comp>

<comp id="1567" class="1004" name="store_ln159_store_fu_1567">
<pin_list>
<pin id="1568" dir="0" index="0" bw="16" slack="0"/>
<pin id="1569" dir="0" index="1" bw="16" slack="2"/>
<pin id="1570" dir="1" index="2" bw="0" slack="2147483647"/>
</pin_list>
<bind>
<opcode="store(28) " fcode="store"/>
<opset="store_ln159/3 "/>
</bind>
</comp>

<comp id="1572" class="1004" name="conv_i2_i13_i_load_load_fu_1572">
<pin_list>
<pin id="1573" dir="0" index="0" bw="16" slack="2"/>
<pin id="1574" dir="1" index="1" bw="16" slack="0"/>
</pin_list>
<bind>
<opcode="load(27) " fcode="load"/>
<opset="conv_i2_i13_i_load/3 "/>
</bind>
</comp>

<comp id="1575" class="1004" name="temp_3_fu_1575">
<pin_list>
<pin id="1576" dir="0" index="0" bw="1" slack="0"/>
<pin id="1577" dir="0" index="1" bw="3" slack="0"/>
<pin id="1578" dir="0" index="2" bw="1" slack="0"/>
<pin id="1579" dir="1" index="3" bw="3" slack="0"/>
</pin_list>
<bind>
<opcode="select(49) " fcode="select"/>
<opset="temp_3/3 "/>
</bind>
</comp>

<comp id="1583" class="1004" name="tmp_1_fu_1583">
<pin_list>
<pin id="1584" dir="0" index="0" bw="11" slack="0"/>
<pin id="1585" dir="0" index="1" bw="3" slack="0"/>
<pin id="1586" dir="0" index="2" bw="1" slack="0"/>
<pin id="1587" dir="1" index="3" bw="11" slack="0"/>
</pin_list>
<bind>
<opcode="bitconcatenate(1004) " fcode="bitconcatenate"/>
<opset="tmp_1/3 "/>
</bind>
</comp>

<comp id="1591" class="1004" name="sext_ln165_fu_1591">
<pin_list>
<pin id="1592" dir="0" index="0" bw="11" slack="0"/>
<pin id="1593" dir="1" index="1" bw="16" slack="0"/>
</pin_list>
<bind>
<opcode="sext(35) " fcode="sext"/>
<opset="sext_ln165/3 "/>
</bind>
</comp>

<comp id="1595" class="1004" name="add_ln165_fu_1595">
<pin_list>
<pin id="1596" dir="0" index="0" bw="11" slack="0"/>
<pin id="1597" dir="0" index="1" bw="16" slack="0"/>
<pin id="1598" dir="1" index="2" bw="16" slack="0"/>
</pin_list>
<bind>
<opcode="add(8) " fcode="add"/>
<opset="add_ln165/3 "/>
</bind>
</comp>

<comp id="1601" class="1004" name="icmp_ln179_fu_1601">
<pin_list>
<pin id="1602" dir="0" index="0" bw="16" slack="0"/>
<pin id="1603" dir="0" index="1" bw="1" slack="0"/>
<pin id="1604" dir="1" index="2" bw="1" slack="2147483647"/>
</pin_list>
<bind>
<opcode="icmp(45) " fcode="icmp"/>
<opset="icmp_ln179/3 "/>
</bind>
</comp>

<comp id="1607" class="1004" name="store_ln184_store_fu_1607">
<pin_list>
<pin id="1608" dir="0" index="0" bw="16" slack="0"/>
<pin id="1609" dir="0" index="1" bw="16" slack="0"/>
<pin id="1610" dir="1" index="2" bw="0" slack="2147483647"/>
</pin_list>
<bind>
<opcode="store(28) " fcode="store"/>
<opset="store_ln184/3 "/>
</bind>
</comp>

<comp id="1613" class="1004" name="store_ln184_store_fu_1613">
<pin_list>
<pin id="1614" dir="0" index="0" bw="16" slack="0"/>
<pin id="1615" dir="0" index="1" bw="16" slack="0"/>
<pin id="1616" dir="1" index="2" bw="0" slack="2147483647"/>
</pin_list>
<bind>
<opcode="store(28) " fcode="store"/>
<opset="store_ln184/3 "/>
</bind>
</comp>

<comp id="1619" class="1004" name="store_ln184_store_fu_1619">
<pin_list>
<pin id="1620" dir="0" index="0" bw="16" slack="0"/>
<pin id="1621" dir="0" index="1" bw="16" slack="0"/>
<pin id="1622" dir="1" index="2" bw="0" slack="2147483647"/>
</pin_list>
<bind>
<opcode="store(28) " fcode="store"/>
<opset="store_ln184/3 "/>
</bind>
</comp>

<comp id="1625" class="1004" name="store_ln184_store_fu_1625">
<pin_list>
<pin id="1626" dir="0" index="0" bw="16" slack="0"/>
<pin id="1627" dir="0" index="1" bw="16" slack="0"/>
<pin id="1628" dir="1" index="2" bw="0" slack="2147483647"/>
</pin_list>
<bind>
<opcode="store(28) " fcode="store"/>
<opset="store_ln184/3 "/>
</bind>
</comp>

<comp id="1631" class="1004" name="store_ln184_store_fu_1631">
<pin_list>
<pin id="1632" dir="0" index="0" bw="16" slack="0"/>
<pin id="1633" dir="0" index="1" bw="16" slack="0"/>
<pin id="1634" dir="1" index="2" bw="0" slack="2147483647"/>
</pin_list>
<bind>
<opcode="store(28) " fcode="store"/>
<opset="store_ln184/3 "/>
</bind>
</comp>

<comp id="1637" class="1004" name="store_ln181_store_fu_1637">
<pin_list>
<pin id="1638" dir="0" index="0" bw="1" slack="0"/>
<pin id="1639" dir="0" index="1" bw="16" slack="0"/>
<pin id="1640" dir="1" index="2" bw="0" slack="2147483647"/>
</pin_list>
<bind>
<opcode="store(28) " fcode="store"/>
<opset="store_ln181/3 "/>
</bind>
</comp>

<comp id="1643" class="1004" name="store_ln181_store_fu_1643">
<pin_list>
<pin id="1644" dir="0" index="0" bw="1" slack="0"/>
<pin id="1645" dir="0" index="1" bw="16" slack="0"/>
<pin id="1646" dir="1" index="2" bw="0" slack="2147483647"/>
</pin_list>
<bind>
<opcode="store(28) " fcode="store"/>
<opset="store_ln181/3 "/>
</bind>
</comp>

<comp id="1649" class="1004" name="store_ln181_store_fu_1649">
<pin_list>
<pin id="1650" dir="0" index="0" bw="1" slack="0"/>
<pin id="1651" dir="0" index="1" bw="16" slack="0"/>
<pin id="1652" dir="1" index="2" bw="0" slack="2147483647"/>
</pin_list>
<bind>
<opcode="store(28) " fcode="store"/>
<opset="store_ln181/3 "/>
</bind>
</comp>

<comp id="1655" class="1004" name="store_ln181_store_fu_1655">
<pin_list>
<pin id="1656" dir="0" index="0" bw="1" slack="0"/>
<pin id="1657" dir="0" index="1" bw="16" slack="0"/>
<pin id="1658" dir="1" index="2" bw="0" slack="2147483647"/>
</pin_list>
<bind>
<opcode="store(28) " fcode="store"/>
<opset="store_ln181/3 "/>
</bind>
</comp>

<comp id="1661" class="1004" name="store_ln181_store_fu_1661">
<pin_list>
<pin id="1662" dir="0" index="0" bw="1" slack="0"/>
<pin id="1663" dir="0" index="1" bw="16" slack="0"/>
<pin id="1664" dir="1" index="2" bw="0" slack="2147483647"/>
</pin_list>
<bind>
<opcode="store(28) " fcode="store"/>
<opset="store_ln181/3 "/>
</bind>
</comp>

<comp id="1667" class="1004" name="store_ln131_store_fu_1667">
<pin_list>
<pin id="1668" dir="0" index="0" bw="16" slack="0"/>
<pin id="1669" dir="0" index="1" bw="16" slack="2"/>
<pin id="1670" dir="1" index="2" bw="0" slack="2147483647"/>
</pin_list>
<bind>
<opcode="store(28) " fcode="store"/>
<opset="store_ln131/3 "/>
</bind>
</comp>

<comp id="1672" class="1005" name="sf_reg_1672">
<pin_list>
<pin id="1673" dir="0" index="0" bw="32" slack="0"/>
<pin id="1674" dir="1" index="1" bw="32" slack="0"/>
</pin_list>
<bind>
<opset="sf "/>
</bind>
</comp>

<comp id="1680" class="1005" name="tile_reg_1680">
<pin_list>
<pin id="1681" dir="0" index="0" bw="32" slack="0"/>
<pin id="1682" dir="1" index="1" bw="32" slack="0"/>
</pin_list>
<bind>
<opset="tile "/>
</bind>
</comp>

<comp id="1688" class="1005" name="i_1_reg_1688">
<pin_list>
<pin id="1689" dir="0" index="0" bw="9" slack="0"/>
<pin id="1690" dir="1" index="1" bw="9" slack="0"/>
</pin_list>
<bind>
<opset="i_1 "/>
</bind>
</comp>

<comp id="1695" class="1005" name="inputBuf_reg_1695">
<pin_list>
<pin id="1696" dir="0" index="0" bw="1" slack="2"/>
<pin id="1697" dir="1" index="1" bw="1" slack="2"/>
</pin_list>
<bind>
<opset="inputBuf "/>
</bind>
</comp>

<comp id="1701" class="1005" name="inputBuf_1_reg_1701">
<pin_list>
<pin id="1702" dir="0" index="0" bw="1" slack="2"/>
<pin id="1703" dir="1" index="1" bw="1" slack="2"/>
</pin_list>
<bind>
<opset="inputBuf_1 "/>
</bind>
</comp>

<comp id="1707" class="1005" name="inputBuf_2_reg_1707">
<pin_list>
<pin id="1708" dir="0" index="0" bw="1" slack="2"/>
<pin id="1709" dir="1" index="1" bw="1" slack="2"/>
</pin_list>
<bind>
<opset="inputBuf_2 "/>
</bind>
</comp>

<comp id="1713" class="1005" name="inputBuf_3_reg_1713">
<pin_list>
<pin id="1714" dir="0" index="0" bw="1" slack="2"/>
<pin id="1715" dir="1" index="1" bw="1" slack="2"/>
</pin_list>
<bind>
<opset="inputBuf_3 "/>
</bind>
</comp>

<comp id="1719" class="1005" name="inputBuf_4_reg_1719">
<pin_list>
<pin id="1720" dir="0" index="0" bw="1" slack="2"/>
<pin id="1721" dir="1" index="1" bw="1" slack="2"/>
</pin_list>
<bind>
<opset="inputBuf_4 "/>
</bind>
</comp>

<comp id="1725" class="1005" name="inputBuf_5_reg_1725">
<pin_list>
<pin id="1726" dir="0" index="0" bw="1" slack="2"/>
<pin id="1727" dir="1" index="1" bw="1" slack="2"/>
</pin_list>
<bind>
<opset="inputBuf_5 "/>
</bind>
</comp>

<comp id="1731" class="1005" name="inputBuf_6_reg_1731">
<pin_list>
<pin id="1732" dir="0" index="0" bw="1" slack="2"/>
<pin id="1733" dir="1" index="1" bw="1" slack="2"/>
</pin_list>
<bind>
<opset="inputBuf_6 "/>
</bind>
</comp>

<comp id="1737" class="1005" name="inputBuf_7_reg_1737">
<pin_list>
<pin id="1738" dir="0" index="0" bw="1" slack="2"/>
<pin id="1739" dir="1" index="1" bw="1" slack="2"/>
</pin_list>
<bind>
<opset="inputBuf_7 "/>
</bind>
</comp>

<comp id="1743" class="1005" name="inputBuf_8_reg_1743">
<pin_list>
<pin id="1744" dir="0" index="0" bw="1" slack="2"/>
<pin id="1745" dir="1" index="1" bw="1" slack="2"/>
</pin_list>
<bind>
<opset="inputBuf_8 "/>
</bind>
</comp>

<comp id="1749" class="1005" name="inputBuf_9_reg_1749">
<pin_list>
<pin id="1750" dir="0" index="0" bw="1" slack="2"/>
<pin id="1751" dir="1" index="1" bw="1" slack="2"/>
</pin_list>
<bind>
<opset="inputBuf_9 "/>
</bind>
</comp>

<comp id="1755" class="1005" name="inputBuf_10_reg_1755">
<pin_list>
<pin id="1756" dir="0" index="0" bw="1" slack="2"/>
<pin id="1757" dir="1" index="1" bw="1" slack="2"/>
</pin_list>
<bind>
<opset="inputBuf_10 "/>
</bind>
</comp>

<comp id="1761" class="1005" name="inputBuf_11_reg_1761">
<pin_list>
<pin id="1762" dir="0" index="0" bw="1" slack="2"/>
<pin id="1763" dir="1" index="1" bw="1" slack="2"/>
</pin_list>
<bind>
<opset="inputBuf_11 "/>
</bind>
</comp>

<comp id="1767" class="1005" name="inputBuf_12_reg_1767">
<pin_list>
<pin id="1768" dir="0" index="0" bw="1" slack="2"/>
<pin id="1769" dir="1" index="1" bw="1" slack="2"/>
</pin_list>
<bind>
<opset="inputBuf_12 "/>
</bind>
</comp>

<comp id="1773" class="1005" name="inputBuf_13_reg_1773">
<pin_list>
<pin id="1774" dir="0" index="0" bw="1" slack="2"/>
<pin id="1775" dir="1" index="1" bw="1" slack="2"/>
</pin_list>
<bind>
<opset="inputBuf_13 "/>
</bind>
</comp>

<comp id="1779" class="1005" name="inputBuf_14_reg_1779">
<pin_list>
<pin id="1780" dir="0" index="0" bw="1" slack="2"/>
<pin id="1781" dir="1" index="1" bw="1" slack="2"/>
</pin_list>
<bind>
<opset="inputBuf_14 "/>
</bind>
</comp>

<comp id="1785" class="1005" name="inputBuf_15_reg_1785">
<pin_list>
<pin id="1786" dir="0" index="0" bw="1" slack="2"/>
<pin id="1787" dir="1" index="1" bw="1" slack="2"/>
</pin_list>
<bind>
<opset="inputBuf_15 "/>
</bind>
</comp>

<comp id="1791" class="1005" name="inputBuf_16_reg_1791">
<pin_list>
<pin id="1792" dir="0" index="0" bw="1" slack="2"/>
<pin id="1793" dir="1" index="1" bw="1" slack="2"/>
</pin_list>
<bind>
<opset="inputBuf_16 "/>
</bind>
</comp>

<comp id="1797" class="1005" name="inputBuf_17_reg_1797">
<pin_list>
<pin id="1798" dir="0" index="0" bw="1" slack="2"/>
<pin id="1799" dir="1" index="1" bw="1" slack="2"/>
</pin_list>
<bind>
<opset="inputBuf_17 "/>
</bind>
</comp>

<comp id="1803" class="1005" name="inputBuf_18_reg_1803">
<pin_list>
<pin id="1804" dir="0" index="0" bw="1" slack="2"/>
<pin id="1805" dir="1" index="1" bw="1" slack="2"/>
</pin_list>
<bind>
<opset="inputBuf_18 "/>
</bind>
</comp>

<comp id="1809" class="1005" name="inputBuf_19_reg_1809">
<pin_list>
<pin id="1810" dir="0" index="0" bw="1" slack="2"/>
<pin id="1811" dir="1" index="1" bw="1" slack="2"/>
</pin_list>
<bind>
<opset="inputBuf_19 "/>
</bind>
</comp>

<comp id="1815" class="1005" name="inputBuf_20_reg_1815">
<pin_list>
<pin id="1816" dir="0" index="0" bw="1" slack="2"/>
<pin id="1817" dir="1" index="1" bw="1" slack="2"/>
</pin_list>
<bind>
<opset="inputBuf_20 "/>
</bind>
</comp>

<comp id="1821" class="1005" name="inputBuf_21_reg_1821">
<pin_list>
<pin id="1822" dir="0" index="0" bw="1" slack="2"/>
<pin id="1823" dir="1" index="1" bw="1" slack="2"/>
</pin_list>
<bind>
<opset="inputBuf_21 "/>
</bind>
</comp>

<comp id="1827" class="1005" name="inputBuf_22_reg_1827">
<pin_list>
<pin id="1828" dir="0" index="0" bw="1" slack="2"/>
<pin id="1829" dir="1" index="1" bw="1" slack="2"/>
</pin_list>
<bind>
<opset="inputBuf_22 "/>
</bind>
</comp>

<comp id="1833" class="1005" name="inputBuf_23_reg_1833">
<pin_list>
<pin id="1834" dir="0" index="0" bw="1" slack="2"/>
<pin id="1835" dir="1" index="1" bw="1" slack="2"/>
</pin_list>
<bind>
<opset="inputBuf_23 "/>
</bind>
</comp>

<comp id="1839" class="1005" name="inputBuf_24_reg_1839">
<pin_list>
<pin id="1840" dir="0" index="0" bw="1" slack="2"/>
<pin id="1841" dir="1" index="1" bw="1" slack="2"/>
</pin_list>
<bind>
<opset="inputBuf_24 "/>
</bind>
</comp>

<comp id="1845" class="1005" name="inputBuf_25_reg_1845">
<pin_list>
<pin id="1846" dir="0" index="0" bw="1" slack="2"/>
<pin id="1847" dir="1" index="1" bw="1" slack="2"/>
</pin_list>
<bind>
<opset="inputBuf_25 "/>
</bind>
</comp>

<comp id="1851" class="1005" name="inputBuf_26_reg_1851">
<pin_list>
<pin id="1852" dir="0" index="0" bw="1" slack="2"/>
<pin id="1853" dir="1" index="1" bw="1" slack="2"/>
</pin_list>
<bind>
<opset="inputBuf_26 "/>
</bind>
</comp>

<comp id="1857" class="1005" name="inputBuf_27_reg_1857">
<pin_list>
<pin id="1858" dir="0" index="0" bw="1" slack="2"/>
<pin id="1859" dir="1" index="1" bw="1" slack="2"/>
</pin_list>
<bind>
<opset="inputBuf_27 "/>
</bind>
</comp>

<comp id="1863" class="1005" name="inputBuf_28_reg_1863">
<pin_list>
<pin id="1864" dir="0" index="0" bw="1" slack="2"/>
<pin id="1865" dir="1" index="1" bw="1" slack="2"/>
</pin_list>
<bind>
<opset="inputBuf_28 "/>
</bind>
</comp>

<comp id="1869" class="1005" name="inputBuf_29_reg_1869">
<pin_list>
<pin id="1870" dir="0" index="0" bw="1" slack="2"/>
<pin id="1871" dir="1" index="1" bw="1" slack="2"/>
</pin_list>
<bind>
<opset="inputBuf_29 "/>
</bind>
</comp>

<comp id="1875" class="1005" name="inputBuf_30_reg_1875">
<pin_list>
<pin id="1876" dir="0" index="0" bw="1" slack="2"/>
<pin id="1877" dir="1" index="1" bw="1" slack="2"/>
</pin_list>
<bind>
<opset="inputBuf_30 "/>
</bind>
</comp>

<comp id="1881" class="1005" name="inputBuf_31_reg_1881">
<pin_list>
<pin id="1882" dir="0" index="0" bw="1" slack="2"/>
<pin id="1883" dir="1" index="1" bw="1" slack="2"/>
</pin_list>
<bind>
<opset="inputBuf_31 "/>
</bind>
</comp>

<comp id="1887" class="1005" name="inputBuf_32_reg_1887">
<pin_list>
<pin id="1888" dir="0" index="0" bw="1" slack="2"/>
<pin id="1889" dir="1" index="1" bw="1" slack="2"/>
</pin_list>
<bind>
<opset="inputBuf_32 "/>
</bind>
</comp>

<comp id="1893" class="1005" name="inputBuf_33_reg_1893">
<pin_list>
<pin id="1894" dir="0" index="0" bw="1" slack="2"/>
<pin id="1895" dir="1" index="1" bw="1" slack="2"/>
</pin_list>
<bind>
<opset="inputBuf_33 "/>
</bind>
</comp>

<comp id="1899" class="1005" name="inputBuf_34_reg_1899">
<pin_list>
<pin id="1900" dir="0" index="0" bw="1" slack="2"/>
<pin id="1901" dir="1" index="1" bw="1" slack="2"/>
</pin_list>
<bind>
<opset="inputBuf_34 "/>
</bind>
</comp>

<comp id="1905" class="1005" name="inputBuf_35_reg_1905">
<pin_list>
<pin id="1906" dir="0" index="0" bw="1" slack="2"/>
<pin id="1907" dir="1" index="1" bw="1" slack="2"/>
</pin_list>
<bind>
<opset="inputBuf_35 "/>
</bind>
</comp>

<comp id="1911" class="1005" name="inputBuf_36_reg_1911">
<pin_list>
<pin id="1912" dir="0" index="0" bw="1" slack="2"/>
<pin id="1913" dir="1" index="1" bw="1" slack="2"/>
</pin_list>
<bind>
<opset="inputBuf_36 "/>
</bind>
</comp>

<comp id="1917" class="1005" name="inputBuf_37_reg_1917">
<pin_list>
<pin id="1918" dir="0" index="0" bw="1" slack="2"/>
<pin id="1919" dir="1" index="1" bw="1" slack="2"/>
</pin_list>
<bind>
<opset="inputBuf_37 "/>
</bind>
</comp>

<comp id="1923" class="1005" name="inputBuf_38_reg_1923">
<pin_list>
<pin id="1924" dir="0" index="0" bw="1" slack="2"/>
<pin id="1925" dir="1" index="1" bw="1" slack="2"/>
</pin_list>
<bind>
<opset="inputBuf_38 "/>
</bind>
</comp>

<comp id="1929" class="1005" name="inputBuf_39_reg_1929">
<pin_list>
<pin id="1930" dir="0" index="0" bw="1" slack="2"/>
<pin id="1931" dir="1" index="1" bw="1" slack="2"/>
</pin_list>
<bind>
<opset="inputBuf_39 "/>
</bind>
</comp>

<comp id="1935" class="1005" name="inputBuf_40_reg_1935">
<pin_list>
<pin id="1936" dir="0" index="0" bw="1" slack="2"/>
<pin id="1937" dir="1" index="1" bw="1" slack="2"/>
</pin_list>
<bind>
<opset="inputBuf_40 "/>
</bind>
</comp>

<comp id="1941" class="1005" name="inputBuf_41_reg_1941">
<pin_list>
<pin id="1942" dir="0" index="0" bw="1" slack="2"/>
<pin id="1943" dir="1" index="1" bw="1" slack="2"/>
</pin_list>
<bind>
<opset="inputBuf_41 "/>
</bind>
</comp>

<comp id="1947" class="1005" name="inputBuf_42_reg_1947">
<pin_list>
<pin id="1948" dir="0" index="0" bw="1" slack="2"/>
<pin id="1949" dir="1" index="1" bw="1" slack="2"/>
</pin_list>
<bind>
<opset="inputBuf_42 "/>
</bind>
</comp>

<comp id="1953" class="1005" name="inputBuf_43_reg_1953">
<pin_list>
<pin id="1954" dir="0" index="0" bw="1" slack="2"/>
<pin id="1955" dir="1" index="1" bw="1" slack="2"/>
</pin_list>
<bind>
<opset="inputBuf_43 "/>
</bind>
</comp>

<comp id="1959" class="1005" name="inputBuf_44_reg_1959">
<pin_list>
<pin id="1960" dir="0" index="0" bw="1" slack="2"/>
<pin id="1961" dir="1" index="1" bw="1" slack="2"/>
</pin_list>
<bind>
<opset="inputBuf_44 "/>
</bind>
</comp>

<comp id="1965" class="1005" name="inputBuf_45_reg_1965">
<pin_list>
<pin id="1966" dir="0" index="0" bw="1" slack="2"/>
<pin id="1967" dir="1" index="1" bw="1" slack="2"/>
</pin_list>
<bind>
<opset="inputBuf_45 "/>
</bind>
</comp>

<comp id="1971" class="1005" name="inputBuf_46_reg_1971">
<pin_list>
<pin id="1972" dir="0" index="0" bw="1" slack="2"/>
<pin id="1973" dir="1" index="1" bw="1" slack="2"/>
</pin_list>
<bind>
<opset="inputBuf_46 "/>
</bind>
</comp>

<comp id="1977" class="1005" name="inputBuf_47_reg_1977">
<pin_list>
<pin id="1978" dir="0" index="0" bw="1" slack="2"/>
<pin id="1979" dir="1" index="1" bw="1" slack="2"/>
</pin_list>
<bind>
<opset="inputBuf_47 "/>
</bind>
</comp>

<comp id="1983" class="1005" name="inputBuf_48_reg_1983">
<pin_list>
<pin id="1984" dir="0" index="0" bw="1" slack="2"/>
<pin id="1985" dir="1" index="1" bw="1" slack="2"/>
</pin_list>
<bind>
<opset="inputBuf_48 "/>
</bind>
</comp>

<comp id="1989" class="1005" name="inputBuf_49_reg_1989">
<pin_list>
<pin id="1990" dir="0" index="0" bw="1" slack="2"/>
<pin id="1991" dir="1" index="1" bw="1" slack="2"/>
</pin_list>
<bind>
<opset="inputBuf_49 "/>
</bind>
</comp>

<comp id="1995" class="1005" name="inputBuf_50_reg_1995">
<pin_list>
<pin id="1996" dir="0" index="0" bw="1" slack="2"/>
<pin id="1997" dir="1" index="1" bw="1" slack="2"/>
</pin_list>
<bind>
<opset="inputBuf_50 "/>
</bind>
</comp>

<comp id="2001" class="1005" name="inputBuf_51_reg_2001">
<pin_list>
<pin id="2002" dir="0" index="0" bw="1" slack="2"/>
<pin id="2003" dir="1" index="1" bw="1" slack="2"/>
</pin_list>
<bind>
<opset="inputBuf_51 "/>
</bind>
</comp>

<comp id="2007" class="1005" name="inputBuf_52_reg_2007">
<pin_list>
<pin id="2008" dir="0" index="0" bw="1" slack="2"/>
<pin id="2009" dir="1" index="1" bw="1" slack="2"/>
</pin_list>
<bind>
<opset="inputBuf_52 "/>
</bind>
</comp>

<comp id="2013" class="1005" name="inputBuf_53_reg_2013">
<pin_list>
<pin id="2014" dir="0" index="0" bw="1" slack="2"/>
<pin id="2015" dir="1" index="1" bw="1" slack="2"/>
</pin_list>
<bind>
<opset="inputBuf_53 "/>
</bind>
</comp>

<comp id="2019" class="1005" name="inputBuf_54_reg_2019">
<pin_list>
<pin id="2020" dir="0" index="0" bw="1" slack="2"/>
<pin id="2021" dir="1" index="1" bw="1" slack="2"/>
</pin_list>
<bind>
<opset="inputBuf_54 "/>
</bind>
</comp>

<comp id="2025" class="1005" name="inputBuf_55_reg_2025">
<pin_list>
<pin id="2026" dir="0" index="0" bw="1" slack="2"/>
<pin id="2027" dir="1" index="1" bw="1" slack="2"/>
</pin_list>
<bind>
<opset="inputBuf_55 "/>
</bind>
</comp>

<comp id="2031" class="1005" name="inputBuf_56_reg_2031">
<pin_list>
<pin id="2032" dir="0" index="0" bw="1" slack="2"/>
<pin id="2033" dir="1" index="1" bw="1" slack="2"/>
</pin_list>
<bind>
<opset="inputBuf_56 "/>
</bind>
</comp>

<comp id="2037" class="1005" name="inputBuf_57_reg_2037">
<pin_list>
<pin id="2038" dir="0" index="0" bw="1" slack="2"/>
<pin id="2039" dir="1" index="1" bw="1" slack="2"/>
</pin_list>
<bind>
<opset="inputBuf_57 "/>
</bind>
</comp>

<comp id="2043" class="1005" name="inputBuf_58_reg_2043">
<pin_list>
<pin id="2044" dir="0" index="0" bw="1" slack="2"/>
<pin id="2045" dir="1" index="1" bw="1" slack="2"/>
</pin_list>
<bind>
<opset="inputBuf_58 "/>
</bind>
</comp>

<comp id="2049" class="1005" name="inputBuf_59_reg_2049">
<pin_list>
<pin id="2050" dir="0" index="0" bw="1" slack="2"/>
<pin id="2051" dir="1" index="1" bw="1" slack="2"/>
</pin_list>
<bind>
<opset="inputBuf_59 "/>
</bind>
</comp>

<comp id="2055" class="1005" name="inputBuf_60_reg_2055">
<pin_list>
<pin id="2056" dir="0" index="0" bw="1" slack="2"/>
<pin id="2057" dir="1" index="1" bw="1" slack="2"/>
</pin_list>
<bind>
<opset="inputBuf_60 "/>
</bind>
</comp>

<comp id="2061" class="1005" name="inputBuf_61_reg_2061">
<pin_list>
<pin id="2062" dir="0" index="0" bw="1" slack="2"/>
<pin id="2063" dir="1" index="1" bw="1" slack="2"/>
</pin_list>
<bind>
<opset="inputBuf_61 "/>
</bind>
</comp>

<comp id="2067" class="1005" name="inputBuf_62_reg_2067">
<pin_list>
<pin id="2068" dir="0" index="0" bw="1" slack="2"/>
<pin id="2069" dir="1" index="1" bw="1" slack="2"/>
</pin_list>
<bind>
<opset="inputBuf_62 "/>
</bind>
</comp>

<comp id="2073" class="1005" name="inputBuf_63_reg_2073">
<pin_list>
<pin id="2074" dir="0" index="0" bw="1" slack="2"/>
<pin id="2075" dir="1" index="1" bw="1" slack="2"/>
</pin_list>
<bind>
<opset="inputBuf_63 "/>
</bind>
</comp>

<comp id="2079" class="1005" name="nf_reg_2079">
<pin_list>
<pin id="2080" dir="0" index="0" bw="32" slack="0"/>
<pin id="2081" dir="1" index="1" bw="32" slack="0"/>
</pin_list>
<bind>
<opset="nf "/>
</bind>
</comp>

<comp id="2086" class="1005" name="conv_i2_i13_i_reg_2086">
<pin_list>
<pin id="2087" dir="0" index="0" bw="16" slack="2"/>
<pin id="2088" dir="1" index="1" bw="16" slack="2"/>
</pin_list>
<bind>
<opset="conv_i2_i13_i "/>
</bind>
</comp>

<comp id="2093" class="1005" name="icmp_ln131_reg_2093">
<pin_list>
<pin id="2094" dir="0" index="0" bw="1" slack="1"/>
<pin id="2095" dir="1" index="1" bw="1" slack="2147483647"/>
</pin_list>
<bind>
<opset="icmp_ln131 "/>
</bind>
</comp>

<comp id="2097" class="1005" name="trunc_ln123_reg_2097">
<pin_list>
<pin id="2098" dir="0" index="0" bw="6" slack="1"/>
<pin id="2099" dir="1" index="1" bw="6" slack="1"/>
</pin_list>
<bind>
<opset="trunc_ln123 "/>
</bind>
</comp>

<comp id="2102" class="1005" name="trunc_ln123_1_reg_2102">
<pin_list>
<pin id="2103" dir="0" index="0" bw="3" slack="1"/>
<pin id="2104" dir="1" index="1" bw="3" slack="1"/>
</pin_list>
<bind>
<opset="trunc_ln123_1 "/>
</bind>
</comp>

<comp id="2107" class="1005" name="icmp_ln134_reg_2107">
<pin_list>
<pin id="2108" dir="0" index="0" bw="1" slack="1"/>
<pin id="2109" dir="1" index="1" bw="1" slack="2147483647"/>
</pin_list>
<bind>
<opset="icmp_ln134 "/>
</bind>
</comp>

<comp id="2111" class="1005" name="icmp_ln149_reg_2111">
<pin_list>
<pin id="2112" dir="0" index="0" bw="1" slack="1"/>
<pin id="2113" dir="1" index="1" bw="1" slack="2147483647"/>
</pin_list>
<bind>
<opset="icmp_ln149 "/>
</bind>
</comp>

<comp id="2115" class="1005" name="fc2_weights_0_addr_reg_2115">
<pin_list>
<pin id="2116" dir="0" index="0" bw="9" slack="1"/>
<pin id="2117" dir="1" index="1" bw="9" slack="1"/>
</pin_list>
<bind>
<opset="fc2_weights_0_addr "/>
</bind>
</comp>

<comp id="2120" class="1005" name="icmp_ln172_reg_2120">
<pin_list>
<pin id="2121" dir="0" index="0" bw="1" slack="1"/>
<pin id="2122" dir="1" index="1" bw="1" slack="2147483647"/>
</pin_list>
<bind>
<opset="icmp_ln172 "/>
</bind>
</comp>

</comp_list>

<net_list>
<net id="211"><net_src comp="16" pin="0"/><net_sink comp="208" pin=0"/></net>

<net id="215"><net_src comp="16" pin="0"/><net_sink comp="212" pin=0"/></net>

<net id="219"><net_src comp="16" pin="0"/><net_sink comp="216" pin=0"/></net>

<net id="223"><net_src comp="16" pin="0"/><net_sink comp="220" pin=0"/></net>

<net id="227"><net_src comp="16" pin="0"/><net_sink comp="224" pin=0"/></net>

<net id="231"><net_src comp="16" pin="0"/><net_sink comp="228" pin=0"/></net>

<net id="235"><net_src comp="16" pin="0"/><net_sink comp="232" pin=0"/></net>

<net id="239"><net_src comp="16" pin="0"/><net_sink comp="236" pin=0"/></net>

<net id="243"><net_src comp="16" pin="0"/><net_sink comp="240" pin=0"/></net>

<net id="247"><net_src comp="16" pin="0"/><net_sink comp="244" pin=0"/></net>

<net id="251"><net_src comp="16" pin="0"/><net_sink comp="248" pin=0"/></net>

<net id="255"><net_src comp="16" pin="0"/><net_sink comp="252" pin=0"/></net>

<net id="259"><net_src comp="16" pin="0"/><net_sink comp="256" pin=0"/></net>

<net id="263"><net_src comp="16" pin="0"/><net_sink comp="260" pin=0"/></net>

<net id="267"><net_src comp="16" pin="0"/><net_sink comp="264" pin=0"/></net>

<net id="271"><net_src comp="16" pin="0"/><net_sink comp="268" pin=0"/></net>

<net id="275"><net_src comp="16" pin="0"/><net_sink comp="272" pin=0"/></net>

<net id="279"><net_src comp="16" pin="0"/><net_sink comp="276" pin=0"/></net>

<net id="283"><net_src comp="16" pin="0"/><net_sink comp="280" pin=0"/></net>

<net id="287"><net_src comp="16" pin="0"/><net_sink comp="284" pin=0"/></net>

<net id="291"><net_src comp="16" pin="0"/><net_sink comp="288" pin=0"/></net>

<net id="295"><net_src comp="16" pin="0"/><net_sink comp="292" pin=0"/></net>

<net id="299"><net_src comp="16" pin="0"/><net_sink comp="296" pin=0"/></net>

<net id="303"><net_src comp="16" pin="0"/><net_sink comp="300" pin=0"/></net>

<net id="307"><net_src comp="16" pin="0"/><net_sink comp="304" pin=0"/></net>

<net id="311"><net_src comp="16" pin="0"/><net_sink comp="308" pin=0"/></net>

<net id="315"><net_src comp="16" pin="0"/><net_sink comp="312" pin=0"/></net>

<net id="319"><net_src comp="16" pin="0"/><net_sink comp="316" pin=0"/></net>

<net id="323"><net_src comp="16" pin="0"/><net_sink comp="320" pin=0"/></net>

<net id="327"><net_src comp="16" pin="0"/><net_sink comp="324" pin=0"/></net>

<net id="331"><net_src comp="16" pin="0"/><net_sink comp="328" pin=0"/></net>

<net id="335"><net_src comp="16" pin="0"/><net_sink comp="332" pin=0"/></net>

<net id="339"><net_src comp="16" pin="0"/><net_sink comp="336" pin=0"/></net>

<net id="343"><net_src comp="16" pin="0"/><net_sink comp="340" pin=0"/></net>

<net id="347"><net_src comp="16" pin="0"/><net_sink comp="344" pin=0"/></net>

<net id="351"><net_src comp="16" pin="0"/><net_sink comp="348" pin=0"/></net>

<net id="355"><net_src comp="16" pin="0"/><net_sink comp="352" pin=0"/></net>

<net id="359"><net_src comp="16" pin="0"/><net_sink comp="356" pin=0"/></net>

<net id="363"><net_src comp="16" pin="0"/><net_sink comp="360" pin=0"/></net>

<net id="367"><net_src comp="16" pin="0"/><net_sink comp="364" pin=0"/></net>

<net id="371"><net_src comp="16" pin="0"/><net_sink comp="368" pin=0"/></net>

<net id="375"><net_src comp="16" pin="0"/><net_sink comp="372" pin=0"/></net>

<net id="379"><net_src comp="16" pin="0"/><net_sink comp="376" pin=0"/></net>

<net id="383"><net_src comp="16" pin="0"/><net_sink comp="380" pin=0"/></net>

<net id="387"><net_src comp="16" pin="0"/><net_sink comp="384" pin=0"/></net>

<net id="391"><net_src comp="16" pin="0"/><net_sink comp="388" pin=0"/></net>

<net id="395"><net_src comp="16" pin="0"/><net_sink comp="392" pin=0"/></net>

<net id="399"><net_src comp="16" pin="0"/><net_sink comp="396" pin=0"/></net>

<net id="403"><net_src comp="16" pin="0"/><net_sink comp="400" pin=0"/></net>

<net id="407"><net_src comp="16" pin="0"/><net_sink comp="404" pin=0"/></net>

<net id="411"><net_src comp="16" pin="0"/><net_sink comp="408" pin=0"/></net>

<net id="415"><net_src comp="16" pin="0"/><net_sink comp="412" pin=0"/></net>

<net id="419"><net_src comp="16" pin="0"/><net_sink comp="416" pin=0"/></net>

<net id="423"><net_src comp="16" pin="0"/><net_sink comp="420" pin=0"/></net>

<net id="427"><net_src comp="16" pin="0"/><net_sink comp="424" pin=0"/></net>

<net id="431"><net_src comp="16" pin="0"/><net_sink comp="428" pin=0"/></net>

<net id="435"><net_src comp="16" pin="0"/><net_sink comp="432" pin=0"/></net>

<net id="439"><net_src comp="16" pin="0"/><net_sink comp="436" pin=0"/></net>

<net id="443"><net_src comp="16" pin="0"/><net_sink comp="440" pin=0"/></net>

<net id="447"><net_src comp="16" pin="0"/><net_sink comp="444" pin=0"/></net>

<net id="451"><net_src comp="16" pin="0"/><net_sink comp="448" pin=0"/></net>

<net id="455"><net_src comp="16" pin="0"/><net_sink comp="452" pin=0"/></net>

<net id="459"><net_src comp="16" pin="0"/><net_sink comp="456" pin=0"/></net>

<net id="463"><net_src comp="16" pin="0"/><net_sink comp="460" pin=0"/></net>

<net id="467"><net_src comp="16" pin="0"/><net_sink comp="464" pin=0"/></net>

<net id="471"><net_src comp="16" pin="0"/><net_sink comp="468" pin=0"/></net>

<net id="475"><net_src comp="16" pin="0"/><net_sink comp="472" pin=0"/></net>

<net id="479"><net_src comp="16" pin="0"/><net_sink comp="476" pin=0"/></net>

<net id="483"><net_src comp="16" pin="0"/><net_sink comp="480" pin=0"/></net>

<net id="488"><net_src comp="52" pin="0"/><net_sink comp="484" pin=0"/></net>

<net id="489"><net_src comp="0" pin="0"/><net_sink comp="484" pin=1"/></net>

<net id="495"><net_src comp="206" pin="0"/><net_sink comp="490" pin=0"/></net>

<net id="496"><net_src comp="2" pin="0"/><net_sink comp="490" pin=1"/></net>

<net id="502"><net_src comp="4" pin="0"/><net_sink comp="497" pin=0"/></net>

<net id="503"><net_src comp="44" pin="0"/><net_sink comp="497" pin=1"/></net>

<net id="509"><net_src comp="497" pin="3"/><net_sink comp="504" pin=0"/></net>

<net id="645"><net_src comp="484" pin="2"/><net_sink comp="513" pin=2"/></net>

<net id="646"><net_src comp="484" pin="2"/><net_sink comp="513" pin=4"/></net>

<net id="647"><net_src comp="484" pin="2"/><net_sink comp="513" pin=6"/></net>

<net id="648"><net_src comp="484" pin="2"/><net_sink comp="513" pin=8"/></net>

<net id="649"><net_src comp="484" pin="2"/><net_sink comp="513" pin=10"/></net>

<net id="650"><net_src comp="484" pin="2"/><net_sink comp="513" pin=12"/></net>

<net id="651"><net_src comp="484" pin="2"/><net_sink comp="513" pin=14"/></net>

<net id="652"><net_src comp="484" pin="2"/><net_sink comp="513" pin=16"/></net>

<net id="653"><net_src comp="484" pin="2"/><net_sink comp="513" pin=18"/></net>

<net id="654"><net_src comp="484" pin="2"/><net_sink comp="513" pin=20"/></net>

<net id="655"><net_src comp="484" pin="2"/><net_sink comp="513" pin=22"/></net>

<net id="656"><net_src comp="484" pin="2"/><net_sink comp="513" pin=24"/></net>

<net id="657"><net_src comp="484" pin="2"/><net_sink comp="513" pin=26"/></net>

<net id="658"><net_src comp="484" pin="2"/><net_sink comp="513" pin=28"/></net>

<net id="659"><net_src comp="484" pin="2"/><net_sink comp="513" pin=30"/></net>

<net id="660"><net_src comp="484" pin="2"/><net_sink comp="513" pin=32"/></net>

<net id="661"><net_src comp="484" pin="2"/><net_sink comp="513" pin=34"/></net>

<net id="662"><net_src comp="484" pin="2"/><net_sink comp="513" pin=36"/></net>

<net id="663"><net_src comp="484" pin="2"/><net_sink comp="513" pin=38"/></net>

<net id="664"><net_src comp="484" pin="2"/><net_sink comp="513" pin=40"/></net>

<net id="665"><net_src comp="484" pin="2"/><net_sink comp="513" pin=42"/></net>

<net id="666"><net_src comp="484" pin="2"/><net_sink comp="513" pin=44"/></net>

<net id="667"><net_src comp="484" pin="2"/><net_sink comp="513" pin=46"/></net>

<net id="668"><net_src comp="484" pin="2"/><net_sink comp="513" pin=48"/></net>

<net id="669"><net_src comp="484" pin="2"/><net_sink comp="513" pin=50"/></net>

<net id="670"><net_src comp="484" pin="2"/><net_sink comp="513" pin=52"/></net>

<net id="671"><net_src comp="484" pin="2"/><net_sink comp="513" pin=54"/></net>

<net id="672"><net_src comp="484" pin="2"/><net_sink comp="513" pin=56"/></net>

<net id="673"><net_src comp="484" pin="2"/><net_sink comp="513" pin=58"/></net>

<net id="674"><net_src comp="484" pin="2"/><net_sink comp="513" pin=60"/></net>

<net id="675"><net_src comp="484" pin="2"/><net_sink comp="513" pin=62"/></net>

<net id="676"><net_src comp="484" pin="2"/><net_sink comp="513" pin=64"/></net>

<net id="677"><net_src comp="484" pin="2"/><net_sink comp="513" pin=66"/></net>

<net id="678"><net_src comp="484" pin="2"/><net_sink comp="513" pin=68"/></net>

<net id="679"><net_src comp="484" pin="2"/><net_sink comp="513" pin=70"/></net>

<net id="680"><net_src comp="484" pin="2"/><net_sink comp="513" pin=72"/></net>

<net id="681"><net_src comp="484" pin="2"/><net_sink comp="513" pin=74"/></net>

<net id="682"><net_src comp="484" pin="2"/><net_sink comp="513" pin=76"/></net>

<net id="683"><net_src comp="484" pin="2"/><net_sink comp="513" pin=78"/></net>

<net id="684"><net_src comp="484" pin="2"/><net_sink comp="513" pin=80"/></net>

<net id="685"><net_src comp="484" pin="2"/><net_sink comp="513" pin=82"/></net>

<net id="686"><net_src comp="484" pin="2"/><net_sink comp="513" pin=84"/></net>

<net id="687"><net_src comp="484" pin="2"/><net_sink comp="513" pin=86"/></net>

<net id="688"><net_src comp="484" pin="2"/><net_sink comp="513" pin=88"/></net>

<net id="689"><net_src comp="484" pin="2"/><net_sink comp="513" pin=90"/></net>

<net id="690"><net_src comp="484" pin="2"/><net_sink comp="513" pin=92"/></net>

<net id="691"><net_src comp="484" pin="2"/><net_sink comp="513" pin=94"/></net>

<net id="692"><net_src comp="484" pin="2"/><net_sink comp="513" pin=96"/></net>

<net id="693"><net_src comp="484" pin="2"/><net_sink comp="513" pin=98"/></net>

<net id="694"><net_src comp="484" pin="2"/><net_sink comp="513" pin=100"/></net>

<net id="695"><net_src comp="484" pin="2"/><net_sink comp="513" pin=102"/></net>

<net id="696"><net_src comp="484" pin="2"/><net_sink comp="513" pin=104"/></net>

<net id="697"><net_src comp="484" pin="2"/><net_sink comp="513" pin=106"/></net>

<net id="698"><net_src comp="484" pin="2"/><net_sink comp="513" pin=108"/></net>

<net id="699"><net_src comp="484" pin="2"/><net_sink comp="513" pin=110"/></net>

<net id="700"><net_src comp="484" pin="2"/><net_sink comp="513" pin=112"/></net>

<net id="701"><net_src comp="484" pin="2"/><net_sink comp="513" pin=114"/></net>

<net id="702"><net_src comp="484" pin="2"/><net_sink comp="513" pin=116"/></net>

<net id="703"><net_src comp="484" pin="2"/><net_sink comp="513" pin=118"/></net>

<net id="704"><net_src comp="484" pin="2"/><net_sink comp="513" pin=120"/></net>

<net id="705"><net_src comp="484" pin="2"/><net_sink comp="513" pin=122"/></net>

<net id="706"><net_src comp="484" pin="2"/><net_sink comp="513" pin=124"/></net>

<net id="707"><net_src comp="484" pin="2"/><net_sink comp="513" pin=126"/></net>

<net id="708"><net_src comp="484" pin="2"/><net_sink comp="513" pin=128"/></net>

<net id="718"><net_src comp="202" pin="0"/><net_sink comp="712" pin=0"/></net>

<net id="719"><net_src comp="204" pin="0"/><net_sink comp="712" pin=2"/></net>

<net id="720"><net_src comp="712" pin="4"/><net_sink comp="490" pin=2"/></net>

<net id="725"><net_src comp="22" pin="0"/><net_sink comp="721" pin=0"/></net>

<net id="730"><net_src comp="28" pin="0"/><net_sink comp="726" pin=0"/></net>

<net id="735"><net_src comp="22" pin="0"/><net_sink comp="731" pin=0"/></net>

<net id="740"><net_src comp="22" pin="0"/><net_sink comp="736" pin=0"/></net>

<net id="754"><net_src comp="744" pin="1"/><net_sink comp="750" pin=0"/></net>

<net id="755"><net_src comp="30" pin="0"/><net_sink comp="750" pin=1"/></net>

<net id="760"><net_src comp="744" pin="1"/><net_sink comp="756" pin=0"/></net>

<net id="761"><net_src comp="32" pin="0"/><net_sink comp="756" pin=1"/></net>

<net id="765"><net_src comp="741" pin="1"/><net_sink comp="762" pin=0"/></net>

<net id="769"><net_src comp="747" pin="1"/><net_sink comp="766" pin=0"/></net>

<net id="774"><net_src comp="747" pin="1"/><net_sink comp="770" pin=0"/></net>

<net id="775"><net_src comp="22" pin="0"/><net_sink comp="770" pin=1"/></net>

<net id="780"><net_src comp="741" pin="1"/><net_sink comp="776" pin=0"/></net>

<net id="781"><net_src comp="22" pin="0"/><net_sink comp="776" pin=1"/></net>

<net id="788"><net_src comp="782" pin="1"/><net_sink comp="785" pin=0"/></net>

<net id="789"><net_src comp="785" pin="1"/><net_sink comp="497" pin=2"/></net>

<net id="794"><net_src comp="782" pin="1"/><net_sink comp="790" pin=0"/></net>

<net id="795"><net_src comp="16" pin="0"/><net_sink comp="790" pin=1"/></net>

<net id="800"><net_src comp="741" pin="1"/><net_sink comp="796" pin=0"/></net>

<net id="801"><net_src comp="16" pin="0"/><net_sink comp="796" pin=1"/></net>

<net id="806"><net_src comp="796" pin="2"/><net_sink comp="802" pin=0"/></net>

<net id="807"><net_src comp="46" pin="0"/><net_sink comp="802" pin=1"/></net>

<net id="812"><net_src comp="790" pin="2"/><net_sink comp="808" pin=0"/></net>

<net id="817"><net_src comp="796" pin="2"/><net_sink comp="813" pin=0"/></net>

<net id="822"><net_src comp="747" pin="1"/><net_sink comp="818" pin=0"/></net>

<net id="823"><net_src comp="16" pin="0"/><net_sink comp="818" pin=1"/></net>

<net id="828"><net_src comp="818" pin="2"/><net_sink comp="824" pin=0"/></net>

<net id="829"><net_src comp="48" pin="0"/><net_sink comp="824" pin=1"/></net>

<net id="835"><net_src comp="824" pin="2"/><net_sink comp="830" pin=0"/></net>

<net id="836"><net_src comp="22" pin="0"/><net_sink comp="830" pin=1"/></net>

<net id="837"><net_src comp="818" pin="2"/><net_sink comp="830" pin=2"/></net>

<net id="843"><net_src comp="824" pin="2"/><net_sink comp="838" pin=0"/></net>

<net id="844"><net_src comp="22" pin="0"/><net_sink comp="838" pin=1"/></net>

<net id="845"><net_src comp="790" pin="2"/><net_sink comp="838" pin=2"/></net>

<net id="850"><net_src comp="830" pin="3"/><net_sink comp="846" pin=0"/></net>

<net id="855"><net_src comp="838" pin="3"/><net_sink comp="851" pin=0"/></net>

<net id="860"><net_src comp="22" pin="0"/><net_sink comp="856" pin=0"/></net>

<net id="865"><net_src comp="756" pin="2"/><net_sink comp="861" pin=0"/></net>

<net id="1126"><net_src comp="50" pin="0"/><net_sink comp="1058" pin=0"/></net>

<net id="1127"><net_src comp="866" pin="1"/><net_sink comp="1058" pin=1"/></net>

<net id="1128"><net_src comp="869" pin="1"/><net_sink comp="1058" pin=2"/></net>

<net id="1129"><net_src comp="872" pin="1"/><net_sink comp="1058" pin=3"/></net>

<net id="1130"><net_src comp="875" pin="1"/><net_sink comp="1058" pin=4"/></net>

<net id="1131"><net_src comp="878" pin="1"/><net_sink comp="1058" pin=5"/></net>

<net id="1132"><net_src comp="881" pin="1"/><net_sink comp="1058" pin=6"/></net>

<net id="1133"><net_src comp="884" pin="1"/><net_sink comp="1058" pin=7"/></net>

<net id="1134"><net_src comp="887" pin="1"/><net_sink comp="1058" pin=8"/></net>

<net id="1135"><net_src comp="890" pin="1"/><net_sink comp="1058" pin=9"/></net>

<net id="1136"><net_src comp="893" pin="1"/><net_sink comp="1058" pin=10"/></net>

<net id="1137"><net_src comp="896" pin="1"/><net_sink comp="1058" pin=11"/></net>

<net id="1138"><net_src comp="899" pin="1"/><net_sink comp="1058" pin=12"/></net>

<net id="1139"><net_src comp="902" pin="1"/><net_sink comp="1058" pin=13"/></net>

<net id="1140"><net_src comp="905" pin="1"/><net_sink comp="1058" pin=14"/></net>

<net id="1141"><net_src comp="908" pin="1"/><net_sink comp="1058" pin=15"/></net>

<net id="1142"><net_src comp="911" pin="1"/><net_sink comp="1058" pin=16"/></net>

<net id="1143"><net_src comp="914" pin="1"/><net_sink comp="1058" pin=17"/></net>

<net id="1144"><net_src comp="917" pin="1"/><net_sink comp="1058" pin=18"/></net>

<net id="1145"><net_src comp="920" pin="1"/><net_sink comp="1058" pin=19"/></net>

<net id="1146"><net_src comp="923" pin="1"/><net_sink comp="1058" pin=20"/></net>

<net id="1147"><net_src comp="926" pin="1"/><net_sink comp="1058" pin=21"/></net>

<net id="1148"><net_src comp="929" pin="1"/><net_sink comp="1058" pin=22"/></net>

<net id="1149"><net_src comp="932" pin="1"/><net_sink comp="1058" pin=23"/></net>

<net id="1150"><net_src comp="935" pin="1"/><net_sink comp="1058" pin=24"/></net>

<net id="1151"><net_src comp="938" pin="1"/><net_sink comp="1058" pin=25"/></net>

<net id="1152"><net_src comp="941" pin="1"/><net_sink comp="1058" pin=26"/></net>

<net id="1153"><net_src comp="944" pin="1"/><net_sink comp="1058" pin=27"/></net>

<net id="1154"><net_src comp="947" pin="1"/><net_sink comp="1058" pin=28"/></net>

<net id="1155"><net_src comp="950" pin="1"/><net_sink comp="1058" pin=29"/></net>

<net id="1156"><net_src comp="953" pin="1"/><net_sink comp="1058" pin=30"/></net>

<net id="1157"><net_src comp="956" pin="1"/><net_sink comp="1058" pin=31"/></net>

<net id="1158"><net_src comp="959" pin="1"/><net_sink comp="1058" pin=32"/></net>

<net id="1159"><net_src comp="962" pin="1"/><net_sink comp="1058" pin=33"/></net>

<net id="1160"><net_src comp="965" pin="1"/><net_sink comp="1058" pin=34"/></net>

<net id="1161"><net_src comp="968" pin="1"/><net_sink comp="1058" pin=35"/></net>

<net id="1162"><net_src comp="971" pin="1"/><net_sink comp="1058" pin=36"/></net>

<net id="1163"><net_src comp="974" pin="1"/><net_sink comp="1058" pin=37"/></net>

<net id="1164"><net_src comp="977" pin="1"/><net_sink comp="1058" pin=38"/></net>

<net id="1165"><net_src comp="980" pin="1"/><net_sink comp="1058" pin=39"/></net>

<net id="1166"><net_src comp="983" pin="1"/><net_sink comp="1058" pin=40"/></net>

<net id="1167"><net_src comp="986" pin="1"/><net_sink comp="1058" pin=41"/></net>

<net id="1168"><net_src comp="989" pin="1"/><net_sink comp="1058" pin=42"/></net>

<net id="1169"><net_src comp="992" pin="1"/><net_sink comp="1058" pin=43"/></net>

<net id="1170"><net_src comp="995" pin="1"/><net_sink comp="1058" pin=44"/></net>

<net id="1171"><net_src comp="998" pin="1"/><net_sink comp="1058" pin=45"/></net>

<net id="1172"><net_src comp="1001" pin="1"/><net_sink comp="1058" pin=46"/></net>

<net id="1173"><net_src comp="1004" pin="1"/><net_sink comp="1058" pin=47"/></net>

<net id="1174"><net_src comp="1007" pin="1"/><net_sink comp="1058" pin=48"/></net>

<net id="1175"><net_src comp="1010" pin="1"/><net_sink comp="1058" pin=49"/></net>

<net id="1176"><net_src comp="1013" pin="1"/><net_sink comp="1058" pin=50"/></net>

<net id="1177"><net_src comp="1016" pin="1"/><net_sink comp="1058" pin=51"/></net>

<net id="1178"><net_src comp="1019" pin="1"/><net_sink comp="1058" pin=52"/></net>

<net id="1179"><net_src comp="1022" pin="1"/><net_sink comp="1058" pin=53"/></net>

<net id="1180"><net_src comp="1025" pin="1"/><net_sink comp="1058" pin=54"/></net>

<net id="1181"><net_src comp="1028" pin="1"/><net_sink comp="1058" pin=55"/></net>

<net id="1182"><net_src comp="1031" pin="1"/><net_sink comp="1058" pin=56"/></net>

<net id="1183"><net_src comp="1034" pin="1"/><net_sink comp="1058" pin=57"/></net>

<net id="1184"><net_src comp="1037" pin="1"/><net_sink comp="1058" pin=58"/></net>

<net id="1185"><net_src comp="1040" pin="1"/><net_sink comp="1058" pin=59"/></net>

<net id="1186"><net_src comp="1043" pin="1"/><net_sink comp="1058" pin=60"/></net>

<net id="1187"><net_src comp="1046" pin="1"/><net_sink comp="1058" pin=61"/></net>

<net id="1188"><net_src comp="1049" pin="1"/><net_sink comp="1058" pin=62"/></net>

<net id="1189"><net_src comp="1052" pin="1"/><net_sink comp="1058" pin=63"/></net>

<net id="1190"><net_src comp="1055" pin="1"/><net_sink comp="1058" pin=64"/></net>

<net id="1191"><net_src comp="1058" pin="66"/><net_sink comp="513" pin=0"/></net>

<net id="1196"><net_src comp="484" pin="2"/><net_sink comp="1192" pin=0"/></net>

<net id="1201"><net_src comp="484" pin="2"/><net_sink comp="1197" pin=0"/></net>

<net id="1206"><net_src comp="484" pin="2"/><net_sink comp="1202" pin=0"/></net>

<net id="1211"><net_src comp="484" pin="2"/><net_sink comp="1207" pin=0"/></net>

<net id="1216"><net_src comp="484" pin="2"/><net_sink comp="1212" pin=0"/></net>

<net id="1221"><net_src comp="484" pin="2"/><net_sink comp="1217" pin=0"/></net>

<net id="1226"><net_src comp="484" pin="2"/><net_sink comp="1222" pin=0"/></net>

<net id="1231"><net_src comp="484" pin="2"/><net_sink comp="1227" pin=0"/></net>

<net id="1236"><net_src comp="484" pin="2"/><net_sink comp="1232" pin=0"/></net>

<net id="1241"><net_src comp="484" pin="2"/><net_sink comp="1237" pin=0"/></net>

<net id="1246"><net_src comp="484" pin="2"/><net_sink comp="1242" pin=0"/></net>

<net id="1251"><net_src comp="484" pin="2"/><net_sink comp="1247" pin=0"/></net>

<net id="1256"><net_src comp="484" pin="2"/><net_sink comp="1252" pin=0"/></net>

<net id="1261"><net_src comp="484" pin="2"/><net_sink comp="1257" pin=0"/></net>

<net id="1266"><net_src comp="484" pin="2"/><net_sink comp="1262" pin=0"/></net>

<net id="1271"><net_src comp="484" pin="2"/><net_sink comp="1267" pin=0"/></net>

<net id="1276"><net_src comp="484" pin="2"/><net_sink comp="1272" pin=0"/></net>

<net id="1281"><net_src comp="484" pin="2"/><net_sink comp="1277" pin=0"/></net>

<net id="1286"><net_src comp="484" pin="2"/><net_sink comp="1282" pin=0"/></net>

<net id="1291"><net_src comp="484" pin="2"/><net_sink comp="1287" pin=0"/></net>

<net id="1296"><net_src comp="484" pin="2"/><net_sink comp="1292" pin=0"/></net>

<net id="1301"><net_src comp="484" pin="2"/><net_sink comp="1297" pin=0"/></net>

<net id="1306"><net_src comp="484" pin="2"/><net_sink comp="1302" pin=0"/></net>

<net id="1311"><net_src comp="484" pin="2"/><net_sink comp="1307" pin=0"/></net>

<net id="1316"><net_src comp="484" pin="2"/><net_sink comp="1312" pin=0"/></net>

<net id="1321"><net_src comp="484" pin="2"/><net_sink comp="1317" pin=0"/></net>

<net id="1326"><net_src comp="484" pin="2"/><net_sink comp="1322" pin=0"/></net>

<net id="1331"><net_src comp="484" pin="2"/><net_sink comp="1327" pin=0"/></net>

<net id="1336"><net_src comp="484" pin="2"/><net_sink comp="1332" pin=0"/></net>

<net id="1341"><net_src comp="484" pin="2"/><net_sink comp="1337" pin=0"/></net>

<net id="1346"><net_src comp="484" pin="2"/><net_sink comp="1342" pin=0"/></net>

<net id="1351"><net_src comp="484" pin="2"/><net_sink comp="1347" pin=0"/></net>

<net id="1356"><net_src comp="484" pin="2"/><net_sink comp="1352" pin=0"/></net>

<net id="1361"><net_src comp="484" pin="2"/><net_sink comp="1357" pin=0"/></net>

<net id="1366"><net_src comp="484" pin="2"/><net_sink comp="1362" pin=0"/></net>

<net id="1371"><net_src comp="484" pin="2"/><net_sink comp="1367" pin=0"/></net>

<net id="1376"><net_src comp="484" pin="2"/><net_sink comp="1372" pin=0"/></net>

<net id="1381"><net_src comp="484" pin="2"/><net_sink comp="1377" pin=0"/></net>

<net id="1386"><net_src comp="484" pin="2"/><net_sink comp="1382" pin=0"/></net>

<net id="1391"><net_src comp="484" pin="2"/><net_sink comp="1387" pin=0"/></net>

<net id="1396"><net_src comp="484" pin="2"/><net_sink comp="1392" pin=0"/></net>

<net id="1401"><net_src comp="484" pin="2"/><net_sink comp="1397" pin=0"/></net>

<net id="1406"><net_src comp="484" pin="2"/><net_sink comp="1402" pin=0"/></net>

<net id="1411"><net_src comp="484" pin="2"/><net_sink comp="1407" pin=0"/></net>

<net id="1416"><net_src comp="484" pin="2"/><net_sink comp="1412" pin=0"/></net>

<net id="1421"><net_src comp="484" pin="2"/><net_sink comp="1417" pin=0"/></net>

<net id="1426"><net_src comp="484" pin="2"/><net_sink comp="1422" pin=0"/></net>

<net id="1431"><net_src comp="484" pin="2"/><net_sink comp="1427" pin=0"/></net>

<net id="1436"><net_src comp="484" pin="2"/><net_sink comp="1432" pin=0"/></net>

<net id="1441"><net_src comp="484" pin="2"/><net_sink comp="1437" pin=0"/></net>

<net id="1446"><net_src comp="484" pin="2"/><net_sink comp="1442" pin=0"/></net>

<net id="1451"><net_src comp="484" pin="2"/><net_sink comp="1447" pin=0"/></net>

<net id="1456"><net_src comp="484" pin="2"/><net_sink comp="1452" pin=0"/></net>

<net id="1461"><net_src comp="484" pin="2"/><net_sink comp="1457" pin=0"/></net>

<net id="1466"><net_src comp="484" pin="2"/><net_sink comp="1462" pin=0"/></net>

<net id="1471"><net_src comp="484" pin="2"/><net_sink comp="1467" pin=0"/></net>

<net id="1476"><net_src comp="484" pin="2"/><net_sink comp="1472" pin=0"/></net>

<net id="1481"><net_src comp="484" pin="2"/><net_sink comp="1477" pin=0"/></net>

<net id="1486"><net_src comp="484" pin="2"/><net_sink comp="1482" pin=0"/></net>

<net id="1491"><net_src comp="484" pin="2"/><net_sink comp="1487" pin=0"/></net>

<net id="1496"><net_src comp="484" pin="2"/><net_sink comp="1492" pin=0"/></net>

<net id="1501"><net_src comp="484" pin="2"/><net_sink comp="1497" pin=0"/></net>

<net id="1506"><net_src comp="484" pin="2"/><net_sink comp="1502" pin=0"/></net>

<net id="1511"><net_src comp="484" pin="2"/><net_sink comp="1507" pin=0"/></net>

<net id="1515"><net_src comp="6" pin="0"/><net_sink comp="1512" pin=0"/></net>

<net id="1519"><net_src comp="8" pin="0"/><net_sink comp="1516" pin=0"/></net>

<net id="1523"><net_src comp="10" pin="0"/><net_sink comp="1520" pin=0"/></net>

<net id="1527"><net_src comp="12" pin="0"/><net_sink comp="1524" pin=0"/></net>

<net id="1531"><net_src comp="14" pin="0"/><net_sink comp="1528" pin=0"/></net>

<net id="1541"><net_src comp="180" pin="0"/><net_sink comp="1532" pin=0"/></net>

<net id="1542"><net_src comp="1512" pin="1"/><net_sink comp="1532" pin=1"/></net>

<net id="1543"><net_src comp="1516" pin="1"/><net_sink comp="1532" pin=2"/></net>

<net id="1544"><net_src comp="1520" pin="1"/><net_sink comp="1532" pin=3"/></net>

<net id="1545"><net_src comp="1524" pin="1"/><net_sink comp="1532" pin=4"/></net>

<net id="1546"><net_src comp="1528" pin="1"/><net_sink comp="1532" pin=5"/></net>

<net id="1553"><net_src comp="182" pin="0"/><net_sink comp="1547" pin=0"/></net>

<net id="1554"><net_src comp="1532" pin="7"/><net_sink comp="1547" pin=1"/></net>

<net id="1555"><net_src comp="184" pin="0"/><net_sink comp="1547" pin=2"/></net>

<net id="1556"><net_src comp="186" pin="0"/><net_sink comp="1547" pin=3"/></net>

<net id="1560"><net_src comp="1547" pin="4"/><net_sink comp="1557" pin=0"/></net>

<net id="1565"><net_src comp="1532" pin="7"/><net_sink comp="1561" pin=0"/></net>

<net id="1566"><net_src comp="1557" pin="1"/><net_sink comp="1561" pin=1"/></net>

<net id="1571"><net_src comp="1561" pin="2"/><net_sink comp="1567" pin=0"/></net>

<net id="1580"><net_src comp="513" pin="130"/><net_sink comp="1575" pin=0"/></net>

<net id="1581"><net_src comp="504" pin="3"/><net_sink comp="1575" pin=1"/></net>

<net id="1582"><net_src comp="188" pin="0"/><net_sink comp="1575" pin=2"/></net>

<net id="1588"><net_src comp="190" pin="0"/><net_sink comp="1583" pin=0"/></net>

<net id="1589"><net_src comp="1575" pin="3"/><net_sink comp="1583" pin=1"/></net>

<net id="1590"><net_src comp="192" pin="0"/><net_sink comp="1583" pin=2"/></net>

<net id="1594"><net_src comp="1583" pin="3"/><net_sink comp="1591" pin=0"/></net>

<net id="1599"><net_src comp="1591" pin="1"/><net_sink comp="1595" pin=0"/></net>

<net id="1600"><net_src comp="1572" pin="1"/><net_sink comp="1595" pin=1"/></net>

<net id="1605"><net_src comp="1595" pin="2"/><net_sink comp="1601" pin=0"/></net>

<net id="1606"><net_src comp="194" pin="0"/><net_sink comp="1601" pin=1"/></net>

<net id="1611"><net_src comp="1595" pin="2"/><net_sink comp="1607" pin=0"/></net>

<net id="1612"><net_src comp="12" pin="0"/><net_sink comp="1607" pin=1"/></net>

<net id="1617"><net_src comp="1595" pin="2"/><net_sink comp="1613" pin=0"/></net>

<net id="1618"><net_src comp="10" pin="0"/><net_sink comp="1613" pin=1"/></net>

<net id="1623"><net_src comp="1595" pin="2"/><net_sink comp="1619" pin=0"/></net>

<net id="1624"><net_src comp="8" pin="0"/><net_sink comp="1619" pin=1"/></net>

<net id="1629"><net_src comp="1595" pin="2"/><net_sink comp="1625" pin=0"/></net>

<net id="1630"><net_src comp="6" pin="0"/><net_sink comp="1625" pin=1"/></net>

<net id="1635"><net_src comp="1595" pin="2"/><net_sink comp="1631" pin=0"/></net>

<net id="1636"><net_src comp="14" pin="0"/><net_sink comp="1631" pin=1"/></net>

<net id="1641"><net_src comp="194" pin="0"/><net_sink comp="1637" pin=0"/></net>

<net id="1642"><net_src comp="12" pin="0"/><net_sink comp="1637" pin=1"/></net>

<net id="1647"><net_src comp="194" pin="0"/><net_sink comp="1643" pin=0"/></net>

<net id="1648"><net_src comp="10" pin="0"/><net_sink comp="1643" pin=1"/></net>

<net id="1653"><net_src comp="194" pin="0"/><net_sink comp="1649" pin=0"/></net>

<net id="1654"><net_src comp="8" pin="0"/><net_sink comp="1649" pin=1"/></net>

<net id="1659"><net_src comp="194" pin="0"/><net_sink comp="1655" pin=0"/></net>

<net id="1660"><net_src comp="6" pin="0"/><net_sink comp="1655" pin=1"/></net>

<net id="1665"><net_src comp="194" pin="0"/><net_sink comp="1661" pin=0"/></net>

<net id="1666"><net_src comp="14" pin="0"/><net_sink comp="1661" pin=1"/></net>

<net id="1671"><net_src comp="1595" pin="2"/><net_sink comp="1667" pin=0"/></net>

<net id="1675"><net_src comp="208" pin="1"/><net_sink comp="1672" pin=0"/></net>

<net id="1676"><net_src comp="1672" pin="1"/><net_sink comp="736" pin=1"/></net>

<net id="1677"><net_src comp="1672" pin="1"/><net_sink comp="741" pin=0"/></net>

<net id="1678"><net_src comp="1672" pin="1"/><net_sink comp="813" pin=1"/></net>

<net id="1679"><net_src comp="1672" pin="1"/><net_sink comp="856" pin=1"/></net>

<net id="1683"><net_src comp="212" pin="1"/><net_sink comp="1680" pin=0"/></net>

<net id="1684"><net_src comp="1680" pin="1"/><net_sink comp="731" pin=1"/></net>

<net id="1685"><net_src comp="1680" pin="1"/><net_sink comp="782" pin=0"/></net>

<net id="1686"><net_src comp="1680" pin="1"/><net_sink comp="808" pin=1"/></net>

<net id="1687"><net_src comp="1680" pin="1"/><net_sink comp="851" pin=1"/></net>

<net id="1691"><net_src comp="216" pin="1"/><net_sink comp="1688" pin=0"/></net>

<net id="1692"><net_src comp="1688" pin="1"/><net_sink comp="726" pin=1"/></net>

<net id="1693"><net_src comp="1688" pin="1"/><net_sink comp="744" pin=0"/></net>

<net id="1694"><net_src comp="1688" pin="1"/><net_sink comp="861" pin=1"/></net>

<net id="1698"><net_src comp="220" pin="1"/><net_sink comp="1695" pin=0"/></net>

<net id="1699"><net_src comp="1695" pin="1"/><net_sink comp="866" pin=0"/></net>

<net id="1700"><net_src comp="1695" pin="1"/><net_sink comp="1502" pin=1"/></net>

<net id="1704"><net_src comp="224" pin="1"/><net_sink comp="1701" pin=0"/></net>

<net id="1705"><net_src comp="1701" pin="1"/><net_sink comp="869" pin=0"/></net>

<net id="1706"><net_src comp="1701" pin="1"/><net_sink comp="1497" pin=1"/></net>

<net id="1710"><net_src comp="228" pin="1"/><net_sink comp="1707" pin=0"/></net>

<net id="1711"><net_src comp="1707" pin="1"/><net_sink comp="872" pin=0"/></net>

<net id="1712"><net_src comp="1707" pin="1"/><net_sink comp="1492" pin=1"/></net>

<net id="1716"><net_src comp="232" pin="1"/><net_sink comp="1713" pin=0"/></net>

<net id="1717"><net_src comp="1713" pin="1"/><net_sink comp="875" pin=0"/></net>

<net id="1718"><net_src comp="1713" pin="1"/><net_sink comp="1487" pin=1"/></net>

<net id="1722"><net_src comp="236" pin="1"/><net_sink comp="1719" pin=0"/></net>

<net id="1723"><net_src comp="1719" pin="1"/><net_sink comp="878" pin=0"/></net>

<net id="1724"><net_src comp="1719" pin="1"/><net_sink comp="1482" pin=1"/></net>

<net id="1728"><net_src comp="240" pin="1"/><net_sink comp="1725" pin=0"/></net>

<net id="1729"><net_src comp="1725" pin="1"/><net_sink comp="881" pin=0"/></net>

<net id="1730"><net_src comp="1725" pin="1"/><net_sink comp="1477" pin=1"/></net>

<net id="1734"><net_src comp="244" pin="1"/><net_sink comp="1731" pin=0"/></net>

<net id="1735"><net_src comp="1731" pin="1"/><net_sink comp="884" pin=0"/></net>

<net id="1736"><net_src comp="1731" pin="1"/><net_sink comp="1472" pin=1"/></net>

<net id="1740"><net_src comp="248" pin="1"/><net_sink comp="1737" pin=0"/></net>

<net id="1741"><net_src comp="1737" pin="1"/><net_sink comp="887" pin=0"/></net>

<net id="1742"><net_src comp="1737" pin="1"/><net_sink comp="1467" pin=1"/></net>

<net id="1746"><net_src comp="252" pin="1"/><net_sink comp="1743" pin=0"/></net>

<net id="1747"><net_src comp="1743" pin="1"/><net_sink comp="890" pin=0"/></net>

<net id="1748"><net_src comp="1743" pin="1"/><net_sink comp="1462" pin=1"/></net>

<net id="1752"><net_src comp="256" pin="1"/><net_sink comp="1749" pin=0"/></net>

<net id="1753"><net_src comp="1749" pin="1"/><net_sink comp="893" pin=0"/></net>

<net id="1754"><net_src comp="1749" pin="1"/><net_sink comp="1457" pin=1"/></net>

<net id="1758"><net_src comp="260" pin="1"/><net_sink comp="1755" pin=0"/></net>

<net id="1759"><net_src comp="1755" pin="1"/><net_sink comp="896" pin=0"/></net>

<net id="1760"><net_src comp="1755" pin="1"/><net_sink comp="1452" pin=1"/></net>

<net id="1764"><net_src comp="264" pin="1"/><net_sink comp="1761" pin=0"/></net>

<net id="1765"><net_src comp="1761" pin="1"/><net_sink comp="899" pin=0"/></net>

<net id="1766"><net_src comp="1761" pin="1"/><net_sink comp="1447" pin=1"/></net>

<net id="1770"><net_src comp="268" pin="1"/><net_sink comp="1767" pin=0"/></net>

<net id="1771"><net_src comp="1767" pin="1"/><net_sink comp="902" pin=0"/></net>

<net id="1772"><net_src comp="1767" pin="1"/><net_sink comp="1442" pin=1"/></net>

<net id="1776"><net_src comp="272" pin="1"/><net_sink comp="1773" pin=0"/></net>

<net id="1777"><net_src comp="1773" pin="1"/><net_sink comp="905" pin=0"/></net>

<net id="1778"><net_src comp="1773" pin="1"/><net_sink comp="1437" pin=1"/></net>

<net id="1782"><net_src comp="276" pin="1"/><net_sink comp="1779" pin=0"/></net>

<net id="1783"><net_src comp="1779" pin="1"/><net_sink comp="908" pin=0"/></net>

<net id="1784"><net_src comp="1779" pin="1"/><net_sink comp="1432" pin=1"/></net>

<net id="1788"><net_src comp="280" pin="1"/><net_sink comp="1785" pin=0"/></net>

<net id="1789"><net_src comp="1785" pin="1"/><net_sink comp="911" pin=0"/></net>

<net id="1790"><net_src comp="1785" pin="1"/><net_sink comp="1427" pin=1"/></net>

<net id="1794"><net_src comp="284" pin="1"/><net_sink comp="1791" pin=0"/></net>

<net id="1795"><net_src comp="1791" pin="1"/><net_sink comp="914" pin=0"/></net>

<net id="1796"><net_src comp="1791" pin="1"/><net_sink comp="1422" pin=1"/></net>

<net id="1800"><net_src comp="288" pin="1"/><net_sink comp="1797" pin=0"/></net>

<net id="1801"><net_src comp="1797" pin="1"/><net_sink comp="917" pin=0"/></net>

<net id="1802"><net_src comp="1797" pin="1"/><net_sink comp="1417" pin=1"/></net>

<net id="1806"><net_src comp="292" pin="1"/><net_sink comp="1803" pin=0"/></net>

<net id="1807"><net_src comp="1803" pin="1"/><net_sink comp="920" pin=0"/></net>

<net id="1808"><net_src comp="1803" pin="1"/><net_sink comp="1412" pin=1"/></net>

<net id="1812"><net_src comp="296" pin="1"/><net_sink comp="1809" pin=0"/></net>

<net id="1813"><net_src comp="1809" pin="1"/><net_sink comp="923" pin=0"/></net>

<net id="1814"><net_src comp="1809" pin="1"/><net_sink comp="1407" pin=1"/></net>

<net id="1818"><net_src comp="300" pin="1"/><net_sink comp="1815" pin=0"/></net>

<net id="1819"><net_src comp="1815" pin="1"/><net_sink comp="926" pin=0"/></net>

<net id="1820"><net_src comp="1815" pin="1"/><net_sink comp="1402" pin=1"/></net>

<net id="1824"><net_src comp="304" pin="1"/><net_sink comp="1821" pin=0"/></net>

<net id="1825"><net_src comp="1821" pin="1"/><net_sink comp="929" pin=0"/></net>

<net id="1826"><net_src comp="1821" pin="1"/><net_sink comp="1397" pin=1"/></net>

<net id="1830"><net_src comp="308" pin="1"/><net_sink comp="1827" pin=0"/></net>

<net id="1831"><net_src comp="1827" pin="1"/><net_sink comp="932" pin=0"/></net>

<net id="1832"><net_src comp="1827" pin="1"/><net_sink comp="1392" pin=1"/></net>

<net id="1836"><net_src comp="312" pin="1"/><net_sink comp="1833" pin=0"/></net>

<net id="1837"><net_src comp="1833" pin="1"/><net_sink comp="935" pin=0"/></net>

<net id="1838"><net_src comp="1833" pin="1"/><net_sink comp="1387" pin=1"/></net>

<net id="1842"><net_src comp="316" pin="1"/><net_sink comp="1839" pin=0"/></net>

<net id="1843"><net_src comp="1839" pin="1"/><net_sink comp="938" pin=0"/></net>

<net id="1844"><net_src comp="1839" pin="1"/><net_sink comp="1382" pin=1"/></net>

<net id="1848"><net_src comp="320" pin="1"/><net_sink comp="1845" pin=0"/></net>

<net id="1849"><net_src comp="1845" pin="1"/><net_sink comp="941" pin=0"/></net>

<net id="1850"><net_src comp="1845" pin="1"/><net_sink comp="1377" pin=1"/></net>

<net id="1854"><net_src comp="324" pin="1"/><net_sink comp="1851" pin=0"/></net>

<net id="1855"><net_src comp="1851" pin="1"/><net_sink comp="944" pin=0"/></net>

<net id="1856"><net_src comp="1851" pin="1"/><net_sink comp="1372" pin=1"/></net>

<net id="1860"><net_src comp="328" pin="1"/><net_sink comp="1857" pin=0"/></net>

<net id="1861"><net_src comp="1857" pin="1"/><net_sink comp="947" pin=0"/></net>

<net id="1862"><net_src comp="1857" pin="1"/><net_sink comp="1367" pin=1"/></net>

<net id="1866"><net_src comp="332" pin="1"/><net_sink comp="1863" pin=0"/></net>

<net id="1867"><net_src comp="1863" pin="1"/><net_sink comp="950" pin=0"/></net>

<net id="1868"><net_src comp="1863" pin="1"/><net_sink comp="1362" pin=1"/></net>

<net id="1872"><net_src comp="336" pin="1"/><net_sink comp="1869" pin=0"/></net>

<net id="1873"><net_src comp="1869" pin="1"/><net_sink comp="953" pin=0"/></net>

<net id="1874"><net_src comp="1869" pin="1"/><net_sink comp="1357" pin=1"/></net>

<net id="1878"><net_src comp="340" pin="1"/><net_sink comp="1875" pin=0"/></net>

<net id="1879"><net_src comp="1875" pin="1"/><net_sink comp="956" pin=0"/></net>

<net id="1880"><net_src comp="1875" pin="1"/><net_sink comp="1352" pin=1"/></net>

<net id="1884"><net_src comp="344" pin="1"/><net_sink comp="1881" pin=0"/></net>

<net id="1885"><net_src comp="1881" pin="1"/><net_sink comp="959" pin=0"/></net>

<net id="1886"><net_src comp="1881" pin="1"/><net_sink comp="1347" pin=1"/></net>

<net id="1890"><net_src comp="348" pin="1"/><net_sink comp="1887" pin=0"/></net>

<net id="1891"><net_src comp="1887" pin="1"/><net_sink comp="962" pin=0"/></net>

<net id="1892"><net_src comp="1887" pin="1"/><net_sink comp="1342" pin=1"/></net>

<net id="1896"><net_src comp="352" pin="1"/><net_sink comp="1893" pin=0"/></net>

<net id="1897"><net_src comp="1893" pin="1"/><net_sink comp="965" pin=0"/></net>

<net id="1898"><net_src comp="1893" pin="1"/><net_sink comp="1337" pin=1"/></net>

<net id="1902"><net_src comp="356" pin="1"/><net_sink comp="1899" pin=0"/></net>

<net id="1903"><net_src comp="1899" pin="1"/><net_sink comp="968" pin=0"/></net>

<net id="1904"><net_src comp="1899" pin="1"/><net_sink comp="1332" pin=1"/></net>

<net id="1908"><net_src comp="360" pin="1"/><net_sink comp="1905" pin=0"/></net>

<net id="1909"><net_src comp="1905" pin="1"/><net_sink comp="971" pin=0"/></net>

<net id="1910"><net_src comp="1905" pin="1"/><net_sink comp="1327" pin=1"/></net>

<net id="1914"><net_src comp="364" pin="1"/><net_sink comp="1911" pin=0"/></net>

<net id="1915"><net_src comp="1911" pin="1"/><net_sink comp="974" pin=0"/></net>

<net id="1916"><net_src comp="1911" pin="1"/><net_sink comp="1322" pin=1"/></net>

<net id="1920"><net_src comp="368" pin="1"/><net_sink comp="1917" pin=0"/></net>

<net id="1921"><net_src comp="1917" pin="1"/><net_sink comp="977" pin=0"/></net>

<net id="1922"><net_src comp="1917" pin="1"/><net_sink comp="1317" pin=1"/></net>

<net id="1926"><net_src comp="372" pin="1"/><net_sink comp="1923" pin=0"/></net>

<net id="1927"><net_src comp="1923" pin="1"/><net_sink comp="980" pin=0"/></net>

<net id="1928"><net_src comp="1923" pin="1"/><net_sink comp="1312" pin=1"/></net>

<net id="1932"><net_src comp="376" pin="1"/><net_sink comp="1929" pin=0"/></net>

<net id="1933"><net_src comp="1929" pin="1"/><net_sink comp="983" pin=0"/></net>

<net id="1934"><net_src comp="1929" pin="1"/><net_sink comp="1307" pin=1"/></net>

<net id="1938"><net_src comp="380" pin="1"/><net_sink comp="1935" pin=0"/></net>

<net id="1939"><net_src comp="1935" pin="1"/><net_sink comp="986" pin=0"/></net>

<net id="1940"><net_src comp="1935" pin="1"/><net_sink comp="1302" pin=1"/></net>

<net id="1944"><net_src comp="384" pin="1"/><net_sink comp="1941" pin=0"/></net>

<net id="1945"><net_src comp="1941" pin="1"/><net_sink comp="989" pin=0"/></net>

<net id="1946"><net_src comp="1941" pin="1"/><net_sink comp="1297" pin=1"/></net>

<net id="1950"><net_src comp="388" pin="1"/><net_sink comp="1947" pin=0"/></net>

<net id="1951"><net_src comp="1947" pin="1"/><net_sink comp="992" pin=0"/></net>

<net id="1952"><net_src comp="1947" pin="1"/><net_sink comp="1292" pin=1"/></net>

<net id="1956"><net_src comp="392" pin="1"/><net_sink comp="1953" pin=0"/></net>

<net id="1957"><net_src comp="1953" pin="1"/><net_sink comp="995" pin=0"/></net>

<net id="1958"><net_src comp="1953" pin="1"/><net_sink comp="1287" pin=1"/></net>

<net id="1962"><net_src comp="396" pin="1"/><net_sink comp="1959" pin=0"/></net>

<net id="1963"><net_src comp="1959" pin="1"/><net_sink comp="998" pin=0"/></net>

<net id="1964"><net_src comp="1959" pin="1"/><net_sink comp="1282" pin=1"/></net>

<net id="1968"><net_src comp="400" pin="1"/><net_sink comp="1965" pin=0"/></net>

<net id="1969"><net_src comp="1965" pin="1"/><net_sink comp="1001" pin=0"/></net>

<net id="1970"><net_src comp="1965" pin="1"/><net_sink comp="1277" pin=1"/></net>

<net id="1974"><net_src comp="404" pin="1"/><net_sink comp="1971" pin=0"/></net>

<net id="1975"><net_src comp="1971" pin="1"/><net_sink comp="1004" pin=0"/></net>

<net id="1976"><net_src comp="1971" pin="1"/><net_sink comp="1272" pin=1"/></net>

<net id="1980"><net_src comp="408" pin="1"/><net_sink comp="1977" pin=0"/></net>

<net id="1981"><net_src comp="1977" pin="1"/><net_sink comp="1007" pin=0"/></net>

<net id="1982"><net_src comp="1977" pin="1"/><net_sink comp="1267" pin=1"/></net>

<net id="1986"><net_src comp="412" pin="1"/><net_sink comp="1983" pin=0"/></net>

<net id="1987"><net_src comp="1983" pin="1"/><net_sink comp="1010" pin=0"/></net>

<net id="1988"><net_src comp="1983" pin="1"/><net_sink comp="1262" pin=1"/></net>

<net id="1992"><net_src comp="416" pin="1"/><net_sink comp="1989" pin=0"/></net>

<net id="1993"><net_src comp="1989" pin="1"/><net_sink comp="1013" pin=0"/></net>

<net id="1994"><net_src comp="1989" pin="1"/><net_sink comp="1257" pin=1"/></net>

<net id="1998"><net_src comp="420" pin="1"/><net_sink comp="1995" pin=0"/></net>

<net id="1999"><net_src comp="1995" pin="1"/><net_sink comp="1016" pin=0"/></net>

<net id="2000"><net_src comp="1995" pin="1"/><net_sink comp="1252" pin=1"/></net>

<net id="2004"><net_src comp="424" pin="1"/><net_sink comp="2001" pin=0"/></net>

<net id="2005"><net_src comp="2001" pin="1"/><net_sink comp="1019" pin=0"/></net>

<net id="2006"><net_src comp="2001" pin="1"/><net_sink comp="1247" pin=1"/></net>

<net id="2010"><net_src comp="428" pin="1"/><net_sink comp="2007" pin=0"/></net>

<net id="2011"><net_src comp="2007" pin="1"/><net_sink comp="1022" pin=0"/></net>

<net id="2012"><net_src comp="2007" pin="1"/><net_sink comp="1242" pin=1"/></net>

<net id="2016"><net_src comp="432" pin="1"/><net_sink comp="2013" pin=0"/></net>

<net id="2017"><net_src comp="2013" pin="1"/><net_sink comp="1025" pin=0"/></net>

<net id="2018"><net_src comp="2013" pin="1"/><net_sink comp="1237" pin=1"/></net>

<net id="2022"><net_src comp="436" pin="1"/><net_sink comp="2019" pin=0"/></net>

<net id="2023"><net_src comp="2019" pin="1"/><net_sink comp="1028" pin=0"/></net>

<net id="2024"><net_src comp="2019" pin="1"/><net_sink comp="1232" pin=1"/></net>

<net id="2028"><net_src comp="440" pin="1"/><net_sink comp="2025" pin=0"/></net>

<net id="2029"><net_src comp="2025" pin="1"/><net_sink comp="1031" pin=0"/></net>

<net id="2030"><net_src comp="2025" pin="1"/><net_sink comp="1227" pin=1"/></net>

<net id="2034"><net_src comp="444" pin="1"/><net_sink comp="2031" pin=0"/></net>

<net id="2035"><net_src comp="2031" pin="1"/><net_sink comp="1034" pin=0"/></net>

<net id="2036"><net_src comp="2031" pin="1"/><net_sink comp="1222" pin=1"/></net>

<net id="2040"><net_src comp="448" pin="1"/><net_sink comp="2037" pin=0"/></net>

<net id="2041"><net_src comp="2037" pin="1"/><net_sink comp="1037" pin=0"/></net>

<net id="2042"><net_src comp="2037" pin="1"/><net_sink comp="1217" pin=1"/></net>

<net id="2046"><net_src comp="452" pin="1"/><net_sink comp="2043" pin=0"/></net>

<net id="2047"><net_src comp="2043" pin="1"/><net_sink comp="1040" pin=0"/></net>

<net id="2048"><net_src comp="2043" pin="1"/><net_sink comp="1212" pin=1"/></net>

<net id="2052"><net_src comp="456" pin="1"/><net_sink comp="2049" pin=0"/></net>

<net id="2053"><net_src comp="2049" pin="1"/><net_sink comp="1043" pin=0"/></net>

<net id="2054"><net_src comp="2049" pin="1"/><net_sink comp="1207" pin=1"/></net>

<net id="2058"><net_src comp="460" pin="1"/><net_sink comp="2055" pin=0"/></net>

<net id="2059"><net_src comp="2055" pin="1"/><net_sink comp="1046" pin=0"/></net>

<net id="2060"><net_src comp="2055" pin="1"/><net_sink comp="1202" pin=1"/></net>

<net id="2064"><net_src comp="464" pin="1"/><net_sink comp="2061" pin=0"/></net>

<net id="2065"><net_src comp="2061" pin="1"/><net_sink comp="1049" pin=0"/></net>

<net id="2066"><net_src comp="2061" pin="1"/><net_sink comp="1197" pin=1"/></net>

<net id="2070"><net_src comp="468" pin="1"/><net_sink comp="2067" pin=0"/></net>

<net id="2071"><net_src comp="2067" pin="1"/><net_sink comp="1052" pin=0"/></net>

<net id="2072"><net_src comp="2067" pin="1"/><net_sink comp="1192" pin=1"/></net>

<net id="2076"><net_src comp="472" pin="1"/><net_sink comp="2073" pin=0"/></net>

<net id="2077"><net_src comp="2073" pin="1"/><net_sink comp="1055" pin=0"/></net>

<net id="2078"><net_src comp="2073" pin="1"/><net_sink comp="1507" pin=1"/></net>

<net id="2082"><net_src comp="476" pin="1"/><net_sink comp="2079" pin=0"/></net>

<net id="2083"><net_src comp="2079" pin="1"/><net_sink comp="721" pin=1"/></net>

<net id="2084"><net_src comp="2079" pin="1"/><net_sink comp="747" pin=0"/></net>

<net id="2085"><net_src comp="2079" pin="1"/><net_sink comp="846" pin=1"/></net>

<net id="2089"><net_src comp="480" pin="1"/><net_sink comp="2086" pin=0"/></net>

<net id="2090"><net_src comp="2086" pin="1"/><net_sink comp="1567" pin=1"/></net>

<net id="2091"><net_src comp="2086" pin="1"/><net_sink comp="1572" pin=0"/></net>

<net id="2092"><net_src comp="2086" pin="1"/><net_sink comp="1667" pin=1"/></net>

<net id="2096"><net_src comp="750" pin="2"/><net_sink comp="2093" pin=0"/></net>

<net id="2100"><net_src comp="762" pin="1"/><net_sink comp="2097" pin=0"/></net>

<net id="2101"><net_src comp="2097" pin="1"/><net_sink comp="1058" pin=65"/></net>

<net id="2105"><net_src comp="766" pin="1"/><net_sink comp="2102" pin=0"/></net>

<net id="2106"><net_src comp="2102" pin="1"/><net_sink comp="1532" pin=6"/></net>

<net id="2110"><net_src comp="770" pin="2"/><net_sink comp="2107" pin=0"/></net>

<net id="2114"><net_src comp="776" pin="2"/><net_sink comp="2111" pin=0"/></net>

<net id="2118"><net_src comp="497" pin="3"/><net_sink comp="2115" pin=0"/></net>

<net id="2119"><net_src comp="2115" pin="1"/><net_sink comp="504" pin=0"/></net>

<net id="2123"><net_src comp="802" pin="2"/><net_sink comp="2120" pin=0"/></net>

</net_list>

</model> 
---------------- Datapath Model END ------------------

* FSMD analyzer results:
  - Output states:
	Port: out_stream | {3 }
	Port: void_Matrix_Vector_Activate_Batch_stream_stream_FixedPointWeightsSp_const_Thr_4 | {3 }
	Port: void_Matrix_Vector_Activate_Batch_stream_stream_FixedPointWeightsSp_const_Thr_3 | {3 }
	Port: void_Matrix_Vector_Activate_Batch_stream_stream_FixedPointWeightsSp_const_Thr_2 | {3 }
	Port: void_Matrix_Vector_Activate_Batch_stream_stream_FixedPointWeightsSp_const_Thr_1 | {3 }
	Port: void_Matrix_Vector_Activate_Batch_stream_stream_FixedPointWeightsSp_const_Thr | {3 }
 - Input state : 
	Port: fc2full_top_Pipeline_VITIS_LOOP_131_1 : in_stream | {3 }
	Port: fc2full_top_Pipeline_VITIS_LOOP_131_1 : fc2_weights_0 | {2 3 }
	Port: fc2full_top_Pipeline_VITIS_LOOP_131_1 : void_Matrix_Vector_Activate_Batch_stream_stream_FixedPointWeightsSp_const_Thr_4 | {3 }
	Port: fc2full_top_Pipeline_VITIS_LOOP_131_1 : void_Matrix_Vector_Activate_Batch_stream_stream_FixedPointWeightsSp_const_Thr_3 | {3 }
	Port: fc2full_top_Pipeline_VITIS_LOOP_131_1 : void_Matrix_Vector_Activate_Batch_stream_stream_FixedPointWeightsSp_const_Thr_2 | {3 }
	Port: fc2full_top_Pipeline_VITIS_LOOP_131_1 : void_Matrix_Vector_Activate_Batch_stream_stream_FixedPointWeightsSp_const_Thr_1 | {3 }
	Port: fc2full_top_Pipeline_VITIS_LOOP_131_1 : void_Matrix_Vector_Activate_Batch_stream_stream_FixedPointWeightsSp_const_Thr | {3 }
  - Chain level:
	State 1
		store_ln0 : 1
		store_ln0 : 1
		store_ln0 : 1
		store_ln0 : 1
	State 2
		icmp_ln131 : 1
		i_2 : 1
		br_ln131 : 2
		trunc_ln123 : 1
		trunc_ln123_1 : 1
		icmp_ln134 : 1
		br_ln134 : 2
		icmp_ln149 : 1
		br_ln149 : 2
		idxprom4_i_i : 1
		fc2_weights_0_addr : 2
		value : 3
		tile_1 : 1
		sf_3 : 1
		icmp_ln172 : 2
		br_ln172 : 3
		store_ln172 : 2
		store_ln172 : 2
		nf_4 : 1
		icmp_ln192 : 2
		nf_5 : 3
		tile_2 : 3
		store_ln196 : 4
		store_ln196 : 4
		store_ln131 : 2
	State 3
		inElem_1 : 1
		inElem : 2
		temp : 1
		trunc_ln2 : 2
		sext_ln155 : 3
		temp_1 : 4
		store_ln159 : 5
		temp_3 : 3
		tmp_1 : 4
		sext_ln165 : 5
		add_ln165 : 6
		icmp_ln179 : 7
		br_ln179 : 8
		store_ln184 : 7
		store_ln184 : 7
		store_ln184 : 7
		store_ln184 : 7
		store_ln184 : 7
		outElem : 1
		write_ln187 : 2
		store_ln131 : 7


============================================================
+ Verbose Summary: Datapath Resource usage 
============================================================

* Functional unit list:
|----------|--------------------------|---------|---------|
| Operation|      Functional Unit     |    FF   |   LUT   |
|----------|--------------------------|---------|---------|
|    mux   |     inElem_1_fu_1058     |    0    |   273   |
|          |       temp_fu_1532       |    0    |    26   |
|----------|--------------------------|---------|---------|
|          |     icmp_ln131_fu_750    |    0    |    16   |
|          |     icmp_ln134_fu_770    |    0    |    39   |
|   icmp   |     icmp_ln149_fu_776    |    0    |    39   |
|          |     icmp_ln172_fu_802    |    0    |    39   |
|          |     icmp_ln192_fu_824    |    0    |    39   |
|          |    icmp_ln179_fu_1601    |    0    |    23   |
|----------|--------------------------|---------|---------|
|          |        i_2_fu_756        |    0    |    16   |
|          |       tile_1_fu_790      |    0    |    39   |
|    add   |        sf_3_fu_796       |    0    |    39   |
|          |        nf_4_fu_818       |    0    |    39   |
|          |     add_ln165_fu_1595    |    0    |    23   |
|----------|--------------------------|---------|---------|
|          |        nf_5_fu_830       |    0    |    32   |
|  select  |       tile_2_fu_838      |    0    |    32   |
|          |      temp_3_fu_1575      |    0    |    3    |
|----------|--------------------------|---------|---------|
|    sub   |      temp_1_fu_1561      |    0    |    23   |
|----------|--------------------------|---------|---------|
|   read   |  inputBuf_65_read_fu_484 |    0    |    0    |
|----------|--------------------------|---------|---------|
|   write  | write_ln187_write_fu_490 |    0    |    0    |
|----------|--------------------------|---------|---------|
|   trunc  |    trunc_ln123_fu_762    |    0    |    0    |
|          |   trunc_ln123_1_fu_766   |    0    |    0    |
|----------|--------------------------|---------|---------|
|   zext   |    idxprom4_i_i_fu_785   |    0    |    0    |
|----------|--------------------------|---------|---------|
|partselect|     trunc_ln2_fu_1547    |    0    |    0    |
|----------|--------------------------|---------|---------|
|   sext   |    sext_ln155_fu_1557    |    0    |    0    |
|          |    sext_ln165_fu_1591    |    0    |    0    |
|----------|--------------------------|---------|---------|
|bitconcatenate|       tmp_1_fu_1583      |    0    |    0    |
|----------|--------------------------|---------|---------|
|   Total  |                          |    0    |   740   |
|----------|--------------------------|---------|---------|

Memories:
N/A

* Register list:
+---------------------------+--------+
|                           |   FF   |
+---------------------------+--------+
|   conv_i2_i13_i_reg_2086  |   16   |
|fc2_weights_0_addr_reg_2115|    9   |
|        i_1_reg_1688       |    9   |
|    icmp_ln131_reg_2093    |    1   |
|    icmp_ln134_reg_2107    |    1   |
|    icmp_ln149_reg_2111    |    1   |
|    icmp_ln172_reg_2120    |    1   |
|       inElem_reg_510      |    1   |
|    inputBuf_10_reg_1755   |    1   |
|    inputBuf_11_reg_1761   |    1   |
|    inputBuf_12_reg_1767   |    1   |
|    inputBuf_13_reg_1773   |    1   |
|    inputBuf_14_reg_1779   |    1   |
|    inputBuf_15_reg_1785   |    1   |
|    inputBuf_16_reg_1791   |    1   |
|    inputBuf_17_reg_1797   |    1   |
|    inputBuf_18_reg_1803   |    1   |
|    inputBuf_19_reg_1809   |    1   |
|    inputBuf_1_reg_1701    |    1   |
|    inputBuf_20_reg_1815   |    1   |
|    inputBuf_21_reg_1821   |    1   |
|    inputBuf_22_reg_1827   |    1   |
|    inputBuf_23_reg_1833   |    1   |
|    inputBuf_24_reg_1839   |    1   |
|    inputBuf_25_reg_1845   |    1   |
|    inputBuf_26_reg_1851   |    1   |
|    inputBuf_27_reg_1857   |    1   |
|    inputBuf_28_reg_1863   |    1   |
|    inputBuf_29_reg_1869   |    1   |
|    inputBuf_2_reg_1707    |    1   |
|    inputBuf_30_reg_1875   |    1   |
|    inputBuf_31_reg_1881   |    1   |
|    inputBuf_32_reg_1887   |    1   |
|    inputBuf_33_reg_1893   |    1   |
|    inputBuf_34_reg_1899   |    1   |
|    inputBuf_35_reg_1905   |    1   |
|    inputBuf_36_reg_1911   |    1   |
|    inputBuf_37_reg_1917   |    1   |
|    inputBuf_38_reg_1923   |    1   |
|    inputBuf_39_reg_1929   |    1   |
|    inputBuf_3_reg_1713    |    1   |
|    inputBuf_40_reg_1935   |    1   |
|    inputBuf_41_reg_1941   |    1   |
|    inputBuf_42_reg_1947   |    1   |
|    inputBuf_43_reg_1953   |    1   |
|    inputBuf_44_reg_1959   |    1   |
|    inputBuf_45_reg_1965   |    1   |
|    inputBuf_46_reg_1971   |    1   |
|    inputBuf_47_reg_1977   |    1   |
|    inputBuf_48_reg_1983   |    1   |
|    inputBuf_49_reg_1989   |    1   |
|    inputBuf_4_reg_1719    |    1   |
|    inputBuf_50_reg_1995   |    1   |
|    inputBuf_51_reg_2001   |    1   |
|    inputBuf_52_reg_2007   |    1   |
|    inputBuf_53_reg_2013   |    1   |
|    inputBuf_54_reg_2019   |    1   |
|    inputBuf_55_reg_2025   |    1   |
|    inputBuf_56_reg_2031   |    1   |
|    inputBuf_57_reg_2037   |    1   |
|    inputBuf_58_reg_2043   |    1   |
|    inputBuf_59_reg_2049   |    1   |
|    inputBuf_5_reg_1725    |    1   |
|    inputBuf_60_reg_2055   |    1   |
|    inputBuf_61_reg_2061   |    1   |
|    inputBuf_62_reg_2067   |    1   |
|    inputBuf_63_reg_2073   |    1   |
|    inputBuf_6_reg_1731    |    1   |
|    inputBuf_7_reg_1737    |    1   |
|    inputBuf_8_reg_1743    |    1   |
|    inputBuf_9_reg_1749    |    1   |
|     inputBuf_reg_1695     |    1   |
|        nf_reg_2079        |   32   |
|      outElem_reg_709      |    1   |
|        sf_reg_1672        |   32   |
|       tile_reg_1680       |   32   |
|   trunc_ln123_1_reg_2102  |    3   |
|    trunc_ln123_reg_2097   |    6   |
+---------------------------+--------+
|           Total           |   209  |
+---------------------------+--------+

* Multiplexer (MUX) list: 
|-------------------|------|------|------|--------||---------||---------|
|        Comp       |  Pin | Size |  BW  | S x BW ||  Delay  ||   LUT   |
|-------------------|------|------|------|--------||---------||---------|
| grp_access_fu_504 |  p0  |   2  |   9  |   18   ||    9    |
|-------------------|------|------|------|--------||---------||---------|
|       Total       |      |      |      |   18   ||  0.387  ||    9    |
|-------------------|------|------|------|--------||---------||---------|



* Summary:
+-----------+--------+--------+--------+
|           |  Delay |   FF   |   LUT  |
+-----------+--------+--------+--------+
|  Function |    -   |    0   |   740  |
|   Memory  |    -   |    -   |    -   |
|Multiplexer|    0   |    -   |    9   |
|  Register |    -   |   209  |    -   |
+-----------+--------+--------+--------+
|   Total   |    0   |   209  |   749  |
+-----------+--------+--------+--------+
