remark: /home/coder/Documents/s2n2/finn-hlslib-lif/weights.hpp:216:9: Inlining function 'FixedPointWeightsSp<1u, ap_int<8>, 1u, 204800u>::TileIndex::TileIndex(FixedPointWeightsSp<1u, ap_int<8>, 1u, 204800u> const&, unsigned int, ap_uint<1>)' into 'FixedPointWeightsSp<1u, ap_int<8>, 1u, 204800u>::weights(unsigned int, ap_uint<1>) const'
remark: /home/coder/Documents/s2n2/finn-hlslib-lif/mvau.hpp:187:17: Inlining function 'Slice<ap_uint<1>, 1u>::Container<ap_uint<1> >::operator ap_uint<1> const&() const' into 'void Matrix_Vector_Activate_Batch<3200u, 64u, 1u, 1u, 1u, 1u, Identity, Slice<ap_uint<1>, 1u>, Identity, ap_fixed<32, 16, (ap_q_mode)5, (ap_o_mode)3, 0>, 32u, 16u, 1u, ap_uint<1>, ap_uint<1>, FixedPointWeightsSp<1u, ap_int<8>, 1u, 204800u>, ThresholdActivation1, ap_resource_dflt>(hls::stream<ap_uint<1>, 0>&, hls::stream<ap_uint<1>, 0>&, FixedPointWeightsSp<1u, ap_int<8>, 1u, 204800u> const&, ThresholdActivation1 const&, ap_fixed<32, 16, (ap_q_mode)5, (ap_o_mode)3, 0>, int, ap_resource_dflt const&)'
remark: /home/coder/Documents/s2n2/finn-hlslib-lif/mvau.hpp:183:9: Inlining function 'Slice<ap_uint<1>, 1u>::Container<ap_uint<1> >::operator()(unsigned int, unsigned int, bool) const' into 'void Matrix_Vector_Activate_Batch<3200u, 64u, 1u, 1u, 1u, 1u, Identity, Slice<ap_uint<1>, 1u>, Identity, ap_fixed<32, 16, (ap_q_mode)5, (ap_o_mode)3, 0>, 32u, 16u, 1u, ap_uint<1>, ap_uint<1>, FixedPointWeightsSp<1u, ap_int<8>, 1u, 204800u>, ThresholdActivation1, ap_resource_dflt>(hls::stream<ap_uint<1>, 0>&, hls::stream<ap_uint<1>, 0>&, FixedPointWeightsSp<1u, ap_int<8>, 1u, 204800u> const&, ThresholdActivation1 const&, ap_fixed<32, 16, (ap_q_mode)5, (ap_o_mode)3, 0>, int, ap_resource_dflt const&)'
remark: /home/coder/Documents/s2n2/finn-hlslib-lif/mvau.hpp:180:9: Inlining function 'Slice<ap_uint<1>, 1u>::Container<ap_uint<1> >::operator()(unsigned int, unsigned int, bool) const' into 'void Matrix_Vector_Activate_Batch<3200u, 64u, 1u, 1u, 1u, 1u, Identity, Slice<ap_uint<1>, 1u>, Identity, ap_fixed<32, 16, (ap_q_mode)5, (ap_o_mode)3, 0>, 32u, 16u, 1u, ap_uint<1>, ap_uint<1>, FixedPointWeightsSp<1u, ap_int<8>, 1u, 204800u>, ThresholdActivation1, ap_resource_dflt>(hls::stream<ap_uint<1>, 0>&, hls::stream<ap_uint<1>, 0>&, FixedPointWeightsSp<1u, ap_int<8>, 1u, 204800u> const&, ThresholdActivation1 const&, ap_fixed<32, 16, (ap_q_mode)5, (ap_o_mode)3, 0>, int, ap_resource_dflt const&)'
remark: /home/coder/Documents/s2n2/finn-hlslib-lif/mvau.hpp:165:14: Inlining function 'FixedPointWeightsSp<1u, ap_int<8>, 1u, 204800u>::TileIndex::operator[](unsigned int) const' into 'void Matrix_Vector_Activate_Batch<3200u, 64u, 1u, 1u, 1u, 1u, Identity, Slice<ap_uint<1>, 1u>, Identity, ap_fixed<32, 16, (ap_q_mode)5, (ap_o_mode)3, 0>, 32u, 16u, 1u, ap_uint<1>, ap_uint<1>, FixedPointWeightsSp<1u, ap_int<8>, 1u, 204800u>, ThresholdActivation1, ap_resource_dflt>(hls::stream<ap_uint<1>, 0>&, hls::stream<ap_uint<1>, 0>&, FixedPointWeightsSp<1u, ap_int<8>, 1u, 204800u> const&, ThresholdActivation1 const&, ap_fixed<32, 16, (ap_q_mode)5, (ap_o_mode)3, 0>, int, ap_resource_dflt const&)'
remark: /home/coder/Documents/s2n2/finn-hlslib-lif/mvau.hpp:162:29: Inlining function 'FixedPointWeightsSp<1u, ap_int<8>, 1u, 204800u>::weights(unsigned int, ap_uint<1>) const' into 'void Matrix_Vector_Activate_Batch<3200u, 64u, 1u, 1u, 1u, 1u, Identity, Slice<ap_uint<1>, 1u>, Identity, ap_fixed<32, 16, (ap_q_mode)5, (ap_o_mode)3, 0>, 32u, 16u, 1u, ap_uint<1>, ap_uint<1>, FixedPointWeightsSp<1u, ap_int<8>, 1u, 204800u>, ThresholdActivation1, ap_resource_dflt>(hls::stream<ap_uint<1>, 0>&, hls::stream<ap_uint<1>, 0>&, FixedPointWeightsSp<1u, ap_int<8>, 1u, 204800u> const&, ThresholdActivation1 const&, ap_fixed<32, 16, (ap_q_mode)5, (ap_o_mode)3, 0>, int, ap_resource_dflt const&)'
remark: /home/coder/Desktop/s2n2/convSNN/fc1full_top.cpp:80:3: Inlining function 'void StreamingFCLayer_Batch<3200u, 64u, 1u, 1u, 1u, Identity, Slice<ap_uint<1>, 1u>, Identity, ap_fixed<32, 16, (ap_q_mode)5, (ap_o_mode)3, 0>, 32u, 16u, 1u, 1, 1, FixedPointWeightsSp<1u, ap_int<8>, 1u, 204800u>, ThresholdActivation1, ap_resource_dflt>(hls::stream<ap_uint<1>, 0>&, hls::stream<ap_uint<1>, 0>&, FixedPointWeightsSp<1u, ap_int<8>, 1u, 204800u> const&, ThresholdActivation1 const&, unsigned int, ap_fixed<32, 16, (ap_q_mode)5, (ap_o_mode)3, 0>, ap_resource_dflt const&)' into 'fc1full_top(ap_uint<1> const*, ap_uint<1>*)'
remark: /home/coder/Documents/s2n2/finn-hlslib-lif/mvau.hpp:150:24: Loop 'VITIS_LOOP_150_2' is marked as complete unroll implied by the pipeline pragma
remark: /home/coder/Documents/s2n2/finn-hlslib-lif/mvau.hpp:163:23: Loop 'VITIS_LOOP_163_3' is marked as complete unroll implied by the pipeline pragma
remark: /home/coder/Documents/s2n2/finn-hlslib-lif/weights.hpp:200:25: Loop 'VITIS_LOOP_200_1' is marked as complete unroll implied by the pipeline pragma
remark: /home/coder/Documents/s2n2/finn-hlslib-lif/mvau.hpp:175:25: Loop 'VITIS_LOOP_175_4' is marked as complete unroll implied by the pipeline pragma
remark: /home/coder/Documents/s2n2/finn-hlslib-lif/mvau.hpp:101:0: Unrolling loop 'VITIS_LOOP_150_2' (/home/coder/Documents/s2n2/finn-hlslib-lif/mvau.hpp:150:24) in function 'Matrix_Vector_Activate_Batch<3200u, 64u, 1u, 1u, 1u, 1u, Identity, Slice<ap_uint<1>, 1u>, Identity, ap_fixed<32, 16, (ap_q_mode)5, (ap_o_mode)3, 0>, 32u, 16u, 1u, ap_uint<1>, ap_uint<1>, FixedPointWeightsSp<1u, ap_int<8>, 1u, 204800u>, ThresholdActivation1, ap_resource_dflt>' completely with a factor of 1
remark: /home/coder/Documents/s2n2/finn-hlslib-lif/mvau.hpp:101:0: Unrolling loop 'VITIS_LOOP_163_3' (/home/coder/Documents/s2n2/finn-hlslib-lif/mvau.hpp:163:23) in function 'Matrix_Vector_Activate_Batch<3200u, 64u, 1u, 1u, 1u, 1u, Identity, Slice<ap_uint<1>, 1u>, Identity, ap_fixed<32, 16, (ap_q_mode)5, (ap_o_mode)3, 0>, 32u, 16u, 1u, ap_uint<1>, ap_uint<1>, FixedPointWeightsSp<1u, ap_int<8>, 1u, 204800u>, ThresholdActivation1, ap_resource_dflt>' completely with a factor of 1
remark: /home/coder/Documents/s2n2/finn-hlslib-lif/mvau.hpp:101:0: Unrolling loop 'VITIS_LOOP_200_1' (/home/coder/Documents/s2n2/finn-hlslib-lif/weights.hpp:200:25) in function 'Matrix_Vector_Activate_Batch<3200u, 64u, 1u, 1u, 1u, 1u, Identity, Slice<ap_uint<1>, 1u>, Identity, ap_fixed<32, 16, (ap_q_mode)5, (ap_o_mode)3, 0>, 32u, 16u, 1u, ap_uint<1>, ap_uint<1>, FixedPointWeightsSp<1u, ap_int<8>, 1u, 204800u>, ThresholdActivation1, ap_resource_dflt>' completely with a factor of 1
remark: /home/coder/Documents/s2n2/finn-hlslib-lif/mvau.hpp:101:0: Unrolling loop 'VITIS_LOOP_175_4' (/home/coder/Documents/s2n2/finn-hlslib-lif/mvau.hpp:175:25) in function 'Matrix_Vector_Activate_Batch<3200u, 64u, 1u, 1u, 1u, 1u, Identity, Slice<ap_uint<1>, 1u>, Identity, ap_fixed<32, 16, (ap_q_mode)5, (ap_o_mode)3, 0>, 32u, 16u, 1u, ap_uint<1>, ap_uint<1>, FixedPointWeightsSp<1u, ap_int<8>, 1u, 204800u>, ThresholdActivation1, ap_resource_dflt>' completely with a factor of 1
remark: /home/coder/Desktop/s2n2/convSNN/fc1full_top.cpp:61:0: Inlining function 'WidthAdjustedInputStream<1u, 1u, 3200u>::WidthAdjustedInputStream(hls::stream<ap_uint<1>, 0>&, unsigned int)' into 'fc1full_top(ap_uint<1> const*, ap_uint<1>*)'
remark: /home/coder/Desktop/s2n2/convSNN/fc1full_top.cpp:61:0: Inlining function 'WidthAdjustedOutputStream<1u, 1u, 64u>::WidthAdjustedOutputStream(hls::stream<ap_uint<1>, 0>&, unsigned int)' into 'fc1full_top(ap_uint<1> const*, ap_uint<1>*)'
remark: /home/coder/Desktop/s2n2/convSNN/fc1full_top.cpp:61:0: Inlining function 'WidthAdjustedInputStream<1u, 1u, 3200u>::operator hls::stream<ap_uint<1>, 0>&()' into 'fc1full_top(ap_uint<1> const*, ap_uint<1>*)'
remark: /home/coder/Desktop/s2n2/convSNN/fc1full_top.cpp:61:0: Inlining function 'WidthAdjustedOutputStream<1u, 1u, 64u>::operator hls::stream<ap_uint<1>, 0>&()' into 'fc1full_top(ap_uint<1> const*, ap_uint<1>*)'
remark: /home/coder/Desktop/s2n2/convSNN/fc1full_top.cpp:61:0: Inlining function 'void Matrix_Vector_Activate_Batch<3200u, 64u, 1u, 1u, 1u, 1u, Identity, Slice<ap_uint<1>, 1u>, Identity, ap_fixed<32, 16, (ap_q_mode)5, (ap_o_mode)3, 0>, 32u, 16u, 1u, ap_uint<1>, ap_uint<1>, FixedPointWeightsSp<1u, ap_int<8>, 1u, 204800u>, ThresholdActivation1, ap_resource_dflt>(hls::stream<ap_uint<1>, 0>&, hls::stream<ap_uint<1>, 0>&, FixedPointWeightsSp<1u, ap_int<8>, 1u, 204800u> const&, ThresholdActivation1 const&, ap_fixed<32, 16, (ap_q_mode)5, (ap_o_mode)3, 0>, int, ap_resource_dflt const&)' into 'fc1full_top(ap_uint<1> const*, ap_uint<1>*)'
remark: /home/coder/Documents/s2n2/finn-hlslib-lif/mvau.hpp:111:6: Applying array_partition to 'inputBuf.i': Complete partitioning on dimension 1.
remark: /home/coder/Desktop/s2n2/convSNN/fc1full_top.cpp:61:0: Applying array_partition to 'out': Complete partitioning on dimension 1.
===-------------------------------------------------------------------------===
                         Miscellaneous Ungrouped Timers
===-------------------------------------------------------------------------===

   ---User Time---   --System Time--   --User+System--   ---Wall Time---  --- Name ---
  207.1539 (100.0%)   1.8652 (100.0%)  209.0191 (100.0%)  209.0434 (100.0%)  Code Generation Time
  207.1539 (100.0%)   1.8652 (100.0%)  209.0191 (100.0%)  209.0434 (100.0%)  Total

===-------------------------------------------------------------------------===
                      ... Pass execution timing report ...
===-------------------------------------------------------------------------===
  Total Execution Time: 208.8402 seconds (208.8635 wall clock)

   ---User Time---   --System Time--   --User+System--   ---Wall Time---  --- Name ---
  55.9835 ( 27.0%)   0.4519 ( 24.4%)  56.4354 ( 27.0%)  56.4463 ( 27.0%)  Lower intermediate type generated by HLSGen
  51.7468 ( 25.0%)   0.2359 ( 12.7%)  51.9827 ( 24.9%)  51.9881 ( 24.9%)  Generate HLS compatible IR
   5.9435 (  2.9%)   0.0563 (  3.0%)   5.9997 (  2.9%)   6.0009 (  2.9%)  Value Propagation
   5.9320 (  2.9%)   0.0280 (  1.5%)   5.9600 (  2.9%)   5.9620 (  2.9%)  Value Propagation
   5.8384 (  2.8%)   0.0360 (  1.9%)   5.8744 (  2.8%)   5.8745 (  2.8%)  Value Propagation
   5.7990 (  2.8%)   0.0560 (  3.0%)   5.8549 (  2.8%)   5.8551 (  2.8%)  Value Propagation
   5.7990 (  2.8%)   0.0480 (  2.6%)   5.8470 (  2.8%)   5.8471 (  2.8%)  Value Propagation
   5.8156 (  2.8%)   0.0240 (  1.3%)   5.8396 (  2.8%)   5.8398 (  2.8%)  Value Propagation
   5.7821 (  2.8%)   0.0561 (  3.0%)   5.8382 (  2.8%)   5.8384 (  2.8%)  Value Propagation
   5.7919 (  2.8%)   0.0360 (  1.9%)   5.8279 (  2.8%)   5.8280 (  2.8%)  Value Propagation
   5.7782 (  2.8%)   0.0440 (  2.4%)   5.8222 (  2.8%)   5.8223 (  2.8%)  Value Propagation
   5.7624 (  2.8%)   0.0243 (  1.3%)   5.7867 (  2.8%)   5.7870 (  2.8%)  Value Propagation
   2.9336 (  1.4%)   0.1030 (  5.6%)   3.0366 (  1.5%)   3.0369 (  1.5%)  Promote Memory to Register
   1.6121 (  0.8%)   0.0078 (  0.4%)   1.6199 (  0.8%)   1.6201 (  0.8%)  Simplify the CFG
   1.3358 (  0.6%)   0.0480 (  2.6%)   1.3838 (  0.7%)   1.3839 (  0.7%)  Automatic array partition transformation
   1.1346 (  0.5%)   0.0040 (  0.2%)   1.1386 (  0.5%)   1.1386 (  0.5%)  Automatically infer occurrence information
   0.7510 (  0.4%)   0.0040 (  0.2%)   0.7550 (  0.4%)   0.7550 (  0.4%)  Auto automatic array partition analysis
   0.7391 (  0.4%)   0.0080 (  0.4%)   0.7471 (  0.4%)   0.7471 (  0.4%)  PredicateAnalyzer - Predidate Analysis
   0.7394 (  0.4%)   0.0040 (  0.2%)   0.7434 (  0.4%)   0.7435 (  0.4%)  PredicateAnalyzer - Predidate Analysis
   0.7347 (  0.4%)   0.0080 (  0.4%)   0.7427 (  0.4%)   0.7427 (  0.4%)  Reflow pragma unroll loops
   0.6097 (  0.3%)   0.1280 (  6.9%)   0.7377 (  0.4%)   0.7377 (  0.4%)  Bitcode for HLS
   0.7337 (  0.4%)   0.0040 (  0.2%)   0.7376 (  0.4%)   0.7377 (  0.4%)  Reflow pragma unroll loops
   0.7334 (  0.4%)   0.0040 (  0.2%)   0.7374 (  0.4%)   0.7374 (  0.4%)  Reflow pragma unroll loops
   0.7300 (  0.4%)   0.0040 (  0.2%)   0.7340 (  0.4%)   0.7340 (  0.4%)  Auto automatic array partition analysis
   0.7202 (  0.3%)   0.0080 (  0.4%)   0.7282 (  0.3%)   0.7282 (  0.3%)  Loop-Closed SSA Form Pass
   0.7194 (  0.3%)   0.0040 (  0.2%)   0.7233 (  0.3%)   0.7233 (  0.3%)  Loop-Closed SSA Form Pass
   0.7191 (  0.3%)   0.0040 (  0.2%)   0.7230 (  0.3%)   0.7230 (  0.3%)  Loop-Closed SSA Form Pass
   0.7179 (  0.3%)   0.0040 (  0.2%)   0.7218 (  0.3%)   0.7219 (  0.3%)  Reflow pragma unroll loops
   0.7045 (  0.3%)   0.0119 (  0.6%)   0.7165 (  0.3%)   0.7165 (  0.3%)  Auto automatic array partition analysis
   0.7038 (  0.3%)   0.0040 (  0.2%)   0.7078 (  0.3%)   0.7078 (  0.3%)  Loop-Closed SSA Form Pass
   0.6509 (  0.3%)   0.0000 (  0.0%)   0.6509 (  0.3%)   0.6509 (  0.3%)  Induction Variable Simplification
   0.6346 (  0.3%)   0.0040 (  0.2%)   0.6386 (  0.3%)   0.6386 (  0.3%)  Induction Variable Simplification
   0.6345 (  0.3%)   0.0040 (  0.2%)   0.6385 (  0.3%)   0.6385 (  0.3%)  Induction Variable Simplification
   0.6058 (  0.3%)   0.0040 (  0.2%)   0.6098 (  0.3%)   0.6098 (  0.3%)  Simplify the CFG
   0.6052 (  0.3%)   0.0041 (  0.2%)   0.6093 (  0.3%)   0.6093 (  0.3%)  Simplify the CFG
   0.6013 (  0.3%)   0.0061 (  0.3%)   0.6074 (  0.3%)   0.6074 (  0.3%)  Simplify the CFG
   0.6012 (  0.3%)   0.0040 (  0.2%)   0.6051 (  0.3%)   0.6051 (  0.3%)  Simplify the CFG
   0.6019 (  0.3%)   0.0017 (  0.1%)   0.6037 (  0.3%)   0.6037 (  0.3%)  Simplify the CFG
   0.5983 (  0.3%)   0.0052 (  0.3%)   0.6035 (  0.3%)   0.6035 (  0.3%)  Simplify the CFG
   0.5988 (  0.3%)   0.0040 (  0.2%)   0.6028 (  0.3%)   0.6028 (  0.3%)  Simplify the CFG
   0.5981 (  0.3%)   0.0040 (  0.2%)   0.6021 (  0.3%)   0.6021 (  0.3%)  Simplify the CFG
   0.5976 (  0.3%)   0.0040 (  0.2%)   0.6017 (  0.3%)   0.6017 (  0.3%)  Simplify the CFG
   0.5925 (  0.3%)   0.0080 (  0.4%)   0.6005 (  0.3%)   0.6007 (  0.3%)  Simplify the CFG
   0.5966 (  0.3%)   0.0041 (  0.2%)   0.6006 (  0.3%)   0.6006 (  0.3%)  Simplify the CFG
   0.5963 (  0.3%)   0.0000 (  0.0%)   0.5963 (  0.3%)   0.5963 (  0.3%)  Simplify the CFG
   0.5946 (  0.3%)   0.0000 (  0.0%)   0.5946 (  0.3%)   0.5946 (  0.3%)  Simplify the CFG
   0.5352 (  0.3%)   0.0000 (  0.0%)   0.5352 (  0.3%)   0.5353 (  0.3%)  Induction Variable Simplification
   0.5157 (  0.2%)   0.0000 (  0.0%)   0.5157 (  0.2%)   0.5158 (  0.2%)  Induction Variable Simplification
   0.5011 (  0.2%)   0.0000 (  0.0%)   0.5011 (  0.2%)   0.5011 (  0.2%)  Lower HLS related loops
   0.4674 (  0.2%)   0.0040 (  0.2%)   0.4714 (  0.2%)   0.4714 (  0.2%)  Interprocedural Sparse Conditional Constant Propagation
   0.4530 (  0.2%)   0.0000 (  0.0%)   0.4530 (  0.2%)   0.4530 (  0.2%)  Interprocedural Sparse Conditional Constant Propagation
   0.3419 (  0.2%)   0.0280 (  1.5%)   0.3698 (  0.2%)   0.3698 (  0.2%)  Detach IR Wrapper
   0.3513 (  0.2%)   0.0000 (  0.0%)   0.3513 (  0.2%)   0.3513 (  0.2%)  Analyze sequential accesses
   0.3255 (  0.2%)   0.0000 (  0.0%)   0.3255 (  0.2%)   0.3255 (  0.2%)  Array out of bound check
   0.3205 (  0.2%)   0.0000 (  0.0%)   0.3206 (  0.2%)   0.3206 (  0.2%)  Synthesis checker
   0.3199 (  0.2%)   0.0000 (  0.0%)   0.3199 (  0.2%)   0.3199 (  0.2%)  Array out of bound check
   0.3141 (  0.2%)   0.0039 (  0.2%)   0.3181 (  0.2%)   0.3181 (  0.2%)  Loop Load Elimination
   0.3154 (  0.2%)   0.0000 (  0.0%)   0.3154 (  0.2%)   0.3154 (  0.2%)  Lower HLS related attributes
   0.3117 (  0.2%)   0.0000 (  0.0%)   0.3117 (  0.1%)   0.3117 (  0.1%)  Array out of bound check
   0.3109 (  0.2%)   0.0000 (  0.0%)   0.3109 (  0.1%)   0.3109 (  0.1%)  Array out of bound check
   0.3063 (  0.1%)   0.0000 (  0.0%)   0.3063 (  0.1%)   0.3063 (  0.1%)  LegacyShiftRegisterRecognize - Recognize shift registers and memory
   0.2480 (  0.1%)   0.0080 (  0.4%)   0.2560 (  0.1%)   0.2560 (  0.1%)  Loop-Closed SSA Form Pass
   0.2444 (  0.1%)   0.0040 (  0.2%)   0.2484 (  0.1%)   0.2484 (  0.1%)  Loop-Closed SSA Form Pass
   0.2464 (  0.1%)   0.0000 (  0.0%)   0.2464 (  0.1%)   0.2464 (  0.1%)  Loop-Closed SSA Form Pass
   0.2407 (  0.1%)   0.0040 (  0.2%)   0.2447 (  0.1%)   0.2447 (  0.1%)  Loop-Closed SSA Form Pass
   0.2443 (  0.1%)   0.0000 (  0.0%)   0.2443 (  0.1%)   0.2443 (  0.1%)  Loop-Closed SSA Form Pass
   0.2441 (  0.1%)   0.0000 (  0.0%)   0.2441 (  0.1%)   0.2441 (  0.1%)  Loop-Closed SSA Form Pass
   0.2431 (  0.1%)   0.0000 (  0.0%)   0.2431 (  0.1%)   0.2432 (  0.1%)  Loop-Closed SSA Form Pass
   0.2427 (  0.1%)   0.0000 (  0.0%)   0.2427 (  0.1%)   0.2428 (  0.1%)  Loop-Closed SSA Form Pass
   0.2405 (  0.1%)   0.0000 (  0.0%)   0.2405 (  0.1%)   0.2405 (  0.1%)  Loop Sink Hoist
   0.2405 (  0.1%)   0.0000 (  0.0%)   0.2405 (  0.1%)   0.2405 (  0.1%)  Loop-Closed SSA Form Pass
   0.2403 (  0.1%)   0.0000 (  0.0%)   0.2403 (  0.1%)   0.2404 (  0.1%)  Loop-Closed SSA Form Pass
   0.2398 (  0.1%)   0.0000 (  0.0%)   0.2398 (  0.1%)   0.2399 (  0.1%)  Loop-Closed SSA Form Pass
   0.2353 (  0.1%)   0.0000 (  0.0%)   0.2353 (  0.1%)   0.2353 (  0.1%)  Loop-Closed SSA Form Pass
   0.2345 (  0.1%)   0.0000 (  0.0%)   0.2345 (  0.1%)   0.2345 (  0.1%)  Loop-Closed SSA Form Pass
   0.2231 (  0.1%)   0.0039 (  0.2%)   0.2270 (  0.1%)   0.2270 (  0.1%)  Loop Invariant Code Motion
   0.2123 (  0.1%)   0.0107 (  0.6%)   0.2230 (  0.1%)   0.2230 (  0.1%)  ArrayPartition - Partition Arrays into Banks
   0.0576 (  0.0%)   0.1480 (  8.0%)   0.2056 (  0.1%)   0.2056 (  0.1%)  Aggressive Dead Code Elimination
   0.1546 (  0.1%)   0.0000 (  0.0%)   0.1546 (  0.1%)   0.1546 (  0.1%)  Reduce the height of tree
   0.1522 (  0.1%)   0.0000 (  0.0%)   0.1522 (  0.1%)   0.1522 (  0.1%)  Reduce the height of tree
   0.0731 (  0.0%)   0.0000 (  0.0%)   0.0731 (  0.0%)   0.0731 (  0.0%)  Jump Threading
   0.0727 (  0.0%)   0.0000 (  0.0%)   0.0727 (  0.0%)   0.0727 (  0.0%)  Combine redundant instructions
   0.0722 (  0.0%)   0.0000 (  0.0%)   0.0722 (  0.0%)   0.0722 (  0.0%)  Jump Threading
   0.0494 (  0.0%)   0.0000 (  0.0%)   0.0494 (  0.0%)   0.0494 (  0.0%)  Aggressive Dead Code Elimination
   0.0485 (  0.0%)   0.0000 (  0.0%)   0.0485 (  0.0%)   0.0485 (  0.0%)  Aggressive Dead Code Elimination
   0.0467 (  0.0%)   0.0000 (  0.0%)   0.0467 (  0.0%)   0.0467 (  0.0%)  Aggressive Dead Code Elimination
   0.0460 (  0.0%)   0.0000 (  0.0%)   0.0460 (  0.0%)   0.0460 (  0.0%)  Aggressive Dead Code Elimination
   0.0458 (  0.0%)   0.0000 (  0.0%)   0.0458 (  0.0%)   0.0457 (  0.0%)  Aggressive Dead Code Elimination
   0.0454 (  0.0%)   0.0000 (  0.0%)   0.0454 (  0.0%)   0.0454 (  0.0%)  Aggressive Dead Code Elimination
   0.0453 (  0.0%)   0.0000 (  0.0%)   0.0453 (  0.0%)   0.0453 (  0.0%)  Aggressive Dead Code Elimination
   0.0451 (  0.0%)   0.0001 (  0.0%)   0.0451 (  0.0%)   0.0452 (  0.0%)  Aggressive Dead Code Elimination
   0.0452 (  0.0%)   0.0000 (  0.0%)   0.0452 (  0.0%)   0.0452 (  0.0%)  Aggressive Dead Code Elimination
   0.0451 (  0.0%)   0.0000 (  0.0%)   0.0451 (  0.0%)   0.0451 (  0.0%)  Aggressive Dead Code Elimination
   0.0450 (  0.0%)   0.0000 (  0.0%)   0.0450 (  0.0%)   0.0450 (  0.0%)  Aggressive Dead Code Elimination
   0.0449 (  0.0%)   0.0000 (  0.0%)   0.0449 (  0.0%)   0.0449 (  0.0%)  Aggressive Dead Code Elimination
   0.0449 (  0.0%)   0.0000 (  0.0%)   0.0449 (  0.0%)   0.0449 (  0.0%)  Aggressive Dead Code Elimination
   0.0449 (  0.0%)   0.0000 (  0.0%)   0.0449 (  0.0%)   0.0449 (  0.0%)  Aggressive Dead Code Elimination
   0.0447 (  0.0%)   0.0000 (  0.0%)   0.0447 (  0.0%)   0.0447 (  0.0%)  Aggressive Dead Code Elimination
   0.0446 (  0.0%)   0.0000 (  0.0%)   0.0446 (  0.0%)   0.0446 (  0.0%)  Aggressive Dead Code Elimination
   0.0446 (  0.0%)   0.0000 (  0.0%)   0.0446 (  0.0%)   0.0446 (  0.0%)  Aggressive Dead Code Elimination
   0.0444 (  0.0%)   0.0000 (  0.0%)   0.0444 (  0.0%)   0.0444 (  0.0%)  Aggressive Dead Code Elimination
   0.0437 (  0.0%)   0.0007 (  0.0%)   0.0444 (  0.0%)   0.0444 (  0.0%)  Aggressive Dead Code Elimination
   0.0444 (  0.0%)   0.0000 (  0.0%)   0.0444 (  0.0%)   0.0444 (  0.0%)  Global Value Numbering
   0.0443 (  0.0%)   0.0001 (  0.0%)   0.0443 (  0.0%)   0.0443 (  0.0%)  Aggressive Dead Code Elimination
   0.0443 (  0.0%)   0.0000 (  0.0%)   0.0443 (  0.0%)   0.0443 (  0.0%)  Aggressive Dead Code Elimination
   0.0443 (  0.0%)   0.0000 (  0.0%)   0.0443 (  0.0%)   0.0443 (  0.0%)  Aggressive Dead Code Elimination
   0.0442 (  0.0%)   0.0000 (  0.0%)   0.0442 (  0.0%)   0.0442 (  0.0%)  Aggressive Dead Code Elimination
   0.0441 (  0.0%)   0.0001 (  0.0%)   0.0442 (  0.0%)   0.0442 (  0.0%)  Aggressive Dead Code Elimination
   0.0440 (  0.0%)   0.0000 (  0.0%)   0.0440 (  0.0%)   0.0440 (  0.0%)  Aggressive Dead Code Elimination
   0.0438 (  0.0%)   0.0000 (  0.0%)   0.0438 (  0.0%)   0.0438 (  0.0%)  Aggressive Dead Code Elimination
   0.0428 (  0.0%)   0.0000 (  0.0%)   0.0428 (  0.0%)   0.0428 (  0.0%)  Aggressive Dead Code Elimination
   0.0421 (  0.0%)   0.0000 (  0.0%)   0.0421 (  0.0%)   0.0421 (  0.0%)  Global Value Numbering
   0.0378 (  0.0%)   0.0001 (  0.0%)   0.0379 (  0.0%)   0.0379 (  0.0%)  Combine redundant instructions
   0.0375 (  0.0%)   0.0000 (  0.0%)   0.0375 (  0.0%)   0.0375 (  0.0%)  Combine redundant instructions
   0.0372 (  0.0%)   0.0000 (  0.0%)   0.0372 (  0.0%)   0.0372 (  0.0%)  Combine redundant instructions
   0.0372 (  0.0%)   0.0000 (  0.0%)   0.0372 (  0.0%)   0.0372 (  0.0%)  Combine redundant instructions
   0.0371 (  0.0%)   0.0000 (  0.0%)   0.0371 (  0.0%)   0.0371 (  0.0%)  Combine redundant instructions
   0.0370 (  0.0%)   0.0000 (  0.0%)   0.0370 (  0.0%)   0.0371 (  0.0%)  Combine redundant instructions
   0.0370 (  0.0%)   0.0000 (  0.0%)   0.0370 (  0.0%)   0.0370 (  0.0%)  Combine redundant instructions
   0.0369 (  0.0%)   0.0000 (  0.0%)   0.0369 (  0.0%)   0.0369 (  0.0%)  Combine redundant instructions
   0.0367 (  0.0%)   0.0000 (  0.0%)   0.0368 (  0.0%)   0.0368 (  0.0%)  Combine redundant instructions
   0.0367 (  0.0%)   0.0000 (  0.0%)   0.0367 (  0.0%)   0.0367 (  0.0%)  Combine redundant instructions
   0.0366 (  0.0%)   0.0000 (  0.0%)   0.0366 (  0.0%)   0.0366 (  0.0%)  Combine redundant instructions
   0.0365 (  0.0%)   0.0000 (  0.0%)   0.0365 (  0.0%)   0.0365 (  0.0%)  Combine redundant instructions
   0.0365 (  0.0%)   0.0000 (  0.0%)   0.0365 (  0.0%)   0.0365 (  0.0%)  Combine redundant instructions
   0.0364 (  0.0%)   0.0000 (  0.0%)   0.0364 (  0.0%)   0.0364 (  0.0%)  Combine redundant instructions
   0.0364 (  0.0%)   0.0000 (  0.0%)   0.0364 (  0.0%)   0.0364 (  0.0%)  Combine redundant instructions
   0.0341 (  0.0%)   0.0000 (  0.0%)   0.0341 (  0.0%)   0.0342 (  0.0%)  Combine redundant instructions
   0.0339 (  0.0%)   0.0000 (  0.0%)   0.0339 (  0.0%)   0.0339 (  0.0%)  Combine redundant instructions
   0.0338 (  0.0%)   0.0000 (  0.0%)   0.0338 (  0.0%)   0.0338 (  0.0%)  Combine redundant instructions
   0.0042 (  0.0%)   0.0280 (  1.5%)   0.0322 (  0.0%)   0.0322 (  0.0%)  Auto automatic array partition analysis
   0.0310 (  0.0%)   0.0000 (  0.0%)   0.0310 (  0.0%)   0.0310 (  0.0%)  Global Value Numbering
   0.0291 (  0.0%)   0.0000 (  0.0%)   0.0291 (  0.0%)   0.0291 (  0.0%)   automatic function inline driven by performance to break up circuit dependence
   0.0282 (  0.0%)   0.0000 (  0.0%)   0.0282 (  0.0%)   0.0282 (  0.0%)   automatic function inline driven by performance to break up circuit dependence
   0.0232 (  0.0%)   0.0039 (  0.2%)   0.0271 (  0.0%)   0.0271 (  0.0%)  Global Value Numbering
   0.0234 (  0.0%)   0.0000 (  0.0%)   0.0234 (  0.0%)   0.0234 (  0.0%)  Global Value Numbering
   0.0225 (  0.0%)   0.0000 (  0.0%)   0.0225 (  0.0%)   0.0225 (  0.0%)  Global Value Numbering
   0.0223 (  0.0%)   0.0000 (  0.0%)   0.0223 (  0.0%)   0.0223 (  0.0%)  Global Value Numbering
   0.0223 (  0.0%)   0.0000 (  0.0%)   0.0223 (  0.0%)   0.0223 (  0.0%)  Global Value Numbering
   0.0222 (  0.0%)   0.0000 (  0.0%)   0.0222 (  0.0%)   0.0222 (  0.0%)  Global Value Numbering
   0.0219 (  0.0%)   0.0000 (  0.0%)   0.0219 (  0.0%)   0.0219 (  0.0%)  Global Value Numbering
   0.0219 (  0.0%)   0.0000 (  0.0%)   0.0219 (  0.0%)   0.0219 (  0.0%)  Global Value Numbering
   0.0219 (  0.0%)   0.0000 (  0.0%)   0.0219 (  0.0%)   0.0219 (  0.0%)  Global Value Numbering
   0.0218 (  0.0%)   0.0000 (  0.0%)   0.0218 (  0.0%)   0.0218 (  0.0%)  Global Value Numbering
   0.0218 (  0.0%)   0.0000 (  0.0%)   0.0218 (  0.0%)   0.0218 (  0.0%)  Global Value Numbering
   0.0217 (  0.0%)   0.0000 (  0.0%)   0.0217 (  0.0%)   0.0217 (  0.0%)  Global Value Numbering
   0.0217 (  0.0%)   0.0000 (  0.0%)   0.0217 (  0.0%)   0.0217 (  0.0%)  Global Value Numbering
   0.0207 (  0.0%)   0.0009 (  0.0%)   0.0216 (  0.0%)   0.0216 (  0.0%)  Global Value Numbering
   0.0216 (  0.0%)   0.0000 (  0.0%)   0.0216 (  0.0%)   0.0216 (  0.0%)  Global Value Numbering
   0.0213 (  0.0%)   0.0002 (  0.0%)   0.0215 (  0.0%)   0.0215 (  0.0%)  Global Value Numbering
   0.0215 (  0.0%)   0.0000 (  0.0%)   0.0215 (  0.0%)   0.0215 (  0.0%)  Global Value Numbering
   0.0215 (  0.0%)   0.0000 (  0.0%)   0.0215 (  0.0%)   0.0215 (  0.0%)  Global Value Numbering
   0.0212 (  0.0%)   0.0000 (  0.0%)   0.0212 (  0.0%)   0.0212 (  0.0%)  Global Value Numbering
   0.0202 (  0.0%)   0.0000 (  0.0%)   0.0202 (  0.0%)   0.0202 (  0.0%)  Remove redundant instructions
   0.0190 (  0.0%)   0.0000 (  0.0%)   0.0190 (  0.0%)   0.0190 (  0.0%)  Remove redundant instructions
   0.0189 (  0.0%)   0.0001 (  0.0%)   0.0189 (  0.0%)   0.0189 (  0.0%)  Remove redundant instructions
   0.0189 (  0.0%)   0.0000 (  0.0%)   0.0189 (  0.0%)   0.0189 (  0.0%)  Remove redundant instructions
   0.0188 (  0.0%)   0.0000 (  0.0%)   0.0188 (  0.0%)   0.0188 (  0.0%)  Remove redundant instructions
   0.0188 (  0.0%)   0.0000 (  0.0%)   0.0188 (  0.0%)   0.0188 (  0.0%)  Remove redundant instructions
   0.0188 (  0.0%)   0.0000 (  0.0%)   0.0188 (  0.0%)   0.0188 (  0.0%)  Remove redundant instructions
   0.0187 (  0.0%)   0.0000 (  0.0%)   0.0187 (  0.0%)   0.0187 (  0.0%)  Remove redundant instructions
   0.0187 (  0.0%)   0.0000 (  0.0%)   0.0187 (  0.0%)   0.0187 (  0.0%)  Remove redundant instructions
   0.0187 (  0.0%)   0.0000 (  0.0%)   0.0187 (  0.0%)   0.0187 (  0.0%)  Remove redundant instructions
   0.0187 (  0.0%)   0.0000 (  0.0%)   0.0187 (  0.0%)   0.0187 (  0.0%)  Remove redundant instructions
   0.0186 (  0.0%)   0.0000 (  0.0%)   0.0186 (  0.0%)   0.0186 (  0.0%)  Remove redundant instructions
   0.0186 (  0.0%)   0.0000 (  0.0%)   0.0186 (  0.0%)   0.0186 (  0.0%)  Remove redundant instructions
   0.0185 (  0.0%)   0.0000 (  0.0%)   0.0185 (  0.0%)   0.0185 (  0.0%)  Remove redundant instructions
   0.0185 (  0.0%)   0.0000 (  0.0%)   0.0185 (  0.0%)   0.0185 (  0.0%)  Remove redundant instructions
   0.0185 (  0.0%)   0.0000 (  0.0%)   0.0185 (  0.0%)   0.0185 (  0.0%)  Remove redundant instructions
   0.0184 (  0.0%)   0.0000 (  0.0%)   0.0184 (  0.0%)   0.0184 (  0.0%)  Remove redundant instructions
   0.0177 (  0.0%)   0.0000 (  0.0%)   0.0177 (  0.0%)   0.0179 (  0.0%)  Remove redundant instructions
   0.0167 (  0.0%)   0.0000 (  0.0%)   0.0168 (  0.0%)   0.0168 (  0.0%)  Infer nuw/nsw flags for instructions
   0.0166 (  0.0%)   0.0000 (  0.0%)   0.0166 (  0.0%)   0.0166 (  0.0%)  Infer nuw/nsw flags for instructions
   0.0158 (  0.0%)   0.0000 (  0.0%)   0.0158 (  0.0%)   0.0158 (  0.0%)  Infer nuw/nsw flags for instructions
   0.0158 (  0.0%)   0.0000 (  0.0%)   0.0158 (  0.0%)   0.0158 (  0.0%)  Infer nuw/nsw flags for instructions
   0.0127 (  0.0%)   0.0029 (  0.2%)   0.0156 (  0.0%)   0.0156 (  0.0%)  Infer nuw/nsw flags for instructions
   0.0153 (  0.0%)   0.0000 (  0.0%)   0.0153 (  0.0%)   0.0153 (  0.0%)  Infer nuw/nsw flags for instructions
   0.0153 (  0.0%)   0.0000 (  0.0%)   0.0153 (  0.0%)   0.0153 (  0.0%)  Infer nuw/nsw flags for instructions
   0.0152 (  0.0%)   0.0000 (  0.0%)   0.0153 (  0.0%)   0.0152 (  0.0%)  Infer nuw/nsw flags for instructions
   0.0152 (  0.0%)   0.0000 (  0.0%)   0.0152 (  0.0%)   0.0152 (  0.0%)  Infer nuw/nsw flags for instructions
   0.0151 (  0.0%)   0.0000 (  0.0%)   0.0151 (  0.0%)   0.0151 (  0.0%)  Infer nuw/nsw flags for instructions
   0.0151 (  0.0%)   0.0000 (  0.0%)   0.0151 (  0.0%)   0.0151 (  0.0%)  Infer nuw/nsw flags for instructions
   0.0149 (  0.0%)   0.0000 (  0.0%)   0.0149 (  0.0%)   0.0149 (  0.0%)  Infer nuw/nsw flags for instructions
   0.0149 (  0.0%)   0.0000 (  0.0%)   0.0149 (  0.0%)   0.0149 (  0.0%)  Infer nuw/nsw flags for instructions
   0.0149 (  0.0%)   0.0000 (  0.0%)   0.0149 (  0.0%)   0.0149 (  0.0%)  Infer nuw/nsw flags for instructions
   0.0149 (  0.0%)   0.0000 (  0.0%)   0.0149 (  0.0%)   0.0149 (  0.0%)  Infer nuw/nsw flags for instructions
   0.0148 (  0.0%)   0.0000 (  0.0%)   0.0148 (  0.0%)   0.0148 (  0.0%)  Infer nuw/nsw flags for instructions
   0.0147 (  0.0%)   0.0000 (  0.0%)   0.0147 (  0.0%)   0.0147 (  0.0%)  Infer nuw/nsw flags for instructions
   0.0142 (  0.0%)   0.0000 (  0.0%)   0.0142 (  0.0%)   0.0142 (  0.0%)  Infer nuw/nsw flags for instructions
   0.0140 (  0.0%)   0.0000 (  0.0%)   0.0140 (  0.0%)   0.0140 (  0.0%)  Infer nuw/nsw flags for instructions
   0.0111 (  0.0%)   0.0000 (  0.0%)   0.0111 (  0.0%)   0.0111 (  0.0%)  AlignMemory - Align memory accesses
   0.0108 (  0.0%)   0.0000 (  0.0%)   0.0108 (  0.0%)   0.0108 (  0.0%)  Assign names to anonymous instructions (structure based)
   0.0107 (  0.0%)   0.0000 (  0.0%)   0.0107 (  0.0%)   0.0107 (  0.0%)  AlignMemory - Align memory accesses
   0.0000 (  0.0%)   0.0103 (  0.6%)   0.0103 (  0.0%)   0.0103 (  0.0%)  Lazy Value Information Analysis
   0.0101 (  0.0%)   0.0000 (  0.0%)   0.0101 (  0.0%)   0.0101 (  0.0%)  Inliner for always_inline functions
   0.0000 (  0.0%)   0.0100 (  0.5%)   0.0100 (  0.0%)   0.0100 (  0.0%)  Lazy Value Information Analysis
   0.0100 (  0.0%)   0.0000 (  0.0%)   0.0100 (  0.0%)   0.0100 (  0.0%)  Deduce function attributes
   0.0019 (  0.0%)   0.0081 (  0.4%)   0.0099 (  0.0%)   0.0099 (  0.0%)  Lazy Value Information Analysis
   0.0099 (  0.0%)   0.0000 (  0.0%)   0.0099 (  0.0%)   0.0099 (  0.0%)  AlignMemory - Align memory accesses
   0.0095 (  0.0%)   0.0000 (  0.0%)   0.0095 (  0.0%)   0.0095 (  0.0%)  AlignMemory - Align memory accesses
   0.0071 (  0.0%)   0.0010 (  0.1%)   0.0081 (  0.0%)   0.0082 (  0.0%)  Produce message if basic block has too many instructions
   0.0081 (  0.0%)   0.0000 (  0.0%)   0.0081 (  0.0%)   0.0081 (  0.0%)  ReflowCheckPragmaConflicts - check pragma conflicts in reflow
   0.0080 (  0.0%)   0.0000 (  0.0%)   0.0080 (  0.0%)   0.0080 (  0.0%)  Post-Dominator Tree Construction
   0.0000 (  0.0%)   0.0080 (  0.4%)   0.0080 (  0.0%)   0.0080 (  0.0%)  Lazy Value Information Analysis
   0.0078 (  0.0%)   0.0000 (  0.0%)   0.0078 (  0.0%)   0.0078 (  0.0%)  Post-Dominator Tree Construction
   0.0075 (  0.0%)   0.0000 (  0.0%)   0.0075 (  0.0%)   0.0075 (  0.0%)  Lower llvm.assume to _ssdm_AssertFail
   0.0029 (  0.0%)   0.0040 (  0.2%)   0.0069 (  0.0%)   0.0069 (  0.0%)  Lazy Value Information Analysis
   0.0000 (  0.0%)   0.0067 (  0.4%)   0.0067 (  0.0%)   0.0067 (  0.0%)  Lazy Value Information Analysis
   0.0065 (  0.0%)   0.0000 (  0.0%)   0.0065 (  0.0%)   0.0065 (  0.0%)  Achieval II estimation - estimate acheival II lower bound according to constraint
   0.0058 (  0.0%)   0.0000 (  0.0%)   0.0058 (  0.0%)   0.0058 (  0.0%)  Infer complete unroll based on pipeline pragma
   0.0058 (  0.0%)   0.0000 (  0.0%)   0.0058 (  0.0%)   0.0058 (  0.0%)  Dominator Tree Construction
   0.0049 (  0.0%)   0.0008 (  0.0%)   0.0056 (  0.0%)   0.0056 (  0.0%)  Interleave memory accesses
   0.0055 (  0.0%)   0.0000 (  0.0%)   0.0055 (  0.0%)   0.0055 (  0.0%)  Early GVN Hoisting of Expressions
   0.0053 (  0.0%)   0.0002 (  0.0%)   0.0055 (  0.0%)   0.0055 (  0.0%)  Early GVN Hoisting of Expressions
   0.0054 (  0.0%)   0.0000 (  0.0%)   0.0054 (  0.0%)   0.0054 (  0.0%)  Infer complete unroll based on pipeline pragma
   0.0053 (  0.0%)   0.0000 (  0.0%)   0.0053 (  0.0%)   0.0053 (  0.0%)  Early GVN Hoisting of Expressions
   0.0053 (  0.0%)   0.0000 (  0.0%)   0.0053 (  0.0%)   0.0053 (  0.0%)  Early GVN Hoisting of Expressions
   0.0052 (  0.0%)   0.0000 (  0.0%)   0.0052 (  0.0%)   0.0052 (  0.0%)  Dominator Tree Construction
   0.0051 (  0.0%)   0.0000 (  0.0%)   0.0051 (  0.0%)   0.0051 (  0.0%)  Early GVN Hoisting of Expressions
   0.0010 (  0.0%)   0.0040 (  0.2%)   0.0051 (  0.0%)   0.0051 (  0.0%)  Lazy Value Information Analysis
   0.0051 (  0.0%)   0.0000 (  0.0%)   0.0051 (  0.0%)   0.0051 (  0.0%)  Early GVN Hoisting of Expressions
   0.0049 (  0.0%)   0.0000 (  0.0%)   0.0049 (  0.0%)   0.0049 (  0.0%)  Early GVN Hoisting of Expressions
   0.0047 (  0.0%)   0.0000 (  0.0%)   0.0047 (  0.0%)   0.0047 (  0.0%)  Natural Loop Information
   0.0047 (  0.0%)   0.0000 (  0.0%)   0.0047 (  0.0%)   0.0047 (  0.0%)  Natural Loop Information
   0.0046 (  0.0%)   0.0000 (  0.0%)   0.0046 (  0.0%)   0.0046 (  0.0%)  Memory Summary
   0.0046 (  0.0%)   0.0000 (  0.0%)   0.0046 (  0.0%)   0.0046 (  0.0%)  Memory Summary
   0.0043 (  0.0%)   0.0000 (  0.0%)   0.0043 (  0.0%)   0.0043 (  0.0%)  Detect single entry single exit regions
   0.0042 (  0.0%)   0.0000 (  0.0%)   0.0042 (  0.0%)   0.0042 (  0.0%)  Detect single entry single exit regions
   0.0042 (  0.0%)   0.0000 (  0.0%)   0.0042 (  0.0%)   0.0042 (  0.0%)  Dominator Tree Construction
   0.0042 (  0.0%)   0.0000 (  0.0%)   0.0042 (  0.0%)   0.0042 (  0.0%)  Dominator Tree Construction
   0.0041 (  0.0%)   0.0000 (  0.0%)   0.0041 (  0.0%)   0.0041 (  0.0%)  Simple constant propagation
   0.0041 (  0.0%)   0.0000 (  0.0%)   0.0041 (  0.0%)   0.0041 (  0.0%)  Dominator Tree Construction
   0.0041 (  0.0%)   0.0000 (  0.0%)   0.0041 (  0.0%)   0.0041 (  0.0%)  Dominator Tree Construction
   0.0038 (  0.0%)   0.0000 (  0.0%)   0.0038 (  0.0%)   0.0038 (  0.0%)  Dominator Tree Construction
   0.0038 (  0.0%)   0.0000 (  0.0%)   0.0038 (  0.0%)   0.0038 (  0.0%)  Dominance Frontier Construction
   0.0038 (  0.0%)   0.0000 (  0.0%)   0.0038 (  0.0%)   0.0038 (  0.0%)  Natural Loop Information
   0.0037 (  0.0%)   0.0000 (  0.0%)   0.0037 (  0.0%)   0.0037 (  0.0%)  Natural Loop Information
   0.0036 (  0.0%)   0.0000 (  0.0%)   0.0036 (  0.0%)   0.0036 (  0.0%)  Dominator Tree Construction
   0.0036 (  0.0%)   0.0000 (  0.0%)   0.0036 (  0.0%)   0.0036 (  0.0%)  Dominator Tree Construction
   0.0036 (  0.0%)   0.0000 (  0.0%)   0.0036 (  0.0%)   0.0036 (  0.0%)  Collect complexity metrics for FE reflow
   0.0036 (  0.0%)   0.0000 (  0.0%)   0.0036 (  0.0%)   0.0036 (  0.0%)  Natural Loop Information
   0.0036 (  0.0%)   0.0000 (  0.0%)   0.0036 (  0.0%)   0.0036 (  0.0%)  Dominator Tree Construction
   0.0035 (  0.0%)   0.0000 (  0.0%)   0.0035 (  0.0%)   0.0035 (  0.0%)  Natural Loop Information
   0.0035 (  0.0%)   0.0000 (  0.0%)   0.0035 (  0.0%)   0.0035 (  0.0%)  Collect complexity metrics for FE reflow
   0.0035 (  0.0%)   0.0000 (  0.0%)   0.0035 (  0.0%)   0.0035 (  0.0%)  Natural Loop Information
   0.0035 (  0.0%)   0.0000 (  0.0%)   0.0035 (  0.0%)   0.0035 (  0.0%)  Natural Loop Information
   0.0035 (  0.0%)   0.0000 (  0.0%)   0.0035 (  0.0%)   0.0035 (  0.0%)  Natural Loop Information
   0.0035 (  0.0%)   0.0000 (  0.0%)   0.0035 (  0.0%)   0.0035 (  0.0%)  Dominance Frontier Construction
   0.0035 (  0.0%)   0.0000 (  0.0%)   0.0035 (  0.0%)   0.0035 (  0.0%)  Natural Loop Information
   0.0034 (  0.0%)   0.0000 (  0.0%)   0.0034 (  0.0%)   0.0034 (  0.0%)  Dump HBM driver helper code
   0.0034 (  0.0%)   0.0000 (  0.0%)   0.0034 (  0.0%)   0.0034 (  0.0%)  Dead Store Elimination
   0.0034 (  0.0%)   0.0000 (  0.0%)   0.0034 (  0.0%)   0.0034 (  0.0%)  Dominator Tree Construction
   0.0033 (  0.0%)   0.0000 (  0.0%)   0.0033 (  0.0%)   0.0033 (  0.0%)  Natural Loop Information
   0.0033 (  0.0%)   0.0000 (  0.0%)   0.0033 (  0.0%)   0.0033 (  0.0%)  Scalar Evolution Analysis
   0.0033 (  0.0%)   0.0000 (  0.0%)   0.0033 (  0.0%)   0.0033 (  0.0%)  Extract dataflow loop
   0.0032 (  0.0%)   0.0000 (  0.0%)   0.0032 (  0.0%)   0.0032 (  0.0%)  Dead Store Elimination
   0.0032 (  0.0%)   0.0001 (  0.0%)   0.0032 (  0.0%)   0.0032 (  0.0%)  Dead Store Elimination
   0.0032 (  0.0%)   0.0000 (  0.0%)   0.0032 (  0.0%)   0.0032 (  0.0%)  Collect complexity metrics for FE reflow
   0.0032 (  0.0%)   0.0000 (  0.0%)   0.0032 (  0.0%)   0.0032 (  0.0%)  Dead Store Elimination
   0.0032 (  0.0%)   0.0000 (  0.0%)   0.0032 (  0.0%)   0.0032 (  0.0%)  Print module to file
   0.0031 (  0.0%)   0.0000 (  0.0%)   0.0031 (  0.0%)   0.0031 (  0.0%)  Memory Summary
   0.0031 (  0.0%)   0.0000 (  0.0%)   0.0031 (  0.0%)   0.0031 (  0.0%)  Dead Store Elimination
   0.0030 (  0.0%)   0.0000 (  0.0%)   0.0030 (  0.0%)   0.0030 (  0.0%)  Dead Store Elimination
   0.0027 (  0.0%)   0.0003 (  0.0%)   0.0030 (  0.0%)   0.0030 (  0.0%)  Dead Store Elimination
   0.0030 (  0.0%)   0.0000 (  0.0%)   0.0030 (  0.0%)   0.0030 (  0.0%)  Dead Store Elimination
   0.0030 (  0.0%)   0.0000 (  0.0%)   0.0030 (  0.0%)   0.0030 (  0.0%)  Canonicalize natural loops
   0.0029 (  0.0%)   0.0000 (  0.0%)   0.0029 (  0.0%)   0.0029 (  0.0%)  Canonicalize natural loops
   0.0029 (  0.0%)   0.0000 (  0.0%)   0.0029 (  0.0%)   0.0029 (  0.0%)  Dead Store Elimination
   0.0029 (  0.0%)   0.0000 (  0.0%)   0.0029 (  0.0%)   0.0029 (  0.0%)  Canonicalize natural loops
   0.0029 (  0.0%)   0.0000 (  0.0%)   0.0029 (  0.0%)   0.0029 (  0.0%)  Dead Store Elimination
   0.0029 (  0.0%)   0.0000 (  0.0%)   0.0029 (  0.0%)   0.0029 (  0.0%)  Dead Store Elimination
   0.0029 (  0.0%)   0.0000 (  0.0%)   0.0029 (  0.0%)   0.0029 (  0.0%)  Dead Store Elimination
   0.0029 (  0.0%)   0.0000 (  0.0%)   0.0029 (  0.0%)   0.0029 (  0.0%)  Dead Store Elimination
   0.0029 (  0.0%)   0.0000 (  0.0%)   0.0029 (  0.0%)   0.0029 (  0.0%)  Canonicalize natural loops
   0.0029 (  0.0%)   0.0000 (  0.0%)   0.0029 (  0.0%)   0.0029 (  0.0%)  Dead Store Elimination
   0.0029 (  0.0%)   0.0000 (  0.0%)   0.0029 (  0.0%)   0.0029 (  0.0%)  Dominator Tree Construction
   0.0028 (  0.0%)   0.0000 (  0.0%)   0.0028 (  0.0%)   0.0028 (  0.0%)  Dominator Tree Construction
   0.0028 (  0.0%)   0.0000 (  0.0%)   0.0028 (  0.0%)   0.0028 (  0.0%)  Post-Dominator Tree Construction
   0.0028 (  0.0%)   0.0000 (  0.0%)   0.0028 (  0.0%)   0.0028 (  0.0%)  Post-Dominator Tree Construction
   0.0026 (  0.0%)   0.0002 (  0.0%)   0.0028 (  0.0%)   0.0028 (  0.0%)  Post-Dominator Tree Construction
   0.0028 (  0.0%)   0.0000 (  0.0%)   0.0028 (  0.0%)   0.0028 (  0.0%)  Post-Dominator Tree Construction
   0.0027 (  0.0%)   0.0000 (  0.0%)   0.0027 (  0.0%)   0.0027 (  0.0%)  Post-Dominator Tree Construction
   0.0027 (  0.0%)   0.0000 (  0.0%)   0.0027 (  0.0%)   0.0027 (  0.0%)  Dead Store Elimination
   0.0027 (  0.0%)   0.0000 (  0.0%)   0.0027 (  0.0%)   0.0027 (  0.0%)  Structure stription
   0.0027 (  0.0%)   0.0000 (  0.0%)   0.0027 (  0.0%)   0.0027 (  0.0%)  Dominator Tree Construction
   0.0026 (  0.0%)   0.0000 (  0.0%)   0.0026 (  0.0%)   0.0027 (  0.0%)  Canonicalize natural loops
   0.0027 (  0.0%)   0.0000 (  0.0%)   0.0027 (  0.0%)   0.0027 (  0.0%)  AnnotateNoAlias - Annotate NoAlias Attribute on Arguments
   0.0027 (  0.0%)   0.0000 (  0.0%)   0.0027 (  0.0%)   0.0027 (  0.0%)  Dominator Tree Construction
   0.0026 (  0.0%)   0.0000 (  0.0%)   0.0026 (  0.0%)   0.0026 (  0.0%)  Natural Loop Information
   0.0026 (  0.0%)   0.0000 (  0.0%)   0.0026 (  0.0%)   0.0026 (  0.0%)  Canonicalize natural loops
   0.0026 (  0.0%)   0.0000 (  0.0%)   0.0026 (  0.0%)   0.0026 (  0.0%)  Natural Loop Information
   0.0026 (  0.0%)   0.0000 (  0.0%)   0.0026 (  0.0%)   0.0026 (  0.0%)  Dominator Tree Construction
   0.0026 (  0.0%)   0.0000 (  0.0%)   0.0026 (  0.0%)   0.0026 (  0.0%)  Canonicalize natural loops
   0.0026 (  0.0%)   0.0000 (  0.0%)   0.0026 (  0.0%)   0.0026 (  0.0%)  Post-Dominator Tree Construction
   0.0026 (  0.0%)   0.0000 (  0.0%)   0.0026 (  0.0%)   0.0026 (  0.0%)  Canonicalize natural loops
   0.0025 (  0.0%)   0.0000 (  0.0%)   0.0025 (  0.0%)   0.0025 (  0.0%)  Dominator Tree Construction
   0.0025 (  0.0%)   0.0000 (  0.0%)   0.0025 (  0.0%)   0.0025 (  0.0%)  Dominator Tree Construction
   0.0025 (  0.0%)   0.0000 (  0.0%)   0.0025 (  0.0%)   0.0025 (  0.0%)  Natural Loop Information
   0.0025 (  0.0%)   0.0000 (  0.0%)   0.0025 (  0.0%)   0.0025 (  0.0%)  Function Alias Analysis Results
   0.0025 (  0.0%)   0.0000 (  0.0%)   0.0025 (  0.0%)   0.0025 (  0.0%)  Natural Loop Information
   0.0025 (  0.0%)   0.0000 (  0.0%)   0.0025 (  0.0%)   0.0025 (  0.0%)  Natural Loop Information
   0.0025 (  0.0%)   0.0000 (  0.0%)   0.0025 (  0.0%)   0.0025 (  0.0%)  Post-Dominator Tree Construction
   0.0024 (  0.0%)   0.0000 (  0.0%)   0.0024 (  0.0%)   0.0024 (  0.0%)  Post-Dominator Tree Construction
   0.0024 (  0.0%)   0.0000 (  0.0%)   0.0024 (  0.0%)   0.0024 (  0.0%)  Post-Dominator Tree Construction
   0.0024 (  0.0%)   0.0000 (  0.0%)   0.0024 (  0.0%)   0.0024 (  0.0%)  Post-Dominator Tree Construction
   0.0024 (  0.0%)   0.0000 (  0.0%)   0.0024 (  0.0%)   0.0024 (  0.0%)  Natural Loop Information
   0.0024 (  0.0%)   0.0000 (  0.0%)   0.0024 (  0.0%)   0.0024 (  0.0%)  Post-Dominator Tree Construction
   0.0024 (  0.0%)   0.0000 (  0.0%)   0.0024 (  0.0%)   0.0024 (  0.0%)  Post-Dominator Tree Construction
   0.0024 (  0.0%)   0.0000 (  0.0%)   0.0024 (  0.0%)   0.0024 (  0.0%)  Post-Dominator Tree Construction
   0.0024 (  0.0%)   0.0000 (  0.0%)   0.0024 (  0.0%)   0.0024 (  0.0%)  Post-Dominator Tree Construction
   0.0024 (  0.0%)   0.0000 (  0.0%)   0.0024 (  0.0%)   0.0024 (  0.0%)  Function Alias Analysis Results
   0.0023 (  0.0%)   0.0000 (  0.0%)   0.0024 (  0.0%)   0.0023 (  0.0%)  Scalar Evolution Analysis
   0.0023 (  0.0%)   0.0000 (  0.0%)   0.0023 (  0.0%)   0.0023 (  0.0%)  Natural Loop Information
   0.0023 (  0.0%)   0.0000 (  0.0%)   0.0023 (  0.0%)   0.0023 (  0.0%)  Scalar Evolution Analysis
   0.0023 (  0.0%)   0.0000 (  0.0%)   0.0023 (  0.0%)   0.0023 (  0.0%)  Post-Dominator Tree Construction
   0.0023 (  0.0%)   0.0000 (  0.0%)   0.0023 (  0.0%)   0.0023 (  0.0%)  Post-Dominator Tree Construction
   0.0023 (  0.0%)   0.0000 (  0.0%)   0.0023 (  0.0%)   0.0023 (  0.0%)  Post-Dominator Tree Construction
   0.0023 (  0.0%)   0.0000 (  0.0%)   0.0023 (  0.0%)   0.0023 (  0.0%)  Post-Dominator Tree Construction
   0.0023 (  0.0%)   0.0000 (  0.0%)   0.0023 (  0.0%)   0.0023 (  0.0%)  Scalar Evolution Analysis
   0.0023 (  0.0%)   0.0000 (  0.0%)   0.0023 (  0.0%)   0.0023 (  0.0%)  Post-Dominator Tree Construction
   0.0023 (  0.0%)   0.0000 (  0.0%)   0.0023 (  0.0%)   0.0023 (  0.0%)  Post-Dominator Tree Construction
   0.0023 (  0.0%)   0.0000 (  0.0%)   0.0023 (  0.0%)   0.0023 (  0.0%)  Post-Dominator Tree Construction
   0.0023 (  0.0%)   0.0000 (  0.0%)   0.0023 (  0.0%)   0.0023 (  0.0%)  Scalar Evolution Analysis
   0.0023 (  0.0%)   0.0000 (  0.0%)   0.0023 (  0.0%)   0.0023 (  0.0%)  Memory SSA
   0.0023 (  0.0%)   0.0000 (  0.0%)   0.0023 (  0.0%)   0.0023 (  0.0%)  Post-Dominator Tree Construction
   0.0023 (  0.0%)   0.0000 (  0.0%)   0.0023 (  0.0%)   0.0023 (  0.0%)  AnnotateNoAlias - Annotate NoAlias Attribute on Arguments
   0.0023 (  0.0%)   0.0000 (  0.0%)   0.0023 (  0.0%)   0.0023 (  0.0%)  Post-Dominator Tree Construction
   0.0023 (  0.0%)   0.0000 (  0.0%)   0.0023 (  0.0%)   0.0023 (  0.0%)  Post-Dominator Tree Construction
   0.0010 (  0.0%)   0.0013 (  0.1%)   0.0023 (  0.0%)   0.0023 (  0.0%)  Post-Dominator Tree Construction
   0.0023 (  0.0%)   0.0000 (  0.0%)   0.0023 (  0.0%)   0.0023 (  0.0%)  Scalar Evolution Analysis
   0.0023 (  0.0%)   0.0000 (  0.0%)   0.0023 (  0.0%)   0.0023 (  0.0%)  Post-Dominator Tree Construction
   0.0023 (  0.0%)   0.0000 (  0.0%)   0.0023 (  0.0%)   0.0022 (  0.0%)  Post-Dominator Tree Construction
   0.0022 (  0.0%)   0.0000 (  0.0%)   0.0022 (  0.0%)   0.0022 (  0.0%)  Post-Dominator Tree Construction
   0.0022 (  0.0%)   0.0001 (  0.0%)   0.0022 (  0.0%)   0.0022 (  0.0%)  Post-Dominator Tree Construction
   0.0022 (  0.0%)   0.0000 (  0.0%)   0.0022 (  0.0%)   0.0022 (  0.0%)  Post-Dominator Tree Construction
   0.0022 (  0.0%)   0.0000 (  0.0%)   0.0022 (  0.0%)   0.0022 (  0.0%)  Post-Dominator Tree Construction
   0.0022 (  0.0%)   0.0000 (  0.0%)   0.0022 (  0.0%)   0.0022 (  0.0%)  Dominator Tree Construction
   0.0022 (  0.0%)   0.0001 (  0.0%)   0.0022 (  0.0%)   0.0022 (  0.0%)  Post-Dominator Tree Construction
   0.0000 (  0.0%)   0.0022 (  0.1%)   0.0022 (  0.0%)   0.0022 (  0.0%)  Reflow pragma unroll loops
   0.0022 (  0.0%)   0.0000 (  0.0%)   0.0022 (  0.0%)   0.0022 (  0.0%)  Memory SSA
   0.0020 (  0.0%)   0.0002 (  0.0%)   0.0022 (  0.0%)   0.0022 (  0.0%)  Post-Dominator Tree Construction
   0.0022 (  0.0%)   0.0000 (  0.0%)   0.0022 (  0.0%)   0.0022 (  0.0%)  Post-Dominator Tree Construction
   0.0022 (  0.0%)   0.0000 (  0.0%)   0.0022 (  0.0%)   0.0022 (  0.0%)  Post-Dominator Tree Construction
   0.0022 (  0.0%)   0.0000 (  0.0%)   0.0022 (  0.0%)   0.0022 (  0.0%)  Post-Dominator Tree Construction
   0.0022 (  0.0%)   0.0000 (  0.0%)   0.0022 (  0.0%)   0.0022 (  0.0%)  Scalar Evolution Analysis
   0.0022 (  0.0%)   0.0000 (  0.0%)   0.0022 (  0.0%)   0.0022 (  0.0%)  Post-Dominator Tree Construction
   0.0022 (  0.0%)   0.0000 (  0.0%)   0.0022 (  0.0%)   0.0022 (  0.0%)  Memory SSA
   0.0022 (  0.0%)   0.0000 (  0.0%)   0.0022 (  0.0%)   0.0022 (  0.0%)  Memory SSA
   0.0022 (  0.0%)   0.0000 (  0.0%)   0.0022 (  0.0%)   0.0022 (  0.0%)  Post-Dominator Tree Construction
   0.0022 (  0.0%)   0.0000 (  0.0%)   0.0022 (  0.0%)   0.0022 (  0.0%)  Post-Dominator Tree Construction
   0.0003 (  0.0%)   0.0019 (  0.1%)   0.0022 (  0.0%)   0.0022 (  0.0%)  Post-Dominator Tree Construction
   0.0022 (  0.0%)   0.0000 (  0.0%)   0.0022 (  0.0%)   0.0022 (  0.0%)  Post-Dominator Tree Construction
   0.0022 (  0.0%)   0.0000 (  0.0%)   0.0022 (  0.0%)   0.0022 (  0.0%)  Post-Dominator Tree Construction
   0.0011 (  0.0%)   0.0010 (  0.1%)   0.0021 (  0.0%)   0.0021 (  0.0%)  Post-Dominator Tree Construction
   0.0021 (  0.0%)   0.0000 (  0.0%)   0.0021 (  0.0%)   0.0021 (  0.0%)  Post-Dominator Tree Construction
   0.0021 (  0.0%)   0.0000 (  0.0%)   0.0021 (  0.0%)   0.0021 (  0.0%)  Post-Dominator Tree Construction
   0.0021 (  0.0%)   0.0000 (  0.0%)   0.0021 (  0.0%)   0.0021 (  0.0%)  Dominator Tree Construction
   0.0021 (  0.0%)   0.0000 (  0.0%)   0.0021 (  0.0%)   0.0021 (  0.0%)  Post-Dominator Tree Construction
   0.0021 (  0.0%)   0.0000 (  0.0%)   0.0021 (  0.0%)   0.0021 (  0.0%)  Post-Dominator Tree Construction
   0.0019 (  0.0%)   0.0001 (  0.0%)   0.0021 (  0.0%)   0.0021 (  0.0%)  Memory SSA
   0.0021 (  0.0%)   0.0000 (  0.0%)   0.0021 (  0.0%)   0.0021 (  0.0%)  Post-Dominator Tree Construction
   0.0021 (  0.0%)   0.0000 (  0.0%)   0.0021 (  0.0%)   0.0021 (  0.0%)  Post-Dominator Tree Construction
   0.0021 (  0.0%)   0.0000 (  0.0%)   0.0021 (  0.0%)   0.0021 (  0.0%)  Memory SSA
   0.0020 (  0.0%)   0.0000 (  0.0%)   0.0020 (  0.0%)   0.0020 (  0.0%)  Memory SSA
   0.0020 (  0.0%)   0.0000 (  0.0%)   0.0020 (  0.0%)   0.0020 (  0.0%)  Dominator Tree Construction
   0.0020 (  0.0%)   0.0000 (  0.0%)   0.0020 (  0.0%)   0.0020 (  0.0%)  Memory SSA
   0.0020 (  0.0%)   0.0000 (  0.0%)   0.0020 (  0.0%)   0.0020 (  0.0%)  Dominator Tree Construction
   0.0020 (  0.0%)   0.0000 (  0.0%)   0.0020 (  0.0%)   0.0020 (  0.0%)  Memory SSA
   0.0020 (  0.0%)   0.0000 (  0.0%)   0.0020 (  0.0%)   0.0020 (  0.0%)  Memory SSA
   0.0020 (  0.0%)   0.0000 (  0.0%)   0.0020 (  0.0%)   0.0020 (  0.0%)  Dead Store Elimination
   0.0020 (  0.0%)   0.0000 (  0.0%)   0.0020 (  0.0%)   0.0020 (  0.0%)  Combine redundant instructions
   0.0020 (  0.0%)   0.0000 (  0.0%)   0.0020 (  0.0%)   0.0020 (  0.0%)  Memory SSA
   0.0020 (  0.0%)   0.0000 (  0.0%)   0.0020 (  0.0%)   0.0019 (  0.0%)  Control Dependence Analysis
   0.0019 (  0.0%)   0.0000 (  0.0%)   0.0019 (  0.0%)   0.0019 (  0.0%)  Dominator Tree Construction
   0.0019 (  0.0%)   0.0000 (  0.0%)   0.0019 (  0.0%)   0.0019 (  0.0%)  Memory SSA
   0.0011 (  0.0%)   0.0008 (  0.0%)   0.0019 (  0.0%)   0.0019 (  0.0%)  Dominator Tree Construction
   0.0019 (  0.0%)   0.0000 (  0.0%)   0.0019 (  0.0%)   0.0019 (  0.0%)  Memory SSA
   0.0019 (  0.0%)   0.0000 (  0.0%)   0.0019 (  0.0%)   0.0019 (  0.0%)  Natural Loop Information
   0.0019 (  0.0%)   0.0000 (  0.0%)   0.0019 (  0.0%)   0.0019 (  0.0%)  Dead Store Elimination
   0.0018 (  0.0%)   0.0000 (  0.0%)   0.0019 (  0.0%)   0.0019 (  0.0%)  Dominator Tree Construction
   0.0018 (  0.0%)   0.0000 (  0.0%)   0.0018 (  0.0%)   0.0018 (  0.0%)  Dominator Tree Construction
   0.0018 (  0.0%)   0.0000 (  0.0%)   0.0018 (  0.0%)   0.0018 (  0.0%)  Dead Store Elimination
   0.0018 (  0.0%)   0.0000 (  0.0%)   0.0018 (  0.0%)   0.0018 (  0.0%)  Natural Loop Information
   0.0018 (  0.0%)   0.0000 (  0.0%)   0.0018 (  0.0%)   0.0018 (  0.0%)  Natural Loop Information
   0.0018 (  0.0%)   0.0000 (  0.0%)   0.0018 (  0.0%)   0.0018 (  0.0%)  Dominator Tree Construction
   0.0018 (  0.0%)   0.0000 (  0.0%)   0.0018 (  0.0%)   0.0018 (  0.0%)  Dominator Tree Construction
   0.0018 (  0.0%)   0.0000 (  0.0%)   0.0018 (  0.0%)   0.0018 (  0.0%)  Dominator Tree Construction
   0.0018 (  0.0%)   0.0000 (  0.0%)   0.0018 (  0.0%)   0.0018 (  0.0%)  Dominator Tree Construction
   0.0017 (  0.0%)   0.0000 (  0.0%)   0.0017 (  0.0%)   0.0017 (  0.0%)  Dominator Tree Construction
   0.0017 (  0.0%)   0.0000 (  0.0%)   0.0017 (  0.0%)   0.0017 (  0.0%)  Natural Loop Information
   0.0017 (  0.0%)   0.0000 (  0.0%)   0.0017 (  0.0%)   0.0017 (  0.0%)  MemSSAOpt - Memory SSA based optimizations
   0.0017 (  0.0%)   0.0000 (  0.0%)   0.0017 (  0.0%)   0.0017 (  0.0%)  Dominator Tree Construction
   0.0017 (  0.0%)   0.0000 (  0.0%)   0.0017 (  0.0%)   0.0017 (  0.0%)  Dominator Tree Construction
   0.0017 (  0.0%)   0.0000 (  0.0%)   0.0017 (  0.0%)   0.0017 (  0.0%)  Dominator Tree Construction
   0.0017 (  0.0%)   0.0000 (  0.0%)   0.0017 (  0.0%)   0.0017 (  0.0%)  Dominator Tree Construction
   0.0016 (  0.0%)   0.0001 (  0.0%)   0.0017 (  0.0%)   0.0017 (  0.0%)  Dominator Tree Construction
   0.0017 (  0.0%)   0.0000 (  0.0%)   0.0017 (  0.0%)   0.0017 (  0.0%)  Canonicalize natural loops
   0.0017 (  0.0%)   0.0000 (  0.0%)   0.0017 (  0.0%)   0.0017 (  0.0%)  Dominator Tree Construction
   0.0017 (  0.0%)   0.0000 (  0.0%)   0.0017 (  0.0%)   0.0017 (  0.0%)  Dominator Tree Construction
   0.0017 (  0.0%)   0.0000 (  0.0%)   0.0017 (  0.0%)   0.0017 (  0.0%)  Dominator Tree Construction
   0.0017 (  0.0%)   0.0000 (  0.0%)   0.0017 (  0.0%)   0.0017 (  0.0%)  Dominator Tree Construction
   0.0003 (  0.0%)   0.0014 (  0.1%)   0.0017 (  0.0%)   0.0017 (  0.0%)  Dominator Tree Construction
   0.0017 (  0.0%)   0.0000 (  0.0%)   0.0017 (  0.0%)   0.0017 (  0.0%)  Dominator Tree Construction
   0.0017 (  0.0%)   0.0000 (  0.0%)   0.0017 (  0.0%)   0.0017 (  0.0%)  Dominator Tree Construction
   0.0017 (  0.0%)   0.0000 (  0.0%)   0.0017 (  0.0%)   0.0017 (  0.0%)  Natural Loop Information
   0.0017 (  0.0%)   0.0000 (  0.0%)   0.0017 (  0.0%)   0.0017 (  0.0%)  Dominator Tree Construction
   0.0017 (  0.0%)   0.0000 (  0.0%)   0.0017 (  0.0%)   0.0017 (  0.0%)  Dominator Tree Construction
   0.0017 (  0.0%)   0.0000 (  0.0%)   0.0017 (  0.0%)   0.0017 (  0.0%)  Dominator Tree Construction
   0.0017 (  0.0%)   0.0000 (  0.0%)   0.0017 (  0.0%)   0.0017 (  0.0%)  Dominator Tree Construction
   0.0004 (  0.0%)   0.0013 (  0.1%)   0.0017 (  0.0%)   0.0017 (  0.0%)  Dominator Tree Construction
   0.0017 (  0.0%)   0.0000 (  0.0%)   0.0017 (  0.0%)   0.0017 (  0.0%)  Natural Loop Information
   0.0017 (  0.0%)   0.0000 (  0.0%)   0.0017 (  0.0%)   0.0017 (  0.0%)  Natural Loop Information
   0.0017 (  0.0%)   0.0000 (  0.0%)   0.0017 (  0.0%)   0.0017 (  0.0%)  Dominator Tree Construction
   0.0017 (  0.0%)   0.0000 (  0.0%)   0.0017 (  0.0%)   0.0017 (  0.0%)  Dominator Tree Construction
   0.0017 (  0.0%)   0.0000 (  0.0%)   0.0017 (  0.0%)   0.0017 (  0.0%)  Dominator Tree Construction
   0.0016 (  0.0%)   0.0000 (  0.0%)   0.0017 (  0.0%)   0.0017 (  0.0%)  Dominator Tree Construction
   0.0016 (  0.0%)   0.0001 (  0.0%)   0.0017 (  0.0%)   0.0017 (  0.0%)  Dominator Tree Construction
   0.0016 (  0.0%)   0.0001 (  0.0%)   0.0016 (  0.0%)   0.0016 (  0.0%)  Dominator Tree Construction
   0.0000 (  0.0%)   0.0016 (  0.1%)   0.0016 (  0.0%)   0.0016 (  0.0%)  Automatic inliner in reflow
   0.0016 (  0.0%)   0.0000 (  0.0%)   0.0016 (  0.0%)   0.0016 (  0.0%)  Dominator Tree Construction
   0.0016 (  0.0%)   0.0000 (  0.0%)   0.0016 (  0.0%)   0.0016 (  0.0%)  Dominator Tree Construction
   0.0016 (  0.0%)   0.0000 (  0.0%)   0.0016 (  0.0%)   0.0016 (  0.0%)  Natural Loop Information
   0.0016 (  0.0%)   0.0000 (  0.0%)   0.0016 (  0.0%)   0.0016 (  0.0%)  Dominator Tree Construction
   0.0016 (  0.0%)   0.0000 (  0.0%)   0.0016 (  0.0%)   0.0016 (  0.0%)  Natural Loop Information
   0.0016 (  0.0%)   0.0000 (  0.0%)   0.0016 (  0.0%)   0.0016 (  0.0%)  LoopDepAnalysis - Reflow Loop Dependence Annotation
   0.0016 (  0.0%)   0.0000 (  0.0%)   0.0016 (  0.0%)   0.0016 (  0.0%)  Memory SSA
   0.0016 (  0.0%)   0.0000 (  0.0%)   0.0016 (  0.0%)   0.0016 (  0.0%)  Dominator Tree Construction
   0.0016 (  0.0%)   0.0000 (  0.0%)   0.0016 (  0.0%)   0.0016 (  0.0%)  Dominator Tree Construction
   0.0016 (  0.0%)   0.0000 (  0.0%)   0.0016 (  0.0%)   0.0016 (  0.0%)  Dominator Tree Construction
   0.0016 (  0.0%)   0.0000 (  0.0%)   0.0016 (  0.0%)   0.0016 (  0.0%)  Dominator Tree Construction
   0.0016 (  0.0%)   0.0000 (  0.0%)   0.0016 (  0.0%)   0.0016 (  0.0%)  Dominator Tree Construction
   0.0016 (  0.0%)   0.0000 (  0.0%)   0.0016 (  0.0%)   0.0016 (  0.0%)  Dominator Tree Construction
   0.0001 (  0.0%)   0.0015 (  0.1%)   0.0016 (  0.0%)   0.0016 (  0.0%)  Dominator Tree Construction
   0.0016 (  0.0%)   0.0000 (  0.0%)   0.0016 (  0.0%)   0.0016 (  0.0%)  Dominator Tree Construction
   0.0016 (  0.0%)   0.0000 (  0.0%)   0.0016 (  0.0%)   0.0016 (  0.0%)  Dominator Tree Construction
   0.0016 (  0.0%)   0.0000 (  0.0%)   0.0016 (  0.0%)   0.0016 (  0.0%)  Dominator Tree Construction
   0.0016 (  0.0%)   0.0000 (  0.0%)   0.0016 (  0.0%)   0.0016 (  0.0%)  Dominator Tree Construction
   0.0016 (  0.0%)   0.0000 (  0.0%)   0.0016 (  0.0%)   0.0016 (  0.0%)  Dominator Tree Construction
   0.0016 (  0.0%)   0.0000 (  0.0%)   0.0016 (  0.0%)   0.0016 (  0.0%)  Dominator Tree Construction
   0.0016 (  0.0%)   0.0000 (  0.0%)   0.0016 (  0.0%)   0.0016 (  0.0%)  Dominator Tree Construction
   0.0016 (  0.0%)   0.0000 (  0.0%)   0.0016 (  0.0%)   0.0016 (  0.0%)  Dominator Tree Construction
   0.0016 (  0.0%)   0.0000 (  0.0%)   0.0016 (  0.0%)   0.0016 (  0.0%)  Dominator Tree Construction
   0.0016 (  0.0%)   0.0000 (  0.0%)   0.0016 (  0.0%)   0.0016 (  0.0%)  Dominator Tree Construction
   0.0016 (  0.0%)   0.0000 (  0.0%)   0.0016 (  0.0%)   0.0016 (  0.0%)  Natural Loop Information
   0.0016 (  0.0%)   0.0000 (  0.0%)   0.0016 (  0.0%)   0.0016 (  0.0%)  Dominator Tree Construction
   0.0016 (  0.0%)   0.0000 (  0.0%)   0.0016 (  0.0%)   0.0016 (  0.0%)  Dominator Tree Construction
   0.0016 (  0.0%)   0.0000 (  0.0%)   0.0016 (  0.0%)   0.0016 (  0.0%)  Dominator Tree Construction
   0.0016 (  0.0%)   0.0000 (  0.0%)   0.0016 (  0.0%)   0.0016 (  0.0%)  Dominator Tree Construction
   0.0003 (  0.0%)   0.0013 (  0.1%)   0.0016 (  0.0%)   0.0016 (  0.0%)  Dominator Tree Construction
   0.0015 (  0.0%)   0.0001 (  0.0%)   0.0016 (  0.0%)   0.0016 (  0.0%)  Dominator Tree Construction
   0.0016 (  0.0%)   0.0000 (  0.0%)   0.0016 (  0.0%)   0.0016 (  0.0%)  Dominator Tree Construction
   0.0016 (  0.0%)   0.0000 (  0.0%)   0.0016 (  0.0%)   0.0016 (  0.0%)  Dominator Tree Construction
   0.0016 (  0.0%)   0.0000 (  0.0%)   0.0016 (  0.0%)   0.0016 (  0.0%)  Dominator Tree Construction
   0.0016 (  0.0%)   0.0000 (  0.0%)   0.0016 (  0.0%)   0.0016 (  0.0%)  Dominator Tree Construction
   0.0016 (  0.0%)   0.0000 (  0.0%)   0.0016 (  0.0%)   0.0016 (  0.0%)  Natural Loop Information
   0.0016 (  0.0%)   0.0000 (  0.0%)   0.0016 (  0.0%)   0.0016 (  0.0%)  Dominator Tree Construction
   0.0016 (  0.0%)   0.0000 (  0.0%)   0.0016 (  0.0%)   0.0016 (  0.0%)  Dominator Tree Construction
   0.0015 (  0.0%)   0.0000 (  0.0%)   0.0015 (  0.0%)   0.0015 (  0.0%)  Dominator Tree Construction
   0.0015 (  0.0%)   0.0000 (  0.0%)   0.0015 (  0.0%)   0.0015 (  0.0%)  Dominator Tree Construction
   0.0015 (  0.0%)   0.0000 (  0.0%)   0.0015 (  0.0%)   0.0015 (  0.0%)  Dominator Tree Construction
   0.0015 (  0.0%)   0.0000 (  0.0%)   0.0015 (  0.0%)   0.0015 (  0.0%)  Natural Loop Information
   0.0015 (  0.0%)   0.0000 (  0.0%)   0.0015 (  0.0%)   0.0015 (  0.0%)  Natural Loop Information
   0.0015 (  0.0%)   0.0000 (  0.0%)   0.0015 (  0.0%)   0.0015 (  0.0%)  Dominator Tree Construction
   0.0015 (  0.0%)   0.0000 (  0.0%)   0.0015 (  0.0%)   0.0015 (  0.0%)  Natural Loop Information
   0.0015 (  0.0%)   0.0000 (  0.0%)   0.0015 (  0.0%)   0.0015 (  0.0%)  Dominator Tree Construction
   0.0015 (  0.0%)   0.0000 (  0.0%)   0.0015 (  0.0%)   0.0015 (  0.0%)  Control Dependence Analysis
   0.0015 (  0.0%)   0.0000 (  0.0%)   0.0015 (  0.0%)   0.0015 (  0.0%)  Natural Loop Information
   0.0015 (  0.0%)   0.0000 (  0.0%)   0.0015 (  0.0%)   0.0015 (  0.0%)  Canonicalize natural loops
   0.0015 (  0.0%)   0.0000 (  0.0%)   0.0015 (  0.0%)   0.0015 (  0.0%)  Dominator Tree Construction
   0.0015 (  0.0%)   0.0000 (  0.0%)   0.0015 (  0.0%)   0.0015 (  0.0%)  Natural Loop Information
   0.0015 (  0.0%)   0.0000 (  0.0%)   0.0015 (  0.0%)   0.0015 (  0.0%)  Dominance Frontier Construction
   0.0015 (  0.0%)   0.0000 (  0.0%)   0.0015 (  0.0%)   0.0015 (  0.0%)  Dominator Tree Construction
   0.0015 (  0.0%)   0.0000 (  0.0%)   0.0015 (  0.0%)   0.0015 (  0.0%)  Dominator Tree Construction
   0.0015 (  0.0%)   0.0000 (  0.0%)   0.0015 (  0.0%)   0.0015 (  0.0%)  Dominator Tree Construction
   0.0015 (  0.0%)   0.0000 (  0.0%)   0.0015 (  0.0%)   0.0015 (  0.0%)  Canonicalize natural loops
   0.0015 (  0.0%)   0.0000 (  0.0%)   0.0015 (  0.0%)   0.0015 (  0.0%)  Dominator Tree Construction
   0.0015 (  0.0%)   0.0000 (  0.0%)   0.0015 (  0.0%)   0.0015 (  0.0%)  Dominator Tree Construction
   0.0015 (  0.0%)   0.0000 (  0.0%)   0.0015 (  0.0%)   0.0015 (  0.0%)  Natural Loop Information
   0.0002 (  0.0%)   0.0013 (  0.1%)   0.0015 (  0.0%)   0.0015 (  0.0%)  Natural Loop Information
   0.0015 (  0.0%)   0.0000 (  0.0%)   0.0015 (  0.0%)   0.0015 (  0.0%)  Natural Loop Information
   0.0015 (  0.0%)   0.0000 (  0.0%)   0.0015 (  0.0%)   0.0015 (  0.0%)  Natural Loop Information
   0.0015 (  0.0%)   0.0000 (  0.0%)   0.0015 (  0.0%)   0.0015 (  0.0%)  Natural Loop Information
   0.0015 (  0.0%)   0.0000 (  0.0%)   0.0015 (  0.0%)   0.0015 (  0.0%)  Dominator Tree Construction
   0.0015 (  0.0%)   0.0000 (  0.0%)   0.0015 (  0.0%)   0.0015 (  0.0%)  Dominator Tree Construction
   0.0003 (  0.0%)   0.0012 (  0.1%)   0.0015 (  0.0%)   0.0015 (  0.0%)  Dominator Tree Construction
   0.0015 (  0.0%)   0.0000 (  0.0%)   0.0015 (  0.0%)   0.0015 (  0.0%)  Dominator Tree Construction
   0.0015 (  0.0%)   0.0000 (  0.0%)   0.0015 (  0.0%)   0.0015 (  0.0%)  Natural Loop Information
   0.0015 (  0.0%)   0.0000 (  0.0%)   0.0015 (  0.0%)   0.0015 (  0.0%)  Dominator Tree Construction
   0.0015 (  0.0%)   0.0000 (  0.0%)   0.0015 (  0.0%)   0.0015 (  0.0%)  Dominator Tree Construction
   0.0015 (  0.0%)   0.0000 (  0.0%)   0.0015 (  0.0%)   0.0015 (  0.0%)  Natural Loop Information
   0.0015 (  0.0%)   0.0000 (  0.0%)   0.0015 (  0.0%)   0.0015 (  0.0%)  Dominator Tree Construction
   0.0015 (  0.0%)   0.0000 (  0.0%)   0.0015 (  0.0%)   0.0015 (  0.0%)  Pragma preprocessing after clang
   0.0015 (  0.0%)   0.0000 (  0.0%)   0.0015 (  0.0%)   0.0015 (  0.0%)  Natural Loop Information
   0.0015 (  0.0%)   0.0000 (  0.0%)   0.0015 (  0.0%)   0.0015 (  0.0%)  Natural Loop Information
   0.0015 (  0.0%)   0.0000 (  0.0%)   0.0015 (  0.0%)   0.0015 (  0.0%)  Natural Loop Information
   0.0014 (  0.0%)   0.0000 (  0.0%)   0.0014 (  0.0%)   0.0014 (  0.0%)  Natural Loop Information
   0.0014 (  0.0%)   0.0000 (  0.0%)   0.0014 (  0.0%)   0.0014 (  0.0%)  Natural Loop Information
   0.0015 (  0.0%)   0.0000 (  0.0%)   0.0015 (  0.0%)   0.0014 (  0.0%)  Induction Variable Simplification
   0.0014 (  0.0%)   0.0000 (  0.0%)   0.0014 (  0.0%)   0.0014 (  0.0%)  Dominator Tree Construction
   0.0014 (  0.0%)   0.0000 (  0.0%)   0.0014 (  0.0%)   0.0014 (  0.0%)  Natural Loop Information
   0.0014 (  0.0%)   0.0000 (  0.0%)   0.0014 (  0.0%)   0.0014 (  0.0%)  Dominator Tree Construction
   0.0014 (  0.0%)   0.0000 (  0.0%)   0.0014 (  0.0%)   0.0014 (  0.0%)  Dominator Tree Construction
   0.0014 (  0.0%)   0.0000 (  0.0%)   0.0014 (  0.0%)   0.0014 (  0.0%)  Dominator Tree Construction
   0.0014 (  0.0%)   0.0000 (  0.0%)   0.0014 (  0.0%)   0.0014 (  0.0%)  Natural Loop Information
   0.0014 (  0.0%)   0.0000 (  0.0%)   0.0014 (  0.0%)   0.0014 (  0.0%)  Natural Loop Information
   0.0014 (  0.0%)   0.0000 (  0.0%)   0.0014 (  0.0%)   0.0014 (  0.0%)  Dominator Tree Construction
   0.0014 (  0.0%)   0.0000 (  0.0%)   0.0014 (  0.0%)   0.0014 (  0.0%)  Dominator Tree Construction
   0.0014 (  0.0%)   0.0000 (  0.0%)   0.0014 (  0.0%)   0.0014 (  0.0%)  Natural Loop Information
   0.0013 (  0.0%)   0.0001 (  0.0%)   0.0014 (  0.0%)   0.0014 (  0.0%)  Natural Loop Information
   0.0014 (  0.0%)   0.0000 (  0.0%)   0.0014 (  0.0%)   0.0014 (  0.0%)  Natural Loop Information
   0.0014 (  0.0%)   0.0000 (  0.0%)   0.0014 (  0.0%)   0.0014 (  0.0%)  Dominator Tree Construction
   0.0014 (  0.0%)   0.0000 (  0.0%)   0.0014 (  0.0%)   0.0014 (  0.0%)  Natural Loop Information
   0.0014 (  0.0%)   0.0000 (  0.0%)   0.0014 (  0.0%)   0.0014 (  0.0%)  Natural Loop Information
   0.0014 (  0.0%)   0.0000 (  0.0%)   0.0014 (  0.0%)   0.0014 (  0.0%)  Canonicalize natural loops
   0.0014 (  0.0%)   0.0000 (  0.0%)   0.0014 (  0.0%)   0.0014 (  0.0%)  Natural Loop Information
   0.0014 (  0.0%)   0.0000 (  0.0%)   0.0014 (  0.0%)   0.0014 (  0.0%)  Natural Loop Information
   0.0001 (  0.0%)   0.0013 (  0.1%)   0.0014 (  0.0%)   0.0014 (  0.0%)  Natural Loop Information
   0.0014 (  0.0%)   0.0000 (  0.0%)   0.0014 (  0.0%)   0.0014 (  0.0%)  Natural Loop Information
   0.0014 (  0.0%)   0.0000 (  0.0%)   0.0014 (  0.0%)   0.0014 (  0.0%)  Natural Loop Information
   0.0013 (  0.0%)   0.0000 (  0.0%)   0.0014 (  0.0%)   0.0014 (  0.0%)  Natural Loop Information
   0.0014 (  0.0%)   0.0000 (  0.0%)   0.0014 (  0.0%)   0.0014 (  0.0%)  Natural Loop Information
   0.0014 (  0.0%)   0.0000 (  0.0%)   0.0014 (  0.0%)   0.0014 (  0.0%)  Merge accesses
   0.0014 (  0.0%)   0.0000 (  0.0%)   0.0014 (  0.0%)   0.0014 (  0.0%)  Natural Loop Information
   0.0014 (  0.0%)   0.0000 (  0.0%)   0.0014 (  0.0%)   0.0014 (  0.0%)  Dominance Frontier Construction
   0.0014 (  0.0%)   0.0000 (  0.0%)   0.0014 (  0.0%)   0.0014 (  0.0%)  Natural Loop Information
   0.0014 (  0.0%)   0.0000 (  0.0%)   0.0014 (  0.0%)   0.0014 (  0.0%)  Natural Loop Information
   0.0013 (  0.0%)   0.0000 (  0.0%)   0.0014 (  0.0%)   0.0014 (  0.0%)  Natural Loop Information
   0.0014 (  0.0%)   0.0000 (  0.0%)   0.0014 (  0.0%)   0.0014 (  0.0%)  Deduce function attributes
   0.0013 (  0.0%)   0.0000 (  0.0%)   0.0014 (  0.0%)   0.0014 (  0.0%)  Natural Loop Information
   0.0014 (  0.0%)   0.0000 (  0.0%)   0.0014 (  0.0%)   0.0014 (  0.0%)  Natural Loop Information
   0.0014 (  0.0%)   0.0000 (  0.0%)   0.0014 (  0.0%)   0.0014 (  0.0%)  Dominator Tree Construction
   0.0013 (  0.0%)   0.0000 (  0.0%)   0.0013 (  0.0%)   0.0013 (  0.0%)  Natural Loop Information
   0.0013 (  0.0%)   0.0000 (  0.0%)   0.0013 (  0.0%)   0.0013 (  0.0%)  Natural Loop Information
   0.0013 (  0.0%)   0.0000 (  0.0%)   0.0013 (  0.0%)   0.0013 (  0.0%)  Natural Loop Information
   0.0013 (  0.0%)   0.0000 (  0.0%)   0.0013 (  0.0%)   0.0013 (  0.0%)  CallGraph Construction
   0.0013 (  0.0%)   0.0000 (  0.0%)   0.0013 (  0.0%)   0.0013 (  0.0%)  Natural Loop Information
   0.0013 (  0.0%)   0.0000 (  0.0%)   0.0013 (  0.0%)   0.0013 (  0.0%)  Natural Loop Information
   0.0013 (  0.0%)   0.0000 (  0.0%)   0.0013 (  0.0%)   0.0013 (  0.0%)  Natural Loop Information
   0.0013 (  0.0%)   0.0000 (  0.0%)   0.0013 (  0.0%)   0.0013 (  0.0%)  Natural Loop Information
   0.0013 (  0.0%)   0.0000 (  0.0%)   0.0013 (  0.0%)   0.0013 (  0.0%)  Natural Loop Information
   0.0013 (  0.0%)   0.0000 (  0.0%)   0.0013 (  0.0%)   0.0013 (  0.0%)  Natural Loop Information
   0.0013 (  0.0%)   0.0000 (  0.0%)   0.0013 (  0.0%)   0.0013 (  0.0%)  Natural Loop Information
   0.0013 (  0.0%)   0.0000 (  0.0%)   0.0013 (  0.0%)   0.0013 (  0.0%)  Natural Loop Information
   0.0013 (  0.0%)   0.0000 (  0.0%)   0.0013 (  0.0%)   0.0013 (  0.0%)  Natural Loop Information
   0.0013 (  0.0%)   0.0000 (  0.0%)   0.0013 (  0.0%)   0.0013 (  0.0%)  Natural Loop Information
   0.0013 (  0.0%)   0.0000 (  0.0%)   0.0013 (  0.0%)   0.0013 (  0.0%)  Natural Loop Information
   0.0013 (  0.0%)   0.0000 (  0.0%)   0.0013 (  0.0%)   0.0013 (  0.0%)  Natural Loop Information
   0.0001 (  0.0%)   0.0012 (  0.1%)   0.0013 (  0.0%)   0.0013 (  0.0%)  Natural Loop Information
   0.0012 (  0.0%)   0.0001 (  0.0%)   0.0013 (  0.0%)   0.0013 (  0.0%)  Natural Loop Information
   0.0013 (  0.0%)   0.0000 (  0.0%)   0.0013 (  0.0%)   0.0013 (  0.0%)  Natural Loop Information
   0.0013 (  0.0%)   0.0000 (  0.0%)   0.0013 (  0.0%)   0.0013 (  0.0%)  Natural Loop Information
   0.0013 (  0.0%)   0.0000 (  0.0%)   0.0013 (  0.0%)   0.0013 (  0.0%)  Natural Loop Information
   0.0013 (  0.0%)   0.0000 (  0.0%)   0.0013 (  0.0%)   0.0013 (  0.0%)  Natural Loop Information
   0.0013 (  0.0%)   0.0000 (  0.0%)   0.0013 (  0.0%)   0.0013 (  0.0%)  Natural Loop Information
   0.0013 (  0.0%)   0.0000 (  0.0%)   0.0013 (  0.0%)   0.0013 (  0.0%)  Natural Loop Information
   0.0013 (  0.0%)   0.0000 (  0.0%)   0.0013 (  0.0%)   0.0013 (  0.0%)  Deduce function attributes
   0.0013 (  0.0%)   0.0000 (  0.0%)   0.0013 (  0.0%)   0.0013 (  0.0%)  Eliminate pointer selection
   0.0013 (  0.0%)   0.0000 (  0.0%)   0.0013 (  0.0%)   0.0013 (  0.0%)  Canonicalize natural loops
   0.0012 (  0.0%)   0.0000 (  0.0%)   0.0013 (  0.0%)   0.0013 (  0.0%)  Natural Loop Information
   0.0013 (  0.0%)   0.0000 (  0.0%)   0.0013 (  0.0%)   0.0013 (  0.0%)  Natural Loop Information
   0.0012 (  0.0%)   0.0000 (  0.0%)   0.0012 (  0.0%)   0.0012 (  0.0%)  Canonicalize natural loops
   0.0012 (  0.0%)   0.0000 (  0.0%)   0.0012 (  0.0%)   0.0012 (  0.0%)  Detect single entry single exit regions
   0.0012 (  0.0%)   0.0000 (  0.0%)   0.0012 (  0.0%)   0.0012 (  0.0%)  Dominance Frontier Construction
   0.0012 (  0.0%)   0.0000 (  0.0%)   0.0012 (  0.0%)   0.0012 (  0.0%)  Canonicalize natural loops
   0.0012 (  0.0%)   0.0000 (  0.0%)   0.0012 (  0.0%)   0.0012 (  0.0%)  Eliminate pointer selection
   0.0012 (  0.0%)   0.0000 (  0.0%)   0.0012 (  0.0%)   0.0012 (  0.0%)  Canonicalize natural loops
   0.0012 (  0.0%)   0.0000 (  0.0%)   0.0012 (  0.0%)   0.0012 (  0.0%)  Generate IR Wrapper
   0.0012 (  0.0%)   0.0000 (  0.0%)   0.0012 (  0.0%)   0.0012 (  0.0%)  Detect single entry single exit regions
   0.0012 (  0.0%)   0.0000 (  0.0%)   0.0012 (  0.0%)   0.0012 (  0.0%)  Detect single entry single exit regions
   0.0012 (  0.0%)   0.0000 (  0.0%)   0.0012 (  0.0%)   0.0012 (  0.0%)  dump pragma info via xml format
   0.0011 (  0.0%)   0.0000 (  0.0%)   0.0011 (  0.0%)   0.0011 (  0.0%)  Canonicalize natural loops
   0.0011 (  0.0%)   0.0000 (  0.0%)   0.0011 (  0.0%)   0.0011 (  0.0%)  Canonicalize natural loops
   0.0011 (  0.0%)   0.0000 (  0.0%)   0.0011 (  0.0%)   0.0011 (  0.0%)  Deduce function attributes
   0.0011 (  0.0%)   0.0000 (  0.0%)   0.0011 (  0.0%)   0.0011 (  0.0%)  Canonicalize natural loops
   0.0011 (  0.0%)   0.0000 (  0.0%)   0.0011 (  0.0%)   0.0011 (  0.0%)  Canonicalize natural loops
   0.0011 (  0.0%)   0.0000 (  0.0%)   0.0011 (  0.0%)   0.0011 (  0.0%)  Detect single entry single exit regions
   0.0011 (  0.0%)   0.0000 (  0.0%)   0.0011 (  0.0%)   0.0011 (  0.0%)  Undecay arrays
   0.0011 (  0.0%)   0.0000 (  0.0%)   0.0011 (  0.0%)   0.0011 (  0.0%)  Canonicalize natural loops
   0.0011 (  0.0%)   0.0000 (  0.0%)   0.0011 (  0.0%)   0.0011 (  0.0%)  Canonicalize natural loops
   0.0011 (  0.0%)   0.0000 (  0.0%)   0.0011 (  0.0%)   0.0011 (  0.0%)  Canonicalize natural loops
   0.0011 (  0.0%)   0.0000 (  0.0%)   0.0011 (  0.0%)   0.0011 (  0.0%)  Lower HLS related intrinsics
   0.0010 (  0.0%)   0.0000 (  0.0%)   0.0010 (  0.0%)   0.0010 (  0.0%)  Array abnormal access check
   0.0010 (  0.0%)   0.0000 (  0.0%)   0.0010 (  0.0%)   0.0010 (  0.0%)  CallGraph Construction
   0.0010 (  0.0%)   0.0000 (  0.0%)   0.0010 (  0.0%)   0.0010 (  0.0%)  Array abnormal access check
   0.0010 (  0.0%)   0.0000 (  0.0%)   0.0010 (  0.0%)   0.0010 (  0.0%)  Infer PPPO for array-to-streams
   0.0010 (  0.0%)   0.0000 (  0.0%)   0.0010 (  0.0%)   0.0010 (  0.0%)  Array abnormal access check
   0.0010 (  0.0%)   0.0000 (  0.0%)   0.0010 (  0.0%)   0.0010 (  0.0%)  Array abnormal access check
   0.0010 (  0.0%)   0.0000 (  0.0%)   0.0010 (  0.0%)   0.0010 (  0.0%)  Dominance Frontier Construction
   0.0010 (  0.0%)   0.0000 (  0.0%)   0.0010 (  0.0%)   0.0010 (  0.0%)  Merge accesses
   0.0010 (  0.0%)   0.0000 (  0.0%)   0.0010 (  0.0%)   0.0010 (  0.0%)  Canonicalize natural loops
   0.0010 (  0.0%)   0.0000 (  0.0%)   0.0010 (  0.0%)   0.0010 (  0.0%)  Canonicalize natural loops
   0.0005 (  0.0%)   0.0005 (  0.0%)   0.0010 (  0.0%)   0.0010 (  0.0%)  Infer complete unroll based on pipeline pragma
   0.0010 (  0.0%)   0.0000 (  0.0%)   0.0010 (  0.0%)   0.0010 (  0.0%)  Merge accesses
   0.0010 (  0.0%)   0.0000 (  0.0%)   0.0010 (  0.0%)   0.0009 (  0.0%)  Produce message if basic block has too many instructions
   0.0009 (  0.0%)   0.0000 (  0.0%)   0.0009 (  0.0%)   0.0009 (  0.0%)  RemoveConflictingBurst - Remove port conflicting bursts
   0.0009 (  0.0%)   0.0000 (  0.0%)   0.0009 (  0.0%)   0.0009 (  0.0%)  Merge accesses in the same region
   0.0009 (  0.0%)   0.0000 (  0.0%)   0.0009 (  0.0%)   0.0009 (  0.0%)  Basic Alias Analysis (stateless AA impl)
   0.0009 (  0.0%)   0.0000 (  0.0%)   0.0009 (  0.0%)   0.0009 (  0.0%)  AlignMemory - Align memory accesses
   0.0009 (  0.0%)   0.0000 (  0.0%)   0.0009 (  0.0%)   0.0009 (  0.0%)  Memory Summary
   0.0009 (  0.0%)   0.0000 (  0.0%)   0.0009 (  0.0%)   0.0009 (  0.0%)  Inliner for always_inline functions
   0.0009 (  0.0%)   0.0000 (  0.0%)   0.0009 (  0.0%)   0.0009 (  0.0%)  Memory Summary
   0.0009 (  0.0%)   0.0000 (  0.0%)   0.0009 (  0.0%)   0.0009 (  0.0%)  CallGraph Construction
   0.0009 (  0.0%)   0.0000 (  0.0%)   0.0009 (  0.0%)   0.0009 (  0.0%)  Promote Memory to Register
   0.0007 (  0.0%)   0.0001 (  0.0%)   0.0008 (  0.0%)   0.0008 (  0.0%)  Rotate Loops
   0.0008 (  0.0%)   0.0000 (  0.0%)   0.0008 (  0.0%)   0.0008 (  0.0%)  WidenBurst - Widen bursts
   0.0008 (  0.0%)   0.0000 (  0.0%)   0.0008 (  0.0%)   0.0008 (  0.0%)  Eliminate pointer selection
   0.0008 (  0.0%)   0.0000 (  0.0%)   0.0008 (  0.0%)   0.0008 (  0.0%)  Dead Store Elimination
   0.0008 (  0.0%)   0.0000 (  0.0%)   0.0008 (  0.0%)   0.0008 (  0.0%)  Combine redundant instructions
   0.0008 (  0.0%)   0.0000 (  0.0%)   0.0008 (  0.0%)   0.0008 (  0.0%)  Induction Variable Simplification
   0.0008 (  0.0%)   0.0000 (  0.0%)   0.0008 (  0.0%)   0.0008 (  0.0%)  Object Decomposition
   0.0008 (  0.0%)   0.0000 (  0.0%)   0.0008 (  0.0%)   0.0008 (  0.0%)  Delete dead loops
   0.0008 (  0.0%)   0.0000 (  0.0%)   0.0008 (  0.0%)   0.0008 (  0.0%)  Eliminate pointer selection
   0.0008 (  0.0%)   0.0000 (  0.0%)   0.0008 (  0.0%)   0.0008 (  0.0%)  Memory SSA
   0.0007 (  0.0%)   0.0000 (  0.0%)   0.0007 (  0.0%)   0.0007 (  0.0%)  Infer PPPO for array-to-streams
   0.0007 (  0.0%)   0.0000 (  0.0%)   0.0007 (  0.0%)   0.0007 (  0.0%)  Scalarize vector operations
   0.0007 (  0.0%)   0.0000 (  0.0%)   0.0007 (  0.0%)   0.0007 (  0.0%)  AlignMemory - Align memory accesses
   0.0007 (  0.0%)   0.0000 (  0.0%)   0.0007 (  0.0%)   0.0007 (  0.0%)  Merge accesses
   0.0007 (  0.0%)   0.0000 (  0.0%)   0.0007 (  0.0%)   0.0007 (  0.0%)  Eliminate pointer selection
   0.0007 (  0.0%)   0.0000 (  0.0%)   0.0007 (  0.0%)   0.0007 (  0.0%)  AlignMemory - Align memory accesses
   0.0007 (  0.0%)   0.0000 (  0.0%)   0.0007 (  0.0%)   0.0007 (  0.0%)  AlignMemory - Align memory accesses
   0.0007 (  0.0%)   0.0000 (  0.0%)   0.0007 (  0.0%)   0.0007 (  0.0%)  Eliminate pointer selection
   0.0007 (  0.0%)   0.0000 (  0.0%)   0.0007 (  0.0%)   0.0007 (  0.0%)  AlignMemory - Align memory accesses
   0.0007 (  0.0%)   0.0000 (  0.0%)   0.0007 (  0.0%)   0.0007 (  0.0%)  Special handling of axis with side-channels
   0.0007 (  0.0%)   0.0000 (  0.0%)   0.0007 (  0.0%)   0.0006 (  0.0%)  InterfaceEncodingChange - Change Interface Encoding format
   0.0006 (  0.0%)   0.0000 (  0.0%)   0.0006 (  0.0%)   0.0006 (  0.0%)  Eliminate pointer selection
   0.0006 (  0.0%)   0.0000 (  0.0%)   0.0006 (  0.0%)   0.0006 (  0.0%)  Disaggregation preprocessing
   0.0006 (  0.0%)   0.0000 (  0.0%)   0.0006 (  0.0%)   0.0006 (  0.0%)  Delete dead loops
   0.0004 (  0.0%)   0.0002 (  0.0%)   0.0006 (  0.0%)   0.0006 (  0.0%)  Automatic data reuse optimization
   0.0006 (  0.0%)   0.0000 (  0.0%)   0.0006 (  0.0%)   0.0006 (  0.0%)  Dead Code Elimination
   0.0005 (  0.0%)   0.0000 (  0.0%)   0.0005 (  0.0%)   0.0005 (  0.0%)  Simplify loop CFG
   0.0006 (  0.0%)   0.0000 (  0.0%)   0.0006 (  0.0%)   0.0005 (  0.0%)  Straight line strength reduction
   0.0005 (  0.0%)   0.0000 (  0.0%)   0.0005 (  0.0%)   0.0005 (  0.0%)  Dead Global Elimination
   0.0005 (  0.0%)   0.0000 (  0.0%)   0.0005 (  0.0%)   0.0005 (  0.0%)  Lazy Value Information Analysis
   0.0005 (  0.0%)   0.0000 (  0.0%)   0.0005 (  0.0%)   0.0005 (  0.0%)  Lazy Value Information Analysis
   0.0005 (  0.0%)   0.0000 (  0.0%)   0.0005 (  0.0%)   0.0005 (  0.0%)  Infer PPPO for array-to-streams
   0.0005 (  0.0%)   0.0000 (  0.0%)   0.0005 (  0.0%)   0.0005 (  0.0%)  Simplify loop CFG
   0.0005 (  0.0%)   0.0000 (  0.0%)   0.0005 (  0.0%)   0.0005 (  0.0%)  Dead Global Elimination
   0.0005 (  0.0%)   0.0000 (  0.0%)   0.0005 (  0.0%)   0.0005 (  0.0%)  Function Alias Analysis Results
   0.0005 (  0.0%)   0.0000 (  0.0%)   0.0005 (  0.0%)   0.0005 (  0.0%)  CallGraph Construction
   0.0005 (  0.0%)   0.0000 (  0.0%)   0.0005 (  0.0%)   0.0005 (  0.0%)  CallGraph Construction
   0.0005 (  0.0%)   0.0000 (  0.0%)   0.0005 (  0.0%)   0.0005 (  0.0%)  Infer nuw/nsw flags for instructions
   0.0005 (  0.0%)   0.0000 (  0.0%)   0.0005 (  0.0%)   0.0005 (  0.0%)  Lazy Value Information Analysis
   0.0005 (  0.0%)   0.0000 (  0.0%)   0.0005 (  0.0%)   0.0005 (  0.0%)  Dead Code Elimination
   0.0005 (  0.0%)   0.0000 (  0.0%)   0.0005 (  0.0%)   0.0005 (  0.0%)  LowerPredicate - Lower predicates to control-flow
   0.0005 (  0.0%)   0.0000 (  0.0%)   0.0005 (  0.0%)   0.0005 (  0.0%)  Basic Alias Analysis (stateless AA impl)
   0.0005 (  0.0%)   0.0000 (  0.0%)   0.0005 (  0.0%)   0.0005 (  0.0%)  Simplify loop CFG
   0.0005 (  0.0%)   0.0000 (  0.0%)   0.0005 (  0.0%)   0.0005 (  0.0%)  Function Alias Analysis Results
   0.0000 (  0.0%)   0.0004 (  0.0%)   0.0005 (  0.0%)   0.0005 (  0.0%)  AccessGroup - Group the memory access for the same object
   0.0005 (  0.0%)   0.0000 (  0.0%)   0.0005 (  0.0%)   0.0005 (  0.0%)  Critical Path Aanlysis
   0.0004 (  0.0%)   0.0000 (  0.0%)   0.0005 (  0.0%)   0.0005 (  0.0%)  Function Alias Analysis Results
   0.0003 (  0.0%)   0.0002 (  0.0%)   0.0005 (  0.0%)   0.0005 (  0.0%)  LegacyShiftRegisterRecognize - Recognize shift registers and memory
   0.0005 (  0.0%)   0.0000 (  0.0%)   0.0005 (  0.0%)   0.0005 (  0.0%)  Basic Alias Analysis (stateless AA impl)
   0.0004 (  0.0%)   0.0000 (  0.0%)   0.0004 (  0.0%)   0.0004 (  0.0%)  Remove unreachable basic blocks under switch
   0.0004 (  0.0%)   0.0000 (  0.0%)   0.0004 (  0.0%)   0.0004 (  0.0%)  CallGraph Construction
   0.0004 (  0.0%)   0.0000 (  0.0%)   0.0004 (  0.0%)   0.0004 (  0.0%)  Dead Argument Elimination
   0.0004 (  0.0%)   0.0000 (  0.0%)   0.0004 (  0.0%)   0.0004 (  0.0%)  Value Propagation
   0.0004 (  0.0%)   0.0000 (  0.0%)   0.0004 (  0.0%)   0.0004 (  0.0%)  Remove unreachable basic blocks under switch
   0.0004 (  0.0%)   0.0000 (  0.0%)   0.0004 (  0.0%)   0.0004 (  0.0%)  Global Value Numbering
   0.0004 (  0.0%)   0.0000 (  0.0%)   0.0004 (  0.0%)   0.0004 (  0.0%)  Function Alias Analysis Results
   0.0004 (  0.0%)   0.0000 (  0.0%)   0.0004 (  0.0%)   0.0004 (  0.0%)  Dead Global Elimination
   0.0004 (  0.0%)   0.0000 (  0.0%)   0.0004 (  0.0%)   0.0004 (  0.0%)  Function Alias Analysis Results
   0.0004 (  0.0%)   0.0000 (  0.0%)   0.0004 (  0.0%)   0.0004 (  0.0%)  Array out of bound check
   0.0004 (  0.0%)   0.0000 (  0.0%)   0.0004 (  0.0%)   0.0004 (  0.0%)  Function Alias Analysis Results
   0.0003 (  0.0%)   0.0001 (  0.0%)   0.0004 (  0.0%)   0.0004 (  0.0%)  Function Alias Analysis Results
   0.0004 (  0.0%)   0.0000 (  0.0%)   0.0004 (  0.0%)   0.0004 (  0.0%)  Function Alias Analysis Results
   0.0004 (  0.0%)   0.0000 (  0.0%)   0.0004 (  0.0%)   0.0004 (  0.0%)  Interprocedural Sparse Conditional Constant Propagation
   0.0004 (  0.0%)   0.0000 (  0.0%)   0.0004 (  0.0%)   0.0004 (  0.0%)  Function Alias Analysis Results
   0.0004 (  0.0%)   0.0000 (  0.0%)   0.0004 (  0.0%)   0.0004 (  0.0%)  Function Alias Analysis Results
   0.0004 (  0.0%)   0.0000 (  0.0%)   0.0004 (  0.0%)   0.0004 (  0.0%)  SimplifyPredicate - Simplify predicate
   0.0004 (  0.0%)   0.0000 (  0.0%)   0.0004 (  0.0%)   0.0004 (  0.0%)  Critical Path Aanlysis
   0.0004 (  0.0%)   0.0000 (  0.0%)   0.0004 (  0.0%)   0.0004 (  0.0%)  Function Alias Analysis Results
   0.0004 (  0.0%)   0.0000 (  0.0%)   0.0004 (  0.0%)   0.0004 (  0.0%)  Function Alias Analysis Results
   0.0000 (  0.0%)   0.0004 (  0.0%)   0.0004 (  0.0%)   0.0004 (  0.0%)  Function Alias Analysis Results
   0.0004 (  0.0%)   0.0000 (  0.0%)   0.0004 (  0.0%)   0.0004 (  0.0%)  Function Alias Analysis Results
   0.0004 (  0.0%)   0.0000 (  0.0%)   0.0004 (  0.0%)   0.0004 (  0.0%)  Function Alias Analysis Results
   0.0004 (  0.0%)   0.0000 (  0.0%)   0.0004 (  0.0%)   0.0004 (  0.0%)  Dead Global Elimination
   0.0004 (  0.0%)   0.0000 (  0.0%)   0.0004 (  0.0%)   0.0004 (  0.0%)  Function Alias Analysis Results
   0.0004 (  0.0%)   0.0000 (  0.0%)   0.0004 (  0.0%)   0.0004 (  0.0%)  Function Alias Analysis Results
   0.0004 (  0.0%)   0.0000 (  0.0%)   0.0004 (  0.0%)   0.0004 (  0.0%)  Function Alias Analysis Results
   0.0003 (  0.0%)   0.0001 (  0.0%)   0.0004 (  0.0%)   0.0004 (  0.0%)  Loop Invariant Code Motion
   0.0003 (  0.0%)   0.0000 (  0.0%)   0.0004 (  0.0%)   0.0004 (  0.0%)  Function Alias Analysis Results
   0.0004 (  0.0%)   0.0000 (  0.0%)   0.0004 (  0.0%)   0.0004 (  0.0%)  Function Alias Analysis Results
   0.0004 (  0.0%)   0.0000 (  0.0%)   0.0004 (  0.0%)   0.0004 (  0.0%)  Function Alias Analysis Results
   0.0004 (  0.0%)   0.0000 (  0.0%)   0.0004 (  0.0%)   0.0004 (  0.0%)  Function Alias Analysis Results
   0.0000 (  0.0%)   0.0004 (  0.0%)   0.0004 (  0.0%)   0.0004 (  0.0%)  Function Alias Analysis Results
   0.0004 (  0.0%)   0.0000 (  0.0%)   0.0004 (  0.0%)   0.0004 (  0.0%)  Remove unreachable basic blocks under switch
   0.0004 (  0.0%)   0.0000 (  0.0%)   0.0004 (  0.0%)   0.0004 (  0.0%)  Remove unreachable basic blocks under switch
   0.0004 (  0.0%)   0.0000 (  0.0%)   0.0004 (  0.0%)   0.0004 (  0.0%)  Function Alias Analysis Results
   0.0004 (  0.0%)   0.0000 (  0.0%)   0.0004 (  0.0%)   0.0004 (  0.0%)  Dominator Tree Construction
   0.0003 (  0.0%)   0.0001 (  0.0%)   0.0004 (  0.0%)   0.0004 (  0.0%)  Function Alias Analysis Results
   0.0004 (  0.0%)   0.0000 (  0.0%)   0.0004 (  0.0%)   0.0004 (  0.0%)  AnnotateNoAlias - Annotate NoAlias Attribute on Arguments
   0.0003 (  0.0%)   0.0000 (  0.0%)   0.0004 (  0.0%)   0.0004 (  0.0%)  Function Alias Analysis Results
   0.0004 (  0.0%)   0.0000 (  0.0%)   0.0004 (  0.0%)   0.0004 (  0.0%)  Lower directive scopes
   0.0004 (  0.0%)   0.0000 (  0.0%)   0.0004 (  0.0%)   0.0004 (  0.0%)  Remove unreachable basic blocks under switch
   0.0004 (  0.0%)   0.0000 (  0.0%)   0.0004 (  0.0%)   0.0004 (  0.0%)  Remove unreachable basic blocks under switch
   0.0004 (  0.0%)   0.0000 (  0.0%)   0.0004 (  0.0%)   0.0004 (  0.0%)  Function Alias Analysis Results
   0.0004 (  0.0%)   0.0000 (  0.0%)   0.0004 (  0.0%)   0.0004 (  0.0%)  Function Alias Analysis Results
   0.0003 (  0.0%)   0.0001 (  0.0%)   0.0004 (  0.0%)   0.0004 (  0.0%)  Function Alias Analysis Results
   0.0004 (  0.0%)   0.0000 (  0.0%)   0.0004 (  0.0%)   0.0004 (  0.0%)  Remove unreachable basic blocks under switch
   0.0004 (  0.0%)   0.0000 (  0.0%)   0.0004 (  0.0%)   0.0004 (  0.0%)  Remove unreachable basic blocks under switch
   0.0003 (  0.0%)   0.0000 (  0.0%)   0.0004 (  0.0%)   0.0004 (  0.0%)  Function Alias Analysis Results
   0.0004 (  0.0%)   0.0000 (  0.0%)   0.0004 (  0.0%)   0.0004 (  0.0%)  Remove unreachable basic blocks under switch
   0.0004 (  0.0%)   0.0000 (  0.0%)   0.0004 (  0.0%)   0.0004 (  0.0%)  CallGraph Construction
   0.0004 (  0.0%)   0.0000 (  0.0%)   0.0004 (  0.0%)   0.0004 (  0.0%)  Remove unreachable basic blocks under switch
   0.0004 (  0.0%)   0.0000 (  0.0%)   0.0004 (  0.0%)   0.0004 (  0.0%)  Function Alias Analysis Results
   0.0000 (  0.0%)   0.0004 (  0.0%)   0.0004 (  0.0%)   0.0004 (  0.0%)  Function Alias Analysis Results
   0.0003 (  0.0%)   0.0001 (  0.0%)   0.0004 (  0.0%)   0.0004 (  0.0%)  Function Alias Analysis Results
   0.0004 (  0.0%)   0.0000 (  0.0%)   0.0004 (  0.0%)   0.0004 (  0.0%)  Function Alias Analysis Results
   0.0004 (  0.0%)   0.0000 (  0.0%)   0.0004 (  0.0%)   0.0004 (  0.0%)  Dominator Tree Construction
   0.0003 (  0.0%)   0.0000 (  0.0%)   0.0004 (  0.0%)   0.0004 (  0.0%)  Remove unreachable basic blocks under switch
   0.0004 (  0.0%)   0.0000 (  0.0%)   0.0004 (  0.0%)   0.0004 (  0.0%)  Simplify the CFG
   0.0003 (  0.0%)   0.0000 (  0.0%)   0.0004 (  0.0%)   0.0004 (  0.0%)  Function Alias Analysis Results
   0.0004 (  0.0%)   0.0000 (  0.0%)   0.0004 (  0.0%)   0.0004 (  0.0%)  Function Alias Analysis Results
   0.0004 (  0.0%)   0.0000 (  0.0%)   0.0004 (  0.0%)   0.0004 (  0.0%)  Dominator Tree Construction
   0.0003 (  0.0%)   0.0000 (  0.0%)   0.0003 (  0.0%)   0.0003 (  0.0%)  Function Alias Analysis Results
   0.0003 (  0.0%)   0.0000 (  0.0%)   0.0003 (  0.0%)   0.0003 (  0.0%)  Dead Code Elimination
   0.0003 (  0.0%)   0.0000 (  0.0%)   0.0003 (  0.0%)   0.0003 (  0.0%)  demangle Name to normal Name
   0.0003 (  0.0%)   0.0000 (  0.0%)   0.0003 (  0.0%)   0.0003 (  0.0%)  Function Alias Analysis Results
   0.0003 (  0.0%)   0.0000 (  0.0%)   0.0003 (  0.0%)   0.0003 (  0.0%)  Function Alias Analysis Results
   0.0003 (  0.0%)   0.0000 (  0.0%)   0.0003 (  0.0%)   0.0003 (  0.0%)  Function Alias Analysis Results
   0.0003 (  0.0%)   0.0001 (  0.0%)   0.0003 (  0.0%)   0.0003 (  0.0%)  Function Alias Analysis Results
   0.0003 (  0.0%)   0.0000 (  0.0%)   0.0003 (  0.0%)   0.0003 (  0.0%)  Function Alias Analysis Results
   0.0000 (  0.0%)   0.0003 (  0.0%)   0.0003 (  0.0%)   0.0003 (  0.0%)  Collect complexity metrics for FE reflow
   0.0003 (  0.0%)   0.0000 (  0.0%)   0.0003 (  0.0%)   0.0003 (  0.0%)  Function Alias Analysis Results
   0.0003 (  0.0%)   0.0001 (  0.0%)   0.0003 (  0.0%)   0.0003 (  0.0%)  Function Alias Analysis Results
   0.0003 (  0.0%)   0.0000 (  0.0%)   0.0003 (  0.0%)   0.0003 (  0.0%)  Function Alias Analysis Results
   0.0003 (  0.0%)   0.0000 (  0.0%)   0.0003 (  0.0%)   0.0003 (  0.0%)  Function Alias Analysis Results
   0.0003 (  0.0%)   0.0000 (  0.0%)   0.0003 (  0.0%)   0.0003 (  0.0%)  Function Alias Analysis Results
   0.0003 (  0.0%)   0.0000 (  0.0%)   0.0003 (  0.0%)   0.0003 (  0.0%)  Function Alias Analysis Results
   0.0003 (  0.0%)   0.0000 (  0.0%)   0.0003 (  0.0%)   0.0003 (  0.0%)  Function Alias Analysis Results
   0.0003 (  0.0%)   0.0000 (  0.0%)   0.0003 (  0.0%)   0.0003 (  0.0%)  Function Alias Analysis Results
   0.0003 (  0.0%)   0.0000 (  0.0%)   0.0003 (  0.0%)   0.0003 (  0.0%)  Function Alias Analysis Results
   0.0003 (  0.0%)   0.0000 (  0.0%)   0.0003 (  0.0%)   0.0003 (  0.0%)  Dominator Tree Construction
   0.0003 (  0.0%)   0.0000 (  0.0%)   0.0003 (  0.0%)   0.0003 (  0.0%)  InferXCLAttributes - Infer XCL attributes
   0.0003 (  0.0%)   0.0000 (  0.0%)   0.0003 (  0.0%)   0.0003 (  0.0%)  CallGraph Construction
   0.0003 (  0.0%)   0.0000 (  0.0%)   0.0003 (  0.0%)   0.0003 (  0.0%)  Function Alias Analysis Results
   0.0003 (  0.0%)   0.0000 (  0.0%)   0.0003 (  0.0%)   0.0003 (  0.0%)  Merge accesses
   0.0003 (  0.0%)   0.0000 (  0.0%)   0.0003 (  0.0%)   0.0003 (  0.0%)  Function Alias Analysis Results
   0.0003 (  0.0%)   0.0000 (  0.0%)   0.0003 (  0.0%)   0.0003 (  0.0%)  Function Alias Analysis Results
   0.0003 (  0.0%)   0.0000 (  0.0%)   0.0003 (  0.0%)   0.0003 (  0.0%)  SimplifyPredicate - Simplify predicate
   0.0003 (  0.0%)   0.0000 (  0.0%)   0.0003 (  0.0%)   0.0003 (  0.0%)  Function Alias Analysis Results
   0.0003 (  0.0%)   0.0000 (  0.0%)   0.0003 (  0.0%)   0.0003 (  0.0%)  Function Alias Analysis Results
   0.0003 (  0.0%)   0.0000 (  0.0%)   0.0003 (  0.0%)   0.0003 (  0.0%)  Function Alias Analysis Results
   0.0003 (  0.0%)   0.0000 (  0.0%)   0.0003 (  0.0%)   0.0003 (  0.0%)  Function Alias Analysis Results
   0.0003 (  0.0%)   0.0000 (  0.0%)   0.0003 (  0.0%)   0.0003 (  0.0%)  Remove redundant instructions
   0.0003 (  0.0%)   0.0000 (  0.0%)   0.0003 (  0.0%)   0.0003 (  0.0%)  Function Alias Analysis Results
   0.0003 (  0.0%)   0.0000 (  0.0%)   0.0003 (  0.0%)   0.0003 (  0.0%)  Function Alias Analysis Results
   0.0003 (  0.0%)   0.0000 (  0.0%)   0.0003 (  0.0%)   0.0003 (  0.0%)  Remove unreachable basic blocks under switch
   0.0003 (  0.0%)   0.0000 (  0.0%)   0.0003 (  0.0%)   0.0003 (  0.0%)  Function Alias Analysis Results
   0.0001 (  0.0%)   0.0002 (  0.0%)   0.0003 (  0.0%)   0.0003 (  0.0%)  Function Alias Analysis Results
   0.0003 (  0.0%)   0.0000 (  0.0%)   0.0003 (  0.0%)   0.0003 (  0.0%)  Function Alias Analysis Results
   0.0003 (  0.0%)   0.0000 (  0.0%)   0.0003 (  0.0%)   0.0003 (  0.0%)  Function Alias Analysis Results
   0.0002 (  0.0%)   0.0002 (  0.0%)   0.0003 (  0.0%)   0.0003 (  0.0%)  Function Alias Analysis Results
   0.0002 (  0.0%)   0.0001 (  0.0%)   0.0003 (  0.0%)   0.0003 (  0.0%)  Function Alias Analysis Results
   0.0003 (  0.0%)   0.0000 (  0.0%)   0.0003 (  0.0%)   0.0003 (  0.0%)  Function Alias Analysis Results
   0.0003 (  0.0%)   0.0000 (  0.0%)   0.0003 (  0.0%)   0.0003 (  0.0%)  Function Alias Analysis Results
   0.0001 (  0.0%)   0.0002 (  0.0%)   0.0003 (  0.0%)   0.0003 (  0.0%)  Global Value Numbering
   0.0003 (  0.0%)   0.0000 (  0.0%)   0.0003 (  0.0%)   0.0003 (  0.0%)  Function Alias Analysis Results
   0.0003 (  0.0%)   0.0000 (  0.0%)   0.0003 (  0.0%)   0.0003 (  0.0%)  Function Alias Analysis Results
   0.0003 (  0.0%)   0.0000 (  0.0%)   0.0003 (  0.0%)   0.0003 (  0.0%)  Function Alias Analysis Results
   0.0003 (  0.0%)   0.0000 (  0.0%)   0.0003 (  0.0%)   0.0003 (  0.0%)  Function Alias Analysis Results
   0.0003 (  0.0%)   0.0000 (  0.0%)   0.0003 (  0.0%)   0.0003 (  0.0%)  Dominator Tree Construction
   0.0003 (  0.0%)   0.0000 (  0.0%)   0.0003 (  0.0%)   0.0003 (  0.0%)  CallGraph Construction
   0.0003 (  0.0%)   0.0000 (  0.0%)   0.0003 (  0.0%)   0.0003 (  0.0%)  CallGraph Construction
   0.0002 (  0.0%)   0.0001 (  0.0%)   0.0003 (  0.0%)   0.0003 (  0.0%)  Function Alias Analysis Results
   0.0003 (  0.0%)   0.0000 (  0.0%)   0.0003 (  0.0%)   0.0003 (  0.0%)  Function Alias Analysis Results
   0.0003 (  0.0%)   0.0000 (  0.0%)   0.0003 (  0.0%)   0.0003 (  0.0%)  Function Alias Analysis Results
   0.0003 (  0.0%)   0.0000 (  0.0%)   0.0003 (  0.0%)   0.0003 (  0.0%)  Function Alias Analysis Results
   0.0003 (  0.0%)   0.0000 (  0.0%)   0.0003 (  0.0%)   0.0003 (  0.0%)  Synthesis checker
   0.0003 (  0.0%)   0.0000 (  0.0%)   0.0003 (  0.0%)   0.0003 (  0.0%)  Function Alias Analysis Results
   0.0003 (  0.0%)   0.0000 (  0.0%)   0.0003 (  0.0%)   0.0003 (  0.0%)  CallGraph Construction
   0.0003 (  0.0%)   0.0000 (  0.0%)   0.0003 (  0.0%)   0.0003 (  0.0%)  Function Alias Analysis Results
   0.0003 (  0.0%)   0.0000 (  0.0%)   0.0003 (  0.0%)   0.0003 (  0.0%)  Function Alias Analysis Results
   0.0003 (  0.0%)   0.0000 (  0.0%)   0.0003 (  0.0%)   0.0003 (  0.0%)  Global Value Numbering
   0.0003 (  0.0%)   0.0000 (  0.0%)   0.0003 (  0.0%)   0.0003 (  0.0%)  Combine redundant instructions
   0.0003 (  0.0%)   0.0000 (  0.0%)   0.0003 (  0.0%)   0.0003 (  0.0%)  CallGraph Construction
   0.0003 (  0.0%)   0.0000 (  0.0%)   0.0003 (  0.0%)   0.0003 (  0.0%)  Function Alias Analysis Results
   0.0003 (  0.0%)   0.0000 (  0.0%)   0.0003 (  0.0%)   0.0003 (  0.0%)  Object Decomposition
   0.0000 (  0.0%)   0.0003 (  0.0%)   0.0003 (  0.0%)   0.0003 (  0.0%)  CallGraph Construction
   0.0002 (  0.0%)   0.0000 (  0.0%)   0.0003 (  0.0%)   0.0003 (  0.0%)  Function Alias Analysis Results
   0.0002 (  0.0%)   0.0000 (  0.0%)   0.0003 (  0.0%)   0.0003 (  0.0%)  Function Alias Analysis Results
   0.0003 (  0.0%)   0.0000 (  0.0%)   0.0003 (  0.0%)   0.0003 (  0.0%)  CallGraph Construction
   0.0003 (  0.0%)   0.0000 (  0.0%)   0.0003 (  0.0%)   0.0003 (  0.0%)  Function Alias Analysis Results
   0.0003 (  0.0%)   0.0000 (  0.0%)   0.0003 (  0.0%)   0.0003 (  0.0%)  ROM inference pass
   0.0003 (  0.0%)   0.0000 (  0.0%)   0.0003 (  0.0%)   0.0003 (  0.0%)  Function Alias Analysis Results
   0.0003 (  0.0%)   0.0000 (  0.0%)   0.0003 (  0.0%)   0.0003 (  0.0%)  Function Alias Analysis Results
   0.0001 (  0.0%)   0.0002 (  0.0%)   0.0003 (  0.0%)   0.0003 (  0.0%)  Function Alias Analysis Results
   0.0003 (  0.0%)   0.0000 (  0.0%)   0.0003 (  0.0%)   0.0003 (  0.0%)  Function Alias Analysis Results
   0.0003 (  0.0%)   0.0000 (  0.0%)   0.0003 (  0.0%)   0.0003 (  0.0%)  Function Alias Analysis Results
   0.0003 (  0.0%)   0.0000 (  0.0%)   0.0003 (  0.0%)   0.0003 (  0.0%)  Function Alias Analysis Results
   0.0003 (  0.0%)   0.0000 (  0.0%)   0.0003 (  0.0%)   0.0003 (  0.0%)  Function Alias Analysis Results
   0.0003 (  0.0%)   0.0000 (  0.0%)   0.0003 (  0.0%)   0.0003 (  0.0%)  LowerPredicate - Lower predicates to control-flow
   0.0003 (  0.0%)   0.0000 (  0.0%)   0.0003 (  0.0%)   0.0003 (  0.0%)  Function Alias Analysis Results
   0.0003 (  0.0%)   0.0000 (  0.0%)   0.0003 (  0.0%)   0.0003 (  0.0%)  Function Alias Analysis Results
   0.0003 (  0.0%)   0.0000 (  0.0%)   0.0003 (  0.0%)   0.0003 (  0.0%)  Lower black box
   0.0003 (  0.0%)   0.0000 (  0.0%)   0.0003 (  0.0%)   0.0003 (  0.0%)  Dominator Tree Construction
   0.0003 (  0.0%)   0.0000 (  0.0%)   0.0003 (  0.0%)   0.0003 (  0.0%)  Function Alias Analysis Results
   0.0003 (  0.0%)   0.0000 (  0.0%)   0.0003 (  0.0%)   0.0003 (  0.0%)  Function Alias Analysis Results
   0.0003 (  0.0%)   0.0000 (  0.0%)   0.0003 (  0.0%)   0.0003 (  0.0%)  Function Alias Analysis Results
   0.0003 (  0.0%)   0.0000 (  0.0%)   0.0003 (  0.0%)   0.0003 (  0.0%)  Function Alias Analysis Results
   0.0003 (  0.0%)   0.0000 (  0.0%)   0.0003 (  0.0%)   0.0003 (  0.0%)  Global Value Numbering
   0.0003 (  0.0%)   0.0000 (  0.0%)   0.0003 (  0.0%)   0.0003 (  0.0%)  Function Alias Analysis Results
   0.0003 (  0.0%)   0.0000 (  0.0%)   0.0003 (  0.0%)   0.0003 (  0.0%)  Loop Invariant Code Motion
   0.0003 (  0.0%)   0.0000 (  0.0%)   0.0003 (  0.0%)   0.0003 (  0.0%)  Function Alias Analysis Results
   0.0003 (  0.0%)   0.0000 (  0.0%)   0.0003 (  0.0%)   0.0003 (  0.0%)  Function Alias Analysis Results
   0.0003 (  0.0%)   0.0000 (  0.0%)   0.0003 (  0.0%)   0.0003 (  0.0%)  Function Alias Analysis Results
   0.0003 (  0.0%)   0.0000 (  0.0%)   0.0003 (  0.0%)   0.0003 (  0.0%)  Scalar Evolution Analysis
   0.0002 (  0.0%)   0.0000 (  0.0%)   0.0003 (  0.0%)   0.0003 (  0.0%)  Function Alias Analysis Results
   0.0003 (  0.0%)   0.0000 (  0.0%)   0.0003 (  0.0%)   0.0003 (  0.0%)  Function Alias Analysis Results
   0.0003 (  0.0%)   0.0000 (  0.0%)   0.0003 (  0.0%)   0.0003 (  0.0%)  Function Alias Analysis Results
   0.0003 (  0.0%)   0.0000 (  0.0%)   0.0003 (  0.0%)   0.0003 (  0.0%)  Function Alias Analysis Results
   0.0003 (  0.0%)   0.0000 (  0.0%)   0.0003 (  0.0%)   0.0003 (  0.0%)  Natural Loop Information
   0.0003 (  0.0%)   0.0000 (  0.0%)   0.0003 (  0.0%)   0.0003 (  0.0%)  Function Alias Analysis Results
   0.0003 (  0.0%)   0.0000 (  0.0%)   0.0003 (  0.0%)   0.0003 (  0.0%)  Function Alias Analysis Results
   0.0003 (  0.0%)   0.0000 (  0.0%)   0.0003 (  0.0%)   0.0003 (  0.0%)  Value Propagation
   0.0003 (  0.0%)   0.0000 (  0.0%)   0.0003 (  0.0%)   0.0003 (  0.0%)  Function Alias Analysis Results
   0.0002 (  0.0%)   0.0000 (  0.0%)   0.0003 (  0.0%)   0.0003 (  0.0%)  Function Alias Analysis Results
   0.0003 (  0.0%)   0.0000 (  0.0%)   0.0003 (  0.0%)   0.0003 (  0.0%)  Function Alias Analysis Results
   0.0003 (  0.0%)   0.0000 (  0.0%)   0.0003 (  0.0%)   0.0003 (  0.0%)  Function Alias Analysis Results
   0.0003 (  0.0%)   0.0000 (  0.0%)   0.0003 (  0.0%)   0.0003 (  0.0%)  Function Alias Analysis Results
   0.0003 (  0.0%)   0.0000 (  0.0%)   0.0003 (  0.0%)   0.0003 (  0.0%)  Function Alias Analysis Results
   0.0003 (  0.0%)   0.0000 (  0.0%)   0.0003 (  0.0%)   0.0003 (  0.0%)  Function Alias Analysis Results
   0.0003 (  0.0%)   0.0000 (  0.0%)   0.0003 (  0.0%)   0.0003 (  0.0%)  Function Alias Analysis Results
   0.0003 (  0.0%)   0.0000 (  0.0%)   0.0003 (  0.0%)   0.0003 (  0.0%)  Function Alias Analysis Results
   0.0003 (  0.0%)   0.0000 (  0.0%)   0.0003 (  0.0%)   0.0003 (  0.0%)  Function Alias Analysis Results
   0.0002 (  0.0%)   0.0000 (  0.0%)   0.0003 (  0.0%)   0.0003 (  0.0%)  Function Alias Analysis Results
   0.0003 (  0.0%)   0.0000 (  0.0%)   0.0003 (  0.0%)   0.0003 (  0.0%)  Natural Loop Information
   0.0002 (  0.0%)   0.0000 (  0.0%)   0.0003 (  0.0%)   0.0003 (  0.0%)  Function Alias Analysis Results
   0.0003 (  0.0%)   0.0000 (  0.0%)   0.0003 (  0.0%)   0.0003 (  0.0%)  Global Value Numbering
   0.0003 (  0.0%)   0.0000 (  0.0%)   0.0003 (  0.0%)   0.0003 (  0.0%)  Function Alias Analysis Results
   0.0003 (  0.0%)   0.0000 (  0.0%)   0.0003 (  0.0%)   0.0003 (  0.0%)  Function Alias Analysis Results
   0.0003 (  0.0%)   0.0000 (  0.0%)   0.0003 (  0.0%)   0.0003 (  0.0%)  Function Alias Analysis Results
   0.0003 (  0.0%)   0.0000 (  0.0%)   0.0003 (  0.0%)   0.0003 (  0.0%)  Dead Global Elimination
   0.0003 (  0.0%)   0.0000 (  0.0%)   0.0003 (  0.0%)   0.0003 (  0.0%)  Function Alias Analysis Results
   0.0000 (  0.0%)   0.0003 (  0.0%)   0.0003 (  0.0%)   0.0003 (  0.0%)  Function Alias Analysis Results
   0.0003 (  0.0%)   0.0000 (  0.0%)   0.0003 (  0.0%)   0.0003 (  0.0%)  Function Alias Analysis Results
   0.0003 (  0.0%)   0.0000 (  0.0%)   0.0003 (  0.0%)   0.0003 (  0.0%)  Infer PPPO for array-to-streams
   0.0003 (  0.0%)   0.0000 (  0.0%)   0.0003 (  0.0%)   0.0003 (  0.0%)  CallGraph Construction
   0.0000 (  0.0%)   0.0003 (  0.0%)   0.0003 (  0.0%)   0.0003 (  0.0%)  Global Value Numbering
   0.0002 (  0.0%)   0.0000 (  0.0%)   0.0002 (  0.0%)   0.0002 (  0.0%)  Natural Loop Information
   0.0002 (  0.0%)   0.0000 (  0.0%)   0.0003 (  0.0%)   0.0002 (  0.0%)  Critical Path Aanlysis
   0.0002 (  0.0%)   0.0000 (  0.0%)   0.0002 (  0.0%)   0.0002 (  0.0%)  CallGraph Construction
   0.0002 (  0.0%)   0.0000 (  0.0%)   0.0002 (  0.0%)   0.0002 (  0.0%)  Internalize Global Symbols
   0.0001 (  0.0%)   0.0001 (  0.0%)   0.0003 (  0.0%)   0.0002 (  0.0%)  Early GVN Hoisting of Expressions
   0.0002 (  0.0%)   0.0000 (  0.0%)   0.0002 (  0.0%)   0.0002 (  0.0%)  Simple constant propagation
   0.0002 (  0.0%)   0.0000 (  0.0%)   0.0002 (  0.0%)   0.0002 (  0.0%)  CallGraph Construction
   0.0002 (  0.0%)   0.0000 (  0.0%)   0.0002 (  0.0%)   0.0002 (  0.0%)  Eliminate pointer selection for FIFO
   0.0002 (  0.0%)   0.0000 (  0.0%)   0.0002 (  0.0%)   0.0002 (  0.0%)  Interprocedural constant propagation
   0.0002 (  0.0%)   0.0000 (  0.0%)   0.0002 (  0.0%)   0.0002 (  0.0%)  CallGraph Construction
   0.0002 (  0.0%)   0.0000 (  0.0%)   0.0002 (  0.0%)   0.0002 (  0.0%)  CallGraph Construction
   0.0002 (  0.0%)   0.0000 (  0.0%)   0.0002 (  0.0%)   0.0002 (  0.0%)  Global Value Numbering
   0.0002 (  0.0%)   0.0000 (  0.0%)   0.0002 (  0.0%)   0.0002 (  0.0%)  Global Value Numbering
   0.0002 (  0.0%)   0.0000 (  0.0%)   0.0002 (  0.0%)   0.0002 (  0.0%)  Reflow pragma unroll loops
   0.0002 (  0.0%)   0.0000 (  0.0%)   0.0002 (  0.0%)   0.0002 (  0.0%)  Global Value Numbering
   0.0002 (  0.0%)   0.0000 (  0.0%)   0.0002 (  0.0%)   0.0002 (  0.0%)  CallGraph Construction
   0.0002 (  0.0%)   0.0000 (  0.0%)   0.0002 (  0.0%)   0.0002 (  0.0%)  Global Value Numbering
   0.0002 (  0.0%)   0.0000 (  0.0%)   0.0002 (  0.0%)   0.0002 (  0.0%)  Critical Path Aanlysis
   0.0002 (  0.0%)   0.0000 (  0.0%)   0.0002 (  0.0%)   0.0002 (  0.0%)  Promote 'by reference' arguments to scalars
   0.0002 (  0.0%)   0.0000 (  0.0%)   0.0002 (  0.0%)   0.0002 (  0.0%)  Global Value Numbering
   0.0002 (  0.0%)   0.0000 (  0.0%)   0.0002 (  0.0%)   0.0002 (  0.0%)  CallGraph Construction
   0.0002 (  0.0%)   0.0000 (  0.0%)   0.0002 (  0.0%)   0.0002 (  0.0%)  Function Alias Analysis Results
   0.0002 (  0.0%)   0.0000 (  0.0%)   0.0002 (  0.0%)   0.0002 (  0.0%)  Global Value Numbering
   0.0002 (  0.0%)   0.0000 (  0.0%)   0.0002 (  0.0%)   0.0002 (  0.0%)  ReflowCheckVarPragmaConflicts - check variable pragma conflicts in reflow
   0.0002 (  0.0%)   0.0000 (  0.0%)   0.0002 (  0.0%)   0.0002 (  0.0%)  Global Value Numbering
   0.0002 (  0.0%)   0.0000 (  0.0%)   0.0002 (  0.0%)   0.0002 (  0.0%)  Infer loop trip count
   0.0002 (  0.0%)   0.0000 (  0.0%)   0.0002 (  0.0%)   0.0002 (  0.0%)  LegalizeName - Check interface name in terms of HDL syntax
   0.0002 (  0.0%)   0.0000 (  0.0%)   0.0002 (  0.0%)   0.0002 (  0.0%)   automatic parallel and pipeline insertion based performance constraint
   0.0000 (  0.0%)   0.0002 (  0.0%)   0.0002 (  0.0%)   0.0002 (  0.0%)  Delete dead loops
   0.0002 (  0.0%)   0.0000 (  0.0%)   0.0002 (  0.0%)   0.0002 (  0.0%)  Scalar Evolution Analysis
   0.0002 (  0.0%)   0.0000 (  0.0%)   0.0002 (  0.0%)   0.0002 (  0.0%)  Dead Argument Elimination
   0.0002 (  0.0%)   0.0000 (  0.0%)   0.0002 (  0.0%)   0.0002 (  0.0%)  Dead Instruction Elimination
   0.0001 (  0.0%)   0.0001 (  0.0%)   0.0002 (  0.0%)   0.0002 (  0.0%)  Value Propagation
   0.0002 (  0.0%)   0.0000 (  0.0%)   0.0002 (  0.0%)   0.0002 (  0.0%)  CallGraph Construction
   0.0002 (  0.0%)   0.0000 (  0.0%)   0.0002 (  0.0%)   0.0002 (  0.0%)  Array out of bound check
   0.0002 (  0.0%)   0.0000 (  0.0%)   0.0002 (  0.0%)   0.0002 (  0.0%)  CallGraph Construction
   0.0002 (  0.0%)   0.0000 (  0.0%)   0.0002 (  0.0%)   0.0002 (  0.0%)  Early GVN Hoisting of Expressions
   0.0002 (  0.0%)   0.0000 (  0.0%)   0.0002 (  0.0%)   0.0002 (  0.0%)  Interprocedural constant propagation
   0.0002 (  0.0%)   0.0000 (  0.0%)   0.0002 (  0.0%)   0.0002 (  0.0%)  Function Alias Analysis Results
   0.0002 (  0.0%)   0.0000 (  0.0%)   0.0002 (  0.0%)   0.0002 (  0.0%)  Dead Argument Elimination
   0.0002 (  0.0%)   0.0000 (  0.0%)   0.0002 (  0.0%)   0.0002 (  0.0%)   automatic parallel and pipeline insertion based performance constraint
   0.0002 (  0.0%)   0.0000 (  0.0%)   0.0002 (  0.0%)   0.0002 (  0.0%)  Simplify types in the LLVM IR, redundant type hierarchy
   0.0001 (  0.0%)   0.0001 (  0.0%)   0.0002 (  0.0%)   0.0002 (  0.0%)  Combine redundant instructions
   0.0002 (  0.0%)   0.0000 (  0.0%)   0.0002 (  0.0%)   0.0002 (  0.0%)  Early GVN Hoisting of Expressions
   0.0002 (  0.0%)   0.0000 (  0.0%)   0.0002 (  0.0%)   0.0002 (  0.0%)  Dominator Tree Construction
   0.0002 (  0.0%)   0.0000 (  0.0%)   0.0002 (  0.0%)   0.0002 (  0.0%)  Function Alias Analysis Results
   0.0002 (  0.0%)   0.0000 (  0.0%)   0.0002 (  0.0%)   0.0002 (  0.0%)  Value Propagation
   0.0002 (  0.0%)   0.0000 (  0.0%)   0.0002 (  0.0%)   0.0002 (  0.0%)  Value Propagation
   0.0002 (  0.0%)   0.0000 (  0.0%)   0.0002 (  0.0%)   0.0002 (  0.0%)  Simplify the CFG
   0.0002 (  0.0%)   0.0000 (  0.0%)   0.0002 (  0.0%)   0.0002 (  0.0%)  Value Propagation
   0.0002 (  0.0%)   0.0000 (  0.0%)   0.0002 (  0.0%)   0.0002 (  0.0%)  Resolve full load/store
   0.0002 (  0.0%)   0.0000 (  0.0%)   0.0002 (  0.0%)   0.0002 (  0.0%)  Value Propagation
   0.0002 (  0.0%)   0.0000 (  0.0%)   0.0002 (  0.0%)   0.0002 (  0.0%)  Lazy Value Information Analysis
   0.0002 (  0.0%)   0.0000 (  0.0%)   0.0002 (  0.0%)   0.0002 (  0.0%)  Function Alias Analysis Results
   0.0002 (  0.0%)   0.0000 (  0.0%)   0.0002 (  0.0%)   0.0002 (  0.0%)  Value Propagation
   0.0002 (  0.0%)   0.0000 (  0.0%)   0.0002 (  0.0%)   0.0002 (  0.0%)  Jump Threading
   0.0002 (  0.0%)   0.0000 (  0.0%)   0.0002 (  0.0%)   0.0002 (  0.0%)  Function Alias Analysis Results
   0.0002 (  0.0%)   0.0000 (  0.0%)   0.0002 (  0.0%)   0.0002 (  0.0%)  CallGraph Construction
   0.0002 (  0.0%)   0.0000 (  0.0%)   0.0002 (  0.0%)   0.0002 (  0.0%)  Function Alias Analysis Results
   0.0002 (  0.0%)   0.0000 (  0.0%)   0.0002 (  0.0%)   0.0002 (  0.0%)  Remove redundant instructions
   0.0002 (  0.0%)   0.0000 (  0.0%)   0.0002 (  0.0%)   0.0002 (  0.0%)  ROM inference pass
   0.0002 (  0.0%)   0.0000 (  0.0%)   0.0002 (  0.0%)   0.0002 (  0.0%)  Interprocedural constant propagation
   0.0002 (  0.0%)   0.0000 (  0.0%)   0.0002 (  0.0%)   0.0002 (  0.0%)  Dead Argument Elimination
   0.0002 (  0.0%)   0.0000 (  0.0%)   0.0002 (  0.0%)   0.0002 (  0.0%)  Scalar Evolution Analysis
   0.0002 (  0.0%)   0.0000 (  0.0%)   0.0002 (  0.0%)   0.0002 (  0.0%)  Loop Invariant Code Motion
   0.0002 (  0.0%)   0.0000 (  0.0%)   0.0002 (  0.0%)   0.0002 (  0.0%)  CallGraph Construction
   0.0002 (  0.0%)   0.0000 (  0.0%)   0.0002 (  0.0%)   0.0002 (  0.0%)  Infer nuw/nsw flags for instructions
   0.0002 (  0.0%)   0.0000 (  0.0%)   0.0002 (  0.0%)   0.0002 (  0.0%)  Resolve full load/store
   0.0002 (  0.0%)   0.0000 (  0.0%)   0.0002 (  0.0%)   0.0002 (  0.0%)  Infer nuw/nsw flags for instructions
   0.0002 (  0.0%)   0.0000 (  0.0%)   0.0002 (  0.0%)   0.0002 (  0.0%)  Dead Argument Elimination
   0.0002 (  0.0%)   0.0000 (  0.0%)   0.0002 (  0.0%)   0.0002 (  0.0%)  LoopDepAnalysis - Reflow Loop Dependence Annotation
   0.0002 (  0.0%)   0.0000 (  0.0%)   0.0002 (  0.0%)   0.0002 (  0.0%)  Aggressive Dead Code Elimination
   0.0002 (  0.0%)   0.0000 (  0.0%)   0.0002 (  0.0%)   0.0002 (  0.0%)  AnnotateNoAlias - Annotate NoAlias Attribute on Arguments
   0.0001 (  0.0%)   0.0000 (  0.0%)   0.0002 (  0.0%)   0.0002 (  0.0%)  Memory SSA
   0.0002 (  0.0%)   0.0000 (  0.0%)   0.0002 (  0.0%)   0.0002 (  0.0%)  Memory Dependence Analysis
   0.0002 (  0.0%)   0.0000 (  0.0%)   0.0002 (  0.0%)   0.0002 (  0.0%)  Dead Global Elimination
   0.0000 (  0.0%)   0.0002 (  0.0%)   0.0002 (  0.0%)   0.0002 (  0.0%)  Canonicalize natural loops
   0.0002 (  0.0%)   0.0000 (  0.0%)   0.0002 (  0.0%)   0.0002 (  0.0%)  clean some traps produced by clang
   0.0002 (  0.0%)   0.0000 (  0.0%)   0.0002 (  0.0%)   0.0002 (  0.0%)  Remove redundant instructions
   0.0002 (  0.0%)   0.0000 (  0.0%)   0.0002 (  0.0%)   0.0002 (  0.0%)  Memory SSA
   0.0002 (  0.0%)   0.0000 (  0.0%)   0.0002 (  0.0%)   0.0002 (  0.0%)  Recursively inline barriers caller to kernel
   0.0001 (  0.0%)   0.0000 (  0.0%)   0.0001 (  0.0%)   0.0002 (  0.0%)  Lazy Branch Probability Analysis
   0.0002 (  0.0%)   0.0000 (  0.0%)   0.0002 (  0.0%)   0.0002 (  0.0%)  Memory SSA
   0.0002 (  0.0%)   0.0000 (  0.0%)   0.0002 (  0.0%)   0.0002 (  0.0%)  Canonicalize natural loops
   0.0002 (  0.0%)   0.0000 (  0.0%)   0.0002 (  0.0%)   0.0002 (  0.0%)  Loop Invariant Code Motion
   0.0002 (  0.0%)   0.0000 (  0.0%)   0.0002 (  0.0%)   0.0002 (  0.0%)  Optimization Remark Emitter
   0.0001 (  0.0%)   0.0000 (  0.0%)   0.0001 (  0.0%)   0.0002 (  0.0%)  InferXCLAttrImplications - Infer XCL attribute implications
   0.0001 (  0.0%)   0.0000 (  0.0%)   0.0001 (  0.0%)   0.0002 (  0.0%)  Function Alias Analysis Results
   0.0001 (  0.0%)   0.0000 (  0.0%)   0.0001 (  0.0%)   0.0002 (  0.0%)  Lazy Branch Probability Analysis
   0.0001 (  0.0%)   0.0000 (  0.0%)   0.0001 (  0.0%)   0.0002 (  0.0%)  Lazy Block Frequency Analysis
   0.0000 (  0.0%)   0.0000 (  0.0%)   0.0000 (  0.0%)   0.0002 (  0.0%)  Lazy Branch Probability Analysis
   0.0000 (  0.0%)   0.0001 (  0.0%)   0.0001 (  0.0%)   0.0002 (  0.0%)  Dominator Tree Construction
   0.0001 (  0.0%)   0.0000 (  0.0%)   0.0001 (  0.0%)   0.0002 (  0.0%)  Optimization Remark Emitter
   0.0001 (  0.0%)   0.0000 (  0.0%)   0.0002 (  0.0%)   0.0002 (  0.0%)  Aggressive Dead Code Elimination
   0.0001 (  0.0%)   0.0000 (  0.0%)   0.0001 (  0.0%)   0.0001 (  0.0%)  Change xcl attribute to call sideeffect
   0.0001 (  0.0%)   0.0000 (  0.0%)   0.0001 (  0.0%)   0.0001 (  0.0%)  Lazy Block Frequency Analysis
   0.0001 (  0.0%)   0.0000 (  0.0%)   0.0001 (  0.0%)   0.0001 (  0.0%)  Aggressive Dead Code Elimination
   0.0001 (  0.0%)   0.0000 (  0.0%)   0.0002 (  0.0%)   0.0001 (  0.0%)  Dead Store Elimination
   0.0001 (  0.0%)   0.0001 (  0.0%)   0.0001 (  0.0%)   0.0001 (  0.0%)  Post-Dominator Tree Construction
   0.0001 (  0.0%)   0.0000 (  0.0%)   0.0001 (  0.0%)   0.0001 (  0.0%)  Canonicalize natural loops
   0.0000 (  0.0%)   0.0001 (  0.0%)   0.0001 (  0.0%)   0.0001 (  0.0%)  Canonicalize natural loops
   0.0001 (  0.0%)   0.0000 (  0.0%)   0.0001 (  0.0%)   0.0001 (  0.0%)  Function Alias Analysis Results
   0.0001 (  0.0%)   0.0000 (  0.0%)   0.0001 (  0.0%)   0.0001 (  0.0%)  Loop Invariant Code Motion
   0.0001 (  0.0%)   0.0000 (  0.0%)   0.0001 (  0.0%)   0.0001 (  0.0%)  Canonicalize natural loops
   0.0000 (  0.0%)   0.0001 (  0.0%)   0.0001 (  0.0%)   0.0001 (  0.0%)  Memory SSA
   0.0001 (  0.0%)   0.0000 (  0.0%)   0.0001 (  0.0%)   0.0001 (  0.0%)  Canonicalize natural loops
   0.0001 (  0.0%)   0.0000 (  0.0%)   0.0001 (  0.0%)   0.0001 (  0.0%)  ProduceBurstMessages - Produce Burst Messages
   0.0001 (  0.0%)   0.0000 (  0.0%)   0.0001 (  0.0%)   0.0001 (  0.0%)  Canonicalize natural loops
   0.0001 (  0.0%)   0.0000 (  0.0%)   0.0001 (  0.0%)   0.0001 (  0.0%)  Scalar Evolution Analysis
   0.0001 (  0.0%)   0.0000 (  0.0%)   0.0001 (  0.0%)   0.0001 (  0.0%)  Canonicalize natural loops
   0.0001 (  0.0%)   0.0000 (  0.0%)   0.0001 (  0.0%)   0.0001 (  0.0%)  Natural Loop Information
   0.0001 (  0.0%)   0.0000 (  0.0%)   0.0001 (  0.0%)   0.0001 (  0.0%)  Aggressive Dead Code Elimination
   0.0001 (  0.0%)   0.0000 (  0.0%)   0.0001 (  0.0%)   0.0001 (  0.0%)  Memory SSA
   0.0001 (  0.0%)   0.0000 (  0.0%)   0.0001 (  0.0%)   0.0001 (  0.0%)  Basic Alias Analysis (stateless AA impl)
   0.0001 (  0.0%)   0.0000 (  0.0%)   0.0001 (  0.0%)   0.0001 (  0.0%)  Post-Dominator Tree Construction
   0.0001 (  0.0%)   0.0000 (  0.0%)   0.0001 (  0.0%)   0.0001 (  0.0%)  Promote Memory to Register
   0.0001 (  0.0%)   0.0000 (  0.0%)   0.0001 (  0.0%)   0.0001 (  0.0%)  Function Alias Analysis Results
   0.0001 (  0.0%)   0.0000 (  0.0%)   0.0001 (  0.0%)   0.0001 (  0.0%)  CallGraph Construction
   0.0001 (  0.0%)   0.0000 (  0.0%)   0.0001 (  0.0%)   0.0001 (  0.0%)  Simplify the CFG
   0.0001 (  0.0%)   0.0000 (  0.0%)   0.0001 (  0.0%)   0.0001 (  0.0%)  Dominator Tree Construction
   0.0000 (  0.0%)   0.0001 (  0.0%)   0.0001 (  0.0%)   0.0001 (  0.0%)  Remove redundant instructions
   0.0001 (  0.0%)   0.0001 (  0.0%)   0.0001 (  0.0%)   0.0001 (  0.0%)  Dominator Tree Construction
   0.0000 (  0.0%)   0.0001 (  0.0%)   0.0001 (  0.0%)   0.0001 (  0.0%)  Loop-Closed SSA Form Pass
   0.0001 (  0.0%)   0.0000 (  0.0%)   0.0001 (  0.0%)   0.0001 (  0.0%)  Canonicalize natural loops
   0.0001 (  0.0%)   0.0000 (  0.0%)   0.0001 (  0.0%)   0.0001 (  0.0%)  Unswitch loops
   0.0001 (  0.0%)   0.0000 (  0.0%)   0.0001 (  0.0%)   0.0001 (  0.0%)  Rotate Loops
   0.0001 (  0.0%)   0.0000 (  0.0%)   0.0001 (  0.0%)   0.0001 (  0.0%)  Basic Alias Analysis (stateless AA impl)
   0.0001 (  0.0%)   0.0000 (  0.0%)   0.0001 (  0.0%)   0.0001 (  0.0%)  Memory SSA
   0.0001 (  0.0%)   0.0000 (  0.0%)   0.0001 (  0.0%)   0.0001 (  0.0%)  Dominator Tree Construction
   0.0001 (  0.0%)   0.0000 (  0.0%)   0.0001 (  0.0%)   0.0001 (  0.0%)  Function Alias Analysis Results
   0.0001 (  0.0%)   0.0000 (  0.0%)   0.0001 (  0.0%)   0.0001 (  0.0%)  Basic Alias Analysis (stateless AA impl)
   0.0000 (  0.0%)   0.0001 (  0.0%)   0.0001 (  0.0%)   0.0001 (  0.0%)  Dominator Tree Construction
   0.0001 (  0.0%)   0.0000 (  0.0%)   0.0001 (  0.0%)   0.0001 (  0.0%)  Dead Store Elimination
   0.0001 (  0.0%)   0.0000 (  0.0%)   0.0001 (  0.0%)   0.0001 (  0.0%)  Dominator Tree Construction
   0.0001 (  0.0%)   0.0000 (  0.0%)   0.0001 (  0.0%)   0.0001 (  0.0%)  Remove redundant instructions
   0.0001 (  0.0%)   0.0000 (  0.0%)   0.0001 (  0.0%)   0.0001 (  0.0%)  Basic Alias Analysis (stateless AA impl)
   0.0001 (  0.0%)   0.0000 (  0.0%)   0.0001 (  0.0%)   0.0001 (  0.0%)  Function Alias Analysis Results
   0.0001 (  0.0%)   0.0000 (  0.0%)   0.0001 (  0.0%)   0.0001 (  0.0%)  Basic Alias Analysis (stateless AA impl)
   0.0001 (  0.0%)   0.0000 (  0.0%)   0.0001 (  0.0%)   0.0001 (  0.0%)  Basic Alias Analysis (stateless AA impl)
   0.0001 (  0.0%)   0.0000 (  0.0%)   0.0001 (  0.0%)   0.0001 (  0.0%)  Undecay arrays
   0.0001 (  0.0%)   0.0000 (  0.0%)   0.0001 (  0.0%)   0.0001 (  0.0%)  Basic Alias Analysis (stateless AA impl)
   0.0001 (  0.0%)   0.0000 (  0.0%)   0.0001 (  0.0%)   0.0001 (  0.0%)  Basic Alias Analysis (stateless AA impl)
   0.0001 (  0.0%)   0.0000 (  0.0%)   0.0001 (  0.0%)   0.0001 (  0.0%)  Remove redundant instructions
   0.0001 (  0.0%)   0.0000 (  0.0%)   0.0001 (  0.0%)   0.0001 (  0.0%)  Remove redundant instructions
   0.0001 (  0.0%)   0.0000 (  0.0%)   0.0001 (  0.0%)   0.0001 (  0.0%)  Simplify types in the LLVM IR, redundant type hierarchy
   0.0001 (  0.0%)   0.0000 (  0.0%)   0.0001 (  0.0%)   0.0001 (  0.0%)  Simplify the CFG
   0.0001 (  0.0%)   0.0000 (  0.0%)   0.0001 (  0.0%)   0.0001 (  0.0%)  Remove redundant instructions
   0.0001 (  0.0%)   0.0000 (  0.0%)   0.0001 (  0.0%)   0.0001 (  0.0%)  Function Alias Analysis Results
   0.0001 (  0.0%)   0.0000 (  0.0%)   0.0001 (  0.0%)   0.0001 (  0.0%)  Dominator Tree Construction
   0.0001 (  0.0%)   0.0000 (  0.0%)   0.0001 (  0.0%)   0.0001 (  0.0%)  Canonicalize natural loops
   0.0000 (  0.0%)   0.0001 (  0.0%)   0.0001 (  0.0%)   0.0001 (  0.0%)  Aggressive Dead Code Elimination
   0.0001 (  0.0%)   0.0000 (  0.0%)   0.0001 (  0.0%)   0.0001 (  0.0%)  Dominator Tree Construction
   0.0001 (  0.0%)   0.0000 (  0.0%)   0.0001 (  0.0%)   0.0001 (  0.0%)  Simplify the CFG
   0.0001 (  0.0%)   0.0000 (  0.0%)   0.0001 (  0.0%)   0.0001 (  0.0%)  Canonicalize natural loops
   0.0000 (  0.0%)   0.0001 (  0.0%)   0.0001 (  0.0%)   0.0001 (  0.0%)  Dominator Tree Construction
   0.0001 (  0.0%)   0.0000 (  0.0%)   0.0001 (  0.0%)   0.0001 (  0.0%)  CallGraph Construction
   0.0001 (  0.0%)   0.0000 (  0.0%)   0.0001 (  0.0%)   0.0001 (  0.0%)  Dominator Tree Construction
   0.0001 (  0.0%)   0.0000 (  0.0%)   0.0001 (  0.0%)   0.0001 (  0.0%)  Remove redundant instructions
   0.0001 (  0.0%)   0.0000 (  0.0%)   0.0001 (  0.0%)   0.0001 (  0.0%)  Global Variable Optimizer
   0.0001 (  0.0%)   0.0000 (  0.0%)   0.0001 (  0.0%)   0.0001 (  0.0%)  Combine redundant instructions
   0.0001 (  0.0%)   0.0000 (  0.0%)   0.0001 (  0.0%)   0.0001 (  0.0%)  Canonicalize natural loops
   0.0001 (  0.0%)   0.0000 (  0.0%)   0.0001 (  0.0%)   0.0001 (  0.0%)  Basic Alias Analysis (stateless AA impl)
   0.0001 (  0.0%)   0.0000 (  0.0%)   0.0001 (  0.0%)   0.0001 (  0.0%)  Dominator Tree Construction
   0.0001 (  0.0%)   0.0000 (  0.0%)   0.0001 (  0.0%)   0.0001 (  0.0%)  Combine redundant instructions
   0.0001 (  0.0%)   0.0000 (  0.0%)   0.0001 (  0.0%)   0.0001 (  0.0%)  Remove redundant instructions
   0.0001 (  0.0%)   0.0000 (  0.0%)   0.0001 (  0.0%)   0.0001 (  0.0%)  Aggressive Dead Code Elimination
   0.0001 (  0.0%)   0.0000 (  0.0%)   0.0001 (  0.0%)   0.0001 (  0.0%)  Remove redundant instructions
   0.0000 (  0.0%)   0.0001 (  0.0%)   0.0001 (  0.0%)   0.0001 (  0.0%)  Dead Store Elimination
   0.0001 (  0.0%)   0.0000 (  0.0%)   0.0001 (  0.0%)   0.0001 (  0.0%)  Basic Alias Analysis (stateless AA impl)
   0.0001 (  0.0%)   0.0000 (  0.0%)   0.0001 (  0.0%)   0.0001 (  0.0%)  Dominator Tree Construction
   0.0001 (  0.0%)   0.0000 (  0.0%)   0.0001 (  0.0%)   0.0001 (  0.0%)  Divergence Analysis
   0.0001 (  0.0%)   0.0000 (  0.0%)   0.0001 (  0.0%)   0.0001 (  0.0%)  Remove redundant instructions
   0.0001 (  0.0%)   0.0000 (  0.0%)   0.0001 (  0.0%)   0.0001 (  0.0%)  DefaultInterfaceBuilderNew - Build Default Top Interface
   0.0001 (  0.0%)   0.0000 (  0.0%)   0.0001 (  0.0%)   0.0001 (  0.0%)  Basic Alias Analysis (stateless AA impl)
   0.0001 (  0.0%)   0.0000 (  0.0%)   0.0001 (  0.0%)   0.0001 (  0.0%)  Function Alias Analysis Results
   0.0001 (  0.0%)   0.0000 (  0.0%)   0.0001 (  0.0%)   0.0001 (  0.0%)  Aggressive Dead Code Elimination
   0.0001 (  0.0%)   0.0000 (  0.0%)   0.0001 (  0.0%)   0.0001 (  0.0%)  Dominator Tree Construction
   0.0001 (  0.0%)   0.0000 (  0.0%)   0.0001 (  0.0%)   0.0001 (  0.0%)  Dominator Tree Construction
   0.0000 (  0.0%)   0.0001 (  0.0%)   0.0001 (  0.0%)   0.0001 (  0.0%)  Natural Loop Information
   0.0001 (  0.0%)   0.0000 (  0.0%)   0.0001 (  0.0%)   0.0001 (  0.0%)  Simplify the CFG
   0.0001 (  0.0%)   0.0000 (  0.0%)   0.0001 (  0.0%)   0.0001 (  0.0%)  Dominator Tree Construction
   0.0001 (  0.0%)   0.0000 (  0.0%)   0.0001 (  0.0%)   0.0001 (  0.0%)  Basic Alias Analysis (stateless AA impl)
   0.0001 (  0.0%)   0.0000 (  0.0%)   0.0001 (  0.0%)   0.0001 (  0.0%)  Simple constant propagation
   0.0001 (  0.0%)   0.0000 (  0.0%)   0.0001 (  0.0%)   0.0001 (  0.0%)  Canonicalize natural loops
   0.0001 (  0.0%)   0.0000 (  0.0%)   0.0001 (  0.0%)   0.0001 (  0.0%)  Dominator Tree Construction
   0.0001 (  0.0%)   0.0000 (  0.0%)   0.0001 (  0.0%)   0.0001 (  0.0%)  Basic Alias Analysis (stateless AA impl)
   0.0001 (  0.0%)   0.0000 (  0.0%)   0.0001 (  0.0%)   0.0001 (  0.0%)  Combine redundant instructions
   0.0001 (  0.0%)   0.0000 (  0.0%)   0.0001 (  0.0%)   0.0001 (  0.0%)  Basic Alias Analysis (stateless AA impl)
   0.0000 (  0.0%)   0.0001 (  0.0%)   0.0001 (  0.0%)   0.0001 (  0.0%)  Infer nuw/nsw flags for instructions
   0.0001 (  0.0%)   0.0000 (  0.0%)   0.0001 (  0.0%)   0.0001 (  0.0%)  Dominator Tree Construction
   0.0001 (  0.0%)   0.0000 (  0.0%)   0.0001 (  0.0%)   0.0001 (  0.0%)  Dominator Tree Construction
   0.0001 (  0.0%)   0.0000 (  0.0%)   0.0001 (  0.0%)   0.0001 (  0.0%)  Function Alias Analysis Results
   0.0001 (  0.0%)   0.0000 (  0.0%)   0.0001 (  0.0%)   0.0001 (  0.0%)  Remove redundant instructions
   0.0001 (  0.0%)   0.0000 (  0.0%)   0.0001 (  0.0%)   0.0001 (  0.0%)  Simplify the CFG
   0.0001 (  0.0%)   0.0000 (  0.0%)   0.0001 (  0.0%)   0.0001 (  0.0%)  Basic Alias Analysis (stateless AA impl)
   0.0001 (  0.0%)   0.0000 (  0.0%)   0.0001 (  0.0%)   0.0001 (  0.0%)  Canonicalize natural loops
   0.0001 (  0.0%)   0.0000 (  0.0%)   0.0001 (  0.0%)   0.0001 (  0.0%)  Aggressive Dead Code Elimination
   0.0001 (  0.0%)   0.0000 (  0.0%)   0.0001 (  0.0%)   0.0001 (  0.0%)  Basic Alias Analysis (stateless AA impl)
   0.0001 (  0.0%)   0.0000 (  0.0%)   0.0001 (  0.0%)   0.0001 (  0.0%)  Basic Alias Analysis (stateless AA impl)
   0.0001 (  0.0%)   0.0000 (  0.0%)   0.0001 (  0.0%)   0.0001 (  0.0%)  Aggressive Dead Code Elimination
   0.0001 (  0.0%)   0.0000 (  0.0%)   0.0001 (  0.0%)   0.0001 (  0.0%)  Basic Alias Analysis (stateless AA impl)
   0.0001 (  0.0%)   0.0000 (  0.0%)   0.0001 (  0.0%)   0.0001 (  0.0%)  Simplify the CFG
   0.0001 (  0.0%)   0.0000 (  0.0%)   0.0001 (  0.0%)   0.0001 (  0.0%)  Basic Alias Analysis (stateless AA impl)
   0.0000 (  0.0%)   0.0001 (  0.0%)   0.0001 (  0.0%)   0.0001 (  0.0%)  Dominator Tree Construction
   0.0001 (  0.0%)   0.0000 (  0.0%)   0.0001 (  0.0%)   0.0001 (  0.0%)  Dominator Tree Construction
   0.0001 (  0.0%)   0.0000 (  0.0%)   0.0001 (  0.0%)   0.0001 (  0.0%)  Detect single entry single exit regions
   0.0001 (  0.0%)   0.0000 (  0.0%)   0.0001 (  0.0%)   0.0001 (  0.0%)  Aggressive Dead Code Elimination
   0.0001 (  0.0%)   0.0000 (  0.0%)   0.0001 (  0.0%)   0.0001 (  0.0%)  Aggressive Dead Code Elimination
   0.0001 (  0.0%)   0.0000 (  0.0%)   0.0001 (  0.0%)   0.0001 (  0.0%)  Basic Alias Analysis (stateless AA impl)
   0.0001 (  0.0%)   0.0000 (  0.0%)   0.0001 (  0.0%)   0.0001 (  0.0%)  Basic Alias Analysis (stateless AA impl)
   0.0001 (  0.0%)   0.0000 (  0.0%)   0.0001 (  0.0%)   0.0001 (  0.0%)  Memory Dependence Analysis
   0.0001 (  0.0%)   0.0000 (  0.0%)   0.0001 (  0.0%)   0.0001 (  0.0%)  Basic Alias Analysis (stateless AA impl)
   0.0001 (  0.0%)   0.0000 (  0.0%)   0.0001 (  0.0%)   0.0001 (  0.0%)  Aggressive Dead Code Elimination
   0.0001 (  0.0%)   0.0000 (  0.0%)   0.0001 (  0.0%)   0.0001 (  0.0%)  Aggressive Dead Code Elimination
   0.0001 (  0.0%)   0.0000 (  0.0%)   0.0001 (  0.0%)   0.0001 (  0.0%)  Dominator Tree Construction
   0.0001 (  0.0%)   0.0000 (  0.0%)   0.0001 (  0.0%)   0.0001 (  0.0%)  Basic Alias Analysis (stateless AA impl)
   0.0001 (  0.0%)   0.0000 (  0.0%)   0.0001 (  0.0%)   0.0001 (  0.0%)  Aggressive Dead Code Elimination
   0.0001 (  0.0%)   0.0000 (  0.0%)   0.0001 (  0.0%)   0.0001 (  0.0%)  Loop-Closed SSA Form Pass
   0.0001 (  0.0%)   0.0000 (  0.0%)   0.0001 (  0.0%)   0.0001 (  0.0%)  Basic Alias Analysis (stateless AA impl)
   0.0001 (  0.0%)   0.0000 (  0.0%)   0.0001 (  0.0%)   0.0001 (  0.0%)  Aggressive Dead Code Elimination
   0.0001 (  0.0%)   0.0000 (  0.0%)   0.0001 (  0.0%)   0.0001 (  0.0%)  Basic Alias Analysis (stateless AA impl)
   0.0001 (  0.0%)   0.0000 (  0.0%)   0.0001 (  0.0%)   0.0001 (  0.0%)  Basic Alias Analysis (stateless AA impl)
   0.0001 (  0.0%)   0.0000 (  0.0%)   0.0001 (  0.0%)   0.0001 (  0.0%)  Dominator Tree Construction
   0.0001 (  0.0%)   0.0000 (  0.0%)   0.0001 (  0.0%)   0.0001 (  0.0%)  Basic Alias Analysis (stateless AA impl)
   0.0000 (  0.0%)   0.0000 (  0.0%)   0.0001 (  0.0%)   0.0001 (  0.0%)  Basic Alias Analysis (stateless AA impl)
   0.0001 (  0.0%)   0.0000 (  0.0%)   0.0001 (  0.0%)   0.0001 (  0.0%)  Aggressive Dead Code Elimination
   0.0001 (  0.0%)   0.0000 (  0.0%)   0.0001 (  0.0%)   0.0001 (  0.0%)  Basic Alias Analysis (stateless AA impl)
   0.0001 (  0.0%)   0.0000 (  0.0%)   0.0001 (  0.0%)   0.0001 (  0.0%)  Basic Alias Analysis (stateless AA impl)
   0.0001 (  0.0%)   0.0000 (  0.0%)   0.0001 (  0.0%)   0.0001 (  0.0%)  Basic Alias Analysis (stateless AA impl)
   0.0001 (  0.0%)   0.0000 (  0.0%)   0.0001 (  0.0%)   0.0001 (  0.0%)  Basic Alias Analysis (stateless AA impl)
   0.0001 (  0.0%)   0.0000 (  0.0%)   0.0001 (  0.0%)   0.0001 (  0.0%)  CallGraph Construction
   0.0001 (  0.0%)   0.0000 (  0.0%)   0.0001 (  0.0%)   0.0001 (  0.0%)  Aggressive Dead Code Elimination
   0.0001 (  0.0%)   0.0000 (  0.0%)   0.0001 (  0.0%)   0.0001 (  0.0%)  Natural Loop Information
   0.0001 (  0.0%)   0.0000 (  0.0%)   0.0001 (  0.0%)   0.0001 (  0.0%)  Assign names to anonymous instructions (structure based)
   0.0001 (  0.0%)   0.0000 (  0.0%)   0.0001 (  0.0%)   0.0001 (  0.0%)  Natural Loop Information
   0.0001 (  0.0%)   0.0000 (  0.0%)   0.0001 (  0.0%)   0.0001 (  0.0%)  Basic Alias Analysis (stateless AA impl)
   0.0001 (  0.0%)   0.0000 (  0.0%)   0.0001 (  0.0%)   0.0001 (  0.0%)  Basic Alias Analysis (stateless AA impl)
   0.0000 (  0.0%)   0.0000 (  0.0%)   0.0001 (  0.0%)   0.0001 (  0.0%)  Basic Alias Analysis (stateless AA impl)
   0.0000 (  0.0%)   0.0001 (  0.0%)   0.0001 (  0.0%)   0.0001 (  0.0%)  Basic Alias Analysis (stateless AA impl)
   0.0001 (  0.0%)   0.0000 (  0.0%)   0.0001 (  0.0%)   0.0001 (  0.0%)  Post-Dominator Tree Construction
   0.0001 (  0.0%)   0.0000 (  0.0%)   0.0001 (  0.0%)   0.0001 (  0.0%)  CallGraph Construction
   0.0001 (  0.0%)   0.0000 (  0.0%)   0.0001 (  0.0%)   0.0001 (  0.0%)  Auto automatic array partition filter analysis
   0.0001 (  0.0%)   0.0000 (  0.0%)   0.0001 (  0.0%)   0.0001 (  0.0%)  CallGraph Construction
   0.0001 (  0.0%)   0.0000 (  0.0%)   0.0001 (  0.0%)   0.0001 (  0.0%)  Basic Alias Analysis (stateless AA impl)
   0.0001 (  0.0%)   0.0000 (  0.0%)   0.0001 (  0.0%)   0.0001 (  0.0%)  Basic Alias Analysis (stateless AA impl)
   0.0001 (  0.0%)   0.0000 (  0.0%)   0.0001 (  0.0%)   0.0001 (  0.0%)  Post-Dominator Tree Construction
   0.0001 (  0.0%)   0.0000 (  0.0%)   0.0001 (  0.0%)   0.0001 (  0.0%)  Basic Alias Analysis (stateless AA impl)
   0.0000 (  0.0%)   0.0001 (  0.0%)   0.0001 (  0.0%)   0.0001 (  0.0%)  Natural Loop Information
   0.0001 (  0.0%)   0.0000 (  0.0%)   0.0001 (  0.0%)   0.0001 (  0.0%)  Basic Alias Analysis (stateless AA impl)
   0.0001 (  0.0%)   0.0000 (  0.0%)   0.0001 (  0.0%)   0.0001 (  0.0%)  Aggressive Dead Code Elimination
   0.0001 (  0.0%)   0.0000 (  0.0%)   0.0001 (  0.0%)   0.0001 (  0.0%)  Basic Alias Analysis (stateless AA impl)
   0.0001 (  0.0%)   0.0000 (  0.0%)   0.0001 (  0.0%)   0.0001 (  0.0%)  Dominator Tree Construction
   0.0001 (  0.0%)   0.0000 (  0.0%)   0.0001 (  0.0%)   0.0001 (  0.0%)  Loop-Closed SSA Form Pass
   0.0001 (  0.0%)   0.0000 (  0.0%)   0.0001 (  0.0%)   0.0001 (  0.0%)  Resolve full load/store
   0.0001 (  0.0%)   0.0000 (  0.0%)   0.0001 (  0.0%)   0.0001 (  0.0%)  Dead Argument Elimination
   0.0001 (  0.0%)   0.0000 (  0.0%)   0.0001 (  0.0%)   0.0001 (  0.0%)  Function Alias Analysis Results
   0.0001 (  0.0%)   0.0000 (  0.0%)   0.0001 (  0.0%)   0.0001 (  0.0%)  Basic Alias Analysis (stateless AA impl)
   0.0001 (  0.0%)   0.0000 (  0.0%)   0.0001 (  0.0%)   0.0001 (  0.0%)  Basic Alias Analysis (stateless AA impl)
   0.0001 (  0.0%)   0.0000 (  0.0%)   0.0001 (  0.0%)   0.0001 (  0.0%)  Post-Dominator Tree Construction
   0.0001 (  0.0%)   0.0000 (  0.0%)   0.0001 (  0.0%)   0.0001 (  0.0%)  Dead Store Elimination
   0.0001 (  0.0%)   0.0000 (  0.0%)   0.0001 (  0.0%)   0.0001 (  0.0%)  Loop-Closed SSA Form Pass
   0.0001 (  0.0%)   0.0000 (  0.0%)   0.0001 (  0.0%)   0.0001 (  0.0%)  Aggressive Dead Code Elimination
   0.0001 (  0.0%)   0.0000 (  0.0%)   0.0001 (  0.0%)   0.0001 (  0.0%)  Basic Alias Analysis (stateless AA impl)
   0.0001 (  0.0%)   0.0000 (  0.0%)   0.0001 (  0.0%)   0.0001 (  0.0%)  Basic Alias Analysis (stateless AA impl)
   0.0001 (  0.0%)   0.0000 (  0.0%)   0.0001 (  0.0%)   0.0001 (  0.0%)  Dominator Tree Construction
   0.0001 (  0.0%)   0.0000 (  0.0%)   0.0001 (  0.0%)   0.0001 (  0.0%)  Dominator Tree Construction
   0.0001 (  0.0%)   0.0000 (  0.0%)   0.0001 (  0.0%)   0.0001 (  0.0%)  Post-Dominator Tree Construction
   0.0000 (  0.0%)   0.0001 (  0.0%)   0.0001 (  0.0%)   0.0001 (  0.0%)  Natural Loop Information
   0.0001 (  0.0%)   0.0000 (  0.0%)   0.0001 (  0.0%)   0.0001 (  0.0%)  Dominator Tree Construction
   0.0001 (  0.0%)   0.0000 (  0.0%)   0.0001 (  0.0%)   0.0001 (  0.0%)  Natural Loop Information
   0.0001 (  0.0%)   0.0000 (  0.0%)   0.0001 (  0.0%)   0.0001 (  0.0%)  Dead Store Elimination
   0.0001 (  0.0%)   0.0000 (  0.0%)   0.0001 (  0.0%)   0.0001 (  0.0%)  Basic Alias Analysis (stateless AA impl)
   0.0001 (  0.0%)   0.0000 (  0.0%)   0.0001 (  0.0%)   0.0001 (  0.0%)  Loop-Closed SSA Form Pass
   0.0001 (  0.0%)   0.0000 (  0.0%)   0.0001 (  0.0%)   0.0001 (  0.0%)  Dead Store Elimination
   0.0001 (  0.0%)   0.0000 (  0.0%)   0.0001 (  0.0%)   0.0001 (  0.0%)  Dead Store Elimination
   0.0001 (  0.0%)   0.0000 (  0.0%)   0.0001 (  0.0%)   0.0001 (  0.0%)  Dominator Tree Construction
   0.0001 (  0.0%)   0.0000 (  0.0%)   0.0001 (  0.0%)   0.0001 (  0.0%)  Dead Store Elimination
   0.0001 (  0.0%)   0.0000 (  0.0%)   0.0001 (  0.0%)   0.0001 (  0.0%)  Basic Alias Analysis (stateless AA impl)
   0.0001 (  0.0%)   0.0000 (  0.0%)   0.0001 (  0.0%)   0.0001 (  0.0%)  Basic Alias Analysis (stateless AA impl)
   0.0000 (  0.0%)   0.0001 (  0.0%)   0.0001 (  0.0%)   0.0001 (  0.0%)  Post-Dominator Tree Construction
   0.0001 (  0.0%)   0.0000 (  0.0%)   0.0001 (  0.0%)   0.0001 (  0.0%)  Natural Loop Information
   0.0000 (  0.0%)   0.0001 (  0.0%)   0.0001 (  0.0%)   0.0001 (  0.0%)  Post-Dominator Tree Construction
   0.0000 (  0.0%)   0.0001 (  0.0%)   0.0001 (  0.0%)   0.0001 (  0.0%)  Post-Dominator Tree Construction
   0.0001 (  0.0%)   0.0000 (  0.0%)   0.0001 (  0.0%)   0.0001 (  0.0%)  Dead Store Elimination
   0.0001 (  0.0%)   0.0000 (  0.0%)   0.0001 (  0.0%)   0.0001 (  0.0%)  Post-Dominator Tree Construction
   0.0001 (  0.0%)   0.0000 (  0.0%)   0.0001 (  0.0%)   0.0001 (  0.0%)  Basic Alias Analysis (stateless AA impl)
   0.0001 (  0.0%)   0.0000 (  0.0%)   0.0001 (  0.0%)   0.0001 (  0.0%)  Scalar Evolution Analysis
   0.0001 (  0.0%)   0.0000 (  0.0%)   0.0001 (  0.0%)   0.0001 (  0.0%)  Loop-Closed SSA Form Pass
   0.0001 (  0.0%)   0.0000 (  0.0%)   0.0001 (  0.0%)   0.0001 (  0.0%)  Dead Store Elimination
   0.0001 (  0.0%)   0.0000 (  0.0%)   0.0001 (  0.0%)   0.0001 (  0.0%)  Scalar Evolution Analysis
   0.0001 (  0.0%)   0.0000 (  0.0%)   0.0001 (  0.0%)   0.0001 (  0.0%)  Infer set function attributes
   0.0001 (  0.0%)   0.0000 (  0.0%)   0.0001 (  0.0%)   0.0001 (  0.0%)  Natural Loop Information
   0.0001 (  0.0%)   0.0000 (  0.0%)   0.0001 (  0.0%)   0.0001 (  0.0%)  Scalar Evolution Analysis
   0.0001 (  0.0%)   0.0000 (  0.0%)   0.0001 (  0.0%)   0.0001 (  0.0%)  Dominator Tree Construction
   0.0000 (  0.0%)   0.0000 (  0.0%)   0.0001 (  0.0%)   0.0001 (  0.0%)  Aggressive Dead Code Elimination
   0.0001 (  0.0%)   0.0000 (  0.0%)   0.0001 (  0.0%)   0.0001 (  0.0%)  Loop-Closed SSA Form Pass
   0.0001 (  0.0%)   0.0000 (  0.0%)   0.0001 (  0.0%)   0.0001 (  0.0%)  Natural Loop Information
   0.0001 (  0.0%)   0.0000 (  0.0%)   0.0001 (  0.0%)   0.0001 (  0.0%)  Loop-Closed SSA Form Pass
   0.0001 (  0.0%)   0.0000 (  0.0%)   0.0001 (  0.0%)   0.0001 (  0.0%)  Basic Alias Analysis (stateless AA impl)
   0.0001 (  0.0%)   0.0000 (  0.0%)   0.0001 (  0.0%)   0.0001 (  0.0%)  Post-Dominator Tree Construction
   0.0001 (  0.0%)   0.0000 (  0.0%)   0.0001 (  0.0%)   0.0001 (  0.0%)  Assign names to anonymous instructions (structure based)
   0.0001 (  0.0%)   0.0000 (  0.0%)   0.0001 (  0.0%)   0.0001 (  0.0%)  Natural Loop Information
   0.0001 (  0.0%)   0.0000 (  0.0%)   0.0001 (  0.0%)   0.0001 (  0.0%)  Natural Loop Information
   0.0001 (  0.0%)   0.0000 (  0.0%)   0.0001 (  0.0%)   0.0001 (  0.0%)  Dominator Tree Construction
   0.0000 (  0.0%)   0.0001 (  0.0%)   0.0001 (  0.0%)   0.0001 (  0.0%)  Canonicalize natural loops
   0.0000 (  0.0%)   0.0001 (  0.0%)   0.0001 (  0.0%)   0.0001 (  0.0%)  Post-Dominator Tree Construction
   0.0001 (  0.0%)   0.0000 (  0.0%)   0.0001 (  0.0%)   0.0001 (  0.0%)  Basic Alias Analysis (stateless AA impl)
   0.0001 (  0.0%)   0.0000 (  0.0%)   0.0001 (  0.0%)   0.0001 (  0.0%)  Preprocessing before loop rotation
   0.0001 (  0.0%)   0.0000 (  0.0%)   0.0001 (  0.0%)   0.0001 (  0.0%)  Dead Global Elimination
   0.0001 (  0.0%)   0.0000 (  0.0%)   0.0001 (  0.0%)   0.0001 (  0.0%)  Natural Loop Information
   0.0000 (  0.0%)   0.0001 (  0.0%)   0.0001 (  0.0%)   0.0001 (  0.0%)  Divergence Analysis
   0.0001 (  0.0%)   0.0000 (  0.0%)   0.0001 (  0.0%)   0.0001 (  0.0%)  Basic Alias Analysis (stateless AA impl)
   0.0000 (  0.0%)   0.0001 (  0.0%)   0.0001 (  0.0%)   0.0001 (  0.0%)  Dominator Tree Construction
   0.0001 (  0.0%)   0.0000 (  0.0%)   0.0001 (  0.0%)   0.0001 (  0.0%)  Dead Store Elimination
   0.0001 (  0.0%)   0.0000 (  0.0%)   0.0001 (  0.0%)   0.0001 (  0.0%)  Basic Alias Analysis (stateless AA impl)
   0.0001 (  0.0%)   0.0000 (  0.0%)   0.0001 (  0.0%)   0.0001 (  0.0%)  Post-Dominator Tree Construction
   0.0001 (  0.0%)   0.0000 (  0.0%)   0.0001 (  0.0%)   0.0001 (  0.0%)  Dominator Tree Construction
   0.0001 (  0.0%)   0.0000 (  0.0%)   0.0001 (  0.0%)   0.0001 (  0.0%)  Post-Dominator Tree Construction
   0.0000 (  0.0%)   0.0001 (  0.0%)   0.0001 (  0.0%)   0.0001 (  0.0%)  Scalar Evolution Analysis
   0.0001 (  0.0%)   0.0000 (  0.0%)   0.0001 (  0.0%)   0.0001 (  0.0%)  Basic Alias Analysis (stateless AA impl)
   0.0001 (  0.0%)   0.0000 (  0.0%)   0.0001 (  0.0%)   0.0001 (  0.0%)  Basic Alias Analysis (stateless AA impl)
   0.0001 (  0.0%)   0.0000 (  0.0%)   0.0001 (  0.0%)   0.0001 (  0.0%)  Basic Alias Analysis (stateless AA impl)
   0.0001 (  0.0%)   0.0000 (  0.0%)   0.0001 (  0.0%)   0.0001 (  0.0%)  Dead Code Elimination
   0.0001 (  0.0%)   0.0000 (  0.0%)   0.0001 (  0.0%)   0.0001 (  0.0%)  Basic Alias Analysis (stateless AA impl)
   0.0001 (  0.0%)   0.0000 (  0.0%)   0.0001 (  0.0%)   0.0001 (  0.0%)  Post-Dominator Tree Construction
   0.0001 (  0.0%)   0.0000 (  0.0%)   0.0001 (  0.0%)   0.0001 (  0.0%)  Infer nuw/nsw flags for instructions
   0.0001 (  0.0%)   0.0000 (  0.0%)   0.0001 (  0.0%)   0.0001 (  0.0%)  Build loop flatten cost model
   0.0001 (  0.0%)   0.0000 (  0.0%)   0.0001 (  0.0%)   0.0001 (  0.0%)  Dead Code Elimination
   0.0001 (  0.0%)   0.0000 (  0.0%)   0.0001 (  0.0%)   0.0001 (  0.0%)  Basic Alias Analysis (stateless AA impl)
   0.0000 (  0.0%)   0.0000 (  0.0%)   0.0001 (  0.0%)   0.0001 (  0.0%)  Basic Alias Analysis (stateless AA impl)
   0.0001 (  0.0%)   0.0000 (  0.0%)   0.0001 (  0.0%)   0.0001 (  0.0%)  Basic Alias Analysis (stateless AA impl)
   0.0001 (  0.0%)   0.0000 (  0.0%)   0.0001 (  0.0%)   0.0001 (  0.0%)  Basic Alias Analysis (stateless AA impl)
   0.0001 (  0.0%)   0.0000 (  0.0%)   0.0001 (  0.0%)   0.0001 (  0.0%)  InterfaceCheck - Check Interface
   0.0001 (  0.0%)   0.0000 (  0.0%)   0.0001 (  0.0%)   0.0001 (  0.0%)  Dominance Frontier Construction
   0.0000 (  0.0%)   0.0001 (  0.0%)   0.0001 (  0.0%)   0.0001 (  0.0%)  Divergence Analysis
   0.0000 (  0.0%)   0.0001 (  0.0%)   0.0001 (  0.0%)   0.0001 (  0.0%)  Loop-Closed SSA Form Pass
   0.0001 (  0.0%)   0.0000 (  0.0%)   0.0001 (  0.0%)   0.0001 (  0.0%)  Dominator Tree Construction
   0.0001 (  0.0%)   0.0000 (  0.0%)   0.0001 (  0.0%)   0.0001 (  0.0%)  Transform SSA value on top function to variable with pointer type
   0.0001 (  0.0%)   0.0000 (  0.0%)   0.0001 (  0.0%)   0.0001 (  0.0%)  Post-Dominator Tree Construction
   0.0001 (  0.0%)   0.0000 (  0.0%)   0.0001 (  0.0%)   0.0001 (  0.0%)  Scalar Evolution Analysis
   0.0001 (  0.0%)   0.0000 (  0.0%)   0.0001 (  0.0%)   0.0001 (  0.0%)  Basic Alias Analysis (stateless AA impl)
   0.0001 (  0.0%)   0.0000 (  0.0%)   0.0001 (  0.0%)   0.0001 (  0.0%)  Scalar Evolution Analysis
   0.0001 (  0.0%)   0.0000 (  0.0%)   0.0001 (  0.0%)   0.0001 (  0.0%)  Scalar Evolution Analysis
   0.0001 (  0.0%)   0.0000 (  0.0%)   0.0001 (  0.0%)   0.0001 (  0.0%)  Post-Dominator Tree Construction
   0.0001 (  0.0%)   0.0000 (  0.0%)   0.0001 (  0.0%)   0.0001 (  0.0%)  Basic Alias Analysis (stateless AA impl)
   0.0001 (  0.0%)   0.0000 (  0.0%)   0.0001 (  0.0%)   0.0001 (  0.0%)  Basic Alias Analysis (stateless AA impl)
   0.0001 (  0.0%)   0.0000 (  0.0%)   0.0001 (  0.0%)   0.0001 (  0.0%)  Natural Loop Information
   0.0001 (  0.0%)   0.0000 (  0.0%)   0.0001 (  0.0%)   0.0001 (  0.0%)  Basic Alias Analysis (stateless AA impl)
   0.0001 (  0.0%)   0.0000 (  0.0%)   0.0001 (  0.0%)   0.0001 (  0.0%)  Post-Dominator Tree Construction
   0.0001 (  0.0%)   0.0000 (  0.0%)   0.0001 (  0.0%)   0.0001 (  0.0%)  Post-Dominator Tree Construction
   0.0000 (  0.0%)   0.0001 (  0.0%)   0.0001 (  0.0%)   0.0001 (  0.0%)  Post-Dominator Tree Construction
   0.0001 (  0.0%)   0.0000 (  0.0%)   0.0001 (  0.0%)   0.0001 (  0.0%)  Dominator Tree Construction
   0.0001 (  0.0%)   0.0000 (  0.0%)   0.0001 (  0.0%)   0.0001 (  0.0%)  Basic Alias Analysis (stateless AA impl)
   0.0001 (  0.0%)   0.0000 (  0.0%)   0.0001 (  0.0%)   0.0001 (  0.0%)  Post-Dominator Tree Construction
   0.0001 (  0.0%)   0.0000 (  0.0%)   0.0001 (  0.0%)   0.0001 (  0.0%)  Loop-Closed SSA Form Pass
   0.0001 (  0.0%)   0.0000 (  0.0%)   0.0001 (  0.0%)   0.0001 (  0.0%)  Basic Alias Analysis (stateless AA impl)
   0.0001 (  0.0%)   0.0000 (  0.0%)   0.0001 (  0.0%)   0.0001 (  0.0%)  SROA
   0.0001 (  0.0%)   0.0000 (  0.0%)   0.0001 (  0.0%)   0.0001 (  0.0%)  Basic Alias Analysis (stateless AA impl)
   0.0001 (  0.0%)   0.0000 (  0.0%)   0.0001 (  0.0%)   0.0001 (  0.0%)  Function Alias Analysis Results
   0.0001 (  0.0%)   0.0000 (  0.0%)   0.0001 (  0.0%)   0.0001 (  0.0%)  Post-Dominator Tree Construction
   0.0001 (  0.0%)   0.0000 (  0.0%)   0.0001 (  0.0%)   0.0001 (  0.0%)  Post-Dominator Tree Construction
   0.0001 (  0.0%)   0.0000 (  0.0%)   0.0001 (  0.0%)   0.0001 (  0.0%)  Infer nuw/nsw flags for instructions
   0.0001 (  0.0%)   0.0000 (  0.0%)   0.0001 (  0.0%)   0.0001 (  0.0%)  Basic Alias Analysis (stateless AA impl)
   0.0001 (  0.0%)   0.0000 (  0.0%)   0.0001 (  0.0%)   0.0001 (  0.0%)  Natural Loop Information
   0.0000 (  0.0%)   0.0000 (  0.0%)   0.0001 (  0.0%)   0.0001 (  0.0%)  Divergence Analysis
   0.0001 (  0.0%)   0.0000 (  0.0%)   0.0001 (  0.0%)   0.0001 (  0.0%)  Post-Dominator Tree Construction
   0.0001 (  0.0%)   0.0000 (  0.0%)   0.0001 (  0.0%)   0.0001 (  0.0%)  Scalar Evolution Analysis
   0.0001 (  0.0%)   0.0000 (  0.0%)   0.0001 (  0.0%)   0.0001 (  0.0%)  Rotate Loops
   0.0000 (  0.0%)   0.0001 (  0.0%)   0.0001 (  0.0%)   0.0001 (  0.0%)  Scalar Evolution Analysis
   0.0000 (  0.0%)   0.0000 (  0.0%)   0.0001 (  0.0%)   0.0001 (  0.0%)  Post-Dominator Tree Construction
   0.0001 (  0.0%)   0.0000 (  0.0%)   0.0001 (  0.0%)   0.0001 (  0.0%)  Scalar Evolution Analysis
   0.0000 (  0.0%)   0.0000 (  0.0%)   0.0001 (  0.0%)   0.0001 (  0.0%)  Scalar Evolution Analysis
   0.0001 (  0.0%)   0.0000 (  0.0%)   0.0001 (  0.0%)   0.0001 (  0.0%)  Scalar Evolution Analysis
   0.0001 (  0.0%)   0.0000 (  0.0%)   0.0001 (  0.0%)   0.0001 (  0.0%)  Post-Dominator Tree Construction
   0.0001 (  0.0%)   0.0000 (  0.0%)   0.0001 (  0.0%)   0.0001 (  0.0%)  Dominator Tree Construction
   0.0000 (  0.0%)   0.0000 (  0.0%)   0.0001 (  0.0%)   0.0001 (  0.0%)  Scalar Evolution Analysis
   0.0001 (  0.0%)   0.0000 (  0.0%)   0.0001 (  0.0%)   0.0001 (  0.0%)  Post-Dominator Tree Construction
   0.0001 (  0.0%)   0.0000 (  0.0%)   0.0001 (  0.0%)   0.0001 (  0.0%)  Basic Alias Analysis (stateless AA impl)
   0.0001 (  0.0%)   0.0000 (  0.0%)   0.0001 (  0.0%)   0.0001 (  0.0%)  Post-Dominator Tree Construction
   0.0001 (  0.0%)   0.0000 (  0.0%)   0.0001 (  0.0%)   0.0001 (  0.0%)  Scalar Evolution Analysis
   0.0001 (  0.0%)   0.0000 (  0.0%)   0.0001 (  0.0%)   0.0001 (  0.0%)  Basic Alias Analysis (stateless AA impl)
   0.0001 (  0.0%)   0.0000 (  0.0%)   0.0001 (  0.0%)   0.0001 (  0.0%)  Simplify loop CFG
   0.0001 (  0.0%)   0.0000 (  0.0%)   0.0001 (  0.0%)   0.0001 (  0.0%)  Loop-Closed SSA Form Pass
   0.0001 (  0.0%)   0.0000 (  0.0%)   0.0001 (  0.0%)   0.0001 (  0.0%)  Basic Alias Analysis (stateless AA impl)
   0.0000 (  0.0%)   0.0001 (  0.0%)   0.0001 (  0.0%)   0.0001 (  0.0%)  Divergence Analysis
   0.0001 (  0.0%)   0.0000 (  0.0%)   0.0001 (  0.0%)   0.0001 (  0.0%)  Basic Alias Analysis (stateless AA impl)
   0.0001 (  0.0%)   0.0000 (  0.0%)   0.0001 (  0.0%)   0.0001 (  0.0%)  Scalar Evolution Analysis
   0.0001 (  0.0%)   0.0000 (  0.0%)   0.0001 (  0.0%)   0.0001 (  0.0%)  Post-Dominator Tree Construction
   0.0000 (  0.0%)   0.0000 (  0.0%)   0.0001 (  0.0%)   0.0001 (  0.0%)  Basic Alias Analysis (stateless AA impl)
   0.0000 (  0.0%)   0.0001 (  0.0%)   0.0001 (  0.0%)   0.0001 (  0.0%)  Natural Loop Information
   0.0001 (  0.0%)   0.0000 (  0.0%)   0.0001 (  0.0%)   0.0001 (  0.0%)  Natural Loop Information
   0.0001 (  0.0%)   0.0000 (  0.0%)   0.0001 (  0.0%)   0.0001 (  0.0%)  Post-Dominator Tree Construction
   0.0001 (  0.0%)   0.0000 (  0.0%)   0.0001 (  0.0%)   0.0001 (  0.0%)  Scalar Evolution Analysis
   0.0000 (  0.0%)   0.0000 (  0.0%)   0.0001 (  0.0%)   0.0001 (  0.0%)  Basic Alias Analysis (stateless AA impl)
   0.0000 (  0.0%)   0.0000 (  0.0%)   0.0001 (  0.0%)   0.0001 (  0.0%)  Dominator Tree Construction
   0.0000 (  0.0%)   0.0001 (  0.0%)   0.0001 (  0.0%)   0.0001 (  0.0%)  Dead Code Elimination
   0.0001 (  0.0%)   0.0000 (  0.0%)   0.0001 (  0.0%)   0.0001 (  0.0%)  Loop-Closed SSA Form Pass
   0.0001 (  0.0%)   0.0000 (  0.0%)   0.0001 (  0.0%)   0.0001 (  0.0%)  Natural Loop Information
   0.0001 (  0.0%)   0.0000 (  0.0%)   0.0001 (  0.0%)   0.0001 (  0.0%)  Post-Dominator Tree Construction
   0.0001 (  0.0%)   0.0000 (  0.0%)   0.0001 (  0.0%)   0.0001 (  0.0%)  Loop-Closed SSA Form Pass
   0.0000 (  0.0%)   0.0000 (  0.0%)   0.0001 (  0.0%)   0.0001 (  0.0%)  Basic Alias Analysis (stateless AA impl)
   0.0001 (  0.0%)   0.0000 (  0.0%)   0.0001 (  0.0%)   0.0001 (  0.0%)  Basic Alias Analysis (stateless AA impl)
   0.0001 (  0.0%)   0.0000 (  0.0%)   0.0001 (  0.0%)   0.0001 (  0.0%)  Natural Loop Information
   0.0001 (  0.0%)   0.0000 (  0.0%)   0.0001 (  0.0%)   0.0001 (  0.0%)  Loop-Closed SSA Form Pass
   0.0001 (  0.0%)   0.0000 (  0.0%)   0.0001 (  0.0%)   0.0001 (  0.0%)  Natural Loop Information
   0.0001 (  0.0%)   0.0000 (  0.0%)   0.0001 (  0.0%)   0.0001 (  0.0%)  Scalar Evolution Analysis
   0.0001 (  0.0%)   0.0000 (  0.0%)   0.0001 (  0.0%)   0.0001 (  0.0%)  Natural Loop Information
   0.0001 (  0.0%)   0.0000 (  0.0%)   0.0001 (  0.0%)   0.0001 (  0.0%)  Basic Alias Analysis (stateless AA impl)
   0.0001 (  0.0%)   0.0000 (  0.0%)   0.0001 (  0.0%)   0.0001 (  0.0%)  Divergence Analysis
   0.0000 (  0.0%)   0.0000 (  0.0%)   0.0000 (  0.0%)   0.0001 (  0.0%)  Basic Alias Analysis (stateless AA impl)
   0.0001 (  0.0%)   0.0000 (  0.0%)   0.0001 (  0.0%)   0.0001 (  0.0%)  Dominator Tree Construction
   0.0001 (  0.0%)   0.0000 (  0.0%)   0.0001 (  0.0%)   0.0001 (  0.0%)  Scalar Evolution Analysis
   0.0001 (  0.0%)   0.0000 (  0.0%)   0.0001 (  0.0%)   0.0001 (  0.0%)  Scalar Evolution Analysis
   0.0000 (  0.0%)   0.0000 (  0.0%)   0.0000 (  0.0%)   0.0001 (  0.0%)  Dominator Tree Construction
   0.0001 (  0.0%)   0.0000 (  0.0%)   0.0001 (  0.0%)   0.0001 (  0.0%)  Post-Dominator Tree Construction
   0.0001 (  0.0%)   0.0000 (  0.0%)   0.0001 (  0.0%)   0.0001 (  0.0%)  Dominator Tree Construction
   0.0000 (  0.0%)   0.0000 (  0.0%)   0.0001 (  0.0%)   0.0001 (  0.0%)  Dominator Tree Construction
   0.0001 (  0.0%)   0.0000 (  0.0%)   0.0001 (  0.0%)   0.0001 (  0.0%)  ArrayReshape - Reshape Arrays into Wider Arrays
   0.0000 (  0.0%)   0.0001 (  0.0%)   0.0001 (  0.0%)   0.0001 (  0.0%)  Scalar Evolution Analysis
   0.0001 (  0.0%)   0.0000 (  0.0%)   0.0001 (  0.0%)   0.0001 (  0.0%)  SROA
   0.0001 (  0.0%)   0.0000 (  0.0%)   0.0001 (  0.0%)   0.0001 (  0.0%)  Natural Loop Information
   0.0000 (  0.0%)   0.0000 (  0.0%)   0.0001 (  0.0%)   0.0001 (  0.0%)  Scalar Evolution Analysis
   0.0000 (  0.0%)   0.0001 (  0.0%)   0.0001 (  0.0%)   0.0001 (  0.0%)  Scalar Evolution Analysis
   0.0000 (  0.0%)   0.0001 (  0.0%)   0.0001 (  0.0%)   0.0001 (  0.0%)  Canonicalize natural loops
   0.0001 (  0.0%)   0.0000 (  0.0%)   0.0001 (  0.0%)   0.0001 (  0.0%)  Dominator Tree Construction
   0.0000 (  0.0%)   0.0000 (  0.0%)   0.0000 (  0.0%)   0.0001 (  0.0%)  Dataflow Process Duplication
   0.0000 (  0.0%)   0.0000 (  0.0%)   0.0000 (  0.0%)   0.0001 (  0.0%)  Dominator Tree Construction
   0.0001 (  0.0%)   0.0000 (  0.0%)   0.0001 (  0.0%)   0.0000 (  0.0%)  Promote Memory to Register
   0.0000 (  0.0%)   0.0000 (  0.0%)   0.0000 (  0.0%)   0.0000 (  0.0%)  Lower printf for the fpga target
   0.0001 (  0.0%)   0.0000 (  0.0%)   0.0001 (  0.0%)   0.0000 (  0.0%)  Scalar Evolution Analysis
   0.0000 (  0.0%)   0.0000 (  0.0%)   0.0001 (  0.0%)   0.0000 (  0.0%)  Scalar Evolution Analysis
   0.0001 (  0.0%)   0.0000 (  0.0%)   0.0001 (  0.0%)   0.0000 (  0.0%)  Dominator Tree Construction
   0.0001 (  0.0%)   0.0000 (  0.0%)   0.0001 (  0.0%)   0.0000 (  0.0%)  Dominator Tree Construction
   0.0001 (  0.0%)   0.0000 (  0.0%)   0.0001 (  0.0%)   0.0000 (  0.0%)  Dominator Tree Construction
   0.0001 (  0.0%)   0.0000 (  0.0%)   0.0001 (  0.0%)   0.0000 (  0.0%)  Scalar Evolution Analysis
   0.0001 (  0.0%)   0.0000 (  0.0%)   0.0001 (  0.0%)   0.0000 (  0.0%)  Dominator Tree Construction
   0.0000 (  0.0%)   0.0000 (  0.0%)   0.0001 (  0.0%)   0.0000 (  0.0%)  Dominator Tree Construction
   0.0000 (  0.0%)   0.0000 (  0.0%)   0.0000 (  0.0%)   0.0000 (  0.0%)  Scalar Evolution Analysis
   0.0000 (  0.0%)   0.0000 (  0.0%)   0.0000 (  0.0%)   0.0000 (  0.0%)  Dominator Tree Construction
   0.0001 (  0.0%)   0.0000 (  0.0%)   0.0001 (  0.0%)   0.0000 (  0.0%)  Scalar Evolution Analysis
   0.0000 (  0.0%)   0.0000 (  0.0%)   0.0000 (  0.0%)   0.0000 (  0.0%)  Dominator Tree Construction
   0.0000 (  0.0%)   0.0000 (  0.0%)   0.0000 (  0.0%)   0.0000 (  0.0%)  Scalar Evolution Analysis
   0.0000 (  0.0%)   0.0000 (  0.0%)   0.0000 (  0.0%)   0.0000 (  0.0%)  Dominator Tree Construction
   0.0001 (  0.0%)   0.0000 (  0.0%)   0.0001 (  0.0%)   0.0000 (  0.0%)  SROA
   0.0001 (  0.0%)   0.0000 (  0.0%)   0.0001 (  0.0%)   0.0000 (  0.0%)  SROA
   0.0000 (  0.0%)   0.0000 (  0.0%)   0.0000 (  0.0%)   0.0000 (  0.0%)  Dominator Tree Construction
   0.0000 (  0.0%)   0.0000 (  0.0%)   0.0000 (  0.0%)   0.0000 (  0.0%)  Scalar Evolution Analysis
   0.0000 (  0.0%)   0.0000 (  0.0%)   0.0000 (  0.0%)   0.0000 (  0.0%)  Dominator Tree Construction
   0.0001 (  0.0%)   0.0000 (  0.0%)   0.0001 (  0.0%)   0.0000 (  0.0%)  Natural Loop Information
   0.0000 (  0.0%)   0.0000 (  0.0%)   0.0000 (  0.0%)   0.0000 (  0.0%)  Dominator Tree Construction
   0.0000 (  0.0%)   0.0000 (  0.0%)   0.0000 (  0.0%)   0.0000 (  0.0%)  Dominator Tree Construction
   0.0000 (  0.0%)   0.0000 (  0.0%)   0.0000 (  0.0%)   0.0000 (  0.0%)  Natural Loop Information
   0.0000 (  0.0%)   0.0000 (  0.0%)   0.0000 (  0.0%)   0.0000 (  0.0%)  Dominator Tree Construction
   0.0000 (  0.0%)   0.0000 (  0.0%)   0.0000 (  0.0%)   0.0000 (  0.0%)  Natural Loop Information
   0.0000 (  0.0%)   0.0000 (  0.0%)   0.0000 (  0.0%)   0.0000 (  0.0%)  Natural Loop Information
   0.0001 (  0.0%)   0.0000 (  0.0%)   0.0001 (  0.0%)   0.0000 (  0.0%)  Natural Loop Information
   0.0000 (  0.0%)   0.0000 (  0.0%)   0.0000 (  0.0%)   0.0000 (  0.0%)  Scalar Evolution Analysis
   0.0000 (  0.0%)   0.0000 (  0.0%)   0.0000 (  0.0%)   0.0000 (  0.0%)  Dominator Tree Construction
   0.0000 (  0.0%)   0.0000 (  0.0%)   0.0000 (  0.0%)   0.0000 (  0.0%)  Rotate Loops
   0.0000 (  0.0%)   0.0000 (  0.0%)   0.0000 (  0.0%)   0.0000 (  0.0%)  Function Alias Analysis Results
   0.0000 (  0.0%)   0.0000 (  0.0%)   0.0000 (  0.0%)   0.0000 (  0.0%)  Dominator Tree Construction
   0.0000 (  0.0%)   0.0000 (  0.0%)   0.0000 (  0.0%)   0.0000 (  0.0%)  Scalar Evolution Analysis
   0.0000 (  0.0%)   0.0000 (  0.0%)   0.0000 (  0.0%)   0.0000 (  0.0%)  Scalar Evolution Analysis
   0.0000 (  0.0%)   0.0000 (  0.0%)   0.0000 (  0.0%)   0.0000 (  0.0%)  Dominator Tree Construction
   0.0000 (  0.0%)   0.0000 (  0.0%)   0.0000 (  0.0%)   0.0000 (  0.0%)  Stream object marker
   0.0000 (  0.0%)   0.0000 (  0.0%)   0.0000 (  0.0%)   0.0000 (  0.0%)  Dominator Tree Construction
   0.0000 (  0.0%)   0.0000 (  0.0%)   0.0000 (  0.0%)   0.0000 (  0.0%)  Basic Alias Analysis (stateless AA impl)
   0.0000 (  0.0%)   0.0000 (  0.0%)   0.0000 (  0.0%)   0.0000 (  0.0%)  Scalar Evolution Analysis
   0.0000 (  0.0%)   0.0000 (  0.0%)   0.0000 (  0.0%)   0.0000 (  0.0%)  Natural Loop Information
   0.0000 (  0.0%)   0.0001 (  0.0%)   0.0001 (  0.0%)   0.0000 (  0.0%)  SROA
   0.0000 (  0.0%)   0.0000 (  0.0%)   0.0000 (  0.0%)   0.0000 (  0.0%)  Lower BINDOP scope bundle
   0.0000 (  0.0%)   0.0000 (  0.0%)   0.0000 (  0.0%)   0.0000 (  0.0%)  Scalar Evolution Analysis
   0.0000 (  0.0%)   0.0000 (  0.0%)   0.0000 (  0.0%)   0.0000 (  0.0%)  Scalar Evolution Analysis
   0.0000 (  0.0%)   0.0000 (  0.0%)   0.0000 (  0.0%)   0.0000 (  0.0%)  Scalar Evolution Analysis
   0.0000 (  0.0%)   0.0000 (  0.0%)   0.0000 (  0.0%)   0.0000 (  0.0%)  Disaggregation preprocessing
   0.0000 (  0.0%)   0.0000 (  0.0%)   0.0000 (  0.0%)   0.0000 (  0.0%)  Simplify types in the LLVM IR, redundant type hierarchy
   0.0000 (  0.0%)   0.0000 (  0.0%)   0.0000 (  0.0%)   0.0000 (  0.0%)  Function duplication
   0.0000 (  0.0%)   0.0000 (  0.0%)   0.0000 (  0.0%)   0.0000 (  0.0%)  Scalar Evolution Analysis
   0.0000 (  0.0%)   0.0000 (  0.0%)   0.0000 (  0.0%)   0.0000 (  0.0%)  Scalar Evolution Analysis
   0.0000 (  0.0%)   0.0000 (  0.0%)   0.0000 (  0.0%)   0.0000 (  0.0%)  Natural Loop Information
   0.0000 (  0.0%)   0.0000 (  0.0%)   0.0000 (  0.0%)   0.0000 (  0.0%)  Dominator Tree Construction
   0.0000 (  0.0%)   0.0000 (  0.0%)   0.0000 (  0.0%)   0.0000 (  0.0%)  Dominator Tree Construction
   0.0000 (  0.0%)   0.0000 (  0.0%)   0.0000 (  0.0%)   0.0000 (  0.0%)  Dominator Tree Construction
   0.0000 (  0.0%)   0.0000 (  0.0%)   0.0000 (  0.0%)   0.0000 (  0.0%)  Natural Loop Information
   0.0000 (  0.0%)   0.0000 (  0.0%)   0.0000 (  0.0%)   0.0000 (  0.0%)  Eliminate pointer selection
   0.0000 (  0.0%)   0.0000 (  0.0%)   0.0000 (  0.0%)   0.0000 (  0.0%)  Scalar Evolution Analysis
   0.0000 (  0.0%)   0.0000 (  0.0%)   0.0000 (  0.0%)   0.0000 (  0.0%)  Scalar Evolution Analysis
   0.0000 (  0.0%)   0.0000 (  0.0%)   0.0000 (  0.0%)   0.0000 (  0.0%)  Natural Loop Information
   0.0000 (  0.0%)   0.0000 (  0.0%)   0.0000 (  0.0%)   0.0000 (  0.0%)  ShiftRegInference - Automatic Shift Register Inference
   0.0000 (  0.0%)   0.0000 (  0.0%)   0.0000 (  0.0%)   0.0000 (  0.0%)  Scalar Evolution Analysis
   0.0000 (  0.0%)   0.0000 (  0.0%)   0.0000 (  0.0%)   0.0000 (  0.0%)  Scalar Evolution Analysis
   0.0000 (  0.0%)   0.0000 (  0.0%)   0.0000 (  0.0%)   0.0000 (  0.0%)  Natural Loop Information
   0.0000 (  0.0%)   0.0000 (  0.0%)   0.0000 (  0.0%)   0.0000 (  0.0%)  Scalar Evolution Analysis
   0.0000 (  0.0%)   0.0000 (  0.0%)   0.0000 (  0.0%)   0.0000 (  0.0%)  Dominator Tree Construction
   0.0000 (  0.0%)   0.0000 (  0.0%)   0.0000 (  0.0%)   0.0000 (  0.0%)  Natural Loop Information
   0.0000 (  0.0%)   0.0000 (  0.0%)   0.0000 (  0.0%)   0.0000 (  0.0%)  Scalar Evolution Analysis
   0.0000 (  0.0%)   0.0000 (  0.0%)   0.0000 (  0.0%)   0.0000 (  0.0%)  Predicate analysis under a loop context
   0.0000 (  0.0%)   0.0000 (  0.0%)   0.0000 (  0.0%)   0.0000 (  0.0%)  Scalar Evolution Analysis
   0.0000 (  0.0%)   0.0000 (  0.0%)   0.0000 (  0.0%)   0.0000 (  0.0%)  Natural Loop Information
   0.0000 (  0.0%)   0.0000 (  0.0%)   0.0000 (  0.0%)   0.0000 (  0.0%)  Natural Loop Information
   0.0000 (  0.0%)   0.0000 (  0.0%)   0.0000 (  0.0%)   0.0000 (  0.0%)  Natural Loop Information
   0.0000 (  0.0%)   0.0000 (  0.0%)   0.0000 (  0.0%)   0.0000 (  0.0%)  Array abnormal access check
   0.0000 (  0.0%)   0.0000 (  0.0%)   0.0000 (  0.0%)   0.0000 (  0.0%)  Dominator Tree Construction
   0.0000 (  0.0%)   0.0000 (  0.0%)   0.0000 (  0.0%)   0.0000 (  0.0%)  Basic Alias Analysis (stateless AA impl)
   0.0000 (  0.0%)   0.0000 (  0.0%)   0.0000 (  0.0%)   0.0000 (  0.0%)  Natural Loop Information
   0.0000 (  0.0%)   0.0000 (  0.0%)   0.0000 (  0.0%)   0.0000 (  0.0%)  Natural Loop Information
   0.0000 (  0.0%)   0.0000 (  0.0%)   0.0000 (  0.0%)   0.0000 (  0.0%)  Dominator Tree Construction
   0.0000 (  0.0%)   0.0000 (  0.0%)   0.0000 (  0.0%)   0.0000 (  0.0%)  Natural Loop Information
   0.0000 (  0.0%)   0.0000 (  0.0%)   0.0000 (  0.0%)   0.0000 (  0.0%)  Scalar Evolution Analysis
   0.0000 (  0.0%)   0.0000 (  0.0%)   0.0000 (  0.0%)   0.0000 (  0.0%)  Natural Loop Information
   0.0000 (  0.0%)   0.0000 (  0.0%)   0.0000 (  0.0%)   0.0000 (  0.0%)  Dominator Tree Construction
   0.0000 (  0.0%)   0.0000 (  0.0%)   0.0000 (  0.0%)   0.0000 (  0.0%)  Scalar Evolution Analysis
   0.0000 (  0.0%)   0.0000 (  0.0%)   0.0000 (  0.0%)   0.0000 (  0.0%)  Dominator Tree Construction
   0.0000 (  0.0%)   0.0000 (  0.0%)   0.0000 (  0.0%)   0.0000 (  0.0%)  Function Alias Analysis Results
   0.0000 (  0.0%)   0.0000 (  0.0%)   0.0000 (  0.0%)   0.0000 (  0.0%)  Natural Loop Information
   0.0000 (  0.0%)   0.0000 (  0.0%)   0.0000 (  0.0%)   0.0000 (  0.0%)  Function Alias Analysis Results
   0.0000 (  0.0%)   0.0000 (  0.0%)   0.0000 (  0.0%)   0.0000 (  0.0%)  Scalar Evolution Analysis
   0.0000 (  0.0%)   0.0000 (  0.0%)   0.0000 (  0.0%)   0.0000 (  0.0%)  Scalar Evolution Analysis
   0.0000 (  0.0%)   0.0000 (  0.0%)   0.0000 (  0.0%)   0.0000 (  0.0%)  Memory Dependence Analysis
   0.0000 (  0.0%)   0.0000 (  0.0%)   0.0000 (  0.0%)   0.0000 (  0.0%)  Natural Loop Information
   0.0000 (  0.0%)   0.0000 (  0.0%)   0.0000 (  0.0%)   0.0000 (  0.0%)  Lower tasks into dataflow form
   0.0000 (  0.0%)   0.0000 (  0.0%)   0.0000 (  0.0%)   0.0000 (  0.0%)  Dominator Tree Construction
   0.0000 (  0.0%)   0.0000 (  0.0%)   0.0000 (  0.0%)   0.0000 (  0.0%)  Scalar Evolution Analysis
   0.0000 (  0.0%)   0.0000 (  0.0%)   0.0000 (  0.0%)   0.0000 (  0.0%)  Dominator Tree Construction
   0.0000 (  0.0%)   0.0000 (  0.0%)   0.0000 (  0.0%)   0.0000 (  0.0%)  ShiftRegInference - Automatic Shift Register Inference
   0.0000 (  0.0%)   0.0000 (  0.0%)   0.0000 (  0.0%)   0.0000 (  0.0%)  Global Variable Optimizer
   0.0000 (  0.0%)   0.0000 (  0.0%)   0.0000 (  0.0%)   0.0000 (  0.0%)  Scalar Evolution Analysis
   0.0000 (  0.0%)   0.0000 (  0.0%)   0.0000 (  0.0%)   0.0000 (  0.0%)  Scalar Evolution Analysis
   0.0000 (  0.0%)   0.0000 (  0.0%)   0.0000 (  0.0%)   0.0000 (  0.0%)  Basic Alias Analysis (stateless AA impl)
   0.0000 (  0.0%)   0.0000 (  0.0%)   0.0000 (  0.0%)   0.0000 (  0.0%)  Dead Global Elimination
   0.0000 (  0.0%)   0.0000 (  0.0%)   0.0000 (  0.0%)   0.0000 (  0.0%)  Struct object aggregation
   0.0000 (  0.0%)   0.0000 (  0.0%)   0.0000 (  0.0%)   0.0000 (  0.0%)  Scalar Evolution Analysis
   0.0000 (  0.0%)   0.0000 (  0.0%)   0.0000 (  0.0%)   0.0000 (  0.0%)  Natural Loop Information
   0.0000 (  0.0%)   0.0000 (  0.0%)   0.0000 (  0.0%)   0.0000 (  0.0%)  Natural Loop Information
   0.0000 (  0.0%)   0.0000 (  0.0%)   0.0000 (  0.0%)   0.0000 (  0.0%)  Assign names to anonymous instructions (structure based)
   0.0000 (  0.0%)   0.0000 (  0.0%)   0.0000 (  0.0%)   0.0000 (  0.0%)  Infer PPPO for array-to-streams
   0.0000 (  0.0%)   0.0000 (  0.0%)   0.0000 (  0.0%)   0.0000 (  0.0%)  Natural Loop Information
   0.0000 (  0.0%)   0.0000 (  0.0%)   0.0000 (  0.0%)   0.0000 (  0.0%)  Auto automatic array partition filter analysis
   0.0000 (  0.0%)   0.0000 (  0.0%)   0.0000 (  0.0%)   0.0000 (  0.0%)  Natural Loop Information
   0.0000 (  0.0%)   0.0000 (  0.0%)   0.0000 (  0.0%)   0.0000 (  0.0%)  Scalar Evolution Analysis
   0.0000 (  0.0%)   0.0000 (  0.0%)   0.0000 (  0.0%)   0.0000 (  0.0%)  Loop Access Analysis
   0.0000 (  0.0%)   0.0000 (  0.0%)   0.0000 (  0.0%)   0.0000 (  0.0%)  Scalar Evolution Canonicalization
   0.0000 (  0.0%)   0.0000 (  0.0%)   0.0000 (  0.0%)   0.0000 (  0.0%)  Basic Alias Analysis (stateless AA impl)
   0.0000 (  0.0%)   0.0000 (  0.0%)   0.0000 (  0.0%)   0.0000 (  0.0%)  Natural Loop Information
   0.0000 (  0.0%)   0.0000 (  0.0%)   0.0000 (  0.0%)   0.0000 (  0.0%)  Auto automatic array partition filter analysis
   0.0000 (  0.0%)   0.0000 (  0.0%)   0.0000 (  0.0%)   0.0000 (  0.0%)  Dominator Tree Construction
   0.0000 (  0.0%)   0.0000 (  0.0%)   0.0000 (  0.0%)   0.0000 (  0.0%)  Auto automatic array partition filter analysis
   0.0000 (  0.0%)   0.0000 (  0.0%)   0.0000 (  0.0%)   0.0000 (  0.0%)  LayoutTransform - Layout Transform Pragma Analysis
   0.0000 (  0.0%)   0.0000 (  0.0%)   0.0000 (  0.0%)   0.0000 (  0.0%)  Basic Alias Analysis (stateless AA impl)
   0.0000 (  0.0%)   0.0000 (  0.0%)   0.0000 (  0.0%)   0.0000 (  0.0%)  Basic Alias Analysis (stateless AA impl)
   0.0000 (  0.0%)   0.0000 (  0.0%)   0.0000 (  0.0%)   0.0000 (  0.0%)  Natural Loop Information
   0.0000 (  0.0%)   0.0000 (  0.0%)   0.0000 (  0.0%)   0.0000 (  0.0%)  Auto automatic array partition filter analysis
   0.0000 (  0.0%)   0.0000 (  0.0%)   0.0000 (  0.0%)   0.0000 (  0.0%)  Natural Loop Information
   0.0000 (  0.0%)   0.0000 (  0.0%)   0.0000 (  0.0%)   0.0000 (  0.0%)  Dead Argument Elimination
   0.0000 (  0.0%)   0.0000 (  0.0%)   0.0000 (  0.0%)   0.0000 (  0.0%)  LayoutTransform - Layout Transform Pragma Analysis
   0.0000 (  0.0%)   0.0000 (  0.0%)   0.0000 (  0.0%)   0.0000 (  0.0%)  CallGraph Construction
   0.0000 (  0.0%)   0.0000 (  0.0%)   0.0000 (  0.0%)   0.0000 (  0.0%)  Lazy Value Information Analysis
   0.0000 (  0.0%)   0.0000 (  0.0%)   0.0000 (  0.0%)   0.0000 (  0.0%)  Scalar Evolution Analysis
   0.0000 (  0.0%)   0.0000 (  0.0%)   0.0000 (  0.0%)   0.0000 (  0.0%)  AccessGroup - Group the memory access for the same object
   0.0000 (  0.0%)   0.0000 (  0.0%)   0.0000 (  0.0%)   0.0000 (  0.0%)  Struct object aggregation
   0.0000 (  0.0%)   0.0000 (  0.0%)   0.0000 (  0.0%)   0.0000 (  0.0%)  Basic Alias Analysis (stateless AA impl)
   0.0000 (  0.0%)   0.0000 (  0.0%)   0.0000 (  0.0%)   0.0000 (  0.0%)  Basic Alias Analysis (stateless AA impl)
   0.0000 (  0.0%)   0.0000 (  0.0%)   0.0000 (  0.0%)   0.0000 (  0.0%)  Eliminate pointer selection
   0.0000 (  0.0%)   0.0000 (  0.0%)   0.0000 (  0.0%)   0.0000 (  0.0%)  Remove unreachable basic blocks under switch
   0.0000 (  0.0%)   0.0000 (  0.0%)   0.0000 (  0.0%)   0.0000 (  0.0%)  Eliminate dead stores globally
   0.0000 (  0.0%)   0.0000 (  0.0%)   0.0000 (  0.0%)   0.0000 (  0.0%)  Scalar Evolution Analysis
   0.0000 (  0.0%)   0.0000 (  0.0%)   0.0000 (  0.0%)   0.0000 (  0.0%)  Unify function exit nodes
   0.0000 (  0.0%)   0.0000 (  0.0%)   0.0000 (  0.0%)   0.0000 (  0.0%)  Generate Loops to iterate over workitems
   0.0000 (  0.0%)   0.0000 (  0.0%)   0.0000 (  0.0%)   0.0000 (  0.0%)  Lazy Value Information Analysis
   0.0000 (  0.0%)   0.0000 (  0.0%)   0.0000 (  0.0%)   0.0000 (  0.0%)  Dominator Tree Construction
   0.0000 (  0.0%)   0.0000 (  0.0%)   0.0000 (  0.0%)   0.0000 (  0.0%)  Eliminate pointer selection
   0.0000 (  0.0%)   0.0000 (  0.0%)   0.0000 (  0.0%)   0.0000 (  0.0%)  Scalar Evolution Canonicalization
   0.0000 (  0.0%)   0.0000 (  0.0%)   0.0000 (  0.0%)   0.0000 (  0.0%)  Promote Memory to Register
   0.0000 (  0.0%)   0.0000 (  0.0%)   0.0000 (  0.0%)   0.0000 (  0.0%)  Scalar Evolution Analysis
   0.0000 (  0.0%)   0.0000 (  0.0%)   0.0000 (  0.0%)   0.0000 (  0.0%)  SROA
   0.0000 (  0.0%)   0.0000 (  0.0%)   0.0000 (  0.0%)   0.0000 (  0.0%)  Delete dead loops
   0.0000 (  0.0%)   0.0000 (  0.0%)   0.0000 (  0.0%)   0.0000 (  0.0%)  Scalar Evolution Analysis
   0.0000 (  0.0%)   0.0000 (  0.0%)   0.0000 (  0.0%)   0.0000 (  0.0%)  Scalar Evolution Analysis
   0.0000 (  0.0%)   0.0000 (  0.0%)   0.0000 (  0.0%)   0.0000 (  0.0%)  Auto automatic array partition filter analysis
   0.0000 (  0.0%)   0.0000 (  0.0%)   0.0000 (  0.0%)   0.0000 (  0.0%)  Promote Memory to Register
   0.0000 (  0.0%)   0.0000 (  0.0%)   0.0000 (  0.0%)   0.0000 (  0.0%)  Dominator Tree Construction
   0.0000 (  0.0%)   0.0000 (  0.0%)   0.0000 (  0.0%)   0.0000 (  0.0%)  CallGraph Construction
   0.0000 (  0.0%)   0.0000 (  0.0%)   0.0000 (  0.0%)   0.0000 (  0.0%)  Remove unreachable basic blocks under switch
   0.0000 (  0.0%)   0.0000 (  0.0%)   0.0000 (  0.0%)   0.0000 (  0.0%)  CallGraph Construction
   0.0000 (  0.0%)   0.0000 (  0.0%)   0.0000 (  0.0%)   0.0000 (  0.0%)  Dead Global Elimination
   0.0000 (  0.0%)   0.0000 (  0.0%)   0.0000 (  0.0%)   0.0000 (  0.0%)  Memory Dependence Analysis
   0.0000 (  0.0%)   0.0000 (  0.0%)   0.0000 (  0.0%)   0.0000 (  0.0%)  Eliminate dead stores globally
   0.0000 (  0.0%)   0.0000 (  0.0%)   0.0000 (  0.0%)   0.0000 (  0.0%)  Scalar Evolution Analysis
   0.0000 (  0.0%)   0.0000 (  0.0%)   0.0000 (  0.0%)   0.0000 (  0.0%)  Memory Dependence Analysis
   0.0000 (  0.0%)   0.0000 (  0.0%)   0.0000 (  0.0%)   0.0000 (  0.0%)  Memory Dependence Analysis
   0.0000 (  0.0%)   0.0000 (  0.0%)   0.0000 (  0.0%)   0.0000 (  0.0%)  Promote Memory to Register
   0.0000 (  0.0%)   0.0000 (  0.0%)   0.0000 (  0.0%)   0.0000 (  0.0%)  Scalar Evolution Analysis
   0.0000 (  0.0%)   0.0000 (  0.0%)   0.0000 (  0.0%)   0.0000 (  0.0%)  Natural Loop Information
   0.0000 (  0.0%)   0.0000 (  0.0%)   0.0000 (  0.0%)   0.0000 (  0.0%)  Memory Dependence Analysis
   0.0000 (  0.0%)   0.0000 (  0.0%)   0.0000 (  0.0%)   0.0000 (  0.0%)  Memory Dependence Analysis
   0.0000 (  0.0%)   0.0000 (  0.0%)   0.0000 (  0.0%)   0.0000 (  0.0%)  Scalar Evolution Analysis
   0.0000 (  0.0%)   0.0000 (  0.0%)   0.0000 (  0.0%)   0.0000 (  0.0%)  Basic Alias Analysis (stateless AA impl)
   0.0000 (  0.0%)   0.0000 (  0.0%)   0.0000 (  0.0%)   0.0000 (  0.0%)  CallGraph Construction
   0.0000 (  0.0%)   0.0000 (  0.0%)   0.0000 (  0.0%)   0.0000 (  0.0%)  Basic Alias Analysis (stateless AA impl)
   0.0000 (  0.0%)   0.0000 (  0.0%)   0.0000 (  0.0%)   0.0000 (  0.0%)  Lazy Branch Probability Analysis
   0.0000 (  0.0%)   0.0000 (  0.0%)   0.0000 (  0.0%)   0.0000 (  0.0%)  Predicate SPIR Kernels
   0.0000 (  0.0%)   0.0000 (  0.0%)   0.0000 (  0.0%)   0.0000 (  0.0%)  Lazy Branch Probability Analysis
   0.0000 (  0.0%)   0.0000 (  0.0%)   0.0000 (  0.0%)   0.0000 (  0.0%)  Simplify loop CFG
   0.0000 (  0.0%)   0.0000 (  0.0%)   0.0000 (  0.0%)   0.0000 (  0.0%)  Lazy Value Information Analysis
   0.0000 (  0.0%)   0.0000 (  0.0%)   0.0000 (  0.0%)   0.0000 (  0.0%)  Reflow auto unroll loops
   0.0000 (  0.0%)   0.0000 (  0.0%)   0.0000 (  0.0%)   0.0000 (  0.0%)  Memory Dependence Analysis
   0.0000 (  0.0%)   0.0000 (  0.0%)   0.0000 (  0.0%)   0.0000 (  0.0%)  Lazy Block Frequency Analysis
   0.0000 (  0.0%)   0.0000 (  0.0%)   0.0000 (  0.0%)   0.0000 (  0.0%)  Dead Argument Elimination
   0.0000 (  0.0%)   0.0000 (  0.0%)   0.0000 (  0.0%)   0.0000 (  0.0%)  Memory Dependence Analysis
   0.0000 (  0.0%)   0.0000 (  0.0%)   0.0000 (  0.0%)   0.0000 (  0.0%)  Basic Alias Analysis (stateless AA impl)
   0.0000 (  0.0%)   0.0000 (  0.0%)   0.0000 (  0.0%)   0.0000 (  0.0%)  Lazy Value Information Analysis
   0.0000 (  0.0%)   0.0000 (  0.0%)   0.0000 (  0.0%)   0.0000 (  0.0%)  SeqAccessesInference - Infer Sequential accesses for HLS C/C++
   0.0000 (  0.0%)   0.0000 (  0.0%)   0.0000 (  0.0%)   0.0000 (  0.0%)  Lazy Value Information Analysis
   0.0000 (  0.0%)   0.0000 (  0.0%)   0.0000 (  0.0%)   0.0000 (  0.0%)  Natural Loop Information
   0.0000 (  0.0%)   0.0000 (  0.0%)   0.0000 (  0.0%)   0.0000 (  0.0%)  Optimization Remark Emitter
   0.0000 (  0.0%)   0.0000 (  0.0%)   0.0000 (  0.0%)   0.0000 (  0.0%)  Promote Memory to Register
   0.0000 (  0.0%)   0.0000 (  0.0%)   0.0000 (  0.0%)   0.0000 (  0.0%)  Simplify loop CFG
   0.0000 (  0.0%)   0.0000 (  0.0%)   0.0000 (  0.0%)   0.0000 (  0.0%)  Basic Alias Analysis (stateless AA impl)
   0.0000 (  0.0%)   0.0000 (  0.0%)   0.0000 (  0.0%)   0.0000 (  0.0%)  Shrink Synchronization Regions in SPMD program to reduce CFG complexity
   0.0000 (  0.0%)   0.0000 (  0.0%)   0.0000 (  0.0%)   0.0000 (  0.0%)  Memory Dependence Analysis
   0.0000 (  0.0%)   0.0000 (  0.0%)   0.0000 (  0.0%)   0.0000 (  0.0%)  Optimization Remark Emitter
   0.0000 (  0.0%)   0.0000 (  0.0%)   0.0000 (  0.0%)   0.0000 (  0.0%)  Lazy Value Information Analysis
   0.0000 (  0.0%)   0.0000 (  0.0%)   0.0000 (  0.0%)   0.0000 (  0.0%)  Basic Alias Analysis (stateless AA impl)
   0.0000 (  0.0%)   0.0000 (  0.0%)   0.0000 (  0.0%)   0.0000 (  0.0%)  Memory Dependence Analysis
   0.0000 (  0.0%)   0.0000 (  0.0%)   0.0000 (  0.0%)   0.0000 (  0.0%)  Natural Loop Information
   0.0000 (  0.0%)   0.0000 (  0.0%)   0.0000 (  0.0%)   0.0000 (  0.0%)  Dependence Analysis
   0.0000 (  0.0%)   0.0000 (  0.0%)   0.0000 (  0.0%)   0.0000 (  0.0%)  Optimization Remark Emitter
   0.0000 (  0.0%)   0.0000 (  0.0%)   0.0000 (  0.0%)   0.0000 (  0.0%)  Lazy Value Information Analysis
   0.0000 (  0.0%)   0.0000 (  0.0%)   0.0000 (  0.0%)   0.0000 (  0.0%)  Memory Dependence Analysis
   0.0000 (  0.0%)   0.0000 (  0.0%)   0.0000 (  0.0%)   0.0000 (  0.0%)  Lazy Value Information Analysis
   0.0000 (  0.0%)   0.0000 (  0.0%)   0.0000 (  0.0%)   0.0000 (  0.0%)  Dependence Analysis
   0.0000 (  0.0%)   0.0000 (  0.0%)   0.0000 (  0.0%)   0.0000 (  0.0%)  Memory Dependence Analysis
   0.0000 (  0.0%)   0.0000 (  0.0%)   0.0000 (  0.0%)   0.0000 (  0.0%)  Basic Alias Analysis (stateless AA impl)
   0.0000 (  0.0%)   0.0000 (  0.0%)   0.0000 (  0.0%)   0.0000 (  0.0%)  Build Synchronization Regions in SPMD program
   0.0000 (  0.0%)   0.0000 (  0.0%)   0.0000 (  0.0%)   0.0000 (  0.0%)  Lazy Value Information Analysis
   0.0000 (  0.0%)   0.0000 (  0.0%)   0.0000 (  0.0%)   0.0000 (  0.0%)  Optimization Remark Emitter
   0.0000 (  0.0%)   0.0000 (  0.0%)   0.0000 (  0.0%)   0.0000 (  0.0%)  Memory Dependence Analysis
   0.0000 (  0.0%)   0.0000 (  0.0%)   0.0000 (  0.0%)   0.0000 (  0.0%)  Memory Dependence Analysis
   0.0000 (  0.0%)   0.0000 (  0.0%)   0.0000 (  0.0%)   0.0000 (  0.0%)  Scalar Evolution Analysis
   0.0000 (  0.0%)   0.0000 (  0.0%)   0.0000 (  0.0%)   0.0000 (  0.0%)  Memory Dependence Analysis
   0.0000 (  0.0%)   0.0000 (  0.0%)   0.0000 (  0.0%)   0.0000 (  0.0%)  Lazy Value Information Analysis
   0.0000 (  0.0%)   0.0000 (  0.0%)   0.0000 (  0.0%)   0.0000 (  0.0%)  Lazy Value Information Analysis
   0.0000 (  0.0%)   0.0000 (  0.0%)   0.0000 (  0.0%)   0.0000 (  0.0%)  Eliminate dead stores globally
   0.0000 (  0.0%)   0.0000 (  0.0%)   0.0000 (  0.0%)   0.0000 (  0.0%)  Lazy Value Information Analysis
   0.0000 (  0.0%)   0.0000 (  0.0%)   0.0000 (  0.0%)   0.0000 (  0.0%)  Delete dead loops
   0.0000 (  0.0%)   0.0000 (  0.0%)   0.0000 (  0.0%)   0.0000 (  0.0%)  Lazy Branch Probability Analysis
   0.0000 (  0.0%)   0.0000 (  0.0%)   0.0000 (  0.0%)   0.0000 (  0.0%)  Memory Dependence Analysis
   0.0000 (  0.0%)   0.0000 (  0.0%)   0.0000 (  0.0%)   0.0000 (  0.0%)  Promote Memory to Register
   0.0000 (  0.0%)   0.0000 (  0.0%)   0.0000 (  0.0%)   0.0000 (  0.0%)  Lazy Value Information Analysis
   0.0000 (  0.0%)   0.0000 (  0.0%)   0.0000 (  0.0%)   0.0000 (  0.0%)  CallGraph Construction
   0.0000 (  0.0%)   0.0000 (  0.0%)   0.0000 (  0.0%)   0.0000 (  0.0%)  Canonicalize natural loops
   0.0000 (  0.0%)   0.0000 (  0.0%)   0.0000 (  0.0%)   0.0000 (  0.0%)  Canonicalize natural loops
   0.0000 (  0.0%)   0.0000 (  0.0%)   0.0000 (  0.0%)   0.0000 (  0.0%)  Optimization Remark Emitter
   0.0000 (  0.0%)   0.0000 (  0.0%)   0.0000 (  0.0%)   0.0000 (  0.0%)  CallGraph Construction
   0.0000 (  0.0%)   0.0000 (  0.0%)   0.0000 (  0.0%)   0.0000 (  0.0%)  Lazy Branch Probability Analysis
   0.0000 (  0.0%)   0.0000 (  0.0%)   0.0000 (  0.0%)   0.0000 (  0.0%)  Memory Dependence Analysis
   0.0000 (  0.0%)   0.0000 (  0.0%)   0.0000 (  0.0%)   0.0000 (  0.0%)  Memory Dependence Analysis
   0.0000 (  0.0%)   0.0000 (  0.0%)   0.0000 (  0.0%)   0.0000 (  0.0%)  Lazy Value Information Analysis
   0.0000 (  0.0%)   0.0000 (  0.0%)   0.0000 (  0.0%)   0.0000 (  0.0%)  Lazy Value Information Analysis
   0.0000 (  0.0%)   0.0000 (  0.0%)   0.0000 (  0.0%)   0.0000 (  0.0%)  Lazy Block Frequency Analysis
   0.0000 (  0.0%)   0.0000 (  0.0%)   0.0000 (  0.0%)   0.0000 (  0.0%)  CallGraph Construction
   0.0000 (  0.0%)   0.0000 (  0.0%)   0.0000 (  0.0%)   0.0000 (  0.0%)  Memory Dependence Analysis
   0.0000 (  0.0%)   0.0000 (  0.0%)   0.0000 (  0.0%)   0.0000 (  0.0%)  Lazy Value Information Analysis
   0.0000 (  0.0%)   0.0000 (  0.0%)   0.0000 (  0.0%)   0.0000 (  0.0%)  SPIRUpdateIntrRange - Update SPIR Intrinsics Metadata
   0.0000 (  0.0%)   0.0000 (  0.0%)   0.0000 (  0.0%)   0.0000 (  0.0%)  Lazy Block Frequency Analysis
   0.0000 (  0.0%)   0.0000 (  0.0%)   0.0000 (  0.0%)   0.0000 (  0.0%)  Memory Dependence Analysis
   0.0000 (  0.0%)   0.0000 (  0.0%)   0.0000 (  0.0%)   0.0000 (  0.0%)  Memory Dependence Analysis
   0.0000 (  0.0%)   0.0000 (  0.0%)   0.0000 (  0.0%)   0.0000 (  0.0%)  SROA
   0.0000 (  0.0%)   0.0000 (  0.0%)   0.0000 (  0.0%)   0.0000 (  0.0%)  Memory Dependence Analysis
   0.0000 (  0.0%)   0.0000 (  0.0%)   0.0000 (  0.0%)   0.0000 (  0.0%)  Basic Alias Analysis (stateless AA impl)
   0.0000 (  0.0%)   0.0000 (  0.0%)   0.0000 (  0.0%)   0.0000 (  0.0%)  LCSSA Verifier
   0.0000 (  0.0%)   0.0000 (  0.0%)   0.0000 (  0.0%)   0.0000 (  0.0%)  CallGraph Construction
   0.0000 (  0.0%)   0.0000 (  0.0%)   0.0000 (  0.0%)   0.0000 (  0.0%)  Lazy Value Information Analysis
   0.0000 (  0.0%)   0.0000 (  0.0%)   0.0000 (  0.0%)   0.0000 (  0.0%)  Function Alias Analysis Results
   0.0000 (  0.0%)   0.0000 (  0.0%)   0.0000 (  0.0%)   0.0000 (  0.0%)  LCSSA Verifier
   0.0000 (  0.0%)   0.0000 (  0.0%)   0.0000 (  0.0%)   0.0000 (  0.0%)  Lazy Value Information Analysis
   0.0000 (  0.0%)   0.0000 (  0.0%)   0.0000 (  0.0%)   0.0000 (  0.0%)  Memory Dependence Analysis
   0.0000 (  0.0%)   0.0000 (  0.0%)   0.0000 (  0.0%)   0.0000 (  0.0%)  Basic Alias Analysis (stateless AA impl)
   0.0000 (  0.0%)   0.0000 (  0.0%)   0.0000 (  0.0%)   0.0000 (  0.0%)  Lazy Block Frequency Analysis
   0.0000 (  0.0%)   0.0000 (  0.0%)   0.0000 (  0.0%)   0.0000 (  0.0%)  Lazy Value Information Analysis
   0.0000 (  0.0%)   0.0000 (  0.0%)   0.0000 (  0.0%)   0.0000 (  0.0%)  Lazy Value Information Analysis
   0.0000 (  0.0%)   0.0000 (  0.0%)   0.0000 (  0.0%)   0.0000 (  0.0%)  Memory Dependence Analysis
   0.0000 (  0.0%)   0.0000 (  0.0%)   0.0000 (  0.0%)   0.0000 (  0.0%)  Lazy Branch Probability Analysis
   0.0000 (  0.0%)   0.0000 (  0.0%)   0.0000 (  0.0%)   0.0000 (  0.0%)  Predicate analysis under a loop context
   0.0000 (  0.0%)   0.0000 (  0.0%)   0.0000 (  0.0%)   0.0000 (  0.0%)  Lazy Value Information Analysis
   0.0000 (  0.0%)   0.0000 (  0.0%)   0.0000 (  0.0%)   0.0000 (  0.0%)  Lazy Value Information Analysis
   0.0000 (  0.0%)   0.0000 (  0.0%)   0.0000 (  0.0%)   0.0000 (  0.0%)  Lazy Block Frequency Analysis
   0.0000 (  0.0%)   0.0000 (  0.0%)   0.0000 (  0.0%)   0.0000 (  0.0%)  Optimization Remark Emitter
   0.0000 (  0.0%)   0.0000 (  0.0%)   0.0000 (  0.0%)   0.0000 (  0.0%)  Optimization Remark Emitter
   0.0000 (  0.0%)   0.0000 (  0.0%)   0.0000 (  0.0%)   0.0000 (  0.0%)  Memory Dependence Analysis
   0.0000 (  0.0%)   0.0000 (  0.0%)   0.0000 (  0.0%)   0.0000 (  0.0%)  Lazy Value Information Analysis
   0.0000 (  0.0%)   0.0000 (  0.0%)   0.0000 (  0.0%)   0.0000 (  0.0%)  Memory Dependence Analysis
   0.0000 (  0.0%)   0.0000 (  0.0%)   0.0000 (  0.0%)   0.0000 (  0.0%)  Lower stream depth
   0.0000 (  0.0%)   0.0000 (  0.0%)   0.0000 (  0.0%)   0.0000 (  0.0%)  Memory Dependence Analysis
   0.0000 (  0.0%)   0.0000 (  0.0%)   0.0000 (  0.0%)   0.0000 (  0.0%)  Optimization Remark Emitter
   0.0000 (  0.0%)   0.0000 (  0.0%)   0.0000 (  0.0%)   0.0000 (  0.0%)  LCSSA Verifier
   0.0000 (  0.0%)   0.0000 (  0.0%)   0.0000 (  0.0%)   0.0000 (  0.0%)  LCSSA Verifier
   0.0000 (  0.0%)   0.0000 (  0.0%)   0.0000 (  0.0%)   0.0000 (  0.0%)  Scalar Evolution Analysis
   0.0000 (  0.0%)   0.0000 (  0.0%)   0.0000 (  0.0%)   0.0000 (  0.0%)  CallGraph Construction
   0.0000 (  0.0%)   0.0000 (  0.0%)   0.0000 (  0.0%)   0.0000 (  0.0%)  Memory Dependence Analysis
   0.0000 (  0.0%)   0.0000 (  0.0%)   0.0000 (  0.0%)   0.0000 (  0.0%)  Optimization Remark Emitter
   0.0000 (  0.0%)   0.0000 (  0.0%)   0.0000 (  0.0%)   0.0000 (  0.0%)  LCSSA Verifier
   0.0000 (  0.0%)   0.0000 (  0.0%)   0.0000 (  0.0%)   0.0000 (  0.0%)  LCSSA Verifier
   0.0000 (  0.0%)   0.0000 (  0.0%)   0.0000 (  0.0%)   0.0000 (  0.0%)  Lazy Value Information Analysis
   0.0000 (  0.0%)   0.0000 (  0.0%)   0.0000 (  0.0%)   0.0000 (  0.0%)  Promote Memory to Register
   0.0000 (  0.0%)   0.0000 (  0.0%)   0.0000 (  0.0%)   0.0000 (  0.0%)  Basic Alias Analysis (stateless AA impl)
   0.0000 (  0.0%)   0.0000 (  0.0%)   0.0000 (  0.0%)   0.0000 (  0.0%)  Scalar Evolution Canonicalization
   0.0000 (  0.0%)   0.0000 (  0.0%)   0.0000 (  0.0%)   0.0000 (  0.0%)  Lazy Value Information Analysis
   0.0000 (  0.0%)   0.0000 (  0.0%)   0.0000 (  0.0%)   0.0000 (  0.0%)  Memory Dependence Analysis
   0.0000 (  0.0%)   0.0000 (  0.0%)   0.0000 (  0.0%)   0.0000 (  0.0%)  Basic Alias Analysis (stateless AA impl)
   0.0000 (  0.0%)   0.0000 (  0.0%)   0.0000 (  0.0%)   0.0000 (  0.0%)  Eliminate dead stores globally
   0.0000 (  0.0%)   0.0000 (  0.0%)   0.0000 (  0.0%)   0.0000 (  0.0%)  Memory Dependence Analysis
   0.0000 (  0.0%)   0.0000 (  0.0%)   0.0000 (  0.0%)   0.0000 (  0.0%)  LCSSA Verifier
   0.0000 (  0.0%)   0.0000 (  0.0%)   0.0000 (  0.0%)   0.0000 (  0.0%)  Memory Dependence Analysis
   0.0000 (  0.0%)   0.0000 (  0.0%)   0.0000 (  0.0%)   0.0000 (  0.0%)  Memory Dependence Analysis
   0.0000 (  0.0%)   0.0000 (  0.0%)   0.0000 (  0.0%)   0.0000 (  0.0%)  Optimization Remark Emitter
   0.0000 (  0.0%)   0.0000 (  0.0%)   0.0000 (  0.0%)   0.0000 (  0.0%)  Memory Dependence Analysis
   0.0000 (  0.0%)   0.0000 (  0.0%)   0.0000 (  0.0%)   0.0000 (  0.0%)  Memory Dependence Analysis
   0.0000 (  0.0%)   0.0000 (  0.0%)   0.0000 (  0.0%)   0.0000 (  0.0%)  Memory Dependence Analysis
   0.0000 (  0.0%)   0.0000 (  0.0%)   0.0000 (  0.0%)   0.0000 (  0.0%)  Memory Dependence Analysis
   0.0000 (  0.0%)   0.0000 (  0.0%)   0.0000 (  0.0%)   0.0000 (  0.0%)  CallGraph Construction
   0.0000 (  0.0%)   0.0000 (  0.0%)   0.0000 (  0.0%)   0.0000 (  0.0%)  LayoutTransform - Layout Transform Pragma Analysis
   0.0000 (  0.0%)   0.0000 (  0.0%)   0.0000 (  0.0%)   0.0000 (  0.0%)  Optimization Remark Emitter
   0.0000 (  0.0%)   0.0000 (  0.0%)   0.0000 (  0.0%)   0.0000 (  0.0%)  Lazy Value Information Analysis
   0.0000 (  0.0%)   0.0000 (  0.0%)   0.0000 (  0.0%)   0.0000 (  0.0%)  Remove unreachable basic blocks under switch
   0.0000 (  0.0%)   0.0000 (  0.0%)   0.0000 (  0.0%)   0.0000 (  0.0%)  Lazy Value Information Analysis
   0.0000 (  0.0%)   0.0000 (  0.0%)   0.0000 (  0.0%)   0.0000 (  0.0%)  Lazy Value Information Analysis
   0.0000 (  0.0%)   0.0000 (  0.0%)   0.0000 (  0.0%)   0.0000 (  0.0%)  Optimization Remark Emitter
   0.0000 (  0.0%)   0.0000 (  0.0%)   0.0000 (  0.0%)   0.0000 (  0.0%)  Memory Dependence Analysis
   0.0000 (  0.0%)   0.0000 (  0.0%)   0.0000 (  0.0%)   0.0000 (  0.0%)  Basic Alias Analysis (stateless AA impl)
   0.0000 (  0.0%)   0.0000 (  0.0%)   0.0000 (  0.0%)   0.0000 (  0.0%)  CallGraph Construction
   0.0000 (  0.0%)   0.0000 (  0.0%)   0.0000 (  0.0%)   0.0000 (  0.0%)  Lazy Value Information Analysis
   0.0000 (  0.0%)   0.0000 (  0.0%)   0.0000 (  0.0%)   0.0000 (  0.0%)  Memory Dependence Analysis
   0.0000 (  0.0%)   0.0000 (  0.0%)   0.0000 (  0.0%)   0.0000 (  0.0%)  Scalar Evolution Canonicalization
   0.0000 (  0.0%)   0.0000 (  0.0%)   0.0000 (  0.0%)   0.0000 (  0.0%)  Memory Dependence Analysis
   0.0000 (  0.0%)   0.0000 (  0.0%)   0.0000 (  0.0%)   0.0000 (  0.0%)  Lazy Branch Probability Analysis
   0.0000 (  0.0%)   0.0000 (  0.0%)   0.0000 (  0.0%)   0.0000 (  0.0%)  Infer workgroup size for opencl Kernel
   0.0000 (  0.0%)   0.0000 (  0.0%)   0.0000 (  0.0%)   0.0000 (  0.0%)  Lazy Branch Probability Analysis
   0.0000 (  0.0%)   0.0000 (  0.0%)   0.0000 (  0.0%)   0.0000 (  0.0%)  Lazy Branch Probability Analysis
   0.0000 (  0.0%)   0.0000 (  0.0%)   0.0000 (  0.0%)   0.0000 (  0.0%)  Lazy Branch Probability Analysis
   0.0000 (  0.0%)   0.0000 (  0.0%)   0.0000 (  0.0%)   0.0000 (  0.0%)  Memory Dependence Analysis
   0.0000 (  0.0%)   0.0000 (  0.0%)   0.0000 (  0.0%)   0.0000 (  0.0%)  Basic Alias Analysis (stateless AA impl)
   0.0000 (  0.0%)   0.0000 (  0.0%)   0.0000 (  0.0%)   0.0000 (  0.0%)  Memory Dependence Analysis
   0.0000 (  0.0%)   0.0000 (  0.0%)   0.0000 (  0.0%)   0.0000 (  0.0%)  Remove unreachable basic blocks under switch
   0.0000 (  0.0%)   0.0000 (  0.0%)   0.0000 (  0.0%)   0.0000 (  0.0%)  Memory Dependence Analysis
   0.0000 (  0.0%)   0.0000 (  0.0%)   0.0000 (  0.0%)   0.0000 (  0.0%)  Scalar Evolution Canonicalization
   0.0000 (  0.0%)   0.0000 (  0.0%)   0.0000 (  0.0%)   0.0000 (  0.0%)  Lazy Branch Probability Analysis
   0.0000 (  0.0%)   0.0000 (  0.0%)   0.0000 (  0.0%)   0.0000 (  0.0%)  Lazy Branch Probability Analysis
   0.0000 (  0.0%)   0.0000 (  0.0%)   0.0000 (  0.0%)   0.0000 (  0.0%)  Lazy Branch Probability Analysis
   0.0000 (  0.0%)   0.0000 (  0.0%)   0.0000 (  0.0%)   0.0000 (  0.0%)  Memory Dependence Analysis
   0.0000 (  0.0%)   0.0000 (  0.0%)   0.0000 (  0.0%)   0.0000 (  0.0%)  Analyze occurrence information
   0.0000 (  0.0%)   0.0000 (  0.0%)   0.0000 (  0.0%)   0.0000 (  0.0%)  Basic Alias Analysis (stateless AA impl)
   0.0000 (  0.0%)   0.0000 (  0.0%)   0.0000 (  0.0%)   0.0000 (  0.0%)  CallGraph Construction
   0.0000 (  0.0%)   0.0000 (  0.0%)   0.0000 (  0.0%)   0.0000 (  0.0%)  Memory Dependence Analysis
   0.0000 (  0.0%)   0.0000 (  0.0%)   0.0000 (  0.0%)   0.0000 (  0.0%)  Remove unreachable basic blocks under switch
   0.0000 (  0.0%)   0.0000 (  0.0%)   0.0000 (  0.0%)   0.0000 (  0.0%)  Lazy Branch Probability Analysis
   0.0000 (  0.0%)   0.0000 (  0.0%)   0.0000 (  0.0%)   0.0000 (  0.0%)  Memory Dependence Analysis
   0.0000 (  0.0%)   0.0000 (  0.0%)   0.0000 (  0.0%)   0.0000 (  0.0%)  Lazy Branch Probability Analysis
   0.0000 (  0.0%)   0.0000 (  0.0%)   0.0000 (  0.0%)   0.0000 (  0.0%)  Basic Alias Analysis (stateless AA impl)
   0.0000 (  0.0%)   0.0000 (  0.0%)   0.0000 (  0.0%)   0.0000 (  0.0%)  Memory Dependence Analysis
   0.0000 (  0.0%)   0.0000 (  0.0%)   0.0000 (  0.0%)   0.0000 (  0.0%)  Remove unreachable basic blocks under switch
   0.0000 (  0.0%)   0.0000 (  0.0%)   0.0000 (  0.0%)   0.0000 (  0.0%)  Optimization Remark Emitter
   0.0000 (  0.0%)   0.0000 (  0.0%)   0.0000 (  0.0%)   0.0000 (  0.0%)  Memory Dependence Analysis
   0.0000 (  0.0%)   0.0000 (  0.0%)   0.0000 (  0.0%)   0.0000 (  0.0%)  Delete dead loops
   0.0000 (  0.0%)   0.0000 (  0.0%)   0.0000 (  0.0%)   0.0000 (  0.0%)  Vectorize the SPMD regions
   0.0000 (  0.0%)   0.0000 (  0.0%)   0.0000 (  0.0%)   0.0000 (  0.0%)  Lazy Branch Probability Analysis
   0.0000 (  0.0%)   0.0000 (  0.0%)   0.0000 (  0.0%)   0.0000 (  0.0%)  Array abnormal access check
   0.0000 (  0.0%)   0.0000 (  0.0%)   0.0000 (  0.0%)   0.0000 (  0.0%)  Optimization Remark Emitter
   0.0000 (  0.0%)   0.0000 (  0.0%)   0.0000 (  0.0%)   0.0000 (  0.0%)  Basic Alias Analysis (stateless AA impl)
   0.0000 (  0.0%)   0.0000 (  0.0%)   0.0000 (  0.0%)   0.0000 (  0.0%)  Lazy Value Information Analysis
   0.0000 (  0.0%)   0.0000 (  0.0%)   0.0000 (  0.0%)   0.0000 (  0.0%)  Scalar Evolution Canonicalization
   0.0000 (  0.0%)   0.0000 (  0.0%)   0.0000 (  0.0%)   0.0000 (  0.0%)  Basic Alias Analysis (stateless AA impl)
   0.0000 (  0.0%)   0.0000 (  0.0%)   0.0000 (  0.0%)   0.0000 (  0.0%)  Lazy Block Frequency Analysis
   0.0000 (  0.0%)   0.0000 (  0.0%)   0.0000 (  0.0%)   0.0000 (  0.0%)  Lazy Branch Probability Analysis
   0.0000 (  0.0%)   0.0000 (  0.0%)   0.0000 (  0.0%)   0.0000 (  0.0%)  Memory Dependence Analysis
   0.0000 (  0.0%)   0.0000 (  0.0%)   0.0000 (  0.0%)   0.0000 (  0.0%)  Memory Dependence Analysis
   0.0000 (  0.0%)   0.0000 (  0.0%)   0.0000 (  0.0%)   0.0000 (  0.0%)  Optimization Remark Emitter
   0.0000 (  0.0%)   0.0000 (  0.0%)   0.0000 (  0.0%)   0.0000 (  0.0%)  Basic Alias Analysis (stateless AA impl)
   0.0000 (  0.0%)   0.0000 (  0.0%)   0.0000 (  0.0%)   0.0000 (  0.0%)  Lazy Value Information Analysis
   0.0000 (  0.0%)   0.0000 (  0.0%)   0.0000 (  0.0%)   0.0000 (  0.0%)  Remove unreachable basic blocks under switch
   0.0000 (  0.0%)   0.0000 (  0.0%)   0.0000 (  0.0%)   0.0000 (  0.0%)  Remove unreachable basic blocks under switch
   0.0000 (  0.0%)   0.0000 (  0.0%)   0.0000 (  0.0%)   0.0000 (  0.0%)  Memory Dependence Analysis
   0.0000 (  0.0%)   0.0000 (  0.0%)   0.0000 (  0.0%)   0.0000 (  0.0%)  Scalar Evolution Canonicalization
   0.0000 (  0.0%)   0.0000 (  0.0%)   0.0000 (  0.0%)   0.0000 (  0.0%)  Scalar Evolution Canonicalization
   0.0000 (  0.0%)   0.0000 (  0.0%)   0.0000 (  0.0%)   0.0000 (  0.0%)  Memory Dependence Analysis
   0.0000 (  0.0%)   0.0000 (  0.0%)   0.0000 (  0.0%)   0.0000 (  0.0%)  Basic Alias Analysis (stateless AA impl)
   0.0000 (  0.0%)   0.0000 (  0.0%)   0.0000 (  0.0%)   0.0000 (  0.0%)  Memory Dependence Analysis
   0.0000 (  0.0%)   0.0000 (  0.0%)   0.0000 (  0.0%)   0.0000 (  0.0%)  Optimization Remark Emitter
   0.0000 (  0.0%)   0.0000 (  0.0%)   0.0000 (  0.0%)   0.0000 (  0.0%)  Lazy Branch Probability Analysis
   0.0000 (  0.0%)   0.0000 (  0.0%)   0.0000 (  0.0%)   0.0000 (  0.0%)  Basic Alias Analysis (stateless AA impl)
   0.0000 (  0.0%)   0.0000 (  0.0%)   0.0000 (  0.0%)   0.0000 (  0.0%)  Lazy Branch Probability Analysis
   0.0000 (  0.0%)   0.0000 (  0.0%)   0.0000 (  0.0%)   0.0000 (  0.0%)  Lazy Block Frequency Analysis
   0.0000 (  0.0%)   0.0000 (  0.0%)   0.0000 (  0.0%)   0.0000 (  0.0%)  Lazy Block Frequency Analysis
   0.0000 (  0.0%)   0.0000 (  0.0%)   0.0000 (  0.0%)   0.0000 (  0.0%)  Lazy Branch Probability Analysis
   0.0000 (  0.0%)   0.0000 (  0.0%)   0.0000 (  0.0%)   0.0000 (  0.0%)  Lazy Block Frequency Analysis
   0.0000 (  0.0%)   0.0000 (  0.0%)   0.0000 (  0.0%)   0.0000 (  0.0%)  Memory Dependence Analysis
   0.0000 (  0.0%)   0.0000 (  0.0%)   0.0000 (  0.0%)   0.0000 (  0.0%)  Optimization Remark Emitter
   0.0000 (  0.0%)   0.0000 (  0.0%)   0.0000 (  0.0%)   0.0000 (  0.0%)  Optimization Remark Emitter
   0.0000 (  0.0%)   0.0000 (  0.0%)   0.0000 (  0.0%)   0.0000 (  0.0%)  Memory Dependence Analysis
   0.0000 (  0.0%)   0.0000 (  0.0%)   0.0000 (  0.0%)   0.0000 (  0.0%)  Lazy Block Frequency Analysis
   0.0000 (  0.0%)   0.0000 (  0.0%)   0.0000 (  0.0%)   0.0000 (  0.0%)  Memory Dependence Analysis
   0.0000 (  0.0%)   0.0000 (  0.0%)   0.0000 (  0.0%)   0.0000 (  0.0%)  Memory Dependence Analysis
   0.0000 (  0.0%)   0.0000 (  0.0%)   0.0000 (  0.0%)   0.0000 (  0.0%)  Optimization Remark Emitter
   0.0000 (  0.0%)   0.0000 (  0.0%)   0.0000 (  0.0%)   0.0000 (  0.0%)  Lazy Block Frequency Analysis
   0.0000 (  0.0%)   0.0000 (  0.0%)   0.0000 (  0.0%)   0.0000 (  0.0%)  Memory Dependence Analysis
   0.0000 (  0.0%)   0.0000 (  0.0%)   0.0000 (  0.0%)   0.0000 (  0.0%)  Optimization Remark Emitter
   0.0000 (  0.0%)   0.0000 (  0.0%)   0.0000 (  0.0%)   0.0000 (  0.0%)  Lazy Branch Probability Analysis
   0.0000 (  0.0%)   0.0000 (  0.0%)   0.0000 (  0.0%)   0.0000 (  0.0%)  Memory Dependence Analysis
   0.0000 (  0.0%)   0.0000 (  0.0%)   0.0000 (  0.0%)   0.0000 (  0.0%)  Optimization Remark Emitter
   0.0000 (  0.0%)   0.0000 (  0.0%)   0.0000 (  0.0%)   0.0000 (  0.0%)  Lazy Branch Probability Analysis
   0.0000 (  0.0%)   0.0000 (  0.0%)   0.0000 (  0.0%)   0.0000 (  0.0%)  Basic Alias Analysis (stateless AA impl)
   0.0000 (  0.0%)   0.0000 (  0.0%)   0.0000 (  0.0%)   0.0000 (  0.0%)  Basic Alias Analysis (stateless AA impl)
   0.0000 (  0.0%)   0.0000 (  0.0%)   0.0000 (  0.0%)   0.0000 (  0.0%)  Optimization Remark Emitter
   0.0000 (  0.0%)   0.0000 (  0.0%)   0.0000 (  0.0%)   0.0000 (  0.0%)  Lazy Block Frequency Analysis
   0.0000 (  0.0%)   0.0000 (  0.0%)   0.0000 (  0.0%)   0.0000 (  0.0%)  Scalar Evolution Analysis
   0.0000 (  0.0%)   0.0000 (  0.0%)   0.0000 (  0.0%)   0.0000 (  0.0%)  Memory Dependence Analysis
   0.0000 (  0.0%)   0.0000 (  0.0%)   0.0000 (  0.0%)   0.0000 (  0.0%)  Lazy Branch Probability Analysis
   0.0000 (  0.0%)   0.0000 (  0.0%)   0.0000 (  0.0%)   0.0000 (  0.0%)  Optimization Remark Emitter
   0.0000 (  0.0%)   0.0000 (  0.0%)   0.0000 (  0.0%)   0.0000 (  0.0%)  Memory Dependence Analysis
   0.0000 (  0.0%)   0.0000 (  0.0%)   0.0000 (  0.0%)   0.0000 (  0.0%)  Optimization Remark Emitter
   0.0000 (  0.0%)   0.0000 (  0.0%)   0.0000 (  0.0%)   0.0000 (  0.0%)  Lazy Block Frequency Analysis
   0.0000 (  0.0%)   0.0000 (  0.0%)   0.0000 (  0.0%)   0.0000 (  0.0%)  Lazy Branch Probability Analysis
   0.0000 (  0.0%)   0.0000 (  0.0%)   0.0000 (  0.0%)   0.0000 (  0.0%)  Dependence Analysis
   0.0000 (  0.0%)   0.0000 (  0.0%)   0.0000 (  0.0%)   0.0000 (  0.0%)  Lazy Branch Probability Analysis
   0.0000 (  0.0%)   0.0000 (  0.0%)   0.0000 (  0.0%)   0.0000 (  0.0%)  Lazy Branch Probability Analysis
   0.0000 (  0.0%)   0.0000 (  0.0%)   0.0000 (  0.0%)   0.0000 (  0.0%)  Memory Dependence Analysis
   0.0000 (  0.0%)   0.0000 (  0.0%)   0.0000 (  0.0%)   0.0000 (  0.0%)  Optimization Remark Emitter
   0.0000 (  0.0%)   0.0000 (  0.0%)   0.0000 (  0.0%)   0.0000 (  0.0%)  Lazy Branch Probability Analysis
   0.0000 (  0.0%)   0.0000 (  0.0%)   0.0000 (  0.0%)   0.0000 (  0.0%)  Lazy Branch Probability Analysis
   0.0000 (  0.0%)   0.0000 (  0.0%)   0.0000 (  0.0%)   0.0000 (  0.0%)  Basic Alias Analysis (stateless AA impl)
   0.0000 (  0.0%)   0.0000 (  0.0%)   0.0000 (  0.0%)   0.0000 (  0.0%)  Lazy Branch Probability Analysis
   0.0000 (  0.0%)   0.0000 (  0.0%)   0.0000 (  0.0%)   0.0000 (  0.0%)  Memory Dependence Analysis
   0.0000 (  0.0%)   0.0000 (  0.0%)   0.0000 (  0.0%)   0.0000 (  0.0%)  Simplify loop CFG
   0.0000 (  0.0%)   0.0000 (  0.0%)   0.0000 (  0.0%)   0.0000 (  0.0%)  Lazy Branch Probability Analysis
   0.0000 (  0.0%)   0.0000 (  0.0%)   0.0000 (  0.0%)   0.0000 (  0.0%)  Lazy Block Frequency Analysis
   0.0000 (  0.0%)   0.0000 (  0.0%)   0.0000 (  0.0%)   0.0000 (  0.0%)  Memory Dependence Analysis
   0.0000 (  0.0%)   0.0000 (  0.0%)   0.0000 (  0.0%)   0.0000 (  0.0%)  Basic Alias Analysis (stateless AA impl)
   0.0000 (  0.0%)   0.0000 (  0.0%)   0.0000 (  0.0%)   0.0000 (  0.0%)  Basic Alias Analysis (stateless AA impl)
   0.0000 (  0.0%)   0.0000 (  0.0%)   0.0000 (  0.0%)   0.0000 (  0.0%)  Lazy Branch Probability Analysis
   0.0000 (  0.0%)   0.0000 (  0.0%)   0.0000 (  0.0%)   0.0000 (  0.0%)  Memory Dependence Analysis
   0.0000 (  0.0%)   0.0000 (  0.0%)   0.0000 (  0.0%)   0.0000 (  0.0%)  Lazy Branch Probability Analysis
   0.0000 (  0.0%)   0.0000 (  0.0%)   0.0000 (  0.0%)   0.0000 (  0.0%)  Optimization Remark Emitter
   0.0000 (  0.0%)   0.0000 (  0.0%)   0.0000 (  0.0%)   0.0000 (  0.0%)  Optimization Remark Emitter
   0.0000 (  0.0%)   0.0000 (  0.0%)   0.0000 (  0.0%)   0.0000 (  0.0%)  Basic Alias Analysis (stateless AA impl)
   0.0000 (  0.0%)   0.0000 (  0.0%)   0.0000 (  0.0%)   0.0000 (  0.0%)  Lazy Branch Probability Analysis
   0.0000 (  0.0%)   0.0000 (  0.0%)   0.0000 (  0.0%)   0.0000 (  0.0%)  Optimization Remark Emitter
   0.0000 (  0.0%)   0.0000 (  0.0%)   0.0000 (  0.0%)   0.0000 (  0.0%)  Lazy Block Frequency Analysis
   0.0000 (  0.0%)   0.0000 (  0.0%)   0.0000 (  0.0%)   0.0000 (  0.0%)  LCSSA Verifier
   0.0000 (  0.0%)   0.0000 (  0.0%)   0.0000 (  0.0%)   0.0000 (  0.0%)  Lazy Block Frequency Analysis
   0.0000 (  0.0%)   0.0000 (  0.0%)   0.0000 (  0.0%)   0.0000 (  0.0%)  Lazy Block Frequency Analysis
   0.0000 (  0.0%)   0.0000 (  0.0%)   0.0000 (  0.0%)   0.0000 (  0.0%)  Memory Dependence Analysis
   0.0000 (  0.0%)   0.0000 (  0.0%)   0.0000 (  0.0%)   0.0000 (  0.0%)  Lazy Block Frequency Analysis
   0.0000 (  0.0%)   0.0000 (  0.0%)   0.0000 (  0.0%)   0.0000 (  0.0%)  Basic Alias Analysis (stateless AA impl)
   0.0000 (  0.0%)   0.0000 (  0.0%)   0.0000 (  0.0%)   0.0000 (  0.0%)  Memory Dependence Analysis
   0.0000 (  0.0%)   0.0000 (  0.0%)   0.0000 (  0.0%)   0.0000 (  0.0%)  Memory Dependence Analysis
   0.0000 (  0.0%)   0.0000 (  0.0%)   0.0000 (  0.0%)   0.0000 (  0.0%)  Lazy Block Frequency Analysis
   0.0000 (  0.0%)   0.0000 (  0.0%)   0.0000 (  0.0%)   0.0000 (  0.0%)  Lazy Branch Probability Analysis
   0.0000 (  0.0%)   0.0000 (  0.0%)   0.0000 (  0.0%)   0.0000 (  0.0%)  Lazy Block Frequency Analysis
   0.0000 (  0.0%)   0.0000 (  0.0%)   0.0000 (  0.0%)   0.0000 (  0.0%)  Lazy Block Frequency Analysis
   0.0000 (  0.0%)   0.0000 (  0.0%)   0.0000 (  0.0%)   0.0000 (  0.0%)  Lazy Branch Probability Analysis
   0.0000 (  0.0%)   0.0000 (  0.0%)   0.0000 (  0.0%)   0.0000 (  0.0%)  Memory Dependence Analysis
   0.0000 (  0.0%)   0.0000 (  0.0%)   0.0000 (  0.0%)   0.0000 (  0.0%)  CallGraph Construction
   0.0000 (  0.0%)   0.0000 (  0.0%)   0.0000 (  0.0%)   0.0000 (  0.0%)  Lazy Block Frequency Analysis
   0.0000 (  0.0%)   0.0000 (  0.0%)   0.0000 (  0.0%)   0.0000 (  0.0%)  Lazy Block Frequency Analysis
   0.0000 (  0.0%)   0.0000 (  0.0%)   0.0000 (  0.0%)   0.0000 (  0.0%)  Lazy Branch Probability Analysis
   0.0000 (  0.0%)   0.0000 (  0.0%)   0.0000 (  0.0%)   0.0000 (  0.0%)  Lazy Block Frequency Analysis
   0.0000 (  0.0%)   0.0000 (  0.0%)   0.0000 (  0.0%)   0.0000 (  0.0%)  Optimization Remark Emitter
   0.0000 (  0.0%)   0.0000 (  0.0%)   0.0000 (  0.0%)   0.0000 (  0.0%)  Lazy Branch Probability Analysis
   0.0000 (  0.0%)   0.0000 (  0.0%)   0.0000 (  0.0%)   0.0000 (  0.0%)  Optimization Remark Emitter
   0.0000 (  0.0%)   0.0000 (  0.0%)   0.0000 (  0.0%)   0.0000 (  0.0%)  Lazy Block Frequency Analysis
   0.0000 (  0.0%)   0.0000 (  0.0%)   0.0000 (  0.0%)   0.0000 (  0.0%)  Lazy Branch Probability Analysis
   0.0000 (  0.0%)   0.0000 (  0.0%)   0.0000 (  0.0%)   0.0000 (  0.0%)  Lazy Block Frequency Analysis
   0.0000 (  0.0%)   0.0000 (  0.0%)   0.0000 (  0.0%)   0.0000 (  0.0%)  Lazy Branch Probability Analysis
   0.0000 (  0.0%)   0.0000 (  0.0%)   0.0000 (  0.0%)   0.0000 (  0.0%)  Lazy Branch Probability Analysis
   0.0000 (  0.0%)   0.0000 (  0.0%)   0.0000 (  0.0%)   0.0000 (  0.0%)  Scalar Evolution Analysis
   0.0000 (  0.0%)   0.0000 (  0.0%)   0.0000 (  0.0%)   0.0000 (  0.0%)  Lazy Branch Probability Analysis
   0.0000 (  0.0%)   0.0000 (  0.0%)   0.0000 (  0.0%)   0.0000 (  0.0%)  Basic Alias Analysis (stateless AA impl)
   0.0000 (  0.0%)   0.0000 (  0.0%)   0.0000 (  0.0%)   0.0000 (  0.0%)  Memory Dependence Analysis
   0.0000 (  0.0%)   0.0000 (  0.0%)   0.0000 (  0.0%)   0.0000 (  0.0%)  Scalar Evolution Canonicalization
   0.0000 (  0.0%)   0.0000 (  0.0%)   0.0000 (  0.0%)   0.0000 (  0.0%)  Lazy Block Frequency Analysis
   0.0000 (  0.0%)   0.0000 (  0.0%)   0.0000 (  0.0%)   0.0000 (  0.0%)  Lazy Branch Probability Analysis
   0.0000 (  0.0%)   0.0000 (  0.0%)   0.0000 (  0.0%)   0.0000 (  0.0%)  Optimization Remark Emitter
   0.0000 (  0.0%)   0.0000 (  0.0%)   0.0000 (  0.0%)   0.0000 (  0.0%)  Basic Alias Analysis (stateless AA impl)
   0.0000 (  0.0%)   0.0000 (  0.0%)   0.0000 (  0.0%)   0.0000 (  0.0%)  Optimization Remark Emitter
   0.0000 (  0.0%)   0.0000 (  0.0%)   0.0000 (  0.0%)   0.0000 (  0.0%)  Assumption Cache Tracker
   0.0000 (  0.0%)   0.0000 (  0.0%)   0.0000 (  0.0%)   0.0000 (  0.0%)  Lazy Block Frequency Analysis
   0.0000 (  0.0%)   0.0000 (  0.0%)   0.0000 (  0.0%)   0.0000 (  0.0%)  Lazy Block Frequency Analysis
   0.0000 (  0.0%)   0.0000 (  0.0%)   0.0000 (  0.0%)   0.0000 (  0.0%)  Memory Dependence Analysis
   0.0000 (  0.0%)   0.0000 (  0.0%)   0.0000 (  0.0%)   0.0000 (  0.0%)  Basic Alias Analysis (stateless AA impl)
   0.0000 (  0.0%)   0.0000 (  0.0%)   0.0000 (  0.0%)   0.0000 (  0.0%)  Lazy Branch Probability Analysis
   0.0000 (  0.0%)   0.0000 (  0.0%)   0.0000 (  0.0%)   0.0000 (  0.0%)  Lazy Branch Probability Analysis
   0.0000 (  0.0%)   0.0000 (  0.0%)   0.0000 (  0.0%)   0.0000 (  0.0%)  Lazy Block Frequency Analysis
   0.0000 (  0.0%)   0.0000 (  0.0%)   0.0000 (  0.0%)   0.0000 (  0.0%)  Scalar Evolution Analysis
   0.0000 (  0.0%)   0.0000 (  0.0%)   0.0000 (  0.0%)   0.0000 (  0.0%)  Lazy Block Frequency Analysis
   0.0000 (  0.0%)   0.0000 (  0.0%)   0.0000 (  0.0%)   0.0000 (  0.0%)  Scalar Evolution Canonicalization
   0.0000 (  0.0%)   0.0000 (  0.0%)   0.0000 (  0.0%)   0.0000 (  0.0%)  Lazy Block Frequency Analysis
   0.0000 (  0.0%)   0.0000 (  0.0%)   0.0000 (  0.0%)   0.0000 (  0.0%)  Lazy Block Frequency Analysis
   0.0000 (  0.0%)   0.0000 (  0.0%)   0.0000 (  0.0%)   0.0000 (  0.0%)  Optimization Remark Emitter
   0.0000 (  0.0%)   0.0000 (  0.0%)   0.0000 (  0.0%)   0.0000 (  0.0%)  Lazy Branch Probability Analysis
   0.0000 (  0.0%)   0.0000 (  0.0%)   0.0000 (  0.0%)   0.0000 (  0.0%)  Lazy Block Frequency Analysis
   0.0000 (  0.0%)   0.0000 (  0.0%)   0.0000 (  0.0%)   0.0000 (  0.0%)  Lazy Block Frequency Analysis
   0.0000 (  0.0%)   0.0000 (  0.0%)   0.0000 (  0.0%)   0.0000 (  0.0%)  Optimization Remark Emitter
   0.0000 (  0.0%)   0.0000 (  0.0%)   0.0000 (  0.0%)   0.0000 (  0.0%)  Optimization Remark Emitter
   0.0000 (  0.0%)   0.0000 (  0.0%)   0.0000 (  0.0%)   0.0000 (  0.0%)  Optimization Remark Emitter
   0.0000 (  0.0%)   0.0000 (  0.0%)   0.0000 (  0.0%)   0.0000 (  0.0%)  Optimization Remark Emitter
   0.0000 (  0.0%)   0.0000 (  0.0%)   0.0000 (  0.0%)   0.0000 (  0.0%)  Lazy Block Frequency Analysis
   0.0000 (  0.0%)   0.0000 (  0.0%)   0.0000 (  0.0%)   0.0000 (  0.0%)  Memory Dependence Analysis
   0.0000 (  0.0%)   0.0000 (  0.0%)   0.0000 (  0.0%)   0.0000 (  0.0%)  Optimization Remark Emitter
   0.0000 (  0.0%)   0.0000 (  0.0%)   0.0000 (  0.0%)   0.0000 (  0.0%)  Optimization Remark Emitter
   0.0000 (  0.0%)   0.0000 (  0.0%)   0.0000 (  0.0%)   0.0000 (  0.0%)  Memory Dependence Analysis
   0.0000 (  0.0%)   0.0000 (  0.0%)   0.0000 (  0.0%)   0.0000 (  0.0%)  Memory Dependence Analysis
   0.0000 (  0.0%)   0.0000 (  0.0%)   0.0000 (  0.0%)   0.0000 (  0.0%)  Lazy Block Frequency Analysis
   0.0000 (  0.0%)   0.0000 (  0.0%)   0.0000 (  0.0%)   0.0000 (  0.0%)  Lazy Branch Probability Analysis
   0.0000 (  0.0%)   0.0000 (  0.0%)   0.0000 (  0.0%)   0.0000 (  0.0%)  Function duplication
   0.0000 (  0.0%)   0.0000 (  0.0%)   0.0000 (  0.0%)   0.0000 (  0.0%)  Optimization Remark Emitter
   0.0000 (  0.0%)   0.0000 (  0.0%)   0.0000 (  0.0%)   0.0000 (  0.0%)  Lazy Block Frequency Analysis
   0.0000 (  0.0%)   0.0000 (  0.0%)   0.0000 (  0.0%)   0.0000 (  0.0%)  Memory Dependence Analysis
   0.0000 (  0.0%)   0.0000 (  0.0%)   0.0000 (  0.0%)   0.0000 (  0.0%)  Basic Alias Analysis (stateless AA impl)
   0.0000 (  0.0%)   0.0000 (  0.0%)   0.0000 (  0.0%)   0.0000 (  0.0%)  Lazy Value Information Analysis
   0.0000 (  0.0%)   0.0000 (  0.0%)   0.0000 (  0.0%)   0.0000 (  0.0%)  Optimization Remark Emitter
   0.0000 (  0.0%)   0.0000 (  0.0%)   0.0000 (  0.0%)   0.0000 (  0.0%)  Optimization Remark Emitter
   0.0000 (  0.0%)   0.0000 (  0.0%)   0.0000 (  0.0%)   0.0000 (  0.0%)  CallGraph Construction
   0.0000 (  0.0%)   0.0000 (  0.0%)   0.0000 (  0.0%)   0.0000 (  0.0%)  Lazy Block Frequency Analysis
   0.0000 (  0.0%)   0.0000 (  0.0%)   0.0000 (  0.0%)   0.0000 (  0.0%)  ScalarEvolution-based Alias Analysis
   0.0000 (  0.0%)   0.0000 (  0.0%)   0.0000 (  0.0%)   0.0000 (  0.0%)  Lazy Block Frequency Analysis
   0.0000 (  0.0%)   0.0000 (  0.0%)   0.0000 (  0.0%)   0.0000 (  0.0%)  CallGraph Construction
   0.0000 (  0.0%)   0.0000 (  0.0%)   0.0000 (  0.0%)   0.0000 (  0.0%)  Lazy Block Frequency Analysis
   0.0000 (  0.0%)   0.0000 (  0.0%)   0.0000 (  0.0%)   0.0000 (  0.0%)  LayoutTransform - Layout Transform Pragma Analysis
   0.0000 (  0.0%)   0.0000 (  0.0%)   0.0000 (  0.0%)   0.0000 (  0.0%)  Optimization Remark Emitter
   0.0000 (  0.0%)   0.0000 (  0.0%)   0.0000 (  0.0%)   0.0000 (  0.0%)  Basic Alias Analysis (stateless AA impl)
   0.0000 (  0.0%)   0.0000 (  0.0%)   0.0000 (  0.0%)   0.0000 (  0.0%)  Basic Alias Analysis (stateless AA impl)
   0.0000 (  0.0%)   0.0000 (  0.0%)   0.0000 (  0.0%)   0.0000 (  0.0%)  Lazy Branch Probability Analysis
   0.0000 (  0.0%)   0.0000 (  0.0%)   0.0000 (  0.0%)   0.0000 (  0.0%)  Dependence Analysis
   0.0000 (  0.0%)   0.0000 (  0.0%)   0.0000 (  0.0%)   0.0000 (  0.0%)  Optimization Remark Emitter
   0.0000 (  0.0%)   0.0000 (  0.0%)   0.0000 (  0.0%)   0.0000 (  0.0%)  Lazy Branch Probability Analysis
   0.0000 (  0.0%)   0.0000 (  0.0%)   0.0000 (  0.0%)   0.0000 (  0.0%)  Lazy Branch Probability Analysis
   0.0000 (  0.0%)   0.0000 (  0.0%)   0.0000 (  0.0%)   0.0000 (  0.0%)  Lazy Branch Probability Analysis
   0.0000 (  0.0%)   0.0000 (  0.0%)   0.0000 (  0.0%)   0.0000 (  0.0%)  Memory Dependence Analysis
   0.0000 (  0.0%)   0.0000 (  0.0%)   0.0000 (  0.0%)   0.0000 (  0.0%)  LCSSA Verifier
   0.0000 (  0.0%)   0.0000 (  0.0%)   0.0000 (  0.0%)   0.0000 (  0.0%)  Lazy Block Frequency Analysis
   0.0000 (  0.0%)   0.0000 (  0.0%)   0.0000 (  0.0%)   0.0000 (  0.0%)  Optimization Remark Emitter
   0.0000 (  0.0%)   0.0000 (  0.0%)   0.0000 (  0.0%)   0.0000 (  0.0%)  Scalar Evolution Canonicalization
   0.0000 (  0.0%)   0.0000 (  0.0%)   0.0000 (  0.0%)   0.0000 (  0.0%)  Lazy Branch Probability Analysis
   0.0000 (  0.0%)   0.0000 (  0.0%)   0.0000 (  0.0%)   0.0000 (  0.0%)  Optimization Remark Emitter
   0.0000 (  0.0%)   0.0000 (  0.0%)   0.0000 (  0.0%)   0.0000 (  0.0%)  Lazy Branch Probability Analysis
   0.0000 (  0.0%)   0.0000 (  0.0%)   0.0000 (  0.0%)   0.0000 (  0.0%)  Optimization Remark Emitter
   0.0000 (  0.0%)   0.0000 (  0.0%)   0.0000 (  0.0%)   0.0000 (  0.0%)  Lazy Branch Probability Analysis
   0.0000 (  0.0%)   0.0000 (  0.0%)   0.0000 (  0.0%)   0.0000 (  0.0%)  Optimization Remark Emitter
   0.0000 (  0.0%)   0.0000 (  0.0%)   0.0000 (  0.0%)   0.0000 (  0.0%)  Optimization Remark Emitter
   0.0000 (  0.0%)   0.0000 (  0.0%)   0.0000 (  0.0%)   0.0000 (  0.0%)  Lazy Block Frequency Analysis
   0.0000 (  0.0%)   0.0000 (  0.0%)   0.0000 (  0.0%)   0.0000 (  0.0%)  Optimization Remark Emitter
   0.0000 (  0.0%)   0.0000 (  0.0%)   0.0000 (  0.0%)   0.0000 (  0.0%)  Lazy Branch Probability Analysis
   0.0000 (  0.0%)   0.0000 (  0.0%)   0.0000 (  0.0%)   0.0000 (  0.0%)  Optimization Remark Emitter
   0.0000 (  0.0%)   0.0000 (  0.0%)   0.0000 (  0.0%)   0.0000 (  0.0%)  Lazy Block Frequency Analysis
   0.0000 (  0.0%)   0.0000 (  0.0%)   0.0000 (  0.0%)   0.0000 (  0.0%)  Memory Dependence Analysis
   0.0000 (  0.0%)   0.0000 (  0.0%)   0.0000 (  0.0%)   0.0000 (  0.0%)  Optimization Remark Emitter
   0.0000 (  0.0%)   0.0000 (  0.0%)   0.0000 (  0.0%)   0.0000 (  0.0%)  Optimization Remark Emitter
   0.0000 (  0.0%)   0.0000 (  0.0%)   0.0000 (  0.0%)   0.0000 (  0.0%)  Optimization Remark Emitter
   0.0000 (  0.0%)   0.0000 (  0.0%)   0.0000 (  0.0%)   0.0000 (  0.0%)  Optimization Remark Emitter
   0.0000 (  0.0%)   0.0000 (  0.0%)   0.0000 (  0.0%)   0.0000 (  0.0%)  Optimization Remark Emitter
   0.0000 (  0.0%)   0.0000 (  0.0%)   0.0000 (  0.0%)   0.0000 (  0.0%)  Optimization Remark Emitter
   0.0000 (  0.0%)   0.0000 (  0.0%)   0.0000 (  0.0%)   0.0000 (  0.0%)  Memory Dependence Analysis
   0.0000 (  0.0%)   0.0000 (  0.0%)   0.0000 (  0.0%)   0.0000 (  0.0%)  Dead Global Elimination
   0.0000 (  0.0%)   0.0000 (  0.0%)   0.0000 (  0.0%)   0.0000 (  0.0%)  Optimization Remark Emitter
   0.0000 (  0.0%)   0.0000 (  0.0%)   0.0000 (  0.0%)   0.0000 (  0.0%)  Lazy Branch Probability Analysis
   0.0000 (  0.0%)   0.0000 (  0.0%)   0.0000 (  0.0%)   0.0000 (  0.0%)  Optimization Remark Emitter
   0.0000 (  0.0%)   0.0000 (  0.0%)   0.0000 (  0.0%)   0.0000 (  0.0%)  Optimization Remark Emitter
   0.0000 (  0.0%)   0.0000 (  0.0%)   0.0000 (  0.0%)   0.0000 (  0.0%)  Lazy Block Frequency Analysis
   0.0000 (  0.0%)   0.0000 (  0.0%)   0.0000 (  0.0%)   0.0000 (  0.0%)  CallGraph Construction
   0.0000 (  0.0%)   0.0000 (  0.0%)   0.0000 (  0.0%)   0.0000 (  0.0%)  Expand private memory for each workitem in SPMD program
   0.0000 (  0.0%)   0.0000 (  0.0%)   0.0000 (  0.0%)   0.0000 (  0.0%)  Optimization Remark Emitter
   0.0000 (  0.0%)   0.0000 (  0.0%)   0.0000 (  0.0%)   0.0000 (  0.0%)  Optimization Remark Emitter
   0.0000 (  0.0%)   0.0000 (  0.0%)   0.0000 (  0.0%)   0.0000 (  0.0%)  Optimization Remark Emitter
   0.0000 (  0.0%)   0.0000 (  0.0%)   0.0000 (  0.0%)   0.0000 (  0.0%)  Lazy Block Frequency Analysis
   0.0000 (  0.0%)   0.0000 (  0.0%)   0.0000 (  0.0%)   0.0000 (  0.0%)  Lazy Block Frequency Analysis
   0.0000 (  0.0%)   0.0000 (  0.0%)   0.0000 (  0.0%)   0.0000 (  0.0%)  CallGraph Construction
   0.0000 (  0.0%)   0.0000 (  0.0%)   0.0000 (  0.0%)   0.0000 (  0.0%)  Optimization Remark Emitter
   0.0000 (  0.0%)   0.0000 (  0.0%)   0.0000 (  0.0%)   0.0000 (  0.0%)  Optimization Remark Emitter
   0.0000 (  0.0%)   0.0000 (  0.0%)   0.0000 (  0.0%)   0.0000 (  0.0%)  Lazy Block Frequency Analysis
   0.0000 (  0.0%)   0.0000 (  0.0%)   0.0000 (  0.0%)   0.0000 (  0.0%)  Scalar Evolution Analysis
   0.0000 (  0.0%)   0.0000 (  0.0%)   0.0000 (  0.0%)   0.0000 (  0.0%)  Optimization Remark Emitter
   0.0000 (  0.0%)   0.0000 (  0.0%)   0.0000 (  0.0%)   0.0000 (  0.0%)  Optimization Remark Emitter
   0.0000 (  0.0%)   0.0000 (  0.0%)   0.0000 (  0.0%)   0.0000 (  0.0%)  Optimization Remark Emitter
   0.0000 (  0.0%)   0.0000 (  0.0%)   0.0000 (  0.0%)   0.0000 (  0.0%)  Optimization Remark Emitter
   0.0000 (  0.0%)   0.0000 (  0.0%)   0.0000 (  0.0%)   0.0000 (  0.0%)  Lazy Block Frequency Analysis
   0.0000 (  0.0%)   0.0000 (  0.0%)   0.0000 (  0.0%)   0.0000 (  0.0%)  Lazy Branch Probability Analysis
   0.0000 (  0.0%)   0.0000 (  0.0%)   0.0000 (  0.0%)   0.0000 (  0.0%)  Lazy Block Frequency Analysis
   0.0000 (  0.0%)   0.0000 (  0.0%)   0.0000 (  0.0%)   0.0000 (  0.0%)  Lazy Branch Probability Analysis
   0.0000 (  0.0%)   0.0000 (  0.0%)   0.0000 (  0.0%)   0.0000 (  0.0%)  Optimization Remark Emitter
   0.0000 (  0.0%)   0.0000 (  0.0%)   0.0000 (  0.0%)   0.0000 (  0.0%)  Lazy Block Frequency Analysis
   0.0000 (  0.0%)   0.0000 (  0.0%)   0.0000 (  0.0%)   0.0000 (  0.0%)  Lazy Block Frequency Analysis
   0.0000 (  0.0%)   0.0000 (  0.0%)   0.0000 (  0.0%)   0.0000 (  0.0%)  Lazy Block Frequency Analysis
   0.0000 (  0.0%)   0.0000 (  0.0%)   0.0000 (  0.0%)   0.0000 (  0.0%)  Optimization Remark Emitter
   0.0000 (  0.0%)   0.0000 (  0.0%)   0.0000 (  0.0%)   0.0000 (  0.0%)  Optimization Remark Emitter
   0.0000 (  0.0%)   0.0000 (  0.0%)   0.0000 (  0.0%)   0.0000 (  0.0%)  Optimization Remark Emitter
   0.0000 (  0.0%)   0.0000 (  0.0%)   0.0000 (  0.0%)   0.0000 (  0.0%)  Lazy Branch Probability Analysis
   0.0000 (  0.0%)   0.0000 (  0.0%)   0.0000 (  0.0%)   0.0000 (  0.0%)  Memory Dependence Analysis
   0.0000 (  0.0%)   0.0000 (  0.0%)   0.0000 (  0.0%)   0.0000 (  0.0%)  Lazy Branch Probability Analysis
   0.0000 (  0.0%)   0.0000 (  0.0%)   0.0000 (  0.0%)   0.0000 (  0.0%)  LCSSA Verifier
   0.0000 (  0.0%)   0.0000 (  0.0%)   0.0000 (  0.0%)   0.0000 (  0.0%)  Optimization Remark Emitter
   0.0000 (  0.0%)   0.0000 (  0.0%)   0.0000 (  0.0%)   0.0000 (  0.0%)  Optimization Remark Emitter
   0.0000 (  0.0%)   0.0000 (  0.0%)   0.0000 (  0.0%)   0.0000 (  0.0%)  Lazy Block Frequency Analysis
   0.0000 (  0.0%)   0.0000 (  0.0%)   0.0000 (  0.0%)   0.0000 (  0.0%)  Lazy Block Frequency Analysis
   0.0000 (  0.0%)   0.0000 (  0.0%)   0.0000 (  0.0%)   0.0000 (  0.0%)  Optimization Remark Emitter
   0.0000 (  0.0%)   0.0000 (  0.0%)   0.0000 (  0.0%)   0.0000 (  0.0%)  LCSSA Verifier
   0.0000 (  0.0%)   0.0000 (  0.0%)   0.0000 (  0.0%)   0.0000 (  0.0%)  Optimization Remark Emitter
   0.0000 (  0.0%)   0.0000 (  0.0%)   0.0000 (  0.0%)   0.0000 (  0.0%)  Optimization Remark Emitter
   0.0000 (  0.0%)   0.0000 (  0.0%)   0.0000 (  0.0%)   0.0000 (  0.0%)  AttrPropagation - Propagate Pointer Parameter Attribute
   0.0000 (  0.0%)   0.0000 (  0.0%)   0.0000 (  0.0%)   0.0000 (  0.0%)  Optimization Remark Emitter
   0.0000 (  0.0%)   0.0000 (  0.0%)   0.0000 (  0.0%)   0.0000 (  0.0%)  LCSSA Verifier
   0.0000 (  0.0%)   0.0000 (  0.0%)   0.0000 (  0.0%)   0.0000 (  0.0%)  Optimization Remark Emitter
   0.0000 (  0.0%)   0.0000 (  0.0%)   0.0000 (  0.0%)   0.0000 (  0.0%)  LCSSA Verifier
   0.0000 (  0.0%)   0.0000 (  0.0%)   0.0000 (  0.0%)   0.0000 (  0.0%)  Lazy Branch Probability Analysis
   0.0000 (  0.0%)   0.0000 (  0.0%)   0.0000 (  0.0%)   0.0000 (  0.0%)  CallGraph Construction
   0.0000 (  0.0%)   0.0000 (  0.0%)   0.0000 (  0.0%)   0.0000 (  0.0%)  Optimization Remark Emitter
   0.0000 (  0.0%)   0.0000 (  0.0%)   0.0000 (  0.0%)   0.0000 (  0.0%)  Lazy Block Frequency Analysis
   0.0000 (  0.0%)   0.0000 (  0.0%)   0.0000 (  0.0%)   0.0000 (  0.0%)  ScalarEvolution-based Alias Analysis
   0.0000 (  0.0%)   0.0000 (  0.0%)   0.0000 (  0.0%)   0.0000 (  0.0%)  Lazy Branch Probability Analysis
   0.0000 (  0.0%)   0.0000 (  0.0%)   0.0000 (  0.0%)   0.0000 (  0.0%)  Lazy Block Frequency Analysis
   0.0000 (  0.0%)   0.0000 (  0.0%)   0.0000 (  0.0%)   0.0000 (  0.0%)  Lazy Block Frequency Analysis
   0.0000 (  0.0%)   0.0000 (  0.0%)   0.0000 (  0.0%)   0.0000 (  0.0%)  Optimization Remark Emitter
   0.0000 (  0.0%)   0.0000 (  0.0%)   0.0000 (  0.0%)   0.0000 (  0.0%)  Optimization Remark Emitter
   0.0000 (  0.0%)   0.0000 (  0.0%)   0.0000 (  0.0%)   0.0000 (  0.0%)  Lower memory intrinsic
   0.0000 (  0.0%)   0.0000 (  0.0%)   0.0000 (  0.0%)   0.0000 (  0.0%)  Basic Alias Analysis (stateless AA impl)
   0.0000 (  0.0%)   0.0000 (  0.0%)   0.0000 (  0.0%)   0.0000 (  0.0%)  LCSSA Verifier
   0.0000 (  0.0%)   0.0000 (  0.0%)   0.0000 (  0.0%)   0.0000 (  0.0%)  SPIRUpdateIntrRange - Update SPIR Intrinsics Metadata
   0.0000 (  0.0%)   0.0000 (  0.0%)   0.0000 (  0.0%)   0.0000 (  0.0%)  Optimization Remark Emitter
   0.0000 (  0.0%)   0.0000 (  0.0%)   0.0000 (  0.0%)   0.0000 (  0.0%)  Lazy Block Frequency Analysis
   0.0000 (  0.0%)   0.0000 (  0.0%)   0.0000 (  0.0%)   0.0000 (  0.0%)  Memory Dependence Analysis
   0.0000 (  0.0%)   0.0000 (  0.0%)   0.0000 (  0.0%)   0.0000 (  0.0%)  CallGraph Construction
   0.0000 (  0.0%)   0.0000 (  0.0%)   0.0000 (  0.0%)   0.0000 (  0.0%)  Lazy Block Frequency Analysis
   0.0000 (  0.0%)   0.0000 (  0.0%)   0.0000 (  0.0%)   0.0000 (  0.0%)  LCSSA Verifier
   0.0000 (  0.0%)   0.0000 (  0.0%)   0.0000 (  0.0%)   0.0000 (  0.0%)  Optimization Remark Emitter
   0.0000 (  0.0%)   0.0000 (  0.0%)   0.0000 (  0.0%)   0.0000 (  0.0%)  Dead Global Elimination
   0.0000 (  0.0%)   0.0000 (  0.0%)   0.0000 (  0.0%)   0.0000 (  0.0%)  Basic Alias Analysis (stateless AA impl)
   0.0000 (  0.0%)   0.0000 (  0.0%)   0.0000 (  0.0%)   0.0000 (  0.0%)  Optimization Remark Emitter
   0.0000 (  0.0%)   0.0000 (  0.0%)   0.0000 (  0.0%)   0.0000 (  0.0%)  Loop-Closed SSA Form Pass
   0.0000 (  0.0%)   0.0000 (  0.0%)   0.0000 (  0.0%)   0.0000 (  0.0%)  LCSSA Verifier
   0.0000 (  0.0%)   0.0000 (  0.0%)   0.0000 (  0.0%)   0.0000 (  0.0%)  LCSSA Verifier
   0.0000 (  0.0%)   0.0000 (  0.0%)   0.0000 (  0.0%)   0.0000 (  0.0%)  LCSSA Verifier
   0.0000 (  0.0%)   0.0000 (  0.0%)   0.0000 (  0.0%)   0.0000 (  0.0%)  Optimization Remark Emitter
   0.0000 (  0.0%)   0.0000 (  0.0%)   0.0000 (  0.0%)   0.0000 (  0.0%)  LCSSA Verifier
   0.0000 (  0.0%)   0.0000 (  0.0%)   0.0000 (  0.0%)   0.0000 (  0.0%)  Lazy Block Frequency Analysis
   0.0000 (  0.0%)   0.0000 (  0.0%)   0.0000 (  0.0%)   0.0000 (  0.0%)  LCSSA Verifier
   0.0000 (  0.0%)   0.0000 (  0.0%)   0.0000 (  0.0%)   0.0000 (  0.0%)  LCSSA Verifier
   0.0000 (  0.0%)   0.0000 (  0.0%)   0.0000 (  0.0%)   0.0000 (  0.0%)  LCSSA Verifier
   0.0000 (  0.0%)   0.0000 (  0.0%)   0.0000 (  0.0%)   0.0000 (  0.0%)  Dominator Tree Construction
   0.0000 (  0.0%)   0.0000 (  0.0%)   0.0000 (  0.0%)   0.0000 (  0.0%)  CallGraph Construction
   0.0000 (  0.0%)   0.0000 (  0.0%)   0.0000 (  0.0%)   0.0000 (  0.0%)  Optimization Remark Emitter
   0.0000 (  0.0%)   0.0000 (  0.0%)   0.0000 (  0.0%)   0.0000 (  0.0%)  LCSSA Verifier
   0.0000 (  0.0%)   0.0000 (  0.0%)   0.0000 (  0.0%)   0.0000 (  0.0%)  Optimization Remark Emitter
   0.0000 (  0.0%)   0.0000 (  0.0%)   0.0000 (  0.0%)   0.0000 (  0.0%)  CallGraph Construction
   0.0000 (  0.0%)   0.0000 (  0.0%)   0.0000 (  0.0%)   0.0000 (  0.0%)  DeSPMD - Insert barriers into uniform loops
   0.0000 (  0.0%)   0.0000 (  0.0%)   0.0000 (  0.0%)   0.0000 (  0.0%)  CallGraph Construction
   0.0000 (  0.0%)   0.0000 (  0.0%)   0.0000 (  0.0%)   0.0000 (  0.0%)  CallGraph Construction
   0.0000 (  0.0%)   0.0000 (  0.0%)   0.0000 (  0.0%)   0.0000 (  0.0%)  CallGraph Construction
   0.0000 (  0.0%)   0.0000 (  0.0%)   0.0000 (  0.0%)   0.0000 (  0.0%)  Interface Analysis
   0.0000 (  0.0%)   0.0000 (  0.0%)   0.0000 (  0.0%)   0.0000 (  0.0%)  Lazy Value Information Analysis
   0.0000 (  0.0%)   0.0000 (  0.0%)   0.0000 (  0.0%)   0.0000 (  0.0%)  Basic Alias Analysis (stateless AA impl)
   0.0000 (  0.0%)   0.0000 (  0.0%)   0.0000 (  0.0%)   0.0000 (  0.0%)  Scalar Evolution Analysis
   0.0000 (  0.0%)   0.0000 (  0.0%)   0.0000 (  0.0%)   0.0000 (  0.0%)  Function Alias Analysis Results
   0.0000 (  0.0%)   0.0000 (  0.0%)   0.0000 (  0.0%)   0.0000 (  0.0%)  Scalar Evolution Analysis
   0.0000 (  0.0%)   0.0000 (  0.0%)   0.0000 (  0.0%)   0.0000 (  0.0%)  CallGraph Construction
   0.0000 (  0.0%)   0.0000 (  0.0%)   0.0000 (  0.0%)   0.0000 (  0.0%)  CallGraph Construction
   0.0000 (  0.0%)   0.0000 (  0.0%)   0.0000 (  0.0%)   0.0000 (  0.0%)  CallGraph Construction
   0.0000 (  0.0%)   0.0000 (  0.0%)   0.0000 (  0.0%)   0.0000 (  0.0%)  Function Alias Analysis Results
   0.0000 (  0.0%)   0.0000 (  0.0%)   0.0000 (  0.0%)   0.0000 (  0.0%)  Function Alias Analysis Results
   0.0000 (  0.0%)   0.0000 (  0.0%)   0.0000 (  0.0%)   0.0000 (  0.0%)  Dominator Tree Construction
   0.0000 (  0.0%)   0.0000 (  0.0%)   0.0000 (  0.0%)   0.0000 (  0.0%)  Function Alias Analysis Results
   0.0000 (  0.0%)   0.0000 (  0.0%)   0.0000 (  0.0%)   0.0000 (  0.0%)  Structure Decomposition
   0.0000 (  0.0%)   0.0000 (  0.0%)   0.0000 (  0.0%)   0.0000 (  0.0%)  Achieval II estimation - estimate acheival II lower bound according to constraint
   0.0000 (  0.0%)   0.0000 (  0.0%)   0.0000 (  0.0%)   0.0000 (  0.0%)  Lazy Value Information Analysis
   0.0000 (  0.0%)   0.0000 (  0.0%)   0.0000 (  0.0%)   0.0000 (  0.0%)  ArrayPartition - Partition Arrays into Banks
   0.0000 (  0.0%)   0.0000 (  0.0%)   0.0000 (  0.0%)   0.0000 (  0.0%)  Basic Alias Analysis (stateless AA impl)
   0.0000 (  0.0%)   0.0000 (  0.0%)   0.0000 (  0.0%)   0.0000 (  0.0%)  Eliminate guard varible
   0.0000 (  0.0%)   0.0000 (  0.0%)   0.0000 (  0.0%)   0.0000 (  0.0%)  Basic Alias Analysis (stateless AA impl)
   0.0000 (  0.0%)   0.0000 (  0.0%)   0.0000 (  0.0%)   0.0000 (  0.0%)  Lower HLS related intrinsics
   0.0000 (  0.0%)   0.0000 (  0.0%)   0.0000 (  0.0%)   0.0000 (  0.0%)  Basic Alias Analysis (stateless AA impl)
   0.0000 (  0.0%)   0.0000 (  0.0%)   0.0000 (  0.0%)   0.0000 (  0.0%)  Performance Evaluation
   0.0000 (  0.0%)   0.0000 (  0.0%)   0.0000 (  0.0%)   0.0000 (  0.0%)  Scalar Evolution Analysis
   0.0000 (  0.0%)   0.0000 (  0.0%)   0.0000 (  0.0%)   0.0000 (  0.0%)  Basic Alias Analysis (stateless AA impl)
   0.0000 (  0.0%)   0.0000 (  0.0%)   0.0000 (  0.0%)   0.0000 (  0.0%)  Outline pipeline stages
   0.0000 (  0.0%)   0.0000 (  0.0%)   0.0000 (  0.0%)   0.0000 (  0.0%)  Lazy Value Information Analysis
   0.0000 (  0.0%)   0.0000 (  0.0%)   0.0000 (  0.0%)   0.0000 (  0.0%)  Memory Dependence Analysis
   0.0000 (  0.0%)   0.0000 (  0.0%)   0.0000 (  0.0%)   0.0000 (  0.0%)  Natural Loop Information
   0.0000 (  0.0%)   0.0000 (  0.0%)   0.0000 (  0.0%)   0.0000 (  0.0%)  Basic Alias Analysis (stateless AA impl)
   0.0000 (  0.0%)   0.0000 (  0.0%)   0.0000 (  0.0%)   0.0000 (  0.0%)  Memory Dependence Analysis
   0.0000 (  0.0%)   0.0000 (  0.0%)   0.0000 (  0.0%)   0.0000 (  0.0%)  Basic Alias Analysis (stateless AA impl)
   0.0000 (  0.0%)   0.0000 (  0.0%)   0.0000 (  0.0%)   0.0000 (  0.0%)  Memory Dependence Analysis
   0.0000 (  0.0%)   0.0000 (  0.0%)   0.0000 (  0.0%)   0.0000 (  0.0%)  Scalar Evolution Analysis
   0.0000 (  0.0%)   0.0000 (  0.0%)   0.0000 (  0.0%)   0.0000 (  0.0%)  LayoutTransform - Layout Transform Pragma Analysis
   0.0000 (  0.0%)   0.0000 (  0.0%)   0.0000 (  0.0%)   0.0000 (  0.0%)  Scalar Evolution Analysis
   0.0000 (  0.0%)   0.0000 (  0.0%)   0.0000 (  0.0%)   0.0000 (  0.0%)  Entirety access check on array-to-stream
   0.0000 (  0.0%)   0.0000 (  0.0%)   0.0000 (  0.0%)   0.0000 (  0.0%)  Lazy Branch Probability Analysis
   0.0000 (  0.0%)   0.0000 (  0.0%)   0.0000 (  0.0%)   0.0000 (  0.0%)  Achieval II estimation - estimate acheival II lower bound according to constraint
   0.0000 (  0.0%)   0.0000 (  0.0%)   0.0000 (  0.0%)   0.0000 (  0.0%)  Achieval II estimation - estimate acheival II lower bound according to constraint
   0.0000 (  0.0%)   0.0000 (  0.0%)   0.0000 (  0.0%)   0.0000 (  0.0%)  Basic Alias Analysis (stateless AA impl)
   0.0000 (  0.0%)   0.0000 (  0.0%)   0.0000 (  0.0%)   0.0000 (  0.0%)  Memory Dependence Analysis
   0.0000 (  0.0%)   0.0000 (  0.0%)   0.0000 (  0.0%)   0.0000 (  0.0%)  Performance Evaluation
   0.0000 (  0.0%)   0.0000 (  0.0%)   0.0000 (  0.0%)   0.0000 (  0.0%)  Interprocedural constant propagation
   0.0000 (  0.0%)   0.0000 (  0.0%)   0.0000 (  0.0%)   0.0000 (  0.0%)  Memory Dependence Analysis
   0.0000 (  0.0%)   0.0000 (  0.0%)   0.0000 (  0.0%)   0.0000 (  0.0%)  Dominator Tree Construction
   0.0000 (  0.0%)   0.0000 (  0.0%)   0.0000 (  0.0%)   0.0000 (  0.0%)  Promote Memory to Register
   0.0000 (  0.0%)   0.0000 (  0.0%)   0.0000 (  0.0%)   0.0000 (  0.0%)  Memory Dependence Analysis
   0.0000 (  0.0%)   0.0000 (  0.0%)   0.0000 (  0.0%)   0.0000 (  0.0%)  Lazy Block Frequency Analysis
   0.0000 (  0.0%)   0.0000 (  0.0%)   0.0000 (  0.0%)   0.0000 (  0.0%)  Collect basic metrics for FE reflow
   0.0000 (  0.0%)   0.0000 (  0.0%)   0.0000 (  0.0%)   0.0000 (  0.0%)  Function Alias Analysis Results
   0.0000 (  0.0%)   0.0000 (  0.0%)   0.0000 (  0.0%)   0.0000 (  0.0%)  Eliminate guard varible
   0.0000 (  0.0%)   0.0000 (  0.0%)   0.0000 (  0.0%)   0.0000 (  0.0%)  Natural Loop Information
   0.0000 (  0.0%)   0.0000 (  0.0%)   0.0000 (  0.0%)   0.0000 (  0.0%)  LCSSA Verifier
   0.0000 (  0.0%)   0.0000 (  0.0%)   0.0000 (  0.0%)   0.0000 (  0.0%)  LCSSA Verifier
   0.0000 (  0.0%)   0.0000 (  0.0%)   0.0000 (  0.0%)   0.0000 (  0.0%)  Optimization Remark Emitter
   0.0000 (  0.0%)   0.0000 (  0.0%)   0.0000 (  0.0%)   0.0000 (  0.0%)  Lower HLS related intrinsics
   0.0000 (  0.0%)   0.0000 (  0.0%)   0.0000 (  0.0%)   0.0000 (  0.0%)  Optimization Remark Emitter
   0.0000 (  0.0%)   0.0000 (  0.0%)   0.0000 (  0.0%)   0.0000 (  0.0%)  Optimization Remark Emitter
   0.0000 (  0.0%)   0.0000 (  0.0%)   0.0000 (  0.0%)   0.0000 (  0.0%)  Memory Dependence Analysis
   0.0000 (  0.0%)   0.0000 (  0.0%)   0.0000 (  0.0%)   0.0000 (  0.0%)  Lazy Branch Probability Analysis
   0.0000 (  0.0%)   0.0000 (  0.0%)   0.0000 (  0.0%)   0.0000 (  0.0%)  Lazy Block Frequency Analysis
   0.0000 (  0.0%)   0.0000 (  0.0%)   0.0000 (  0.0%)   0.0000 (  0.0%)  Lazy Block Frequency Analysis
   0.0000 (  0.0%)   0.0000 (  0.0%)   0.0000 (  0.0%)   0.0000 (  0.0%)  Basic Alias Analysis (stateless AA impl)
   0.0000 (  0.0%)   0.0000 (  0.0%)   0.0000 (  0.0%)   0.0000 (  0.0%)  Lazy Block Frequency Analysis
   0.0000 (  0.0%)   0.0000 (  0.0%)   0.0000 (  0.0%)   0.0000 (  0.0%)  Lazy Branch Probability Analysis
   0.0000 (  0.0%)   0.0000 (  0.0%)   0.0000 (  0.0%)   0.0000 (  0.0%)  Scalar Evolution Canonicalization
   0.0000 (  0.0%)   0.0000 (  0.0%)   0.0000 (  0.0%)   0.0000 (  0.0%)  LCSSA Verifier
   0.0000 (  0.0%)   0.0000 (  0.0%)   0.0000 (  0.0%)   0.0000 (  0.0%)  LCSSA Verifier
   0.0000 (  0.0%)   0.0000 (  0.0%)   0.0000 (  0.0%)   0.0000 (  0.0%)  LCSSA Verifier
   0.0000 (  0.0%)   0.0000 (  0.0%)   0.0000 (  0.0%)   0.0000 (  0.0%)  LCSSA Verifier
   0.0000 (  0.0%)   0.0000 (  0.0%)   0.0000 (  0.0%)   0.0000 (  0.0%)  Optimization Remark Emitter
   0.0000 (  0.0%)   0.0000 (  0.0%)   0.0000 (  0.0%)   0.0000 (  0.0%)  LCSSA Verifier
   0.0000 (  0.0%)   0.0000 (  0.0%)   0.0000 (  0.0%)   0.0000 (  0.0%)  Optimization Remark Emitter
   0.0000 (  0.0%)   0.0000 (  0.0%)   0.0000 (  0.0%)   0.0000 (  0.0%)  Lazy Branch Probability Analysis
   0.0000 (  0.0%)   0.0000 (  0.0%)   0.0000 (  0.0%)   0.0000 (  0.0%)  Lazy Block Frequency Analysis
   0.0000 (  0.0%)   0.0000 (  0.0%)   0.0000 (  0.0%)   0.0000 (  0.0%)  LCSSA Verifier
   0.0000 (  0.0%)   0.0000 (  0.0%)   0.0000 (  0.0%)   0.0000 (  0.0%)  Interface Analysis
   0.0000 (  0.0%)   0.0000 (  0.0%)   0.0000 (  0.0%)   0.0000 (  0.0%)  LCSSA Verifier
   0.0000 (  0.0%)   0.0000 (  0.0%)   0.0000 (  0.0%)   0.0000 (  0.0%)  Lazy Block Frequency Analysis
   0.0000 (  0.0%)   0.0000 (  0.0%)   0.0000 (  0.0%)   0.0000 (  0.0%)  Optimization Remark Emitter
   0.0000 (  0.0%)   0.0000 (  0.0%)   0.0000 (  0.0%)   0.0000 (  0.0%)  Memory Dependence Analysis
   0.0000 (  0.0%)   0.0000 (  0.0%)   0.0000 (  0.0%)   0.0000 (  0.0%)  Lazy Branch Probability Analysis
   0.0000 (  0.0%)   0.0000 (  0.0%)   0.0000 (  0.0%)   0.0000 (  0.0%)  Optimization Remark Emitter
   0.0000 (  0.0%)   0.0000 (  0.0%)   0.0000 (  0.0%)   0.0000 (  0.0%)  Lazy Block Frequency Analysis
   0.0000 (  0.0%)   0.0000 (  0.0%)   0.0000 (  0.0%)   0.0000 (  0.0%)  Lazy Branch Probability Analysis
   0.0000 (  0.0%)   0.0000 (  0.0%)   0.0000 (  0.0%)   0.0000 (  0.0%)  LCSSA Verifier
   0.0000 (  0.0%)   0.0000 (  0.0%)   0.0000 (  0.0%)   0.0000 (  0.0%)  Interface Analysis
   0.0000 (  0.0%)   0.0000 (  0.0%)   0.0000 (  0.0%)   0.0000 (  0.0%)  Interface Analysis
   0.0000 (  0.0%)   0.0000 (  0.0%)   0.0000 (  0.0%)   0.0000 (  0.0%)  Revert PPPO for array-to-stream
   0.0000 (  0.0%)   0.0000 (  0.0%)   0.0000 (  0.0%)   0.0000 (  0.0%)  Basic Alias Analysis (stateless AA impl)
   0.0000 (  0.0%)   0.0000 (  0.0%)   0.0000 (  0.0%)   0.0000 (  0.0%)  Optimization Remark Emitter
   0.0000 (  0.0%)   0.0000 (  0.0%)   0.0000 (  0.0%)   0.0000 (  0.0%)  Lazy Branch Probability Analysis
   0.0000 (  0.0%)   0.0000 (  0.0%)   0.0000 (  0.0%)   0.0000 (  0.0%)  Lower intrinsics for FPGAs
   0.0000 (  0.0%)   0.0000 (  0.0%)   0.0000 (  0.0%)   0.0000 (  0.0%)  Optimization Remark Emitter
   0.0000 (  0.0%)   0.0000 (  0.0%)   0.0000 (  0.0%)   0.0000 (  0.0%)  Memory Dependence Analysis
   0.0000 (  0.0%)   0.0000 (  0.0%)   0.0000 (  0.0%)   0.0000 (  0.0%)  Interface Analysis
   0.0000 (  0.0%)   0.0000 (  0.0%)   0.0000 (  0.0%)   0.0000 (  0.0%)  LCSSA Verifier
   0.0000 (  0.0%)   0.0000 (  0.0%)   0.0000 (  0.0%)   0.0000 (  0.0%)  LCSSA Verifier
   0.0000 (  0.0%)   0.0000 (  0.0%)   0.0000 (  0.0%)   0.0000 (  0.0%)  LCSSA Verifier
   0.0000 (  0.0%)   0.0000 (  0.0%)   0.0000 (  0.0%)   0.0000 (  0.0%)  Scalar Evolution Analysis
   0.0000 (  0.0%)   0.0000 (  0.0%)   0.0000 (  0.0%)   0.0000 (  0.0%)  LCSSA Verifier
   0.0000 (  0.0%)   0.0000 (  0.0%)   0.0000 (  0.0%)   0.0000 (  0.0%)  Lower intrinsics for FPGAs
   0.0000 (  0.0%)   0.0000 (  0.0%)   0.0000 (  0.0%)   0.0000 (  0.0%)  Lazy Branch Probability Analysis
   0.0000 (  0.0%)   0.0000 (  0.0%)   0.0000 (  0.0%)   0.0000 (  0.0%)  Interface Analysis
   0.0000 (  0.0%)   0.0000 (  0.0%)   0.0000 (  0.0%)   0.0000 (  0.0%)  Lazy Branch Probability Analysis
   0.0000 (  0.0%)   0.0000 (  0.0%)   0.0000 (  0.0%)   0.0000 (  0.0%)  Lazy Block Frequency Analysis
   0.0000 (  0.0%)   0.0000 (  0.0%)   0.0000 (  0.0%)   0.0000 (  0.0%)  Optimization Remark Emitter
   0.0000 (  0.0%)   0.0000 (  0.0%)   0.0000 (  0.0%)   0.0000 (  0.0%)  Optimization Remark Emitter
   0.0000 (  0.0%)   0.0000 (  0.0%)   0.0000 (  0.0%)   0.0000 (  0.0%)  Interface Analysis
   0.0000 (  0.0%)   0.0000 (  0.0%)   0.0000 (  0.0%)   0.0000 (  0.0%)  Lazy Block Frequency Analysis
   0.0000 (  0.0%)   0.0000 (  0.0%)   0.0000 (  0.0%)   0.0000 (  0.0%)  Lazy Block Frequency Analysis
   0.0000 (  0.0%)   0.0000 (  0.0%)   0.0000 (  0.0%)   0.0000 (  0.0%)  Optimization Remark Emitter
   0.0000 (  0.0%)   0.0000 (  0.0%)   0.0000 (  0.0%)   0.0000 (  0.0%)  Interface Analysis
   0.0000 (  0.0%)   0.0000 (  0.0%)   0.0000 (  0.0%)   0.0000 (  0.0%)  Interface Analysis
   0.0000 (  0.0%)   0.0000 (  0.0%)   0.0000 (  0.0%)   0.0000 (  0.0%)  Interface Analysis
   0.0000 (  0.0%)   0.0000 (  0.0%)   0.0000 (  0.0%)   0.0000 (  0.0%)  Interface Analysis
   0.0000 (  0.0%)   0.0000 (  0.0%)   0.0000 (  0.0%)   0.0000 (  0.0%)  Optimization Remark Emitter
   0.0000 (  0.0%)   0.0000 (  0.0%)   0.0000 (  0.0%)   0.0000 (  0.0%)  Optimization Remark Emitter
   0.0000 (  0.0%)   0.0000 (  0.0%)   0.0000 (  0.0%)   0.0000 (  0.0%)  Interface Analysis
   0.0000 (  0.0%)   0.0000 (  0.0%)   0.0000 (  0.0%)   0.0000 (  0.0%)  Lazy Branch Probability Analysis
   0.0000 (  0.0%)   0.0000 (  0.0%)   0.0000 (  0.0%)   0.0000 (  0.0%)  Interface Analysis
   0.0000 (  0.0%)   0.0000 (  0.0%)   0.0000 (  0.0%)   0.0000 (  0.0%)  Interface Analysis
   0.0000 (  0.0%)   0.0000 (  0.0%)   0.0000 (  0.0%)   0.0000 (  0.0%)  Interface Analysis
   0.0000 (  0.0%)   0.0000 (  0.0%)   0.0000 (  0.0%)   0.0000 (  0.0%)  Entirety access check on array-to-stream
   0.0000 (  0.0%)   0.0000 (  0.0%)   0.0000 (  0.0%)   0.0000 (  0.0%)  Interface Analysis
   0.0000 (  0.0%)   0.0000 (  0.0%)   0.0000 (  0.0%)   0.0000 (  0.0%)  Interface Analysis
   0.0000 (  0.0%)   0.0000 (  0.0%)   0.0000 (  0.0%)   0.0000 (  0.0%)  Interface Analysis
   0.0000 (  0.0%)   0.0000 (  0.0%)   0.0000 (  0.0%)   0.0000 (  0.0%)  Interface Analysis
   0.0000 (  0.0%)   0.0000 (  0.0%)   0.0000 (  0.0%)   0.0000 (  0.0%)  Revert PPPO for array-to-stream
   0.0000 (  0.0%)   0.0000 (  0.0%)   0.0000 (  0.0%)   0.0000 (  0.0%)  Interface Analysis
   0.0000 (  0.0%)   0.0000 (  0.0%)   0.0000 (  0.0%)   0.0000 (  0.0%)  Revert PPPO for array-to-stream
   0.0000 (  0.0%)   0.0000 (  0.0%)   0.0000 (  0.0%)   0.0000 (  0.0%)  Lower intrinsics for FPGAs
   0.0000 (  0.0%)   0.0000 (  0.0%)   0.0000 (  0.0%)   0.0000 (  0.0%)  Interface Analysis
   0.0000 (  0.0%)   0.0000 (  0.0%)   0.0000 (  0.0%)   0.0000 (  0.0%)  Interface Analysis
   0.0000 (  0.0%)   0.0000 (  0.0%)   0.0000 (  0.0%)   0.0000 (  0.0%)  Interface Analysis
   0.0000 (  0.0%)   0.0000 (  0.0%)   0.0000 (  0.0%)   0.0000 (  0.0%)  Interface Analysis
   0.0000 (  0.0%)   0.0000 (  0.0%)   0.0000 (  0.0%)   0.0000 (  0.0%)  Interface Analysis
   0.0000 (  0.0%)   0.0000 (  0.0%)   0.0000 (  0.0%)   0.0000 (  0.0%)  Interface Analysis
   0.0000 (  0.0%)   0.0000 (  0.0%)   0.0000 (  0.0%)   0.0000 (  0.0%)  Interface Analysis
   0.0000 (  0.0%)   0.0000 (  0.0%)   0.0000 (  0.0%)   0.0000 (  0.0%)  Revert PPPO for array-to-stream
   0.0000 (  0.0%)   0.0000 (  0.0%)   0.0000 (  0.0%)   0.0000 (  0.0%)  Interface Analysis
   0.0000 (  0.0%)   0.0000 (  0.0%)   0.0000 (  0.0%)   0.0000 (  0.0%)  Lower intrinsics for FPGAs
   0.0000 (  0.0%)   0.0000 (  0.0%)   0.0000 (  0.0%)   0.0000 (  0.0%)  Basic Alias Analysis (stateless AA impl)
   0.0000 (  0.0%)   0.0000 (  0.0%)   0.0000 (  0.0%)   0.0000 (  0.0%)  Interface Analysis
   0.0000 (  0.0%)   0.0000 (  0.0%)   0.0000 (  0.0%)   0.0000 (  0.0%)  Interface Analysis
   0.0000 (  0.0%)   0.0000 (  0.0%)   0.0000 (  0.0%)   0.0000 (  0.0%)  A No-Op Barrier Pass
   0.0000 (  0.0%)   0.0000 (  0.0%)   0.0000 (  0.0%)   0.0000 (  0.0%)  Evaluate _ssdm_string2bits
   0.0000 (  0.0%)   0.0000 (  0.0%)   0.0000 (  0.0%)   0.0000 (  0.0%)  Function Alias Analysis Results
   0.0000 (  0.0%)   0.0000 (  0.0%)   0.0000 (  0.0%)   0.0000 (  0.0%)  Lazy Branch Probability Analysis
   0.0000 (  0.0%)   0.0000 (  0.0%)   0.0000 (  0.0%)   0.0000 (  0.0%)  A No-Op Barrier Pass
   0.0000 (  0.0%)   0.0000 (  0.0%)   0.0000 (  0.0%)   0.0000 (  0.0%)  Optimization Remark Emitter
   0.0000 (  0.0%)   0.0000 (  0.0%)   0.0000 (  0.0%)   0.0000 (  0.0%)  A No-Op Barrier Pass
   0.0000 (  0.0%)   0.0000 (  0.0%)   0.0000 (  0.0%)   0.0000 (  0.0%)  A No-Op Barrier Pass
   0.0000 (  0.0%)   0.0000 (  0.0%)   0.0000 (  0.0%)   0.0000 (  0.0%)  Interface Analysis
   0.0000 (  0.0%)   0.0000 (  0.0%)   0.0000 (  0.0%)   0.0000 (  0.0%)  Interface Analysis
   0.0000 (  0.0%)   0.0000 (  0.0%)   0.0000 (  0.0%)   0.0000 (  0.0%)  Interface Analysis
   0.0000 (  0.0%)   0.0000 (  0.0%)   0.0000 (  0.0%)   0.0000 (  0.0%)  Lazy Block Frequency Analysis
   0.0000 (  0.0%)   0.0000 (  0.0%)   0.0000 (  0.0%)   0.0000 (  0.0%)  Target Transform Information
   0.0000 (  0.0%)   0.0000 (  0.0%)   0.0000 (  0.0%)   0.0000 (  0.0%)  Target Library Information
   0.0000 (  0.0%)   0.0000 (  0.0%)   0.0000 (  0.0%)   0.0000 (  0.0%)  Profile summary info
  206.9853 (100.0%)   1.8550 (100.0%)  208.8402 (100.0%)  208.8635 (100.0%)  Total

===-------------------------------------------------------------------------===
                                LLVM IR Parsing
===-------------------------------------------------------------------------===
  Total Execution Time: 0.0134 seconds (0.0134 wall clock)

   ---User Time---   --System Time--   --User+System--   ---Wall Time---  --- Name ---
   0.0120 (100.0%)   0.0014 (100.0%)   0.0134 (100.0%)   0.0134 (100.0%)  Parse IR
   0.0120 (100.0%)   0.0014 (100.0%)   0.0134 (100.0%)   0.0134 (100.0%)  Total

===-------------------------------------------------------------------------===
                          Clang front-end time report
===-------------------------------------------------------------------------===
  Total Execution Time: 209.0295 seconds (209.0538 wall clock)

   ---User Time---   --System Time--   --User+System--   ---Wall Time---  --- Name ---
  207.1627 (100.0%)   1.8668 (100.0%)  209.0295 (100.0%)  209.0538 (100.0%)  Clang front-end timer
  207.1627 (100.0%)   1.8668 (100.0%)  209.0295 (100.0%)  209.0538 (100.0%)  Total

