

================================================================
== Vitis HLS Report for 'fc1full_top_Pipeline_VITIS_LOOP_105_2'
================================================================
* Date:           Thu Apr 30 15:39:22 2026

* Version:        2023.1 (Build 3854077 on May  4 2023)
* Project:        fc1full_prj
* Solution:       xcvu9p-flga2577-2-e (Vivado IP Flow Target)
* Product family: virtexuplus
* Target device:  xcvu9p-flga2577-2-e


================================================================
== Performance Estimates
================================================================
+ Timing: 
    * Summary: 
    +--------+----------+----------+------------+
    |  Clock |  Target  | Estimated| Uncertainty|
    +--------+----------+----------+------------+
    |ap_clk  |  10.00 ns|  1.424 ns|     2.70 ns|
    +--------+----------+----------+------------+

+ Latency: 
    * Summary: 
    +---------+---------+----------+----------+-----+-----+---------+
    |  Latency (cycles) |  Latency (absolute) |  Interval | Pipeline|
    |   min   |   max   |    min   |    max   | min | max |   Type  |
    +---------+---------+----------+----------+-----+-----+---------+
    |       66|       66|  0.660 us|  0.660 us|   66|   66|       no|
    +---------+---------+----------+----------+-----+-----+---------+

    + Detail: 
        * Instance: 
        N/A

        * Loop: 
        +--------------------+---------+---------+----------+-----------+-----------+------+----------+
        |                    |  Latency (cycles) | Iteration|  Initiation Interval  | Trip |          |
        |      Loop Name     |   min   |   max   |  Latency |  achieved |   target  | Count| Pipelined|
        +--------------------+---------+---------+----------+-----------+-----------+------+----------+
        |- VITIS_LOOP_105_2  |       64|       64|         2|          1|          1|    64|       yes|
        +--------------------+---------+---------+----------+-----------+-----------+------+----------+



================================================================
== Utilization Estimates
================================================================
* Summary: 
+---------------------+---------+------+---------+---------+-----+
|         Name        | BRAM_18K|  DSP |    FF   |   LUT   | URAM|
+---------------------+---------+------+---------+---------+-----+
|DSP                  |        -|     -|        -|        -|    -|
|Expression           |        -|     -|        0|       33|    -|
|FIFO                 |        -|     -|        -|        -|    -|
|Instance             |        -|     -|        -|        -|    -|
|Memory               |        -|     -|        -|        -|    -|
|Multiplexer          |        -|     -|        -|       45|    -|
|Register             |        -|     -|       16|        -|    -|
+---------------------+---------+------+---------+---------+-----+
|Total                |        0|     0|       16|       78|    0|
+---------------------+---------+------+---------+---------+-----+
|Available SLR        |     1440|  2280|   788160|   394080|  320|
+---------------------+---------+------+---------+---------+-----+
|Utilization SLR (%)  |        0|     0|       ~0|       ~0|    0|
+---------------------+---------+------+---------+---------+-----+
|Available            |     4320|  6840|  2364480|  1182240|  960|
+---------------------+---------+------+---------+---------+-----+
|Utilization (%)      |        0|     0|       ~0|       ~0|    0|
+---------------------+---------+------+---------+---------+-----+

+ Detail: 
    * Instance: 
    N/A

    * DSP: 
    N/A

    * Memory: 
    N/A

    * FIFO: 
    N/A

    * Expression: 
    +---------------------------+----------+----+---+----+------------+------------+
    |       Variable Name       | Operation| DSP| FF| LUT| Bitwidth P0| Bitwidth P1|
    +---------------------------+----------+----+---+----+------------+------------+
    |add_ln105_fu_824_p2        |         +|   0|  0|  14|           7|           1|
    |ap_block_pp0_stage0_01001  |       and|   0|  0|   2|           1|           1|
    |icmp_ln105_fu_818_p2       |      icmp|   0|  0|  15|           7|           8|
    |ap_enable_pp0              |       xor|   0|  0|   2|           1|           2|
    +---------------------------+----------+----+---+----+------------+------------+
    |Total                      |          |   0|  0|  33|          16|          12|
    +---------------------------+----------+----+---+----+------------+------------+

    * Multiplexer: 
    +-------------------------+----+-----------+-----+-----------+
    |           Name          | LUT| Input Size| Bits| Total Bits|
    +-------------------------+----+-----------+-----+-----------+
    |ap_done_int              |   9|          2|    1|          2|
    |ap_enable_reg_pp0_iter1  |   9|          2|    1|          2|
    |ap_sig_allocacmp_i       |   9|          2|    7|         14|
    |i_2_fu_288               |   9|          2|    7|         14|
    |out_stream_blk_n         |   9|          2|    1|          2|
    +-------------------------+----+-----------+-----+-----------+
    |Total                    |  45|         10|   17|         34|
    +-------------------------+----+-----------+-----+-----------+

    * Register: 
    +-------------------------+---+----+-----+-----------+
    |           Name          | FF| LUT| Bits| Const Bits|
    +-------------------------+---+----+-----+-----------+
    |ap_CS_fsm                |  1|   0|    1|          0|
    |ap_done_reg              |  1|   0|    1|          0|
    |ap_enable_reg_pp0_iter1  |  1|   0|    1|          0|
    |i_2_fu_288               |  7|   0|    7|          0|
    |trunc_ln105_reg_849      |  6|   0|    6|          0|
    +-------------------------+---+----+-----+-----------+
    |Total                    | 16|   0|   16|          0|
    +-------------------------+---+----+-----+-----------+



================================================================
== Interface
================================================================
* Summary: 
+--------------------+-----+-----+------------+---------------------------------------+--------------+
|      RTL Ports     | Dir | Bits|  Protocol  |             Source Object             |    C Type    |
+--------------------+-----+-----+------------+---------------------------------------+--------------+
|ap_clk              |   in|    1|  ap_ctrl_hs|  fc1full_top_Pipeline_VITIS_LOOP_105_2|  return value|
|ap_rst              |   in|    1|  ap_ctrl_hs|  fc1full_top_Pipeline_VITIS_LOOP_105_2|  return value|
|ap_start            |   in|    1|  ap_ctrl_hs|  fc1full_top_Pipeline_VITIS_LOOP_105_2|  return value|
|ap_done             |  out|    1|  ap_ctrl_hs|  fc1full_top_Pipeline_VITIS_LOOP_105_2|  return value|
|ap_idle             |  out|    1|  ap_ctrl_hs|  fc1full_top_Pipeline_VITIS_LOOP_105_2|  return value|
|ap_ready            |  out|    1|  ap_ctrl_hs|  fc1full_top_Pipeline_VITIS_LOOP_105_2|  return value|
|out_stream_dout     |   in|    1|     ap_fifo|                             out_stream|       pointer|
|out_stream_empty_n  |   in|    1|     ap_fifo|                             out_stream|       pointer|
|out_stream_read     |  out|    1|     ap_fifo|                             out_stream|       pointer|
|out_0               |  out|    1|      ap_vld|                                  out_0|       pointer|
|out_0_ap_vld        |  out|    1|      ap_vld|                                  out_0|       pointer|
|out_63              |  out|    1|      ap_vld|                                 out_63|       pointer|
|out_63_ap_vld       |  out|    1|      ap_vld|                                 out_63|       pointer|
|out_62              |  out|    1|      ap_vld|                                 out_62|       pointer|
|out_62_ap_vld       |  out|    1|      ap_vld|                                 out_62|       pointer|
|out_61              |  out|    1|      ap_vld|                                 out_61|       pointer|
|out_61_ap_vld       |  out|    1|      ap_vld|                                 out_61|       pointer|
|out_60              |  out|    1|      ap_vld|                                 out_60|       pointer|
|out_60_ap_vld       |  out|    1|      ap_vld|                                 out_60|       pointer|
|out_59              |  out|    1|      ap_vld|                                 out_59|       pointer|
|out_59_ap_vld       |  out|    1|      ap_vld|                                 out_59|       pointer|
|out_58              |  out|    1|      ap_vld|                                 out_58|       pointer|
|out_58_ap_vld       |  out|    1|      ap_vld|                                 out_58|       pointer|
|out_57              |  out|    1|      ap_vld|                                 out_57|       pointer|
|out_57_ap_vld       |  out|    1|      ap_vld|                                 out_57|       pointer|
|out_56              |  out|    1|      ap_vld|                                 out_56|       pointer|
|out_56_ap_vld       |  out|    1|      ap_vld|                                 out_56|       pointer|
|out_55              |  out|    1|      ap_vld|                                 out_55|       pointer|
|out_55_ap_vld       |  out|    1|      ap_vld|                                 out_55|       pointer|
|out_54              |  out|    1|      ap_vld|                                 out_54|       pointer|
|out_54_ap_vld       |  out|    1|      ap_vld|                                 out_54|       pointer|
|out_53              |  out|    1|      ap_vld|                                 out_53|       pointer|
|out_53_ap_vld       |  out|    1|      ap_vld|                                 out_53|       pointer|
|out_52              |  out|    1|      ap_vld|                                 out_52|       pointer|
|out_52_ap_vld       |  out|    1|      ap_vld|                                 out_52|       pointer|
|out_51              |  out|    1|      ap_vld|                                 out_51|       pointer|
|out_51_ap_vld       |  out|    1|      ap_vld|                                 out_51|       pointer|
|out_50              |  out|    1|      ap_vld|                                 out_50|       pointer|
|out_50_ap_vld       |  out|    1|      ap_vld|                                 out_50|       pointer|
|out_49              |  out|    1|      ap_vld|                                 out_49|       pointer|
|out_49_ap_vld       |  out|    1|      ap_vld|                                 out_49|       pointer|
|out_48              |  out|    1|      ap_vld|                                 out_48|       pointer|
|out_48_ap_vld       |  out|    1|      ap_vld|                                 out_48|       pointer|
|out_47              |  out|    1|      ap_vld|                                 out_47|       pointer|
|out_47_ap_vld       |  out|    1|      ap_vld|                                 out_47|       pointer|
|out_46              |  out|    1|      ap_vld|                                 out_46|       pointer|
|out_46_ap_vld       |  out|    1|      ap_vld|                                 out_46|       pointer|
|out_45              |  out|    1|      ap_vld|                                 out_45|       pointer|
|out_45_ap_vld       |  out|    1|      ap_vld|                                 out_45|       pointer|
|out_44              |  out|    1|      ap_vld|                                 out_44|       pointer|
|out_44_ap_vld       |  out|    1|      ap_vld|                                 out_44|       pointer|
|out_43              |  out|    1|      ap_vld|                                 out_43|       pointer|
|out_43_ap_vld       |  out|    1|      ap_vld|                                 out_43|       pointer|
|out_42              |  out|    1|      ap_vld|                                 out_42|       pointer|
|out_42_ap_vld       |  out|    1|      ap_vld|                                 out_42|       pointer|
|out_41              |  out|    1|      ap_vld|                                 out_41|       pointer|
|out_41_ap_vld       |  out|    1|      ap_vld|                                 out_41|       pointer|
|out_40              |  out|    1|      ap_vld|                                 out_40|       pointer|
|out_40_ap_vld       |  out|    1|      ap_vld|                                 out_40|       pointer|
|out_39              |  out|    1|      ap_vld|                                 out_39|       pointer|
|out_39_ap_vld       |  out|    1|      ap_vld|                                 out_39|       pointer|
|out_38              |  out|    1|      ap_vld|                                 out_38|       pointer|
|out_38_ap_vld       |  out|    1|      ap_vld|                                 out_38|       pointer|
|out_37              |  out|    1|      ap_vld|                                 out_37|       pointer|
|out_37_ap_vld       |  out|    1|      ap_vld|                                 out_37|       pointer|
|out_36              |  out|    1|      ap_vld|                                 out_36|       pointer|
|out_36_ap_vld       |  out|    1|      ap_vld|                                 out_36|       pointer|
|out_35              |  out|    1|      ap_vld|                                 out_35|       pointer|
|out_35_ap_vld       |  out|    1|      ap_vld|                                 out_35|       pointer|
|out_34              |  out|    1|      ap_vld|                                 out_34|       pointer|
|out_34_ap_vld       |  out|    1|      ap_vld|                                 out_34|       pointer|
|out_33              |  out|    1|      ap_vld|                                 out_33|       pointer|
|out_33_ap_vld       |  out|    1|      ap_vld|                                 out_33|       pointer|
|out_32              |  out|    1|      ap_vld|                                 out_32|       pointer|
|out_32_ap_vld       |  out|    1|      ap_vld|                                 out_32|       pointer|
|out_31              |  out|    1|      ap_vld|                                 out_31|       pointer|
|out_31_ap_vld       |  out|    1|      ap_vld|                                 out_31|       pointer|
|out_30              |  out|    1|      ap_vld|                                 out_30|       pointer|
|out_30_ap_vld       |  out|    1|      ap_vld|                                 out_30|       pointer|
|out_29              |  out|    1|      ap_vld|                                 out_29|       pointer|
|out_29_ap_vld       |  out|    1|      ap_vld|                                 out_29|       pointer|
|out_28              |  out|    1|      ap_vld|                                 out_28|       pointer|
|out_28_ap_vld       |  out|    1|      ap_vld|                                 out_28|       pointer|
|out_27              |  out|    1|      ap_vld|                                 out_27|       pointer|
|out_27_ap_vld       |  out|    1|      ap_vld|                                 out_27|       pointer|
|out_26              |  out|    1|      ap_vld|                                 out_26|       pointer|
|out_26_ap_vld       |  out|    1|      ap_vld|                                 out_26|       pointer|
|out_25              |  out|    1|      ap_vld|                                 out_25|       pointer|
|out_25_ap_vld       |  out|    1|      ap_vld|                                 out_25|       pointer|
|out_24              |  out|    1|      ap_vld|                                 out_24|       pointer|
|out_24_ap_vld       |  out|    1|      ap_vld|                                 out_24|       pointer|
|out_23              |  out|    1|      ap_vld|                                 out_23|       pointer|
|out_23_ap_vld       |  out|    1|      ap_vld|                                 out_23|       pointer|
|out_22              |  out|    1|      ap_vld|                                 out_22|       pointer|
|out_22_ap_vld       |  out|    1|      ap_vld|                                 out_22|       pointer|
|out_21              |  out|    1|      ap_vld|                                 out_21|       pointer|
|out_21_ap_vld       |  out|    1|      ap_vld|                                 out_21|       pointer|
|out_20              |  out|    1|      ap_vld|                                 out_20|       pointer|
|out_20_ap_vld       |  out|    1|      ap_vld|                                 out_20|       pointer|
|out_19              |  out|    1|      ap_vld|                                 out_19|       pointer|
|out_19_ap_vld       |  out|    1|      ap_vld|                                 out_19|       pointer|
|out_18              |  out|    1|      ap_vld|                                 out_18|       pointer|
|out_18_ap_vld       |  out|    1|      ap_vld|                                 out_18|       pointer|
|out_17              |  out|    1|      ap_vld|                                 out_17|       pointer|
|out_17_ap_vld       |  out|    1|      ap_vld|                                 out_17|       pointer|
|out_16              |  out|    1|      ap_vld|                                 out_16|       pointer|
|out_16_ap_vld       |  out|    1|      ap_vld|                                 out_16|       pointer|
|out_15              |  out|    1|      ap_vld|                                 out_15|       pointer|
|out_15_ap_vld       |  out|    1|      ap_vld|                                 out_15|       pointer|
|out_14              |  out|    1|      ap_vld|                                 out_14|       pointer|
|out_14_ap_vld       |  out|    1|      ap_vld|                                 out_14|       pointer|
|out_13              |  out|    1|      ap_vld|                                 out_13|       pointer|
|out_13_ap_vld       |  out|    1|      ap_vld|                                 out_13|       pointer|
|out_12              |  out|    1|      ap_vld|                                 out_12|       pointer|
|out_12_ap_vld       |  out|    1|      ap_vld|                                 out_12|       pointer|
|out_11              |  out|    1|      ap_vld|                                 out_11|       pointer|
|out_11_ap_vld       |  out|    1|      ap_vld|                                 out_11|       pointer|
|out_10              |  out|    1|      ap_vld|                                 out_10|       pointer|
|out_10_ap_vld       |  out|    1|      ap_vld|                                 out_10|       pointer|
|out_9               |  out|    1|      ap_vld|                                  out_9|       pointer|
|out_9_ap_vld        |  out|    1|      ap_vld|                                  out_9|       pointer|
|out_8               |  out|    1|      ap_vld|                                  out_8|       pointer|
|out_8_ap_vld        |  out|    1|      ap_vld|                                  out_8|       pointer|
|out_7               |  out|    1|      ap_vld|                                  out_7|       pointer|
|out_7_ap_vld        |  out|    1|      ap_vld|                                  out_7|       pointer|
|out_6               |  out|    1|      ap_vld|                                  out_6|       pointer|
|out_6_ap_vld        |  out|    1|      ap_vld|                                  out_6|       pointer|
|out_5               |  out|    1|      ap_vld|                                  out_5|       pointer|
|out_5_ap_vld        |  out|    1|      ap_vld|                                  out_5|       pointer|
|out_4               |  out|    1|      ap_vld|                                  out_4|       pointer|
|out_4_ap_vld        |  out|    1|      ap_vld|                                  out_4|       pointer|
|out_3               |  out|    1|      ap_vld|                                  out_3|       pointer|
|out_3_ap_vld        |  out|    1|      ap_vld|                                  out_3|       pointer|
|out_2               |  out|    1|      ap_vld|                                  out_2|       pointer|
|out_2_ap_vld        |  out|    1|      ap_vld|                                  out_2|       pointer|
|out_1               |  out|    1|      ap_vld|                                  out_1|       pointer|
|out_1_ap_vld        |  out|    1|      ap_vld|                                  out_1|       pointer|
+--------------------+-----+-----+------------+---------------------------------------+--------------+

============================================================
+ Verbose Summary: Synthesis Manager
============================================================
InlineROM: 1
ExposeGlobal: 0
============================================================
+ Verbose Summary: CDFG Model
============================================================
IsTopModel: 0
ResetActiveHigh: 1
IsCombinational: 2
IsDatapathOnly: 2
HasWiredReturn: 1
HasMFsm: 2
HasVarLatency: 1
IsPipeline: 0
IsRtlPipelined: 0
IsInstanceOverlapped: 0
IsDontTouch: 0
HasImplIP: 0
IsGatedGlobalClock: 0

+ Individual pipeline summary: 
  * Pipeline-0: initiation interval (II) = 1, depth = 2


============================================================
+ Verbose Summary: Schedule
============================================================
* Number of FSM states : 2
* Pipeline : 1
  Pipeline-0 : II = 1, D = 2, States = { 1 2 }
* Dataflow Pipeline: 0

* FSM state transitions: 
1 --> 2 
2 --> 

* FSM state operations: 

State 1 <SV = 0> <Delay = 1.09>
ST_1 : Operation 5 [1/1] (0.00ns)   --->   "%i_2 = alloca i32 1"   --->   Operation 5 'alloca' 'i_2' <Predicate = true> <Delay = 0.00>
ST_1 : Operation 6 [1/1] (0.00ns)   --->   "%specinterface_ln0 = specinterface void @_ssdm_op_SpecInterface, i1 %out_stream, void @empty_3, i32 0, i32 0, void @empty_5, i32 0, i32 0, void @empty_5, void @empty_5, void @empty_5, i32 0, i32 0, i32 0, i32 0, void @empty_5, void @empty_5, i32 4294967295, i32 0"   --->   Operation 6 'specinterface' 'specinterface_ln0' <Predicate = true> <Delay = 0.00>
ST_1 : Operation 7 [1/1] (0.38ns)   --->   "%store_ln0 = store i7 0, i7 %i_2"   --->   Operation 7 'store' 'store_ln0' <Predicate = true> <Delay = 0.38>
ST_1 : Operation 8 [1/1] (0.00ns)   --->   "%br_ln0 = br void %for.inc9"   --->   Operation 8 'br' 'br_ln0' <Predicate = true> <Delay = 0.00>
ST_1 : Operation 9 [1/1] (0.00ns)   --->   "%i = load i7 %i_2" [/home/coder/Desktop/s2n2/convSNN/fc1full_top.cpp:105]   --->   Operation 9 'load' 'i' <Predicate = true> <Delay = 0.00>
ST_1 : Operation 10 [1/1] (0.70ns)   --->   "%icmp_ln105 = icmp_eq  i7 %i, i7 64" [/home/coder/Desktop/s2n2/convSNN/fc1full_top.cpp:105]   --->   Operation 10 'icmp' 'icmp_ln105' <Predicate = true> <Delay = 0.70> <CoreInst = "Cmp">   --->   Core 9 'Cmp' <Latency = 0> <II = 1> <Delay = 0.70> <FuncUnit> <Opcode : 'icmp'> <InPorts = 2> <OutPorts = 1>
ST_1 : Operation 11 [1/1] (0.70ns)   --->   "%add_ln105 = add i7 %i, i7 1" [/home/coder/Desktop/s2n2/convSNN/fc1full_top.cpp:105]   --->   Operation 11 'add' 'add_ln105' <Predicate = true> <Delay = 0.70> <CoreInst = "Adder">   --->   Core 1 'Adder' <Latency = 0> <II = 1> <Delay = 0.70> <FuncUnit> <Opcode : 'add' 'sub'> <InPorts = 2> <OutPorts = 1>
ST_1 : Operation 12 [1/1] (0.00ns)   --->   "%br_ln105 = br i1 %icmp_ln105, void %for.inc9.split, void %for.end11.exitStub" [/home/coder/Desktop/s2n2/convSNN/fc1full_top.cpp:105]   --->   Operation 12 'br' 'br_ln105' <Predicate = true> <Delay = 0.00>
ST_1 : Operation 13 [1/1] (0.00ns)   --->   "%trunc_ln105 = trunc i7 %i" [/home/coder/Desktop/s2n2/convSNN/fc1full_top.cpp:105]   --->   Operation 13 'trunc' 'trunc_ln105' <Predicate = (!icmp_ln105)> <Delay = 0.00>
ST_1 : Operation 14 [1/1] (0.68ns)   --->   "%switch_ln107 = switch i6 %trunc_ln105, void %arrayidx82.case.63, i6 0, void %arrayidx82.case.0, i6 1, void %arrayidx82.case.1, i6 2, void %arrayidx82.case.2, i6 3, void %arrayidx82.case.3, i6 4, void %arrayidx82.case.4, i6 5, void %arrayidx82.case.5, i6 6, void %arrayidx82.case.6, i6 7, void %arrayidx82.case.7, i6 8, void %arrayidx82.case.8, i6 9, void %arrayidx82.case.9, i6 10, void %arrayidx82.case.10, i6 11, void %arrayidx82.case.11, i6 12, void %arrayidx82.case.12, i6 13, void %arrayidx82.case.13, i6 14, void %arrayidx82.case.14, i6 15, void %arrayidx82.case.15, i6 16, void %arrayidx82.case.16, i6 17, void %arrayidx82.case.17, i6 18, void %arrayidx82.case.18, i6 19, void %arrayidx82.case.19, i6 20, void %arrayidx82.case.20, i6 21, void %arrayidx82.case.21, i6 22, void %arrayidx82.case.22, i6 23, void %arrayidx82.case.23, i6 24, void %arrayidx82.case.24, i6 25, void %arrayidx82.case.25, i6 26, void %arrayidx82.case.26, i6 27, void %arrayidx82.case.27, i6 28, void %arrayidx82.case.28, i6 29, void %arrayidx82.case.29, i6 30, void %arrayidx82.case.30, i6 31, void %arrayidx82.case.31, i6 32, void %arrayidx82.case.32, i6 33, void %arrayidx82.case.33, i6 34, void %arrayidx82.case.34, i6 35, void %arrayidx82.case.35, i6 36, void %arrayidx82.case.36, i6 37, void %arrayidx82.case.37, i6 38, void %arrayidx82.case.38, i6 39, void %arrayidx82.case.39, i6 40, void %arrayidx82.case.40, i6 41, void %arrayidx82.case.41, i6 42, void %arrayidx82.case.42, i6 43, void %arrayidx82.case.43, i6 44, void %arrayidx82.case.44, i6 45, void %arrayidx82.case.45, i6 46, void %arrayidx82.case.46, i6 47, void %arrayidx82.case.47, i6 48, void %arrayidx82.case.48, i6 49, void %arrayidx82.case.49, i6 50, void %arrayidx82.case.50, i6 51, void %arrayidx82.case.51, i6 52, void %arrayidx82.case.52, i6 53, void %arrayidx82.case.53, i6 54, void %arrayidx82.case.54, i6 55, void %arrayidx82.case.55, i6 56, void %arrayidx82.case.56, i6 57, void %arrayidx82.case.57, i6 58, void %arrayidx82.case.58, i6 59, void %arrayidx82.case.59, i6 60, void %arrayidx82.case.60, i6 61, void %arrayidx82.case.61, i6 62, void %arrayidx82.case.62" [/home/coder/Desktop/s2n2/convSNN/fc1full_top.cpp:107]   --->   Operation 14 'switch' 'switch_ln107' <Predicate = (!icmp_ln105)> <Delay = 0.68>
ST_1 : Operation 15 [1/1] (0.38ns)   --->   "%store_ln105 = store i7 %add_ln105, i7 %i_2" [/home/coder/Desktop/s2n2/convSNN/fc1full_top.cpp:105]   --->   Operation 15 'store' 'store_ln105' <Predicate = (!icmp_ln105)> <Delay = 0.38>
ST_1 : Operation 16 [1/1] (0.00ns)   --->   "%br_ln105 = br void %for.inc9" [/home/coder/Desktop/s2n2/convSNN/fc1full_top.cpp:105]   --->   Operation 16 'br' 'br_ln105' <Predicate = (!icmp_ln105)> <Delay = 0.00>
ST_1 : Operation 149 [1/1] (0.00ns)   --->   "%ret_ln0 = ret"   --->   Operation 149 'ret' 'ret_ln0' <Predicate = (icmp_ln105)> <Delay = 0.00>

State 2 <SV = 1> <Delay = 1.42>
ST_2 : Operation 17 [1/1] (0.00ns)   --->   "%specpipeline_ln106 = specpipeline void @_ssdm_op_SpecPipeline, i32 1, i32 0, i32 0, i32 0, void @empty_5" [/home/coder/Desktop/s2n2/convSNN/fc1full_top.cpp:106]   --->   Operation 17 'specpipeline' 'specpipeline_ln106' <Predicate = true> <Delay = 0.00>
ST_2 : Operation 18 [1/1] (0.00ns)   --->   "%speclooptripcount_ln105 = speclooptripcount void @_ssdm_op_SpecLoopTripCount, i64 64, i64 64, i64 64" [/home/coder/Desktop/s2n2/convSNN/fc1full_top.cpp:105]   --->   Operation 18 'speclooptripcount' 'speclooptripcount_ln105' <Predicate = true> <Delay = 0.00>
ST_2 : Operation 19 [1/1] (0.00ns)   --->   "%specloopname_ln105 = specloopname void @_ssdm_op_SpecLoopName, void @empty_0" [/home/coder/Desktop/s2n2/convSNN/fc1full_top.cpp:105]   --->   Operation 19 'specloopname' 'specloopname_ln105' <Predicate = true> <Delay = 0.00>
ST_2 : Operation 20 [1/1] (1.42ns)   --->   "%out_stream_read = read i1 @_ssdm_op_Read.ap_fifo.volatile.i1P0A, i1 %out_stream" [/home/coder/Desktop/s2n2/convSNN/fc1full_top.cpp:107]   --->   Operation 20 'read' 'out_stream_read' <Predicate = true> <Delay = 1.42> <CoreInst = "FIFO_SRL">   --->   Core 81 'FIFO_SRL' <Latency = 0> <II = 1> <Delay = 1.42> <Storage> <Opcode : 'read' 'write' 'nbread' 'nbwrite'> <Ports = 0> <Width = 1> <Depth = 128> <FIFO>
ST_2 : Operation 21 [1/1] (0.00ns)   --->   "%write_ln107 = write void @_ssdm_op_Write.ap_auto.i1P0A, i1 %out_62, i1 %out_stream_read" [/home/coder/Desktop/s2n2/convSNN/fc1full_top.cpp:107]   --->   Operation 21 'write' 'write_ln107' <Predicate = (trunc_ln105 == 62)> <Delay = 0.00>
ST_2 : Operation 22 [1/1] (0.00ns)   --->   "%br_ln107 = br void %arrayidx82.exit" [/home/coder/Desktop/s2n2/convSNN/fc1full_top.cpp:107]   --->   Operation 22 'br' 'br_ln107' <Predicate = (trunc_ln105 == 62)> <Delay = 0.00>
ST_2 : Operation 23 [1/1] (0.00ns)   --->   "%write_ln107 = write void @_ssdm_op_Write.ap_auto.i1P0A, i1 %out_61, i1 %out_stream_read" [/home/coder/Desktop/s2n2/convSNN/fc1full_top.cpp:107]   --->   Operation 23 'write' 'write_ln107' <Predicate = (trunc_ln105 == 61)> <Delay = 0.00>
ST_2 : Operation 24 [1/1] (0.00ns)   --->   "%br_ln107 = br void %arrayidx82.exit" [/home/coder/Desktop/s2n2/convSNN/fc1full_top.cpp:107]   --->   Operation 24 'br' 'br_ln107' <Predicate = (trunc_ln105 == 61)> <Delay = 0.00>
ST_2 : Operation 25 [1/1] (0.00ns)   --->   "%write_ln107 = write void @_ssdm_op_Write.ap_auto.i1P0A, i1 %out_60, i1 %out_stream_read" [/home/coder/Desktop/s2n2/convSNN/fc1full_top.cpp:107]   --->   Operation 25 'write' 'write_ln107' <Predicate = (trunc_ln105 == 60)> <Delay = 0.00>
ST_2 : Operation 26 [1/1] (0.00ns)   --->   "%br_ln107 = br void %arrayidx82.exit" [/home/coder/Desktop/s2n2/convSNN/fc1full_top.cpp:107]   --->   Operation 26 'br' 'br_ln107' <Predicate = (trunc_ln105 == 60)> <Delay = 0.00>
ST_2 : Operation 27 [1/1] (0.00ns)   --->   "%write_ln107 = write void @_ssdm_op_Write.ap_auto.i1P0A, i1 %out_59, i1 %out_stream_read" [/home/coder/Desktop/s2n2/convSNN/fc1full_top.cpp:107]   --->   Operation 27 'write' 'write_ln107' <Predicate = (trunc_ln105 == 59)> <Delay = 0.00>
ST_2 : Operation 28 [1/1] (0.00ns)   --->   "%br_ln107 = br void %arrayidx82.exit" [/home/coder/Desktop/s2n2/convSNN/fc1full_top.cpp:107]   --->   Operation 28 'br' 'br_ln107' <Predicate = (trunc_ln105 == 59)> <Delay = 0.00>
ST_2 : Operation 29 [1/1] (0.00ns)   --->   "%write_ln107 = write void @_ssdm_op_Write.ap_auto.i1P0A, i1 %out_58, i1 %out_stream_read" [/home/coder/Desktop/s2n2/convSNN/fc1full_top.cpp:107]   --->   Operation 29 'write' 'write_ln107' <Predicate = (trunc_ln105 == 58)> <Delay = 0.00>
ST_2 : Operation 30 [1/1] (0.00ns)   --->   "%br_ln107 = br void %arrayidx82.exit" [/home/coder/Desktop/s2n2/convSNN/fc1full_top.cpp:107]   --->   Operation 30 'br' 'br_ln107' <Predicate = (trunc_ln105 == 58)> <Delay = 0.00>
ST_2 : Operation 31 [1/1] (0.00ns)   --->   "%write_ln107 = write void @_ssdm_op_Write.ap_auto.i1P0A, i1 %out_57, i1 %out_stream_read" [/home/coder/Desktop/s2n2/convSNN/fc1full_top.cpp:107]   --->   Operation 31 'write' 'write_ln107' <Predicate = (trunc_ln105 == 57)> <Delay = 0.00>
ST_2 : Operation 32 [1/1] (0.00ns)   --->   "%br_ln107 = br void %arrayidx82.exit" [/home/coder/Desktop/s2n2/convSNN/fc1full_top.cpp:107]   --->   Operation 32 'br' 'br_ln107' <Predicate = (trunc_ln105 == 57)> <Delay = 0.00>
ST_2 : Operation 33 [1/1] (0.00ns)   --->   "%write_ln107 = write void @_ssdm_op_Write.ap_auto.i1P0A, i1 %out_56, i1 %out_stream_read" [/home/coder/Desktop/s2n2/convSNN/fc1full_top.cpp:107]   --->   Operation 33 'write' 'write_ln107' <Predicate = (trunc_ln105 == 56)> <Delay = 0.00>
ST_2 : Operation 34 [1/1] (0.00ns)   --->   "%br_ln107 = br void %arrayidx82.exit" [/home/coder/Desktop/s2n2/convSNN/fc1full_top.cpp:107]   --->   Operation 34 'br' 'br_ln107' <Predicate = (trunc_ln105 == 56)> <Delay = 0.00>
ST_2 : Operation 35 [1/1] (0.00ns)   --->   "%write_ln107 = write void @_ssdm_op_Write.ap_auto.i1P0A, i1 %out_55, i1 %out_stream_read" [/home/coder/Desktop/s2n2/convSNN/fc1full_top.cpp:107]   --->   Operation 35 'write' 'write_ln107' <Predicate = (trunc_ln105 == 55)> <Delay = 0.00>
ST_2 : Operation 36 [1/1] (0.00ns)   --->   "%br_ln107 = br void %arrayidx82.exit" [/home/coder/Desktop/s2n2/convSNN/fc1full_top.cpp:107]   --->   Operation 36 'br' 'br_ln107' <Predicate = (trunc_ln105 == 55)> <Delay = 0.00>
ST_2 : Operation 37 [1/1] (0.00ns)   --->   "%write_ln107 = write void @_ssdm_op_Write.ap_auto.i1P0A, i1 %out_54, i1 %out_stream_read" [/home/coder/Desktop/s2n2/convSNN/fc1full_top.cpp:107]   --->   Operation 37 'write' 'write_ln107' <Predicate = (trunc_ln105 == 54)> <Delay = 0.00>
ST_2 : Operation 38 [1/1] (0.00ns)   --->   "%br_ln107 = br void %arrayidx82.exit" [/home/coder/Desktop/s2n2/convSNN/fc1full_top.cpp:107]   --->   Operation 38 'br' 'br_ln107' <Predicate = (trunc_ln105 == 54)> <Delay = 0.00>
ST_2 : Operation 39 [1/1] (0.00ns)   --->   "%write_ln107 = write void @_ssdm_op_Write.ap_auto.i1P0A, i1 %out_53, i1 %out_stream_read" [/home/coder/Desktop/s2n2/convSNN/fc1full_top.cpp:107]   --->   Operation 39 'write' 'write_ln107' <Predicate = (trunc_ln105 == 53)> <Delay = 0.00>
ST_2 : Operation 40 [1/1] (0.00ns)   --->   "%br_ln107 = br void %arrayidx82.exit" [/home/coder/Desktop/s2n2/convSNN/fc1full_top.cpp:107]   --->   Operation 40 'br' 'br_ln107' <Predicate = (trunc_ln105 == 53)> <Delay = 0.00>
ST_2 : Operation 41 [1/1] (0.00ns)   --->   "%write_ln107 = write void @_ssdm_op_Write.ap_auto.i1P0A, i1 %out_52, i1 %out_stream_read" [/home/coder/Desktop/s2n2/convSNN/fc1full_top.cpp:107]   --->   Operation 41 'write' 'write_ln107' <Predicate = (trunc_ln105 == 52)> <Delay = 0.00>
ST_2 : Operation 42 [1/1] (0.00ns)   --->   "%br_ln107 = br void %arrayidx82.exit" [/home/coder/Desktop/s2n2/convSNN/fc1full_top.cpp:107]   --->   Operation 42 'br' 'br_ln107' <Predicate = (trunc_ln105 == 52)> <Delay = 0.00>
ST_2 : Operation 43 [1/1] (0.00ns)   --->   "%write_ln107 = write void @_ssdm_op_Write.ap_auto.i1P0A, i1 %out_51, i1 %out_stream_read" [/home/coder/Desktop/s2n2/convSNN/fc1full_top.cpp:107]   --->   Operation 43 'write' 'write_ln107' <Predicate = (trunc_ln105 == 51)> <Delay = 0.00>
ST_2 : Operation 44 [1/1] (0.00ns)   --->   "%br_ln107 = br void %arrayidx82.exit" [/home/coder/Desktop/s2n2/convSNN/fc1full_top.cpp:107]   --->   Operation 44 'br' 'br_ln107' <Predicate = (trunc_ln105 == 51)> <Delay = 0.00>
ST_2 : Operation 45 [1/1] (0.00ns)   --->   "%write_ln107 = write void @_ssdm_op_Write.ap_auto.i1P0A, i1 %out_50, i1 %out_stream_read" [/home/coder/Desktop/s2n2/convSNN/fc1full_top.cpp:107]   --->   Operation 45 'write' 'write_ln107' <Predicate = (trunc_ln105 == 50)> <Delay = 0.00>
ST_2 : Operation 46 [1/1] (0.00ns)   --->   "%br_ln107 = br void %arrayidx82.exit" [/home/coder/Desktop/s2n2/convSNN/fc1full_top.cpp:107]   --->   Operation 46 'br' 'br_ln107' <Predicate = (trunc_ln105 == 50)> <Delay = 0.00>
ST_2 : Operation 47 [1/1] (0.00ns)   --->   "%write_ln107 = write void @_ssdm_op_Write.ap_auto.i1P0A, i1 %out_49, i1 %out_stream_read" [/home/coder/Desktop/s2n2/convSNN/fc1full_top.cpp:107]   --->   Operation 47 'write' 'write_ln107' <Predicate = (trunc_ln105 == 49)> <Delay = 0.00>
ST_2 : Operation 48 [1/1] (0.00ns)   --->   "%br_ln107 = br void %arrayidx82.exit" [/home/coder/Desktop/s2n2/convSNN/fc1full_top.cpp:107]   --->   Operation 48 'br' 'br_ln107' <Predicate = (trunc_ln105 == 49)> <Delay = 0.00>
ST_2 : Operation 49 [1/1] (0.00ns)   --->   "%write_ln107 = write void @_ssdm_op_Write.ap_auto.i1P0A, i1 %out_48, i1 %out_stream_read" [/home/coder/Desktop/s2n2/convSNN/fc1full_top.cpp:107]   --->   Operation 49 'write' 'write_ln107' <Predicate = (trunc_ln105 == 48)> <Delay = 0.00>
ST_2 : Operation 50 [1/1] (0.00ns)   --->   "%br_ln107 = br void %arrayidx82.exit" [/home/coder/Desktop/s2n2/convSNN/fc1full_top.cpp:107]   --->   Operation 50 'br' 'br_ln107' <Predicate = (trunc_ln105 == 48)> <Delay = 0.00>
ST_2 : Operation 51 [1/1] (0.00ns)   --->   "%write_ln107 = write void @_ssdm_op_Write.ap_auto.i1P0A, i1 %out_47, i1 %out_stream_read" [/home/coder/Desktop/s2n2/convSNN/fc1full_top.cpp:107]   --->   Operation 51 'write' 'write_ln107' <Predicate = (trunc_ln105 == 47)> <Delay = 0.00>
ST_2 : Operation 52 [1/1] (0.00ns)   --->   "%br_ln107 = br void %arrayidx82.exit" [/home/coder/Desktop/s2n2/convSNN/fc1full_top.cpp:107]   --->   Operation 52 'br' 'br_ln107' <Predicate = (trunc_ln105 == 47)> <Delay = 0.00>
ST_2 : Operation 53 [1/1] (0.00ns)   --->   "%write_ln107 = write void @_ssdm_op_Write.ap_auto.i1P0A, i1 %out_46, i1 %out_stream_read" [/home/coder/Desktop/s2n2/convSNN/fc1full_top.cpp:107]   --->   Operation 53 'write' 'write_ln107' <Predicate = (trunc_ln105 == 46)> <Delay = 0.00>
ST_2 : Operation 54 [1/1] (0.00ns)   --->   "%br_ln107 = br void %arrayidx82.exit" [/home/coder/Desktop/s2n2/convSNN/fc1full_top.cpp:107]   --->   Operation 54 'br' 'br_ln107' <Predicate = (trunc_ln105 == 46)> <Delay = 0.00>
ST_2 : Operation 55 [1/1] (0.00ns)   --->   "%write_ln107 = write void @_ssdm_op_Write.ap_auto.i1P0A, i1 %out_45, i1 %out_stream_read" [/home/coder/Desktop/s2n2/convSNN/fc1full_top.cpp:107]   --->   Operation 55 'write' 'write_ln107' <Predicate = (trunc_ln105 == 45)> <Delay = 0.00>
ST_2 : Operation 56 [1/1] (0.00ns)   --->   "%br_ln107 = br void %arrayidx82.exit" [/home/coder/Desktop/s2n2/convSNN/fc1full_top.cpp:107]   --->   Operation 56 'br' 'br_ln107' <Predicate = (trunc_ln105 == 45)> <Delay = 0.00>
ST_2 : Operation 57 [1/1] (0.00ns)   --->   "%write_ln107 = write void @_ssdm_op_Write.ap_auto.i1P0A, i1 %out_44, i1 %out_stream_read" [/home/coder/Desktop/s2n2/convSNN/fc1full_top.cpp:107]   --->   Operation 57 'write' 'write_ln107' <Predicate = (trunc_ln105 == 44)> <Delay = 0.00>
ST_2 : Operation 58 [1/1] (0.00ns)   --->   "%br_ln107 = br void %arrayidx82.exit" [/home/coder/Desktop/s2n2/convSNN/fc1full_top.cpp:107]   --->   Operation 58 'br' 'br_ln107' <Predicate = (trunc_ln105 == 44)> <Delay = 0.00>
ST_2 : Operation 59 [1/1] (0.00ns)   --->   "%write_ln107 = write void @_ssdm_op_Write.ap_auto.i1P0A, i1 %out_43, i1 %out_stream_read" [/home/coder/Desktop/s2n2/convSNN/fc1full_top.cpp:107]   --->   Operation 59 'write' 'write_ln107' <Predicate = (trunc_ln105 == 43)> <Delay = 0.00>
ST_2 : Operation 60 [1/1] (0.00ns)   --->   "%br_ln107 = br void %arrayidx82.exit" [/home/coder/Desktop/s2n2/convSNN/fc1full_top.cpp:107]   --->   Operation 60 'br' 'br_ln107' <Predicate = (trunc_ln105 == 43)> <Delay = 0.00>
ST_2 : Operation 61 [1/1] (0.00ns)   --->   "%write_ln107 = write void @_ssdm_op_Write.ap_auto.i1P0A, i1 %out_42, i1 %out_stream_read" [/home/coder/Desktop/s2n2/convSNN/fc1full_top.cpp:107]   --->   Operation 61 'write' 'write_ln107' <Predicate = (trunc_ln105 == 42)> <Delay = 0.00>
ST_2 : Operation 62 [1/1] (0.00ns)   --->   "%br_ln107 = br void %arrayidx82.exit" [/home/coder/Desktop/s2n2/convSNN/fc1full_top.cpp:107]   --->   Operation 62 'br' 'br_ln107' <Predicate = (trunc_ln105 == 42)> <Delay = 0.00>
ST_2 : Operation 63 [1/1] (0.00ns)   --->   "%write_ln107 = write void @_ssdm_op_Write.ap_auto.i1P0A, i1 %out_41, i1 %out_stream_read" [/home/coder/Desktop/s2n2/convSNN/fc1full_top.cpp:107]   --->   Operation 63 'write' 'write_ln107' <Predicate = (trunc_ln105 == 41)> <Delay = 0.00>
ST_2 : Operation 64 [1/1] (0.00ns)   --->   "%br_ln107 = br void %arrayidx82.exit" [/home/coder/Desktop/s2n2/convSNN/fc1full_top.cpp:107]   --->   Operation 64 'br' 'br_ln107' <Predicate = (trunc_ln105 == 41)> <Delay = 0.00>
ST_2 : Operation 65 [1/1] (0.00ns)   --->   "%write_ln107 = write void @_ssdm_op_Write.ap_auto.i1P0A, i1 %out_40, i1 %out_stream_read" [/home/coder/Desktop/s2n2/convSNN/fc1full_top.cpp:107]   --->   Operation 65 'write' 'write_ln107' <Predicate = (trunc_ln105 == 40)> <Delay = 0.00>
ST_2 : Operation 66 [1/1] (0.00ns)   --->   "%br_ln107 = br void %arrayidx82.exit" [/home/coder/Desktop/s2n2/convSNN/fc1full_top.cpp:107]   --->   Operation 66 'br' 'br_ln107' <Predicate = (trunc_ln105 == 40)> <Delay = 0.00>
ST_2 : Operation 67 [1/1] (0.00ns)   --->   "%write_ln107 = write void @_ssdm_op_Write.ap_auto.i1P0A, i1 %out_39, i1 %out_stream_read" [/home/coder/Desktop/s2n2/convSNN/fc1full_top.cpp:107]   --->   Operation 67 'write' 'write_ln107' <Predicate = (trunc_ln105 == 39)> <Delay = 0.00>
ST_2 : Operation 68 [1/1] (0.00ns)   --->   "%br_ln107 = br void %arrayidx82.exit" [/home/coder/Desktop/s2n2/convSNN/fc1full_top.cpp:107]   --->   Operation 68 'br' 'br_ln107' <Predicate = (trunc_ln105 == 39)> <Delay = 0.00>
ST_2 : Operation 69 [1/1] (0.00ns)   --->   "%write_ln107 = write void @_ssdm_op_Write.ap_auto.i1P0A, i1 %out_38, i1 %out_stream_read" [/home/coder/Desktop/s2n2/convSNN/fc1full_top.cpp:107]   --->   Operation 69 'write' 'write_ln107' <Predicate = (trunc_ln105 == 38)> <Delay = 0.00>
ST_2 : Operation 70 [1/1] (0.00ns)   --->   "%br_ln107 = br void %arrayidx82.exit" [/home/coder/Desktop/s2n2/convSNN/fc1full_top.cpp:107]   --->   Operation 70 'br' 'br_ln107' <Predicate = (trunc_ln105 == 38)> <Delay = 0.00>
ST_2 : Operation 71 [1/1] (0.00ns)   --->   "%write_ln107 = write void @_ssdm_op_Write.ap_auto.i1P0A, i1 %out_37, i1 %out_stream_read" [/home/coder/Desktop/s2n2/convSNN/fc1full_top.cpp:107]   --->   Operation 71 'write' 'write_ln107' <Predicate = (trunc_ln105 == 37)> <Delay = 0.00>
ST_2 : Operation 72 [1/1] (0.00ns)   --->   "%br_ln107 = br void %arrayidx82.exit" [/home/coder/Desktop/s2n2/convSNN/fc1full_top.cpp:107]   --->   Operation 72 'br' 'br_ln107' <Predicate = (trunc_ln105 == 37)> <Delay = 0.00>
ST_2 : Operation 73 [1/1] (0.00ns)   --->   "%write_ln107 = write void @_ssdm_op_Write.ap_auto.i1P0A, i1 %out_36, i1 %out_stream_read" [/home/coder/Desktop/s2n2/convSNN/fc1full_top.cpp:107]   --->   Operation 73 'write' 'write_ln107' <Predicate = (trunc_ln105 == 36)> <Delay = 0.00>
ST_2 : Operation 74 [1/1] (0.00ns)   --->   "%br_ln107 = br void %arrayidx82.exit" [/home/coder/Desktop/s2n2/convSNN/fc1full_top.cpp:107]   --->   Operation 74 'br' 'br_ln107' <Predicate = (trunc_ln105 == 36)> <Delay = 0.00>
ST_2 : Operation 75 [1/1] (0.00ns)   --->   "%write_ln107 = write void @_ssdm_op_Write.ap_auto.i1P0A, i1 %out_35, i1 %out_stream_read" [/home/coder/Desktop/s2n2/convSNN/fc1full_top.cpp:107]   --->   Operation 75 'write' 'write_ln107' <Predicate = (trunc_ln105 == 35)> <Delay = 0.00>
ST_2 : Operation 76 [1/1] (0.00ns)   --->   "%br_ln107 = br void %arrayidx82.exit" [/home/coder/Desktop/s2n2/convSNN/fc1full_top.cpp:107]   --->   Operation 76 'br' 'br_ln107' <Predicate = (trunc_ln105 == 35)> <Delay = 0.00>
ST_2 : Operation 77 [1/1] (0.00ns)   --->   "%write_ln107 = write void @_ssdm_op_Write.ap_auto.i1P0A, i1 %out_34, i1 %out_stream_read" [/home/coder/Desktop/s2n2/convSNN/fc1full_top.cpp:107]   --->   Operation 77 'write' 'write_ln107' <Predicate = (trunc_ln105 == 34)> <Delay = 0.00>
ST_2 : Operation 78 [1/1] (0.00ns)   --->   "%br_ln107 = br void %arrayidx82.exit" [/home/coder/Desktop/s2n2/convSNN/fc1full_top.cpp:107]   --->   Operation 78 'br' 'br_ln107' <Predicate = (trunc_ln105 == 34)> <Delay = 0.00>
ST_2 : Operation 79 [1/1] (0.00ns)   --->   "%write_ln107 = write void @_ssdm_op_Write.ap_auto.i1P0A, i1 %out_33, i1 %out_stream_read" [/home/coder/Desktop/s2n2/convSNN/fc1full_top.cpp:107]   --->   Operation 79 'write' 'write_ln107' <Predicate = (trunc_ln105 == 33)> <Delay = 0.00>
ST_2 : Operation 80 [1/1] (0.00ns)   --->   "%br_ln107 = br void %arrayidx82.exit" [/home/coder/Desktop/s2n2/convSNN/fc1full_top.cpp:107]   --->   Operation 80 'br' 'br_ln107' <Predicate = (trunc_ln105 == 33)> <Delay = 0.00>
ST_2 : Operation 81 [1/1] (0.00ns)   --->   "%write_ln107 = write void @_ssdm_op_Write.ap_auto.i1P0A, i1 %out_32, i1 %out_stream_read" [/home/coder/Desktop/s2n2/convSNN/fc1full_top.cpp:107]   --->   Operation 81 'write' 'write_ln107' <Predicate = (trunc_ln105 == 32)> <Delay = 0.00>
ST_2 : Operation 82 [1/1] (0.00ns)   --->   "%br_ln107 = br void %arrayidx82.exit" [/home/coder/Desktop/s2n2/convSNN/fc1full_top.cpp:107]   --->   Operation 82 'br' 'br_ln107' <Predicate = (trunc_ln105 == 32)> <Delay = 0.00>
ST_2 : Operation 83 [1/1] (0.00ns)   --->   "%write_ln107 = write void @_ssdm_op_Write.ap_auto.i1P0A, i1 %out_31, i1 %out_stream_read" [/home/coder/Desktop/s2n2/convSNN/fc1full_top.cpp:107]   --->   Operation 83 'write' 'write_ln107' <Predicate = (trunc_ln105 == 31)> <Delay = 0.00>
ST_2 : Operation 84 [1/1] (0.00ns)   --->   "%br_ln107 = br void %arrayidx82.exit" [/home/coder/Desktop/s2n2/convSNN/fc1full_top.cpp:107]   --->   Operation 84 'br' 'br_ln107' <Predicate = (trunc_ln105 == 31)> <Delay = 0.00>
ST_2 : Operation 85 [1/1] (0.00ns)   --->   "%write_ln107 = write void @_ssdm_op_Write.ap_auto.i1P0A, i1 %out_30, i1 %out_stream_read" [/home/coder/Desktop/s2n2/convSNN/fc1full_top.cpp:107]   --->   Operation 85 'write' 'write_ln107' <Predicate = (trunc_ln105 == 30)> <Delay = 0.00>
ST_2 : Operation 86 [1/1] (0.00ns)   --->   "%br_ln107 = br void %arrayidx82.exit" [/home/coder/Desktop/s2n2/convSNN/fc1full_top.cpp:107]   --->   Operation 86 'br' 'br_ln107' <Predicate = (trunc_ln105 == 30)> <Delay = 0.00>
ST_2 : Operation 87 [1/1] (0.00ns)   --->   "%write_ln107 = write void @_ssdm_op_Write.ap_auto.i1P0A, i1 %out_29, i1 %out_stream_read" [/home/coder/Desktop/s2n2/convSNN/fc1full_top.cpp:107]   --->   Operation 87 'write' 'write_ln107' <Predicate = (trunc_ln105 == 29)> <Delay = 0.00>
ST_2 : Operation 88 [1/1] (0.00ns)   --->   "%br_ln107 = br void %arrayidx82.exit" [/home/coder/Desktop/s2n2/convSNN/fc1full_top.cpp:107]   --->   Operation 88 'br' 'br_ln107' <Predicate = (trunc_ln105 == 29)> <Delay = 0.00>
ST_2 : Operation 89 [1/1] (0.00ns)   --->   "%write_ln107 = write void @_ssdm_op_Write.ap_auto.i1P0A, i1 %out_28, i1 %out_stream_read" [/home/coder/Desktop/s2n2/convSNN/fc1full_top.cpp:107]   --->   Operation 89 'write' 'write_ln107' <Predicate = (trunc_ln105 == 28)> <Delay = 0.00>
ST_2 : Operation 90 [1/1] (0.00ns)   --->   "%br_ln107 = br void %arrayidx82.exit" [/home/coder/Desktop/s2n2/convSNN/fc1full_top.cpp:107]   --->   Operation 90 'br' 'br_ln107' <Predicate = (trunc_ln105 == 28)> <Delay = 0.00>
ST_2 : Operation 91 [1/1] (0.00ns)   --->   "%write_ln107 = write void @_ssdm_op_Write.ap_auto.i1P0A, i1 %out_27, i1 %out_stream_read" [/home/coder/Desktop/s2n2/convSNN/fc1full_top.cpp:107]   --->   Operation 91 'write' 'write_ln107' <Predicate = (trunc_ln105 == 27)> <Delay = 0.00>
ST_2 : Operation 92 [1/1] (0.00ns)   --->   "%br_ln107 = br void %arrayidx82.exit" [/home/coder/Desktop/s2n2/convSNN/fc1full_top.cpp:107]   --->   Operation 92 'br' 'br_ln107' <Predicate = (trunc_ln105 == 27)> <Delay = 0.00>
ST_2 : Operation 93 [1/1] (0.00ns)   --->   "%write_ln107 = write void @_ssdm_op_Write.ap_auto.i1P0A, i1 %out_26, i1 %out_stream_read" [/home/coder/Desktop/s2n2/convSNN/fc1full_top.cpp:107]   --->   Operation 93 'write' 'write_ln107' <Predicate = (trunc_ln105 == 26)> <Delay = 0.00>
ST_2 : Operation 94 [1/1] (0.00ns)   --->   "%br_ln107 = br void %arrayidx82.exit" [/home/coder/Desktop/s2n2/convSNN/fc1full_top.cpp:107]   --->   Operation 94 'br' 'br_ln107' <Predicate = (trunc_ln105 == 26)> <Delay = 0.00>
ST_2 : Operation 95 [1/1] (0.00ns)   --->   "%write_ln107 = write void @_ssdm_op_Write.ap_auto.i1P0A, i1 %out_25, i1 %out_stream_read" [/home/coder/Desktop/s2n2/convSNN/fc1full_top.cpp:107]   --->   Operation 95 'write' 'write_ln107' <Predicate = (trunc_ln105 == 25)> <Delay = 0.00>
ST_2 : Operation 96 [1/1] (0.00ns)   --->   "%br_ln107 = br void %arrayidx82.exit" [/home/coder/Desktop/s2n2/convSNN/fc1full_top.cpp:107]   --->   Operation 96 'br' 'br_ln107' <Predicate = (trunc_ln105 == 25)> <Delay = 0.00>
ST_2 : Operation 97 [1/1] (0.00ns)   --->   "%write_ln107 = write void @_ssdm_op_Write.ap_auto.i1P0A, i1 %out_24, i1 %out_stream_read" [/home/coder/Desktop/s2n2/convSNN/fc1full_top.cpp:107]   --->   Operation 97 'write' 'write_ln107' <Predicate = (trunc_ln105 == 24)> <Delay = 0.00>
ST_2 : Operation 98 [1/1] (0.00ns)   --->   "%br_ln107 = br void %arrayidx82.exit" [/home/coder/Desktop/s2n2/convSNN/fc1full_top.cpp:107]   --->   Operation 98 'br' 'br_ln107' <Predicate = (trunc_ln105 == 24)> <Delay = 0.00>
ST_2 : Operation 99 [1/1] (0.00ns)   --->   "%write_ln107 = write void @_ssdm_op_Write.ap_auto.i1P0A, i1 %out_23, i1 %out_stream_read" [/home/coder/Desktop/s2n2/convSNN/fc1full_top.cpp:107]   --->   Operation 99 'write' 'write_ln107' <Predicate = (trunc_ln105 == 23)> <Delay = 0.00>
ST_2 : Operation 100 [1/1] (0.00ns)   --->   "%br_ln107 = br void %arrayidx82.exit" [/home/coder/Desktop/s2n2/convSNN/fc1full_top.cpp:107]   --->   Operation 100 'br' 'br_ln107' <Predicate = (trunc_ln105 == 23)> <Delay = 0.00>
ST_2 : Operation 101 [1/1] (0.00ns)   --->   "%write_ln107 = write void @_ssdm_op_Write.ap_auto.i1P0A, i1 %out_22, i1 %out_stream_read" [/home/coder/Desktop/s2n2/convSNN/fc1full_top.cpp:107]   --->   Operation 101 'write' 'write_ln107' <Predicate = (trunc_ln105 == 22)> <Delay = 0.00>
ST_2 : Operation 102 [1/1] (0.00ns)   --->   "%br_ln107 = br void %arrayidx82.exit" [/home/coder/Desktop/s2n2/convSNN/fc1full_top.cpp:107]   --->   Operation 102 'br' 'br_ln107' <Predicate = (trunc_ln105 == 22)> <Delay = 0.00>
ST_2 : Operation 103 [1/1] (0.00ns)   --->   "%write_ln107 = write void @_ssdm_op_Write.ap_auto.i1P0A, i1 %out_21, i1 %out_stream_read" [/home/coder/Desktop/s2n2/convSNN/fc1full_top.cpp:107]   --->   Operation 103 'write' 'write_ln107' <Predicate = (trunc_ln105 == 21)> <Delay = 0.00>
ST_2 : Operation 104 [1/1] (0.00ns)   --->   "%br_ln107 = br void %arrayidx82.exit" [/home/coder/Desktop/s2n2/convSNN/fc1full_top.cpp:107]   --->   Operation 104 'br' 'br_ln107' <Predicate = (trunc_ln105 == 21)> <Delay = 0.00>
ST_2 : Operation 105 [1/1] (0.00ns)   --->   "%write_ln107 = write void @_ssdm_op_Write.ap_auto.i1P0A, i1 %out_20, i1 %out_stream_read" [/home/coder/Desktop/s2n2/convSNN/fc1full_top.cpp:107]   --->   Operation 105 'write' 'write_ln107' <Predicate = (trunc_ln105 == 20)> <Delay = 0.00>
ST_2 : Operation 106 [1/1] (0.00ns)   --->   "%br_ln107 = br void %arrayidx82.exit" [/home/coder/Desktop/s2n2/convSNN/fc1full_top.cpp:107]   --->   Operation 106 'br' 'br_ln107' <Predicate = (trunc_ln105 == 20)> <Delay = 0.00>
ST_2 : Operation 107 [1/1] (0.00ns)   --->   "%write_ln107 = write void @_ssdm_op_Write.ap_auto.i1P0A, i1 %out_19, i1 %out_stream_read" [/home/coder/Desktop/s2n2/convSNN/fc1full_top.cpp:107]   --->   Operation 107 'write' 'write_ln107' <Predicate = (trunc_ln105 == 19)> <Delay = 0.00>
ST_2 : Operation 108 [1/1] (0.00ns)   --->   "%br_ln107 = br void %arrayidx82.exit" [/home/coder/Desktop/s2n2/convSNN/fc1full_top.cpp:107]   --->   Operation 108 'br' 'br_ln107' <Predicate = (trunc_ln105 == 19)> <Delay = 0.00>
ST_2 : Operation 109 [1/1] (0.00ns)   --->   "%write_ln107 = write void @_ssdm_op_Write.ap_auto.i1P0A, i1 %out_18, i1 %out_stream_read" [/home/coder/Desktop/s2n2/convSNN/fc1full_top.cpp:107]   --->   Operation 109 'write' 'write_ln107' <Predicate = (trunc_ln105 == 18)> <Delay = 0.00>
ST_2 : Operation 110 [1/1] (0.00ns)   --->   "%br_ln107 = br void %arrayidx82.exit" [/home/coder/Desktop/s2n2/convSNN/fc1full_top.cpp:107]   --->   Operation 110 'br' 'br_ln107' <Predicate = (trunc_ln105 == 18)> <Delay = 0.00>
ST_2 : Operation 111 [1/1] (0.00ns)   --->   "%write_ln107 = write void @_ssdm_op_Write.ap_auto.i1P0A, i1 %out_17, i1 %out_stream_read" [/home/coder/Desktop/s2n2/convSNN/fc1full_top.cpp:107]   --->   Operation 111 'write' 'write_ln107' <Predicate = (trunc_ln105 == 17)> <Delay = 0.00>
ST_2 : Operation 112 [1/1] (0.00ns)   --->   "%br_ln107 = br void %arrayidx82.exit" [/home/coder/Desktop/s2n2/convSNN/fc1full_top.cpp:107]   --->   Operation 112 'br' 'br_ln107' <Predicate = (trunc_ln105 == 17)> <Delay = 0.00>
ST_2 : Operation 113 [1/1] (0.00ns)   --->   "%write_ln107 = write void @_ssdm_op_Write.ap_auto.i1P0A, i1 %out_16, i1 %out_stream_read" [/home/coder/Desktop/s2n2/convSNN/fc1full_top.cpp:107]   --->   Operation 113 'write' 'write_ln107' <Predicate = (trunc_ln105 == 16)> <Delay = 0.00>
ST_2 : Operation 114 [1/1] (0.00ns)   --->   "%br_ln107 = br void %arrayidx82.exit" [/home/coder/Desktop/s2n2/convSNN/fc1full_top.cpp:107]   --->   Operation 114 'br' 'br_ln107' <Predicate = (trunc_ln105 == 16)> <Delay = 0.00>
ST_2 : Operation 115 [1/1] (0.00ns)   --->   "%write_ln107 = write void @_ssdm_op_Write.ap_auto.i1P0A, i1 %out_15, i1 %out_stream_read" [/home/coder/Desktop/s2n2/convSNN/fc1full_top.cpp:107]   --->   Operation 115 'write' 'write_ln107' <Predicate = (trunc_ln105 == 15)> <Delay = 0.00>
ST_2 : Operation 116 [1/1] (0.00ns)   --->   "%br_ln107 = br void %arrayidx82.exit" [/home/coder/Desktop/s2n2/convSNN/fc1full_top.cpp:107]   --->   Operation 116 'br' 'br_ln107' <Predicate = (trunc_ln105 == 15)> <Delay = 0.00>
ST_2 : Operation 117 [1/1] (0.00ns)   --->   "%write_ln107 = write void @_ssdm_op_Write.ap_auto.i1P0A, i1 %out_14, i1 %out_stream_read" [/home/coder/Desktop/s2n2/convSNN/fc1full_top.cpp:107]   --->   Operation 117 'write' 'write_ln107' <Predicate = (trunc_ln105 == 14)> <Delay = 0.00>
ST_2 : Operation 118 [1/1] (0.00ns)   --->   "%br_ln107 = br void %arrayidx82.exit" [/home/coder/Desktop/s2n2/convSNN/fc1full_top.cpp:107]   --->   Operation 118 'br' 'br_ln107' <Predicate = (trunc_ln105 == 14)> <Delay = 0.00>
ST_2 : Operation 119 [1/1] (0.00ns)   --->   "%write_ln107 = write void @_ssdm_op_Write.ap_auto.i1P0A, i1 %out_13, i1 %out_stream_read" [/home/coder/Desktop/s2n2/convSNN/fc1full_top.cpp:107]   --->   Operation 119 'write' 'write_ln107' <Predicate = (trunc_ln105 == 13)> <Delay = 0.00>
ST_2 : Operation 120 [1/1] (0.00ns)   --->   "%br_ln107 = br void %arrayidx82.exit" [/home/coder/Desktop/s2n2/convSNN/fc1full_top.cpp:107]   --->   Operation 120 'br' 'br_ln107' <Predicate = (trunc_ln105 == 13)> <Delay = 0.00>
ST_2 : Operation 121 [1/1] (0.00ns)   --->   "%write_ln107 = write void @_ssdm_op_Write.ap_auto.i1P0A, i1 %out_12, i1 %out_stream_read" [/home/coder/Desktop/s2n2/convSNN/fc1full_top.cpp:107]   --->   Operation 121 'write' 'write_ln107' <Predicate = (trunc_ln105 == 12)> <Delay = 0.00>
ST_2 : Operation 122 [1/1] (0.00ns)   --->   "%br_ln107 = br void %arrayidx82.exit" [/home/coder/Desktop/s2n2/convSNN/fc1full_top.cpp:107]   --->   Operation 122 'br' 'br_ln107' <Predicate = (trunc_ln105 == 12)> <Delay = 0.00>
ST_2 : Operation 123 [1/1] (0.00ns)   --->   "%write_ln107 = write void @_ssdm_op_Write.ap_auto.i1P0A, i1 %out_11, i1 %out_stream_read" [/home/coder/Desktop/s2n2/convSNN/fc1full_top.cpp:107]   --->   Operation 123 'write' 'write_ln107' <Predicate = (trunc_ln105 == 11)> <Delay = 0.00>
ST_2 : Operation 124 [1/1] (0.00ns)   --->   "%br_ln107 = br void %arrayidx82.exit" [/home/coder/Desktop/s2n2/convSNN/fc1full_top.cpp:107]   --->   Operation 124 'br' 'br_ln107' <Predicate = (trunc_ln105 == 11)> <Delay = 0.00>
ST_2 : Operation 125 [1/1] (0.00ns)   --->   "%write_ln107 = write void @_ssdm_op_Write.ap_auto.i1P0A, i1 %out_10, i1 %out_stream_read" [/home/coder/Desktop/s2n2/convSNN/fc1full_top.cpp:107]   --->   Operation 125 'write' 'write_ln107' <Predicate = (trunc_ln105 == 10)> <Delay = 0.00>
ST_2 : Operation 126 [1/1] (0.00ns)   --->   "%br_ln107 = br void %arrayidx82.exit" [/home/coder/Desktop/s2n2/convSNN/fc1full_top.cpp:107]   --->   Operation 126 'br' 'br_ln107' <Predicate = (trunc_ln105 == 10)> <Delay = 0.00>
ST_2 : Operation 127 [1/1] (0.00ns)   --->   "%write_ln107 = write void @_ssdm_op_Write.ap_auto.i1P0A, i1 %out_9, i1 %out_stream_read" [/home/coder/Desktop/s2n2/convSNN/fc1full_top.cpp:107]   --->   Operation 127 'write' 'write_ln107' <Predicate = (trunc_ln105 == 9)> <Delay = 0.00>
ST_2 : Operation 128 [1/1] (0.00ns)   --->   "%br_ln107 = br void %arrayidx82.exit" [/home/coder/Desktop/s2n2/convSNN/fc1full_top.cpp:107]   --->   Operation 128 'br' 'br_ln107' <Predicate = (trunc_ln105 == 9)> <Delay = 0.00>
ST_2 : Operation 129 [1/1] (0.00ns)   --->   "%write_ln107 = write void @_ssdm_op_Write.ap_auto.i1P0A, i1 %out_8, i1 %out_stream_read" [/home/coder/Desktop/s2n2/convSNN/fc1full_top.cpp:107]   --->   Operation 129 'write' 'write_ln107' <Predicate = (trunc_ln105 == 8)> <Delay = 0.00>
ST_2 : Operation 130 [1/1] (0.00ns)   --->   "%br_ln107 = br void %arrayidx82.exit" [/home/coder/Desktop/s2n2/convSNN/fc1full_top.cpp:107]   --->   Operation 130 'br' 'br_ln107' <Predicate = (trunc_ln105 == 8)> <Delay = 0.00>
ST_2 : Operation 131 [1/1] (0.00ns)   --->   "%write_ln107 = write void @_ssdm_op_Write.ap_auto.i1P0A, i1 %out_7, i1 %out_stream_read" [/home/coder/Desktop/s2n2/convSNN/fc1full_top.cpp:107]   --->   Operation 131 'write' 'write_ln107' <Predicate = (trunc_ln105 == 7)> <Delay = 0.00>
ST_2 : Operation 132 [1/1] (0.00ns)   --->   "%br_ln107 = br void %arrayidx82.exit" [/home/coder/Desktop/s2n2/convSNN/fc1full_top.cpp:107]   --->   Operation 132 'br' 'br_ln107' <Predicate = (trunc_ln105 == 7)> <Delay = 0.00>
ST_2 : Operation 133 [1/1] (0.00ns)   --->   "%write_ln107 = write void @_ssdm_op_Write.ap_auto.i1P0A, i1 %out_6, i1 %out_stream_read" [/home/coder/Desktop/s2n2/convSNN/fc1full_top.cpp:107]   --->   Operation 133 'write' 'write_ln107' <Predicate = (trunc_ln105 == 6)> <Delay = 0.00>
ST_2 : Operation 134 [1/1] (0.00ns)   --->   "%br_ln107 = br void %arrayidx82.exit" [/home/coder/Desktop/s2n2/convSNN/fc1full_top.cpp:107]   --->   Operation 134 'br' 'br_ln107' <Predicate = (trunc_ln105 == 6)> <Delay = 0.00>
ST_2 : Operation 135 [1/1] (0.00ns)   --->   "%write_ln107 = write void @_ssdm_op_Write.ap_auto.i1P0A, i1 %out_5, i1 %out_stream_read" [/home/coder/Desktop/s2n2/convSNN/fc1full_top.cpp:107]   --->   Operation 135 'write' 'write_ln107' <Predicate = (trunc_ln105 == 5)> <Delay = 0.00>
ST_2 : Operation 136 [1/1] (0.00ns)   --->   "%br_ln107 = br void %arrayidx82.exit" [/home/coder/Desktop/s2n2/convSNN/fc1full_top.cpp:107]   --->   Operation 136 'br' 'br_ln107' <Predicate = (trunc_ln105 == 5)> <Delay = 0.00>
ST_2 : Operation 137 [1/1] (0.00ns)   --->   "%write_ln107 = write void @_ssdm_op_Write.ap_auto.i1P0A, i1 %out_4, i1 %out_stream_read" [/home/coder/Desktop/s2n2/convSNN/fc1full_top.cpp:107]   --->   Operation 137 'write' 'write_ln107' <Predicate = (trunc_ln105 == 4)> <Delay = 0.00>
ST_2 : Operation 138 [1/1] (0.00ns)   --->   "%br_ln107 = br void %arrayidx82.exit" [/home/coder/Desktop/s2n2/convSNN/fc1full_top.cpp:107]   --->   Operation 138 'br' 'br_ln107' <Predicate = (trunc_ln105 == 4)> <Delay = 0.00>
ST_2 : Operation 139 [1/1] (0.00ns)   --->   "%write_ln107 = write void @_ssdm_op_Write.ap_auto.i1P0A, i1 %out_3, i1 %out_stream_read" [/home/coder/Desktop/s2n2/convSNN/fc1full_top.cpp:107]   --->   Operation 139 'write' 'write_ln107' <Predicate = (trunc_ln105 == 3)> <Delay = 0.00>
ST_2 : Operation 140 [1/1] (0.00ns)   --->   "%br_ln107 = br void %arrayidx82.exit" [/home/coder/Desktop/s2n2/convSNN/fc1full_top.cpp:107]   --->   Operation 140 'br' 'br_ln107' <Predicate = (trunc_ln105 == 3)> <Delay = 0.00>
ST_2 : Operation 141 [1/1] (0.00ns)   --->   "%write_ln107 = write void @_ssdm_op_Write.ap_auto.i1P0A, i1 %out_2, i1 %out_stream_read" [/home/coder/Desktop/s2n2/convSNN/fc1full_top.cpp:107]   --->   Operation 141 'write' 'write_ln107' <Predicate = (trunc_ln105 == 2)> <Delay = 0.00>
ST_2 : Operation 142 [1/1] (0.00ns)   --->   "%br_ln107 = br void %arrayidx82.exit" [/home/coder/Desktop/s2n2/convSNN/fc1full_top.cpp:107]   --->   Operation 142 'br' 'br_ln107' <Predicate = (trunc_ln105 == 2)> <Delay = 0.00>
ST_2 : Operation 143 [1/1] (0.00ns)   --->   "%write_ln107 = write void @_ssdm_op_Write.ap_auto.i1P0A, i1 %out_1, i1 %out_stream_read" [/home/coder/Desktop/s2n2/convSNN/fc1full_top.cpp:107]   --->   Operation 143 'write' 'write_ln107' <Predicate = (trunc_ln105 == 1)> <Delay = 0.00>
ST_2 : Operation 144 [1/1] (0.00ns)   --->   "%br_ln107 = br void %arrayidx82.exit" [/home/coder/Desktop/s2n2/convSNN/fc1full_top.cpp:107]   --->   Operation 144 'br' 'br_ln107' <Predicate = (trunc_ln105 == 1)> <Delay = 0.00>
ST_2 : Operation 145 [1/1] (0.00ns)   --->   "%write_ln107 = write void @_ssdm_op_Write.ap_auto.i1P0A, i1 %out_0, i1 %out_stream_read" [/home/coder/Desktop/s2n2/convSNN/fc1full_top.cpp:107]   --->   Operation 145 'write' 'write_ln107' <Predicate = (trunc_ln105 == 0)> <Delay = 0.00>
ST_2 : Operation 146 [1/1] (0.00ns)   --->   "%br_ln107 = br void %arrayidx82.exit" [/home/coder/Desktop/s2n2/convSNN/fc1full_top.cpp:107]   --->   Operation 146 'br' 'br_ln107' <Predicate = (trunc_ln105 == 0)> <Delay = 0.00>
ST_2 : Operation 147 [1/1] (0.00ns)   --->   "%write_ln107 = write void @_ssdm_op_Write.ap_auto.i1P0A, i1 %out_63, i1 %out_stream_read" [/home/coder/Desktop/s2n2/convSNN/fc1full_top.cpp:107]   --->   Operation 147 'write' 'write_ln107' <Predicate = (trunc_ln105 == 63)> <Delay = 0.00>
ST_2 : Operation 148 [1/1] (0.00ns)   --->   "%br_ln107 = br void %arrayidx82.exit" [/home/coder/Desktop/s2n2/convSNN/fc1full_top.cpp:107]   --->   Operation 148 'br' 'br_ln107' <Predicate = (trunc_ln105 == 63)> <Delay = 0.00>


============================================================
+ Verbose Summary: Binding
============================================================
STG Binding: 
---------------- STG Properties BEGIN ----------------
- Is combinational: 0
- Is one-state seq: 0
- Is datapath-only: 0
- Is pipelined: 0
- Is top level: 0
Port [ Return ] is wired: 1; IO mode=ap_ctrl_hs:ce=0
Port [ out_0]:  wired=1; compound=0; hidden=0; nouse=0; global=0; static=0; extern=0; dir=1; type=0; pingpong=0; private_global=0; IO mode=ap_vld:ce=0
Port [ out_63]:  wired=1; compound=0; hidden=0; nouse=0; global=0; static=0; extern=0; dir=1; type=0; pingpong=0; private_global=0; IO mode=ap_vld:ce=0
Port [ out_62]:  wired=1; compound=0; hidden=0; nouse=0; global=0; static=0; extern=0; dir=1; type=0; pingpong=0; private_global=0; IO mode=ap_vld:ce=0
Port [ out_61]:  wired=1; compound=0; hidden=0; nouse=0; global=0; static=0; extern=0; dir=1; type=0; pingpong=0; private_global=0; IO mode=ap_vld:ce=0
Port [ out_60]:  wired=1; compound=0; hidden=0; nouse=0; global=0; static=0; extern=0; dir=1; type=0; pingpong=0; private_global=0; IO mode=ap_vld:ce=0
Port [ out_59]:  wired=1; compound=0; hidden=0; nouse=0; global=0; static=0; extern=0; dir=1; type=0; pingpong=0; private_global=0; IO mode=ap_vld:ce=0
Port [ out_58]:  wired=1; compound=0; hidden=0; nouse=0; global=0; static=0; extern=0; dir=1; type=0; pingpong=0; private_global=0; IO mode=ap_vld:ce=0
Port [ out_57]:  wired=1; compound=0; hidden=0; nouse=0; global=0; static=0; extern=0; dir=1; type=0; pingpong=0; private_global=0; IO mode=ap_vld:ce=0
Port [ out_56]:  wired=1; compound=0; hidden=0; nouse=0; global=0; static=0; extern=0; dir=1; type=0; pingpong=0; private_global=0; IO mode=ap_vld:ce=0
Port [ out_55]:  wired=1; compound=0; hidden=0; nouse=0; global=0; static=0; extern=0; dir=1; type=0; pingpong=0; private_global=0; IO mode=ap_vld:ce=0
Port [ out_54]:  wired=1; compound=0; hidden=0; nouse=0; global=0; static=0; extern=0; dir=1; type=0; pingpong=0; private_global=0; IO mode=ap_vld:ce=0
Port [ out_53]:  wired=1; compound=0; hidden=0; nouse=0; global=0; static=0; extern=0; dir=1; type=0; pingpong=0; private_global=0; IO mode=ap_vld:ce=0
Port [ out_52]:  wired=1; compound=0; hidden=0; nouse=0; global=0; static=0; extern=0; dir=1; type=0; pingpong=0; private_global=0; IO mode=ap_vld:ce=0
Port [ out_51]:  wired=1; compound=0; hidden=0; nouse=0; global=0; static=0; extern=0; dir=1; type=0; pingpong=0; private_global=0; IO mode=ap_vld:ce=0
Port [ out_50]:  wired=1; compound=0; hidden=0; nouse=0; global=0; static=0; extern=0; dir=1; type=0; pingpong=0; private_global=0; IO mode=ap_vld:ce=0
Port [ out_49]:  wired=1; compound=0; hidden=0; nouse=0; global=0; static=0; extern=0; dir=1; type=0; pingpong=0; private_global=0; IO mode=ap_vld:ce=0
Port [ out_48]:  wired=1; compound=0; hidden=0; nouse=0; global=0; static=0; extern=0; dir=1; type=0; pingpong=0; private_global=0; IO mode=ap_vld:ce=0
Port [ out_47]:  wired=1; compound=0; hidden=0; nouse=0; global=0; static=0; extern=0; dir=1; type=0; pingpong=0; private_global=0; IO mode=ap_vld:ce=0
Port [ out_46]:  wired=1; compound=0; hidden=0; nouse=0; global=0; static=0; extern=0; dir=1; type=0; pingpong=0; private_global=0; IO mode=ap_vld:ce=0
Port [ out_45]:  wired=1; compound=0; hidden=0; nouse=0; global=0; static=0; extern=0; dir=1; type=0; pingpong=0; private_global=0; IO mode=ap_vld:ce=0
Port [ out_44]:  wired=1; compound=0; hidden=0; nouse=0; global=0; static=0; extern=0; dir=1; type=0; pingpong=0; private_global=0; IO mode=ap_vld:ce=0
Port [ out_43]:  wired=1; compound=0; hidden=0; nouse=0; global=0; static=0; extern=0; dir=1; type=0; pingpong=0; private_global=0; IO mode=ap_vld:ce=0
Port [ out_42]:  wired=1; compound=0; hidden=0; nouse=0; global=0; static=0; extern=0; dir=1; type=0; pingpong=0; private_global=0; IO mode=ap_vld:ce=0
Port [ out_41]:  wired=1; compound=0; hidden=0; nouse=0; global=0; static=0; extern=0; dir=1; type=0; pingpong=0; private_global=0; IO mode=ap_vld:ce=0
Port [ out_40]:  wired=1; compound=0; hidden=0; nouse=0; global=0; static=0; extern=0; dir=1; type=0; pingpong=0; private_global=0; IO mode=ap_vld:ce=0
Port [ out_39]:  wired=1; compound=0; hidden=0; nouse=0; global=0; static=0; extern=0; dir=1; type=0; pingpong=0; private_global=0; IO mode=ap_vld:ce=0
Port [ out_38]:  wired=1; compound=0; hidden=0; nouse=0; global=0; static=0; extern=0; dir=1; type=0; pingpong=0; private_global=0; IO mode=ap_vld:ce=0
Port [ out_37]:  wired=1; compound=0; hidden=0; nouse=0; global=0; static=0; extern=0; dir=1; type=0; pingpong=0; private_global=0; IO mode=ap_vld:ce=0
Port [ out_36]:  wired=1; compound=0; hidden=0; nouse=0; global=0; static=0; extern=0; dir=1; type=0; pingpong=0; private_global=0; IO mode=ap_vld:ce=0
Port [ out_35]:  wired=1; compound=0; hidden=0; nouse=0; global=0; static=0; extern=0; dir=1; type=0; pingpong=0; private_global=0; IO mode=ap_vld:ce=0
Port [ out_34]:  wired=1; compound=0; hidden=0; nouse=0; global=0; static=0; extern=0; dir=1; type=0; pingpong=0; private_global=0; IO mode=ap_vld:ce=0
Port [ out_33]:  wired=1; compound=0; hidden=0; nouse=0; global=0; static=0; extern=0; dir=1; type=0; pingpong=0; private_global=0; IO mode=ap_vld:ce=0
Port [ out_32]:  wired=1; compound=0; hidden=0; nouse=0; global=0; static=0; extern=0; dir=1; type=0; pingpong=0; private_global=0; IO mode=ap_vld:ce=0
Port [ out_31]:  wired=1; compound=0; hidden=0; nouse=0; global=0; static=0; extern=0; dir=1; type=0; pingpong=0; private_global=0; IO mode=ap_vld:ce=0
Port [ out_30]:  wired=1; compound=0; hidden=0; nouse=0; global=0; static=0; extern=0; dir=1; type=0; pingpong=0; private_global=0; IO mode=ap_vld:ce=0
Port [ out_29]:  wired=1; compound=0; hidden=0; nouse=0; global=0; static=0; extern=0; dir=1; type=0; pingpong=0; private_global=0; IO mode=ap_vld:ce=0
Port [ out_28]:  wired=1; compound=0; hidden=0; nouse=0; global=0; static=0; extern=0; dir=1; type=0; pingpong=0; private_global=0; IO mode=ap_vld:ce=0
Port [ out_27]:  wired=1; compound=0; hidden=0; nouse=0; global=0; static=0; extern=0; dir=1; type=0; pingpong=0; private_global=0; IO mode=ap_vld:ce=0
Port [ out_26]:  wired=1; compound=0; hidden=0; nouse=0; global=0; static=0; extern=0; dir=1; type=0; pingpong=0; private_global=0; IO mode=ap_vld:ce=0
Port [ out_25]:  wired=1; compound=0; hidden=0; nouse=0; global=0; static=0; extern=0; dir=1; type=0; pingpong=0; private_global=0; IO mode=ap_vld:ce=0
Port [ out_24]:  wired=1; compound=0; hidden=0; nouse=0; global=0; static=0; extern=0; dir=1; type=0; pingpong=0; private_global=0; IO mode=ap_vld:ce=0
Port [ out_23]:  wired=1; compound=0; hidden=0; nouse=0; global=0; static=0; extern=0; dir=1; type=0; pingpong=0; private_global=0; IO mode=ap_vld:ce=0
Port [ out_22]:  wired=1; compound=0; hidden=0; nouse=0; global=0; static=0; extern=0; dir=1; type=0; pingpong=0; private_global=0; IO mode=ap_vld:ce=0
Port [ out_21]:  wired=1; compound=0; hidden=0; nouse=0; global=0; static=0; extern=0; dir=1; type=0; pingpong=0; private_global=0; IO mode=ap_vld:ce=0
Port [ out_20]:  wired=1; compound=0; hidden=0; nouse=0; global=0; static=0; extern=0; dir=1; type=0; pingpong=0; private_global=0; IO mode=ap_vld:ce=0
Port [ out_19]:  wired=1; compound=0; hidden=0; nouse=0; global=0; static=0; extern=0; dir=1; type=0; pingpong=0; private_global=0; IO mode=ap_vld:ce=0
Port [ out_18]:  wired=1; compound=0; hidden=0; nouse=0; global=0; static=0; extern=0; dir=1; type=0; pingpong=0; private_global=0; IO mode=ap_vld:ce=0
Port [ out_17]:  wired=1; compound=0; hidden=0; nouse=0; global=0; static=0; extern=0; dir=1; type=0; pingpong=0; private_global=0; IO mode=ap_vld:ce=0
Port [ out_16]:  wired=1; compound=0; hidden=0; nouse=0; global=0; static=0; extern=0; dir=1; type=0; pingpong=0; private_global=0; IO mode=ap_vld:ce=0
Port [ out_15]:  wired=1; compound=0; hidden=0; nouse=0; global=0; static=0; extern=0; dir=1; type=0; pingpong=0; private_global=0; IO mode=ap_vld:ce=0
Port [ out_14]:  wired=1; compound=0; hidden=0; nouse=0; global=0; static=0; extern=0; dir=1; type=0; pingpong=0; private_global=0; IO mode=ap_vld:ce=0
Port [ out_13]:  wired=1; compound=0; hidden=0; nouse=0; global=0; static=0; extern=0; dir=1; type=0; pingpong=0; private_global=0; IO mode=ap_vld:ce=0
Port [ out_12]:  wired=1; compound=0; hidden=0; nouse=0; global=0; static=0; extern=0; dir=1; type=0; pingpong=0; private_global=0; IO mode=ap_vld:ce=0
Port [ out_11]:  wired=1; compound=0; hidden=0; nouse=0; global=0; static=0; extern=0; dir=1; type=0; pingpong=0; private_global=0; IO mode=ap_vld:ce=0
Port [ out_10]:  wired=1; compound=0; hidden=0; nouse=0; global=0; static=0; extern=0; dir=1; type=0; pingpong=0; private_global=0; IO mode=ap_vld:ce=0
Port [ out_9]:  wired=1; compound=0; hidden=0; nouse=0; global=0; static=0; extern=0; dir=1; type=0; pingpong=0; private_global=0; IO mode=ap_vld:ce=0
Port [ out_8]:  wired=1; compound=0; hidden=0; nouse=0; global=0; static=0; extern=0; dir=1; type=0; pingpong=0; private_global=0; IO mode=ap_vld:ce=0
Port [ out_7]:  wired=1; compound=0; hidden=0; nouse=0; global=0; static=0; extern=0; dir=1; type=0; pingpong=0; private_global=0; IO mode=ap_vld:ce=0
Port [ out_6]:  wired=1; compound=0; hidden=0; nouse=0; global=0; static=0; extern=0; dir=1; type=0; pingpong=0; private_global=0; IO mode=ap_vld:ce=0
Port [ out_5]:  wired=1; compound=0; hidden=0; nouse=0; global=0; static=0; extern=0; dir=1; type=0; pingpong=0; private_global=0; IO mode=ap_vld:ce=0
Port [ out_4]:  wired=1; compound=0; hidden=0; nouse=0; global=0; static=0; extern=0; dir=1; type=0; pingpong=0; private_global=0; IO mode=ap_vld:ce=0
Port [ out_3]:  wired=1; compound=0; hidden=0; nouse=0; global=0; static=0; extern=0; dir=1; type=0; pingpong=0; private_global=0; IO mode=ap_vld:ce=0
Port [ out_2]:  wired=1; compound=0; hidden=0; nouse=0; global=0; static=0; extern=0; dir=1; type=0; pingpong=0; private_global=0; IO mode=ap_vld:ce=0
Port [ out_1]:  wired=1; compound=0; hidden=0; nouse=0; global=0; static=0; extern=0; dir=1; type=0; pingpong=0; private_global=0; IO mode=ap_vld:ce=0
Port [ out_stream]:  wired=1; compound=1; hidden=0; nouse=0; global=0; static=0; extern=0; dir=0; type=3; pingpong=0; private_global=0; IO mode=ap_fifo:ce=0
---------------- STG Properties END ------------------

---------------- Datapath Model BEGIN ----------------

<LifeTime>
<method=bitvector/>
i_2                     (alloca           ) [ 010]
specinterface_ln0       (specinterface    ) [ 000]
store_ln0               (store            ) [ 000]
br_ln0                  (br               ) [ 000]
i                       (load             ) [ 000]
icmp_ln105              (icmp             ) [ 010]
add_ln105               (add              ) [ 000]
br_ln105                (br               ) [ 000]
trunc_ln105             (trunc            ) [ 011]
switch_ln107            (switch           ) [ 000]
store_ln105             (store            ) [ 000]
br_ln105                (br               ) [ 000]
specpipeline_ln106      (specpipeline     ) [ 000]
speclooptripcount_ln105 (speclooptripcount) [ 000]
specloopname_ln105      (specloopname     ) [ 000]
out_stream_read         (read             ) [ 000]
write_ln107             (write            ) [ 000]
br_ln107                (br               ) [ 000]
write_ln107             (write            ) [ 000]
br_ln107                (br               ) [ 000]
write_ln107             (write            ) [ 000]
br_ln107                (br               ) [ 000]
write_ln107             (write            ) [ 000]
br_ln107                (br               ) [ 000]
write_ln107             (write            ) [ 000]
br_ln107                (br               ) [ 000]
write_ln107             (write            ) [ 000]
br_ln107                (br               ) [ 000]
write_ln107             (write            ) [ 000]
br_ln107                (br               ) [ 000]
write_ln107             (write            ) [ 000]
br_ln107                (br               ) [ 000]
write_ln107             (write            ) [ 000]
br_ln107                (br               ) [ 000]
write_ln107             (write            ) [ 000]
br_ln107                (br               ) [ 000]
write_ln107             (write            ) [ 000]
br_ln107                (br               ) [ 000]
write_ln107             (write            ) [ 000]
br_ln107                (br               ) [ 000]
write_ln107             (write            ) [ 000]
br_ln107                (br               ) [ 000]
write_ln107             (write            ) [ 000]
br_ln107                (br               ) [ 000]
write_ln107             (write            ) [ 000]
br_ln107                (br               ) [ 000]
write_ln107             (write            ) [ 000]
br_ln107                (br               ) [ 000]
write_ln107             (write            ) [ 000]
br_ln107                (br               ) [ 000]
write_ln107             (write            ) [ 000]
br_ln107                (br               ) [ 000]
write_ln107             (write            ) [ 000]
br_ln107                (br               ) [ 000]
write_ln107             (write            ) [ 000]
br_ln107                (br               ) [ 000]
write_ln107             (write            ) [ 000]
br_ln107                (br               ) [ 000]
write_ln107             (write            ) [ 000]
br_ln107                (br               ) [ 000]
write_ln107             (write            ) [ 000]
br_ln107                (br               ) [ 000]
write_ln107             (write            ) [ 000]
br_ln107                (br               ) [ 000]
write_ln107             (write            ) [ 000]
br_ln107                (br               ) [ 000]
write_ln107             (write            ) [ 000]
br_ln107                (br               ) [ 000]
write_ln107             (write            ) [ 000]
br_ln107                (br               ) [ 000]
write_ln107             (write            ) [ 000]
br_ln107                (br               ) [ 000]
write_ln107             (write            ) [ 000]
br_ln107                (br               ) [ 000]
write_ln107             (write            ) [ 000]
br_ln107                (br               ) [ 000]
write_ln107             (write            ) [ 000]
br_ln107                (br               ) [ 000]
write_ln107             (write            ) [ 000]
br_ln107                (br               ) [ 000]
write_ln107             (write            ) [ 000]
br_ln107                (br               ) [ 000]
write_ln107             (write            ) [ 000]
br_ln107                (br               ) [ 000]
write_ln107             (write            ) [ 000]
br_ln107                (br               ) [ 000]
write_ln107             (write            ) [ 000]
br_ln107                (br               ) [ 000]
write_ln107             (write            ) [ 000]
br_ln107                (br               ) [ 000]
write_ln107             (write            ) [ 000]
br_ln107                (br               ) [ 000]
write_ln107             (write            ) [ 000]
br_ln107                (br               ) [ 000]
write_ln107             (write            ) [ 000]
br_ln107                (br               ) [ 000]
write_ln107             (write            ) [ 000]
br_ln107                (br               ) [ 000]
write_ln107             (write            ) [ 000]
br_ln107                (br               ) [ 000]
write_ln107             (write            ) [ 000]
br_ln107                (br               ) [ 000]
write_ln107             (write            ) [ 000]
br_ln107                (br               ) [ 000]
write_ln107             (write            ) [ 000]
br_ln107                (br               ) [ 000]
write_ln107             (write            ) [ 000]
br_ln107                (br               ) [ 000]
write_ln107             (write            ) [ 000]
br_ln107                (br               ) [ 000]
write_ln107             (write            ) [ 000]
br_ln107                (br               ) [ 000]
write_ln107             (write            ) [ 000]
br_ln107                (br               ) [ 000]
write_ln107             (write            ) [ 000]
br_ln107                (br               ) [ 000]
write_ln107             (write            ) [ 000]
br_ln107                (br               ) [ 000]
write_ln107             (write            ) [ 000]
br_ln107                (br               ) [ 000]
write_ln107             (write            ) [ 000]
br_ln107                (br               ) [ 000]
write_ln107             (write            ) [ 000]
br_ln107                (br               ) [ 000]
write_ln107             (write            ) [ 000]
br_ln107                (br               ) [ 000]
write_ln107             (write            ) [ 000]
br_ln107                (br               ) [ 000]
write_ln107             (write            ) [ 000]
br_ln107                (br               ) [ 000]
write_ln107             (write            ) [ 000]
br_ln107                (br               ) [ 000]
write_ln107             (write            ) [ 000]
br_ln107                (br               ) [ 000]
write_ln107             (write            ) [ 000]
br_ln107                (br               ) [ 000]
write_ln107             (write            ) [ 000]
br_ln107                (br               ) [ 000]
write_ln107             (write            ) [ 000]
br_ln107                (br               ) [ 000]
write_ln107             (write            ) [ 000]
br_ln107                (br               ) [ 000]
write_ln107             (write            ) [ 000]
br_ln107                (br               ) [ 000]
ret_ln0                 (ret              ) [ 000]
</LifeTime>

<model>

<comp_list>
<comp id="0" class="1000" name="out_0">
<pin_list>
<pin id="1" dir="1" index="0" bw="1" slack="0"/>
</pin_list>
<bind>
<StgValue><ssdm name="out_0"/></StgValue>
</bind>
</comp>

<comp id="2" class="1000" name="out_63">
<pin_list>
<pin id="3" dir="1" index="0" bw="1" slack="0"/>
</pin_list>
<bind>
<StgValue><ssdm name="out_63"/></StgValue>
</bind>
</comp>

<comp id="4" class="1000" name="out_62">
<pin_list>
<pin id="5" dir="1" index="0" bw="1" slack="0"/>
</pin_list>
<bind>
<StgValue><ssdm name="out_62"/></StgValue>
</bind>
</comp>

<comp id="6" class="1000" name="out_61">
<pin_list>
<pin id="7" dir="1" index="0" bw="1" slack="0"/>
</pin_list>
<bind>
<StgValue><ssdm name="out_61"/></StgValue>
</bind>
</comp>

<comp id="8" class="1000" name="out_60">
<pin_list>
<pin id="9" dir="1" index="0" bw="1" slack="0"/>
</pin_list>
<bind>
<StgValue><ssdm name="out_60"/></StgValue>
</bind>
</comp>

<comp id="10" class="1000" name="out_59">
<pin_list>
<pin id="11" dir="1" index="0" bw="1" slack="0"/>
</pin_list>
<bind>
<StgValue><ssdm name="out_59"/></StgValue>
</bind>
</comp>

<comp id="12" class="1000" name="out_58">
<pin_list>
<pin id="13" dir="1" index="0" bw="1" slack="0"/>
</pin_list>
<bind>
<StgValue><ssdm name="out_58"/></StgValue>
</bind>
</comp>

<comp id="14" class="1000" name="out_57">
<pin_list>
<pin id="15" dir="1" index="0" bw="1" slack="0"/>
</pin_list>
<bind>
<StgValue><ssdm name="out_57"/></StgValue>
</bind>
</comp>

<comp id="16" class="1000" name="out_56">
<pin_list>
<pin id="17" dir="1" index="0" bw="1" slack="0"/>
</pin_list>
<bind>
<StgValue><ssdm name="out_56"/></StgValue>
</bind>
</comp>

<comp id="18" class="1000" name="out_55">
<pin_list>
<pin id="19" dir="1" index="0" bw="1" slack="0"/>
</pin_list>
<bind>
<StgValue><ssdm name="out_55"/></StgValue>
</bind>
</comp>

<comp id="20" class="1000" name="out_54">
<pin_list>
<pin id="21" dir="1" index="0" bw="1" slack="0"/>
</pin_list>
<bind>
<StgValue><ssdm name="out_54"/></StgValue>
</bind>
</comp>

<comp id="22" class="1000" name="out_53">
<pin_list>
<pin id="23" dir="1" index="0" bw="1" slack="0"/>
</pin_list>
<bind>
<StgValue><ssdm name="out_53"/></StgValue>
</bind>
</comp>

<comp id="24" class="1000" name="out_52">
<pin_list>
<pin id="25" dir="1" index="0" bw="1" slack="0"/>
</pin_list>
<bind>
<StgValue><ssdm name="out_52"/></StgValue>
</bind>
</comp>

<comp id="26" class="1000" name="out_51">
<pin_list>
<pin id="27" dir="1" index="0" bw="1" slack="0"/>
</pin_list>
<bind>
<StgValue><ssdm name="out_51"/></StgValue>
</bind>
</comp>

<comp id="28" class="1000" name="out_50">
<pin_list>
<pin id="29" dir="1" index="0" bw="1" slack="0"/>
</pin_list>
<bind>
<StgValue><ssdm name="out_50"/></StgValue>
</bind>
</comp>

<comp id="30" class="1000" name="out_49">
<pin_list>
<pin id="31" dir="1" index="0" bw="1" slack="0"/>
</pin_list>
<bind>
<StgValue><ssdm name="out_49"/></StgValue>
</bind>
</comp>

<comp id="32" class="1000" name="out_48">
<pin_list>
<pin id="33" dir="1" index="0" bw="1" slack="0"/>
</pin_list>
<bind>
<StgValue><ssdm name="out_48"/></StgValue>
</bind>
</comp>

<comp id="34" class="1000" name="out_47">
<pin_list>
<pin id="35" dir="1" index="0" bw="1" slack="0"/>
</pin_list>
<bind>
<StgValue><ssdm name="out_47"/></StgValue>
</bind>
</comp>

<comp id="36" class="1000" name="out_46">
<pin_list>
<pin id="37" dir="1" index="0" bw="1" slack="0"/>
</pin_list>
<bind>
<StgValue><ssdm name="out_46"/></StgValue>
</bind>
</comp>

<comp id="38" class="1000" name="out_45">
<pin_list>
<pin id="39" dir="1" index="0" bw="1" slack="0"/>
</pin_list>
<bind>
<StgValue><ssdm name="out_45"/></StgValue>
</bind>
</comp>

<comp id="40" class="1000" name="out_44">
<pin_list>
<pin id="41" dir="1" index="0" bw="1" slack="0"/>
</pin_list>
<bind>
<StgValue><ssdm name="out_44"/></StgValue>
</bind>
</comp>

<comp id="42" class="1000" name="out_43">
<pin_list>
<pin id="43" dir="1" index="0" bw="1" slack="0"/>
</pin_list>
<bind>
<StgValue><ssdm name="out_43"/></StgValue>
</bind>
</comp>

<comp id="44" class="1000" name="out_42">
<pin_list>
<pin id="45" dir="1" index="0" bw="1" slack="0"/>
</pin_list>
<bind>
<StgValue><ssdm name="out_42"/></StgValue>
</bind>
</comp>

<comp id="46" class="1000" name="out_41">
<pin_list>
<pin id="47" dir="1" index="0" bw="1" slack="0"/>
</pin_list>
<bind>
<StgValue><ssdm name="out_41"/></StgValue>
</bind>
</comp>

<comp id="48" class="1000" name="out_40">
<pin_list>
<pin id="49" dir="1" index="0" bw="1" slack="0"/>
</pin_list>
<bind>
<StgValue><ssdm name="out_40"/></StgValue>
</bind>
</comp>

<comp id="50" class="1000" name="out_39">
<pin_list>
<pin id="51" dir="1" index="0" bw="1" slack="0"/>
</pin_list>
<bind>
<StgValue><ssdm name="out_39"/></StgValue>
</bind>
</comp>

<comp id="52" class="1000" name="out_38">
<pin_list>
<pin id="53" dir="1" index="0" bw="1" slack="0"/>
</pin_list>
<bind>
<StgValue><ssdm name="out_38"/></StgValue>
</bind>
</comp>

<comp id="54" class="1000" name="out_37">
<pin_list>
<pin id="55" dir="1" index="0" bw="1" slack="0"/>
</pin_list>
<bind>
<StgValue><ssdm name="out_37"/></StgValue>
</bind>
</comp>

<comp id="56" class="1000" name="out_36">
<pin_list>
<pin id="57" dir="1" index="0" bw="1" slack="0"/>
</pin_list>
<bind>
<StgValue><ssdm name="out_36"/></StgValue>
</bind>
</comp>

<comp id="58" class="1000" name="out_35">
<pin_list>
<pin id="59" dir="1" index="0" bw="1" slack="0"/>
</pin_list>
<bind>
<StgValue><ssdm name="out_35"/></StgValue>
</bind>
</comp>

<comp id="60" class="1000" name="out_34">
<pin_list>
<pin id="61" dir="1" index="0" bw="1" slack="0"/>
</pin_list>
<bind>
<StgValue><ssdm name="out_34"/></StgValue>
</bind>
</comp>

<comp id="62" class="1000" name="out_33">
<pin_list>
<pin id="63" dir="1" index="0" bw="1" slack="0"/>
</pin_list>
<bind>
<StgValue><ssdm name="out_33"/></StgValue>
</bind>
</comp>

<comp id="64" class="1000" name="out_32">
<pin_list>
<pin id="65" dir="1" index="0" bw="1" slack="0"/>
</pin_list>
<bind>
<StgValue><ssdm name="out_32"/></StgValue>
</bind>
</comp>

<comp id="66" class="1000" name="out_31">
<pin_list>
<pin id="67" dir="1" index="0" bw="1" slack="0"/>
</pin_list>
<bind>
<StgValue><ssdm name="out_31"/></StgValue>
</bind>
</comp>

<comp id="68" class="1000" name="out_30">
<pin_list>
<pin id="69" dir="1" index="0" bw="1" slack="0"/>
</pin_list>
<bind>
<StgValue><ssdm name="out_30"/></StgValue>
</bind>
</comp>

<comp id="70" class="1000" name="out_29">
<pin_list>
<pin id="71" dir="1" index="0" bw="1" slack="0"/>
</pin_list>
<bind>
<StgValue><ssdm name="out_29"/></StgValue>
</bind>
</comp>

<comp id="72" class="1000" name="out_28">
<pin_list>
<pin id="73" dir="1" index="0" bw="1" slack="0"/>
</pin_list>
<bind>
<StgValue><ssdm name="out_28"/></StgValue>
</bind>
</comp>

<comp id="74" class="1000" name="out_27">
<pin_list>
<pin id="75" dir="1" index="0" bw="1" slack="0"/>
</pin_list>
<bind>
<StgValue><ssdm name="out_27"/></StgValue>
</bind>
</comp>

<comp id="76" class="1000" name="out_26">
<pin_list>
<pin id="77" dir="1" index="0" bw="1" slack="0"/>
</pin_list>
<bind>
<StgValue><ssdm name="out_26"/></StgValue>
</bind>
</comp>

<comp id="78" class="1000" name="out_25">
<pin_list>
<pin id="79" dir="1" index="0" bw="1" slack="0"/>
</pin_list>
<bind>
<StgValue><ssdm name="out_25"/></StgValue>
</bind>
</comp>

<comp id="80" class="1000" name="out_24">
<pin_list>
<pin id="81" dir="1" index="0" bw="1" slack="0"/>
</pin_list>
<bind>
<StgValue><ssdm name="out_24"/></StgValue>
</bind>
</comp>

<comp id="82" class="1000" name="out_23">
<pin_list>
<pin id="83" dir="1" index="0" bw="1" slack="0"/>
</pin_list>
<bind>
<StgValue><ssdm name="out_23"/></StgValue>
</bind>
</comp>

<comp id="84" class="1000" name="out_22">
<pin_list>
<pin id="85" dir="1" index="0" bw="1" slack="0"/>
</pin_list>
<bind>
<StgValue><ssdm name="out_22"/></StgValue>
</bind>
</comp>

<comp id="86" class="1000" name="out_21">
<pin_list>
<pin id="87" dir="1" index="0" bw="1" slack="0"/>
</pin_list>
<bind>
<StgValue><ssdm name="out_21"/></StgValue>
</bind>
</comp>

<comp id="88" class="1000" name="out_20">
<pin_list>
<pin id="89" dir="1" index="0" bw="1" slack="0"/>
</pin_list>
<bind>
<StgValue><ssdm name="out_20"/></StgValue>
</bind>
</comp>

<comp id="90" class="1000" name="out_19">
<pin_list>
<pin id="91" dir="1" index="0" bw="1" slack="0"/>
</pin_list>
<bind>
<StgValue><ssdm name="out_19"/></StgValue>
</bind>
</comp>

<comp id="92" class="1000" name="out_18">
<pin_list>
<pin id="93" dir="1" index="0" bw="1" slack="0"/>
</pin_list>
<bind>
<StgValue><ssdm name="out_18"/></StgValue>
</bind>
</comp>

<comp id="94" class="1000" name="out_17">
<pin_list>
<pin id="95" dir="1" index="0" bw="1" slack="0"/>
</pin_list>
<bind>
<StgValue><ssdm name="out_17"/></StgValue>
</bind>
</comp>

<comp id="96" class="1000" name="out_16">
<pin_list>
<pin id="97" dir="1" index="0" bw="1" slack="0"/>
</pin_list>
<bind>
<StgValue><ssdm name="out_16"/></StgValue>
</bind>
</comp>

<comp id="98" class="1000" name="out_15">
<pin_list>
<pin id="99" dir="1" index="0" bw="1" slack="0"/>
</pin_list>
<bind>
<StgValue><ssdm name="out_15"/></StgValue>
</bind>
</comp>

<comp id="100" class="1000" name="out_14">
<pin_list>
<pin id="101" dir="1" index="0" bw="1" slack="0"/>
</pin_list>
<bind>
<StgValue><ssdm name="out_14"/></StgValue>
</bind>
</comp>

<comp id="102" class="1000" name="out_13">
<pin_list>
<pin id="103" dir="1" index="0" bw="1" slack="0"/>
</pin_list>
<bind>
<StgValue><ssdm name="out_13"/></StgValue>
</bind>
</comp>

<comp id="104" class="1000" name="out_12">
<pin_list>
<pin id="105" dir="1" index="0" bw="1" slack="0"/>
</pin_list>
<bind>
<StgValue><ssdm name="out_12"/></StgValue>
</bind>
</comp>

<comp id="106" class="1000" name="out_11">
<pin_list>
<pin id="107" dir="1" index="0" bw="1" slack="0"/>
</pin_list>
<bind>
<StgValue><ssdm name="out_11"/></StgValue>
</bind>
</comp>

<comp id="108" class="1000" name="out_10">
<pin_list>
<pin id="109" dir="1" index="0" bw="1" slack="0"/>
</pin_list>
<bind>
<StgValue><ssdm name="out_10"/></StgValue>
</bind>
</comp>

<comp id="110" class="1000" name="out_9">
<pin_list>
<pin id="111" dir="1" index="0" bw="1" slack="0"/>
</pin_list>
<bind>
<StgValue><ssdm name="out_9"/></StgValue>
</bind>
</comp>

<comp id="112" class="1000" name="out_8">
<pin_list>
<pin id="113" dir="1" index="0" bw="1" slack="0"/>
</pin_list>
<bind>
<StgValue><ssdm name="out_8"/></StgValue>
</bind>
</comp>

<comp id="114" class="1000" name="out_7">
<pin_list>
<pin id="115" dir="1" index="0" bw="1" slack="0"/>
</pin_list>
<bind>
<StgValue><ssdm name="out_7"/></StgValue>
</bind>
</comp>

<comp id="116" class="1000" name="out_6">
<pin_list>
<pin id="117" dir="1" index="0" bw="1" slack="0"/>
</pin_list>
<bind>
<StgValue><ssdm name="out_6"/></StgValue>
</bind>
</comp>

<comp id="118" class="1000" name="out_5">
<pin_list>
<pin id="119" dir="1" index="0" bw="1" slack="0"/>
</pin_list>
<bind>
<StgValue><ssdm name="out_5"/></StgValue>
</bind>
</comp>

<comp id="120" class="1000" name="out_4">
<pin_list>
<pin id="121" dir="1" index="0" bw="1" slack="0"/>
</pin_list>
<bind>
<StgValue><ssdm name="out_4"/></StgValue>
</bind>
</comp>

<comp id="122" class="1000" name="out_3">
<pin_list>
<pin id="123" dir="1" index="0" bw="1" slack="0"/>
</pin_list>
<bind>
<StgValue><ssdm name="out_3"/></StgValue>
</bind>
</comp>

<comp id="124" class="1000" name="out_2">
<pin_list>
<pin id="125" dir="1" index="0" bw="1" slack="0"/>
</pin_list>
<bind>
<StgValue><ssdm name="out_2"/></StgValue>
</bind>
</comp>

<comp id="126" class="1000" name="out_1">
<pin_list>
<pin id="127" dir="1" index="0" bw="1" slack="0"/>
</pin_list>
<bind>
<StgValue><ssdm name="out_1"/></StgValue>
</bind>
</comp>

<comp id="128" class="1000" name="out_stream">
<pin_list>
<pin id="129" dir="1" index="0" bw="1" slack="0"/>
</pin_list>
<bind>
<StgValue><ssdm name="out_stream"/></StgValue>
</bind>
</comp>

<comp id="130" class="1001" name="const_130">
<pin_list>
<pin id="131" dir="1" index="0" bw="1" slack="0"/>
</pin_list>
<bind>
<StgValue><ssdm name=""/></StgValue>
</bind>
</comp>

<comp id="132" class="1001" name="const_132">
<pin_list>
<pin id="133" dir="1" index="0" bw="1" slack="2147483647"/>
</pin_list>
<bind>
<StgValue><ssdm name="_ssdm_op_SpecInterface"/></StgValue>
</bind>
</comp>

<comp id="134" class="1001" name="const_134">
<pin_list>
<pin id="135" dir="1" index="0" bw="1" slack="2147483647"/>
</pin_list>
<bind>
<StgValue><ssdm name="empty_3"/></StgValue>
</bind>
</comp>

<comp id="136" class="1001" name="const_136">
<pin_list>
<pin id="137" dir="1" index="0" bw="1" slack="2147483647"/>
</pin_list>
<bind>
<StgValue><ssdm name=""/></StgValue>
</bind>
</comp>

<comp id="138" class="1001" name="const_138">
<pin_list>
<pin id="139" dir="1" index="0" bw="1" slack="2147483647"/>
</pin_list>
<bind>
<StgValue><ssdm name="empty_5"/></StgValue>
</bind>
</comp>

<comp id="140" class="1001" name="const_140">
<pin_list>
<pin id="141" dir="1" index="0" bw="1" slack="2147483647"/>
</pin_list>
<bind>
<StgValue><ssdm name=""/></StgValue>
</bind>
</comp>

<comp id="142" class="1001" name="const_142">
<pin_list>
<pin id="143" dir="1" index="0" bw="1" slack="0"/>
</pin_list>
<bind>
<StgValue><ssdm name=""/></StgValue>
</bind>
</comp>

<comp id="144" class="1001" name="const_144">
<pin_list>
<pin id="145" dir="1" index="0" bw="1" slack="0"/>
</pin_list>
<bind>
<StgValue><ssdm name=""/></StgValue>
</bind>
</comp>

<comp id="146" class="1001" name="const_146">
<pin_list>
<pin id="147" dir="1" index="0" bw="1" slack="0"/>
</pin_list>
<bind>
<StgValue><ssdm name=""/></StgValue>
</bind>
</comp>

<comp id="148" class="1001" name="const_148">
<pin_list>
<pin id="149" dir="1" index="0" bw="1" slack="2147483647"/>
</pin_list>
<bind>
<StgValue><ssdm name=""/></StgValue>
</bind>
</comp>

<comp id="150" class="1001" name="const_150">
<pin_list>
<pin id="151" dir="1" index="0" bw="1" slack="2147483647"/>
</pin_list>
<bind>
<StgValue><ssdm name=""/></StgValue>
</bind>
</comp>

<comp id="152" class="1001" name="const_152">
<pin_list>
<pin id="153" dir="1" index="0" bw="1" slack="2147483647"/>
</pin_list>
<bind>
<StgValue><ssdm name=""/></StgValue>
</bind>
</comp>

<comp id="154" class="1001" name="const_154">
<pin_list>
<pin id="155" dir="1" index="0" bw="1" slack="2147483647"/>
</pin_list>
<bind>
<StgValue><ssdm name=""/></StgValue>
</bind>
</comp>

<comp id="156" class="1001" name="const_156">
<pin_list>
<pin id="157" dir="1" index="0" bw="1" slack="2147483647"/>
</pin_list>
<bind>
<StgValue><ssdm name=""/></StgValue>
</bind>
</comp>

<comp id="158" class="1001" name="const_158">
<pin_list>
<pin id="159" dir="1" index="0" bw="1" slack="2147483647"/>
</pin_list>
<bind>
<StgValue><ssdm name=""/></StgValue>
</bind>
</comp>

<comp id="160" class="1001" name="const_160">
<pin_list>
<pin id="161" dir="1" index="0" bw="1" slack="2147483647"/>
</pin_list>
<bind>
<StgValue><ssdm name=""/></StgValue>
</bind>
</comp>

<comp id="162" class="1001" name="const_162">
<pin_list>
<pin id="163" dir="1" index="0" bw="1" slack="2147483647"/>
</pin_list>
<bind>
<StgValue><ssdm name=""/></StgValue>
</bind>
</comp>

<comp id="164" class="1001" name="const_164">
<pin_list>
<pin id="165" dir="1" index="0" bw="1" slack="2147483647"/>
</pin_list>
<bind>
<StgValue><ssdm name=""/></StgValue>
</bind>
</comp>

<comp id="166" class="1001" name="const_166">
<pin_list>
<pin id="167" dir="1" index="0" bw="1" slack="2147483647"/>
</pin_list>
<bind>
<StgValue><ssdm name=""/></StgValue>
</bind>
</comp>

<comp id="168" class="1001" name="const_168">
<pin_list>
<pin id="169" dir="1" index="0" bw="1" slack="2147483647"/>
</pin_list>
<bind>
<StgValue><ssdm name=""/></StgValue>
</bind>
</comp>

<comp id="170" class="1001" name="const_170">
<pin_list>
<pin id="171" dir="1" index="0" bw="1" slack="2147483647"/>
</pin_list>
<bind>
<StgValue><ssdm name=""/></StgValue>
</bind>
</comp>

<comp id="172" class="1001" name="const_172">
<pin_list>
<pin id="173" dir="1" index="0" bw="1" slack="2147483647"/>
</pin_list>
<bind>
<StgValue><ssdm name=""/></StgValue>
</bind>
</comp>

<comp id="174" class="1001" name="const_174">
<pin_list>
<pin id="175" dir="1" index="0" bw="1" slack="2147483647"/>
</pin_list>
<bind>
<StgValue><ssdm name=""/></StgValue>
</bind>
</comp>

<comp id="176" class="1001" name="const_176">
<pin_list>
<pin id="177" dir="1" index="0" bw="1" slack="2147483647"/>
</pin_list>
<bind>
<StgValue><ssdm name=""/></StgValue>
</bind>
</comp>

<comp id="178" class="1001" name="const_178">
<pin_list>
<pin id="179" dir="1" index="0" bw="1" slack="2147483647"/>
</pin_list>
<bind>
<StgValue><ssdm name=""/></StgValue>
</bind>
</comp>

<comp id="180" class="1001" name="const_180">
<pin_list>
<pin id="181" dir="1" index="0" bw="1" slack="2147483647"/>
</pin_list>
<bind>
<StgValue><ssdm name=""/></StgValue>
</bind>
</comp>

<comp id="182" class="1001" name="const_182">
<pin_list>
<pin id="183" dir="1" index="0" bw="1" slack="2147483647"/>
</pin_list>
<bind>
<StgValue><ssdm name=""/></StgValue>
</bind>
</comp>

<comp id="184" class="1001" name="const_184">
<pin_list>
<pin id="185" dir="1" index="0" bw="1" slack="2147483647"/>
</pin_list>
<bind>
<StgValue><ssdm name=""/></StgValue>
</bind>
</comp>

<comp id="186" class="1001" name="const_186">
<pin_list>
<pin id="187" dir="1" index="0" bw="1" slack="2147483647"/>
</pin_list>
<bind>
<StgValue><ssdm name=""/></StgValue>
</bind>
</comp>

<comp id="188" class="1001" name="const_188">
<pin_list>
<pin id="189" dir="1" index="0" bw="1" slack="2147483647"/>
</pin_list>
<bind>
<StgValue><ssdm name=""/></StgValue>
</bind>
</comp>

<comp id="190" class="1001" name="const_190">
<pin_list>
<pin id="191" dir="1" index="0" bw="1" slack="2147483647"/>
</pin_list>
<bind>
<StgValue><ssdm name=""/></StgValue>
</bind>
</comp>

<comp id="192" class="1001" name="const_192">
<pin_list>
<pin id="193" dir="1" index="0" bw="1" slack="2147483647"/>
</pin_list>
<bind>
<StgValue><ssdm name=""/></StgValue>
</bind>
</comp>

<comp id="194" class="1001" name="const_194">
<pin_list>
<pin id="195" dir="1" index="0" bw="1" slack="2147483647"/>
</pin_list>
<bind>
<StgValue><ssdm name=""/></StgValue>
</bind>
</comp>

<comp id="196" class="1001" name="const_196">
<pin_list>
<pin id="197" dir="1" index="0" bw="1" slack="2147483647"/>
</pin_list>
<bind>
<StgValue><ssdm name=""/></StgValue>
</bind>
</comp>

<comp id="198" class="1001" name="const_198">
<pin_list>
<pin id="199" dir="1" index="0" bw="1" slack="2147483647"/>
</pin_list>
<bind>
<StgValue><ssdm name=""/></StgValue>
</bind>
</comp>

<comp id="200" class="1001" name="const_200">
<pin_list>
<pin id="201" dir="1" index="0" bw="1" slack="2147483647"/>
</pin_list>
<bind>
<StgValue><ssdm name=""/></StgValue>
</bind>
</comp>

<comp id="202" class="1001" name="const_202">
<pin_list>
<pin id="203" dir="1" index="0" bw="1" slack="2147483647"/>
</pin_list>
<bind>
<StgValue><ssdm name=""/></StgValue>
</bind>
</comp>

<comp id="204" class="1001" name="const_204">
<pin_list>
<pin id="205" dir="1" index="0" bw="1" slack="2147483647"/>
</pin_list>
<bind>
<StgValue><ssdm name=""/></StgValue>
</bind>
</comp>

<comp id="206" class="1001" name="const_206">
<pin_list>
<pin id="207" dir="1" index="0" bw="1" slack="2147483647"/>
</pin_list>
<bind>
<StgValue><ssdm name=""/></StgValue>
</bind>
</comp>

<comp id="208" class="1001" name="const_208">
<pin_list>
<pin id="209" dir="1" index="0" bw="1" slack="2147483647"/>
</pin_list>
<bind>
<StgValue><ssdm name=""/></StgValue>
</bind>
</comp>

<comp id="210" class="1001" name="const_210">
<pin_list>
<pin id="211" dir="1" index="0" bw="1" slack="2147483647"/>
</pin_list>
<bind>
<StgValue><ssdm name=""/></StgValue>
</bind>
</comp>

<comp id="212" class="1001" name="const_212">
<pin_list>
<pin id="213" dir="1" index="0" bw="1" slack="2147483647"/>
</pin_list>
<bind>
<StgValue><ssdm name=""/></StgValue>
</bind>
</comp>

<comp id="214" class="1001" name="const_214">
<pin_list>
<pin id="215" dir="1" index="0" bw="1" slack="2147483647"/>
</pin_list>
<bind>
<StgValue><ssdm name=""/></StgValue>
</bind>
</comp>

<comp id="216" class="1001" name="const_216">
<pin_list>
<pin id="217" dir="1" index="0" bw="1" slack="2147483647"/>
</pin_list>
<bind>
<StgValue><ssdm name=""/></StgValue>
</bind>
</comp>

<comp id="218" class="1001" name="const_218">
<pin_list>
<pin id="219" dir="1" index="0" bw="1" slack="2147483647"/>
</pin_list>
<bind>
<StgValue><ssdm name=""/></StgValue>
</bind>
</comp>

<comp id="220" class="1001" name="const_220">
<pin_list>
<pin id="221" dir="1" index="0" bw="1" slack="2147483647"/>
</pin_list>
<bind>
<StgValue><ssdm name=""/></StgValue>
</bind>
</comp>

<comp id="222" class="1001" name="const_222">
<pin_list>
<pin id="223" dir="1" index="0" bw="1" slack="2147483647"/>
</pin_list>
<bind>
<StgValue><ssdm name=""/></StgValue>
</bind>
</comp>

<comp id="224" class="1001" name="const_224">
<pin_list>
<pin id="225" dir="1" index="0" bw="1" slack="2147483647"/>
</pin_list>
<bind>
<StgValue><ssdm name=""/></StgValue>
</bind>
</comp>

<comp id="226" class="1001" name="const_226">
<pin_list>
<pin id="227" dir="1" index="0" bw="1" slack="2147483647"/>
</pin_list>
<bind>
<StgValue><ssdm name=""/></StgValue>
</bind>
</comp>

<comp id="228" class="1001" name="const_228">
<pin_list>
<pin id="229" dir="1" index="0" bw="1" slack="2147483647"/>
</pin_list>
<bind>
<StgValue><ssdm name=""/></StgValue>
</bind>
</comp>

<comp id="230" class="1001" name="const_230">
<pin_list>
<pin id="231" dir="1" index="0" bw="1" slack="2147483647"/>
</pin_list>
<bind>
<StgValue><ssdm name=""/></StgValue>
</bind>
</comp>

<comp id="232" class="1001" name="const_232">
<pin_list>
<pin id="233" dir="1" index="0" bw="1" slack="2147483647"/>
</pin_list>
<bind>
<StgValue><ssdm name=""/></StgValue>
</bind>
</comp>

<comp id="234" class="1001" name="const_234">
<pin_list>
<pin id="235" dir="1" index="0" bw="1" slack="2147483647"/>
</pin_list>
<bind>
<StgValue><ssdm name=""/></StgValue>
</bind>
</comp>

<comp id="236" class="1001" name="const_236">
<pin_list>
<pin id="237" dir="1" index="0" bw="1" slack="2147483647"/>
</pin_list>
<bind>
<StgValue><ssdm name=""/></StgValue>
</bind>
</comp>

<comp id="238" class="1001" name="const_238">
<pin_list>
<pin id="239" dir="1" index="0" bw="1" slack="2147483647"/>
</pin_list>
<bind>
<StgValue><ssdm name=""/></StgValue>
</bind>
</comp>

<comp id="240" class="1001" name="const_240">
<pin_list>
<pin id="241" dir="1" index="0" bw="1" slack="2147483647"/>
</pin_list>
<bind>
<StgValue><ssdm name=""/></StgValue>
</bind>
</comp>

<comp id="242" class="1001" name="const_242">
<pin_list>
<pin id="243" dir="1" index="0" bw="1" slack="2147483647"/>
</pin_list>
<bind>
<StgValue><ssdm name=""/></StgValue>
</bind>
</comp>

<comp id="244" class="1001" name="const_244">
<pin_list>
<pin id="245" dir="1" index="0" bw="1" slack="2147483647"/>
</pin_list>
<bind>
<StgValue><ssdm name=""/></StgValue>
</bind>
</comp>

<comp id="246" class="1001" name="const_246">
<pin_list>
<pin id="247" dir="1" index="0" bw="1" slack="2147483647"/>
</pin_list>
<bind>
<StgValue><ssdm name=""/></StgValue>
</bind>
</comp>

<comp id="248" class="1001" name="const_248">
<pin_list>
<pin id="249" dir="1" index="0" bw="1" slack="2147483647"/>
</pin_list>
<bind>
<StgValue><ssdm name=""/></StgValue>
</bind>
</comp>

<comp id="250" class="1001" name="const_250">
<pin_list>
<pin id="251" dir="1" index="0" bw="1" slack="2147483647"/>
</pin_list>
<bind>
<StgValue><ssdm name=""/></StgValue>
</bind>
</comp>

<comp id="252" class="1001" name="const_252">
<pin_list>
<pin id="253" dir="1" index="0" bw="1" slack="2147483647"/>
</pin_list>
<bind>
<StgValue><ssdm name=""/></StgValue>
</bind>
</comp>

<comp id="254" class="1001" name="const_254">
<pin_list>
<pin id="255" dir="1" index="0" bw="1" slack="2147483647"/>
</pin_list>
<bind>
<StgValue><ssdm name=""/></StgValue>
</bind>
</comp>

<comp id="256" class="1001" name="const_256">
<pin_list>
<pin id="257" dir="1" index="0" bw="1" slack="2147483647"/>
</pin_list>
<bind>
<StgValue><ssdm name=""/></StgValue>
</bind>
</comp>

<comp id="258" class="1001" name="const_258">
<pin_list>
<pin id="259" dir="1" index="0" bw="1" slack="2147483647"/>
</pin_list>
<bind>
<StgValue><ssdm name=""/></StgValue>
</bind>
</comp>

<comp id="260" class="1001" name="const_260">
<pin_list>
<pin id="261" dir="1" index="0" bw="1" slack="2147483647"/>
</pin_list>
<bind>
<StgValue><ssdm name=""/></StgValue>
</bind>
</comp>

<comp id="262" class="1001" name="const_262">
<pin_list>
<pin id="263" dir="1" index="0" bw="1" slack="2147483647"/>
</pin_list>
<bind>
<StgValue><ssdm name=""/></StgValue>
</bind>
</comp>

<comp id="264" class="1001" name="const_264">
<pin_list>
<pin id="265" dir="1" index="0" bw="1" slack="2147483647"/>
</pin_list>
<bind>
<StgValue><ssdm name=""/></StgValue>
</bind>
</comp>

<comp id="266" class="1001" name="const_266">
<pin_list>
<pin id="267" dir="1" index="0" bw="1" slack="2147483647"/>
</pin_list>
<bind>
<StgValue><ssdm name=""/></StgValue>
</bind>
</comp>

<comp id="268" class="1001" name="const_268">
<pin_list>
<pin id="269" dir="1" index="0" bw="1" slack="2147483647"/>
</pin_list>
<bind>
<StgValue><ssdm name=""/></StgValue>
</bind>
</comp>

<comp id="270" class="1001" name="const_270">
<pin_list>
<pin id="271" dir="1" index="0" bw="1" slack="2147483647"/>
</pin_list>
<bind>
<StgValue><ssdm name=""/></StgValue>
</bind>
</comp>

<comp id="272" class="1001" name="const_272">
<pin_list>
<pin id="273" dir="1" index="0" bw="1" slack="2147483647"/>
</pin_list>
<bind>
<StgValue><ssdm name=""/></StgValue>
</bind>
</comp>

<comp id="274" class="1001" name="const_274">
<pin_list>
<pin id="275" dir="1" index="0" bw="1" slack="2147483647"/>
</pin_list>
<bind>
<StgValue><ssdm name="_ssdm_op_SpecPipeline"/></StgValue>
</bind>
</comp>

<comp id="276" class="1001" name="const_276">
<pin_list>
<pin id="277" dir="1" index="0" bw="1" slack="2147483647"/>
</pin_list>
<bind>
<StgValue><ssdm name="_ssdm_op_SpecLoopTripCount"/></StgValue>
</bind>
</comp>

<comp id="278" class="1001" name="const_278">
<pin_list>
<pin id="279" dir="1" index="0" bw="1" slack="2147483647"/>
</pin_list>
<bind>
<StgValue><ssdm name=""/></StgValue>
</bind>
</comp>

<comp id="280" class="1001" name="const_280">
<pin_list>
<pin id="281" dir="1" index="0" bw="1" slack="2147483647"/>
</pin_list>
<bind>
<StgValue><ssdm name="_ssdm_op_SpecLoopName"/></StgValue>
</bind>
</comp>

<comp id="282" class="1001" name="const_282">
<pin_list>
<pin id="283" dir="1" index="0" bw="1" slack="2147483647"/>
</pin_list>
<bind>
<StgValue><ssdm name="empty_0"/></StgValue>
</bind>
</comp>

<comp id="284" class="1001" name="const_284">
<pin_list>
<pin id="285" dir="1" index="0" bw="1" slack="0"/>
</pin_list>
<bind>
<StgValue><ssdm name="_ssdm_op_Read.ap_fifo.volatile.i1P0A"/></StgValue>
</bind>
</comp>

<comp id="286" class="1001" name="const_286">
<pin_list>
<pin id="287" dir="1" index="0" bw="1" slack="0"/>
</pin_list>
<bind>
<StgValue><ssdm name="_ssdm_op_Write.ap_auto.i1P0A"/></StgValue>
</bind>
</comp>

<comp id="288" class="1004" name="i_2_fu_288">
<pin_list>
<pin id="289" dir="0" index="0" bw="1" slack="0"/>
<pin id="290" dir="1" index="1" bw="7" slack="0"/>
</pin_list>
<bind>
<opcode="alloca(26) " fcode="alloca"/>
<opset="i_2/1 "/>
</bind>
</comp>

<comp id="292" class="1004" name="out_stream_read_read_fu_292">
<pin_list>
<pin id="293" dir="0" index="0" bw="1" slack="0"/>
<pin id="294" dir="0" index="1" bw="1" slack="0"/>
<pin id="295" dir="1" index="2" bw="1" slack="0"/>
</pin_list>
<bind>
<opcode="read(1150) " fcode="read"/>
<opset="out_stream_read/2 "/>
</bind>
</comp>

<comp id="298" class="1004" name="write_ln107_write_fu_298">
<pin_list>
<pin id="299" dir="0" index="0" bw="0" slack="0"/>
<pin id="300" dir="0" index="1" bw="1" slack="0"/>
<pin id="301" dir="0" index="2" bw="1" slack="0"/>
<pin id="302" dir="1" index="3" bw="0" slack="2147483647"/>
</pin_list>
<bind>
<opcode="write(1151) " fcode="write"/>
<opset="write_ln107/2 "/>
</bind>
</comp>

<comp id="306" class="1004" name="write_ln107_write_fu_306">
<pin_list>
<pin id="307" dir="0" index="0" bw="0" slack="0"/>
<pin id="308" dir="0" index="1" bw="1" slack="0"/>
<pin id="309" dir="0" index="2" bw="1" slack="0"/>
<pin id="310" dir="1" index="3" bw="0" slack="2147483647"/>
</pin_list>
<bind>
<opcode="write(1151) " fcode="write"/>
<opset="write_ln107/2 "/>
</bind>
</comp>

<comp id="314" class="1004" name="write_ln107_write_fu_314">
<pin_list>
<pin id="315" dir="0" index="0" bw="0" slack="0"/>
<pin id="316" dir="0" index="1" bw="1" slack="0"/>
<pin id="317" dir="0" index="2" bw="1" slack="0"/>
<pin id="318" dir="1" index="3" bw="0" slack="2147483647"/>
</pin_list>
<bind>
<opcode="write(1151) " fcode="write"/>
<opset="write_ln107/2 "/>
</bind>
</comp>

<comp id="322" class="1004" name="write_ln107_write_fu_322">
<pin_list>
<pin id="323" dir="0" index="0" bw="0" slack="0"/>
<pin id="324" dir="0" index="1" bw="1" slack="0"/>
<pin id="325" dir="0" index="2" bw="1" slack="0"/>
<pin id="326" dir="1" index="3" bw="0" slack="2147483647"/>
</pin_list>
<bind>
<opcode="write(1151) " fcode="write"/>
<opset="write_ln107/2 "/>
</bind>
</comp>

<comp id="330" class="1004" name="write_ln107_write_fu_330">
<pin_list>
<pin id="331" dir="0" index="0" bw="0" slack="0"/>
<pin id="332" dir="0" index="1" bw="1" slack="0"/>
<pin id="333" dir="0" index="2" bw="1" slack="0"/>
<pin id="334" dir="1" index="3" bw="0" slack="2147483647"/>
</pin_list>
<bind>
<opcode="write(1151) " fcode="write"/>
<opset="write_ln107/2 "/>
</bind>
</comp>

<comp id="338" class="1004" name="write_ln107_write_fu_338">
<pin_list>
<pin id="339" dir="0" index="0" bw="0" slack="0"/>
<pin id="340" dir="0" index="1" bw="1" slack="0"/>
<pin id="341" dir="0" index="2" bw="1" slack="0"/>
<pin id="342" dir="1" index="3" bw="0" slack="2147483647"/>
</pin_list>
<bind>
<opcode="write(1151) " fcode="write"/>
<opset="write_ln107/2 "/>
</bind>
</comp>

<comp id="346" class="1004" name="write_ln107_write_fu_346">
<pin_list>
<pin id="347" dir="0" index="0" bw="0" slack="0"/>
<pin id="348" dir="0" index="1" bw="1" slack="0"/>
<pin id="349" dir="0" index="2" bw="1" slack="0"/>
<pin id="350" dir="1" index="3" bw="0" slack="2147483647"/>
</pin_list>
<bind>
<opcode="write(1151) " fcode="write"/>
<opset="write_ln107/2 "/>
</bind>
</comp>

<comp id="354" class="1004" name="write_ln107_write_fu_354">
<pin_list>
<pin id="355" dir="0" index="0" bw="0" slack="0"/>
<pin id="356" dir="0" index="1" bw="1" slack="0"/>
<pin id="357" dir="0" index="2" bw="1" slack="0"/>
<pin id="358" dir="1" index="3" bw="0" slack="2147483647"/>
</pin_list>
<bind>
<opcode="write(1151) " fcode="write"/>
<opset="write_ln107/2 "/>
</bind>
</comp>

<comp id="362" class="1004" name="write_ln107_write_fu_362">
<pin_list>
<pin id="363" dir="0" index="0" bw="0" slack="0"/>
<pin id="364" dir="0" index="1" bw="1" slack="0"/>
<pin id="365" dir="0" index="2" bw="1" slack="0"/>
<pin id="366" dir="1" index="3" bw="0" slack="2147483647"/>
</pin_list>
<bind>
<opcode="write(1151) " fcode="write"/>
<opset="write_ln107/2 "/>
</bind>
</comp>

<comp id="370" class="1004" name="write_ln107_write_fu_370">
<pin_list>
<pin id="371" dir="0" index="0" bw="0" slack="0"/>
<pin id="372" dir="0" index="1" bw="1" slack="0"/>
<pin id="373" dir="0" index="2" bw="1" slack="0"/>
<pin id="374" dir="1" index="3" bw="0" slack="2147483647"/>
</pin_list>
<bind>
<opcode="write(1151) " fcode="write"/>
<opset="write_ln107/2 "/>
</bind>
</comp>

<comp id="378" class="1004" name="write_ln107_write_fu_378">
<pin_list>
<pin id="379" dir="0" index="0" bw="0" slack="0"/>
<pin id="380" dir="0" index="1" bw="1" slack="0"/>
<pin id="381" dir="0" index="2" bw="1" slack="0"/>
<pin id="382" dir="1" index="3" bw="0" slack="2147483647"/>
</pin_list>
<bind>
<opcode="write(1151) " fcode="write"/>
<opset="write_ln107/2 "/>
</bind>
</comp>

<comp id="386" class="1004" name="write_ln107_write_fu_386">
<pin_list>
<pin id="387" dir="0" index="0" bw="0" slack="0"/>
<pin id="388" dir="0" index="1" bw="1" slack="0"/>
<pin id="389" dir="0" index="2" bw="1" slack="0"/>
<pin id="390" dir="1" index="3" bw="0" slack="2147483647"/>
</pin_list>
<bind>
<opcode="write(1151) " fcode="write"/>
<opset="write_ln107/2 "/>
</bind>
</comp>

<comp id="394" class="1004" name="write_ln107_write_fu_394">
<pin_list>
<pin id="395" dir="0" index="0" bw="0" slack="0"/>
<pin id="396" dir="0" index="1" bw="1" slack="0"/>
<pin id="397" dir="0" index="2" bw="1" slack="0"/>
<pin id="398" dir="1" index="3" bw="0" slack="2147483647"/>
</pin_list>
<bind>
<opcode="write(1151) " fcode="write"/>
<opset="write_ln107/2 "/>
</bind>
</comp>

<comp id="402" class="1004" name="write_ln107_write_fu_402">
<pin_list>
<pin id="403" dir="0" index="0" bw="0" slack="0"/>
<pin id="404" dir="0" index="1" bw="1" slack="0"/>
<pin id="405" dir="0" index="2" bw="1" slack="0"/>
<pin id="406" dir="1" index="3" bw="0" slack="2147483647"/>
</pin_list>
<bind>
<opcode="write(1151) " fcode="write"/>
<opset="write_ln107/2 "/>
</bind>
</comp>

<comp id="410" class="1004" name="write_ln107_write_fu_410">
<pin_list>
<pin id="411" dir="0" index="0" bw="0" slack="0"/>
<pin id="412" dir="0" index="1" bw="1" slack="0"/>
<pin id="413" dir="0" index="2" bw="1" slack="0"/>
<pin id="414" dir="1" index="3" bw="0" slack="2147483647"/>
</pin_list>
<bind>
<opcode="write(1151) " fcode="write"/>
<opset="write_ln107/2 "/>
</bind>
</comp>

<comp id="418" class="1004" name="write_ln107_write_fu_418">
<pin_list>
<pin id="419" dir="0" index="0" bw="0" slack="0"/>
<pin id="420" dir="0" index="1" bw="1" slack="0"/>
<pin id="421" dir="0" index="2" bw="1" slack="0"/>
<pin id="422" dir="1" index="3" bw="0" slack="2147483647"/>
</pin_list>
<bind>
<opcode="write(1151) " fcode="write"/>
<opset="write_ln107/2 "/>
</bind>
</comp>

<comp id="426" class="1004" name="write_ln107_write_fu_426">
<pin_list>
<pin id="427" dir="0" index="0" bw="0" slack="0"/>
<pin id="428" dir="0" index="1" bw="1" slack="0"/>
<pin id="429" dir="0" index="2" bw="1" slack="0"/>
<pin id="430" dir="1" index="3" bw="0" slack="2147483647"/>
</pin_list>
<bind>
<opcode="write(1151) " fcode="write"/>
<opset="write_ln107/2 "/>
</bind>
</comp>

<comp id="434" class="1004" name="write_ln107_write_fu_434">
<pin_list>
<pin id="435" dir="0" index="0" bw="0" slack="0"/>
<pin id="436" dir="0" index="1" bw="1" slack="0"/>
<pin id="437" dir="0" index="2" bw="1" slack="0"/>
<pin id="438" dir="1" index="3" bw="0" slack="2147483647"/>
</pin_list>
<bind>
<opcode="write(1151) " fcode="write"/>
<opset="write_ln107/2 "/>
</bind>
</comp>

<comp id="442" class="1004" name="write_ln107_write_fu_442">
<pin_list>
<pin id="443" dir="0" index="0" bw="0" slack="0"/>
<pin id="444" dir="0" index="1" bw="1" slack="0"/>
<pin id="445" dir="0" index="2" bw="1" slack="0"/>
<pin id="446" dir="1" index="3" bw="0" slack="2147483647"/>
</pin_list>
<bind>
<opcode="write(1151) " fcode="write"/>
<opset="write_ln107/2 "/>
</bind>
</comp>

<comp id="450" class="1004" name="write_ln107_write_fu_450">
<pin_list>
<pin id="451" dir="0" index="0" bw="0" slack="0"/>
<pin id="452" dir="0" index="1" bw="1" slack="0"/>
<pin id="453" dir="0" index="2" bw="1" slack="0"/>
<pin id="454" dir="1" index="3" bw="0" slack="2147483647"/>
</pin_list>
<bind>
<opcode="write(1151) " fcode="write"/>
<opset="write_ln107/2 "/>
</bind>
</comp>

<comp id="458" class="1004" name="write_ln107_write_fu_458">
<pin_list>
<pin id="459" dir="0" index="0" bw="0" slack="0"/>
<pin id="460" dir="0" index="1" bw="1" slack="0"/>
<pin id="461" dir="0" index="2" bw="1" slack="0"/>
<pin id="462" dir="1" index="3" bw="0" slack="2147483647"/>
</pin_list>
<bind>
<opcode="write(1151) " fcode="write"/>
<opset="write_ln107/2 "/>
</bind>
</comp>

<comp id="466" class="1004" name="write_ln107_write_fu_466">
<pin_list>
<pin id="467" dir="0" index="0" bw="0" slack="0"/>
<pin id="468" dir="0" index="1" bw="1" slack="0"/>
<pin id="469" dir="0" index="2" bw="1" slack="0"/>
<pin id="470" dir="1" index="3" bw="0" slack="2147483647"/>
</pin_list>
<bind>
<opcode="write(1151) " fcode="write"/>
<opset="write_ln107/2 "/>
</bind>
</comp>

<comp id="474" class="1004" name="write_ln107_write_fu_474">
<pin_list>
<pin id="475" dir="0" index="0" bw="0" slack="0"/>
<pin id="476" dir="0" index="1" bw="1" slack="0"/>
<pin id="477" dir="0" index="2" bw="1" slack="0"/>
<pin id="478" dir="1" index="3" bw="0" slack="2147483647"/>
</pin_list>
<bind>
<opcode="write(1151) " fcode="write"/>
<opset="write_ln107/2 "/>
</bind>
</comp>

<comp id="482" class="1004" name="write_ln107_write_fu_482">
<pin_list>
<pin id="483" dir="0" index="0" bw="0" slack="0"/>
<pin id="484" dir="0" index="1" bw="1" slack="0"/>
<pin id="485" dir="0" index="2" bw="1" slack="0"/>
<pin id="486" dir="1" index="3" bw="0" slack="2147483647"/>
</pin_list>
<bind>
<opcode="write(1151) " fcode="write"/>
<opset="write_ln107/2 "/>
</bind>
</comp>

<comp id="490" class="1004" name="write_ln107_write_fu_490">
<pin_list>
<pin id="491" dir="0" index="0" bw="0" slack="0"/>
<pin id="492" dir="0" index="1" bw="1" slack="0"/>
<pin id="493" dir="0" index="2" bw="1" slack="0"/>
<pin id="494" dir="1" index="3" bw="0" slack="2147483647"/>
</pin_list>
<bind>
<opcode="write(1151) " fcode="write"/>
<opset="write_ln107/2 "/>
</bind>
</comp>

<comp id="498" class="1004" name="write_ln107_write_fu_498">
<pin_list>
<pin id="499" dir="0" index="0" bw="0" slack="0"/>
<pin id="500" dir="0" index="1" bw="1" slack="0"/>
<pin id="501" dir="0" index="2" bw="1" slack="0"/>
<pin id="502" dir="1" index="3" bw="0" slack="2147483647"/>
</pin_list>
<bind>
<opcode="write(1151) " fcode="write"/>
<opset="write_ln107/2 "/>
</bind>
</comp>

<comp id="506" class="1004" name="write_ln107_write_fu_506">
<pin_list>
<pin id="507" dir="0" index="0" bw="0" slack="0"/>
<pin id="508" dir="0" index="1" bw="1" slack="0"/>
<pin id="509" dir="0" index="2" bw="1" slack="0"/>
<pin id="510" dir="1" index="3" bw="0" slack="2147483647"/>
</pin_list>
<bind>
<opcode="write(1151) " fcode="write"/>
<opset="write_ln107/2 "/>
</bind>
</comp>

<comp id="514" class="1004" name="write_ln107_write_fu_514">
<pin_list>
<pin id="515" dir="0" index="0" bw="0" slack="0"/>
<pin id="516" dir="0" index="1" bw="1" slack="0"/>
<pin id="517" dir="0" index="2" bw="1" slack="0"/>
<pin id="518" dir="1" index="3" bw="0" slack="2147483647"/>
</pin_list>
<bind>
<opcode="write(1151) " fcode="write"/>
<opset="write_ln107/2 "/>
</bind>
</comp>

<comp id="522" class="1004" name="write_ln107_write_fu_522">
<pin_list>
<pin id="523" dir="0" index="0" bw="0" slack="0"/>
<pin id="524" dir="0" index="1" bw="1" slack="0"/>
<pin id="525" dir="0" index="2" bw="1" slack="0"/>
<pin id="526" dir="1" index="3" bw="0" slack="2147483647"/>
</pin_list>
<bind>
<opcode="write(1151) " fcode="write"/>
<opset="write_ln107/2 "/>
</bind>
</comp>

<comp id="530" class="1004" name="write_ln107_write_fu_530">
<pin_list>
<pin id="531" dir="0" index="0" bw="0" slack="0"/>
<pin id="532" dir="0" index="1" bw="1" slack="0"/>
<pin id="533" dir="0" index="2" bw="1" slack="0"/>
<pin id="534" dir="1" index="3" bw="0" slack="2147483647"/>
</pin_list>
<bind>
<opcode="write(1151) " fcode="write"/>
<opset="write_ln107/2 "/>
</bind>
</comp>

<comp id="538" class="1004" name="write_ln107_write_fu_538">
<pin_list>
<pin id="539" dir="0" index="0" bw="0" slack="0"/>
<pin id="540" dir="0" index="1" bw="1" slack="0"/>
<pin id="541" dir="0" index="2" bw="1" slack="0"/>
<pin id="542" dir="1" index="3" bw="0" slack="2147483647"/>
</pin_list>
<bind>
<opcode="write(1151) " fcode="write"/>
<opset="write_ln107/2 "/>
</bind>
</comp>

<comp id="546" class="1004" name="write_ln107_write_fu_546">
<pin_list>
<pin id="547" dir="0" index="0" bw="0" slack="0"/>
<pin id="548" dir="0" index="1" bw="1" slack="0"/>
<pin id="549" dir="0" index="2" bw="1" slack="0"/>
<pin id="550" dir="1" index="3" bw="0" slack="2147483647"/>
</pin_list>
<bind>
<opcode="write(1151) " fcode="write"/>
<opset="write_ln107/2 "/>
</bind>
</comp>

<comp id="554" class="1004" name="write_ln107_write_fu_554">
<pin_list>
<pin id="555" dir="0" index="0" bw="0" slack="0"/>
<pin id="556" dir="0" index="1" bw="1" slack="0"/>
<pin id="557" dir="0" index="2" bw="1" slack="0"/>
<pin id="558" dir="1" index="3" bw="0" slack="2147483647"/>
</pin_list>
<bind>
<opcode="write(1151) " fcode="write"/>
<opset="write_ln107/2 "/>
</bind>
</comp>

<comp id="562" class="1004" name="write_ln107_write_fu_562">
<pin_list>
<pin id="563" dir="0" index="0" bw="0" slack="0"/>
<pin id="564" dir="0" index="1" bw="1" slack="0"/>
<pin id="565" dir="0" index="2" bw="1" slack="0"/>
<pin id="566" dir="1" index="3" bw="0" slack="2147483647"/>
</pin_list>
<bind>
<opcode="write(1151) " fcode="write"/>
<opset="write_ln107/2 "/>
</bind>
</comp>

<comp id="570" class="1004" name="write_ln107_write_fu_570">
<pin_list>
<pin id="571" dir="0" index="0" bw="0" slack="0"/>
<pin id="572" dir="0" index="1" bw="1" slack="0"/>
<pin id="573" dir="0" index="2" bw="1" slack="0"/>
<pin id="574" dir="1" index="3" bw="0" slack="2147483647"/>
</pin_list>
<bind>
<opcode="write(1151) " fcode="write"/>
<opset="write_ln107/2 "/>
</bind>
</comp>

<comp id="578" class="1004" name="write_ln107_write_fu_578">
<pin_list>
<pin id="579" dir="0" index="0" bw="0" slack="0"/>
<pin id="580" dir="0" index="1" bw="1" slack="0"/>
<pin id="581" dir="0" index="2" bw="1" slack="0"/>
<pin id="582" dir="1" index="3" bw="0" slack="2147483647"/>
</pin_list>
<bind>
<opcode="write(1151) " fcode="write"/>
<opset="write_ln107/2 "/>
</bind>
</comp>

<comp id="586" class="1004" name="write_ln107_write_fu_586">
<pin_list>
<pin id="587" dir="0" index="0" bw="0" slack="0"/>
<pin id="588" dir="0" index="1" bw="1" slack="0"/>
<pin id="589" dir="0" index="2" bw="1" slack="0"/>
<pin id="590" dir="1" index="3" bw="0" slack="2147483647"/>
</pin_list>
<bind>
<opcode="write(1151) " fcode="write"/>
<opset="write_ln107/2 "/>
</bind>
</comp>

<comp id="594" class="1004" name="write_ln107_write_fu_594">
<pin_list>
<pin id="595" dir="0" index="0" bw="0" slack="0"/>
<pin id="596" dir="0" index="1" bw="1" slack="0"/>
<pin id="597" dir="0" index="2" bw="1" slack="0"/>
<pin id="598" dir="1" index="3" bw="0" slack="2147483647"/>
</pin_list>
<bind>
<opcode="write(1151) " fcode="write"/>
<opset="write_ln107/2 "/>
</bind>
</comp>

<comp id="602" class="1004" name="write_ln107_write_fu_602">
<pin_list>
<pin id="603" dir="0" index="0" bw="0" slack="0"/>
<pin id="604" dir="0" index="1" bw="1" slack="0"/>
<pin id="605" dir="0" index="2" bw="1" slack="0"/>
<pin id="606" dir="1" index="3" bw="0" slack="2147483647"/>
</pin_list>
<bind>
<opcode="write(1151) " fcode="write"/>
<opset="write_ln107/2 "/>
</bind>
</comp>

<comp id="610" class="1004" name="write_ln107_write_fu_610">
<pin_list>
<pin id="611" dir="0" index="0" bw="0" slack="0"/>
<pin id="612" dir="0" index="1" bw="1" slack="0"/>
<pin id="613" dir="0" index="2" bw="1" slack="0"/>
<pin id="614" dir="1" index="3" bw="0" slack="2147483647"/>
</pin_list>
<bind>
<opcode="write(1151) " fcode="write"/>
<opset="write_ln107/2 "/>
</bind>
</comp>

<comp id="618" class="1004" name="write_ln107_write_fu_618">
<pin_list>
<pin id="619" dir="0" index="0" bw="0" slack="0"/>
<pin id="620" dir="0" index="1" bw="1" slack="0"/>
<pin id="621" dir="0" index="2" bw="1" slack="0"/>
<pin id="622" dir="1" index="3" bw="0" slack="2147483647"/>
</pin_list>
<bind>
<opcode="write(1151) " fcode="write"/>
<opset="write_ln107/2 "/>
</bind>
</comp>

<comp id="626" class="1004" name="write_ln107_write_fu_626">
<pin_list>
<pin id="627" dir="0" index="0" bw="0" slack="0"/>
<pin id="628" dir="0" index="1" bw="1" slack="0"/>
<pin id="629" dir="0" index="2" bw="1" slack="0"/>
<pin id="630" dir="1" index="3" bw="0" slack="2147483647"/>
</pin_list>
<bind>
<opcode="write(1151) " fcode="write"/>
<opset="write_ln107/2 "/>
</bind>
</comp>

<comp id="634" class="1004" name="write_ln107_write_fu_634">
<pin_list>
<pin id="635" dir="0" index="0" bw="0" slack="0"/>
<pin id="636" dir="0" index="1" bw="1" slack="0"/>
<pin id="637" dir="0" index="2" bw="1" slack="0"/>
<pin id="638" dir="1" index="3" bw="0" slack="2147483647"/>
</pin_list>
<bind>
<opcode="write(1151) " fcode="write"/>
<opset="write_ln107/2 "/>
</bind>
</comp>

<comp id="642" class="1004" name="write_ln107_write_fu_642">
<pin_list>
<pin id="643" dir="0" index="0" bw="0" slack="0"/>
<pin id="644" dir="0" index="1" bw="1" slack="0"/>
<pin id="645" dir="0" index="2" bw="1" slack="0"/>
<pin id="646" dir="1" index="3" bw="0" slack="2147483647"/>
</pin_list>
<bind>
<opcode="write(1151) " fcode="write"/>
<opset="write_ln107/2 "/>
</bind>
</comp>

<comp id="650" class="1004" name="write_ln107_write_fu_650">
<pin_list>
<pin id="651" dir="0" index="0" bw="0" slack="0"/>
<pin id="652" dir="0" index="1" bw="1" slack="0"/>
<pin id="653" dir="0" index="2" bw="1" slack="0"/>
<pin id="654" dir="1" index="3" bw="0" slack="2147483647"/>
</pin_list>
<bind>
<opcode="write(1151) " fcode="write"/>
<opset="write_ln107/2 "/>
</bind>
</comp>

<comp id="658" class="1004" name="write_ln107_write_fu_658">
<pin_list>
<pin id="659" dir="0" index="0" bw="0" slack="0"/>
<pin id="660" dir="0" index="1" bw="1" slack="0"/>
<pin id="661" dir="0" index="2" bw="1" slack="0"/>
<pin id="662" dir="1" index="3" bw="0" slack="2147483647"/>
</pin_list>
<bind>
<opcode="write(1151) " fcode="write"/>
<opset="write_ln107/2 "/>
</bind>
</comp>

<comp id="666" class="1004" name="write_ln107_write_fu_666">
<pin_list>
<pin id="667" dir="0" index="0" bw="0" slack="0"/>
<pin id="668" dir="0" index="1" bw="1" slack="0"/>
<pin id="669" dir="0" index="2" bw="1" slack="0"/>
<pin id="670" dir="1" index="3" bw="0" slack="2147483647"/>
</pin_list>
<bind>
<opcode="write(1151) " fcode="write"/>
<opset="write_ln107/2 "/>
</bind>
</comp>

<comp id="674" class="1004" name="write_ln107_write_fu_674">
<pin_list>
<pin id="675" dir="0" index="0" bw="0" slack="0"/>
<pin id="676" dir="0" index="1" bw="1" slack="0"/>
<pin id="677" dir="0" index="2" bw="1" slack="0"/>
<pin id="678" dir="1" index="3" bw="0" slack="2147483647"/>
</pin_list>
<bind>
<opcode="write(1151) " fcode="write"/>
<opset="write_ln107/2 "/>
</bind>
</comp>

<comp id="682" class="1004" name="write_ln107_write_fu_682">
<pin_list>
<pin id="683" dir="0" index="0" bw="0" slack="0"/>
<pin id="684" dir="0" index="1" bw="1" slack="0"/>
<pin id="685" dir="0" index="2" bw="1" slack="0"/>
<pin id="686" dir="1" index="3" bw="0" slack="2147483647"/>
</pin_list>
<bind>
<opcode="write(1151) " fcode="write"/>
<opset="write_ln107/2 "/>
</bind>
</comp>

<comp id="690" class="1004" name="write_ln107_write_fu_690">
<pin_list>
<pin id="691" dir="0" index="0" bw="0" slack="0"/>
<pin id="692" dir="0" index="1" bw="1" slack="0"/>
<pin id="693" dir="0" index="2" bw="1" slack="0"/>
<pin id="694" dir="1" index="3" bw="0" slack="2147483647"/>
</pin_list>
<bind>
<opcode="write(1151) " fcode="write"/>
<opset="write_ln107/2 "/>
</bind>
</comp>

<comp id="698" class="1004" name="write_ln107_write_fu_698">
<pin_list>
<pin id="699" dir="0" index="0" bw="0" slack="0"/>
<pin id="700" dir="0" index="1" bw="1" slack="0"/>
<pin id="701" dir="0" index="2" bw="1" slack="0"/>
<pin id="702" dir="1" index="3" bw="0" slack="2147483647"/>
</pin_list>
<bind>
<opcode="write(1151) " fcode="write"/>
<opset="write_ln107/2 "/>
</bind>
</comp>

<comp id="706" class="1004" name="write_ln107_write_fu_706">
<pin_list>
<pin id="707" dir="0" index="0" bw="0" slack="0"/>
<pin id="708" dir="0" index="1" bw="1" slack="0"/>
<pin id="709" dir="0" index="2" bw="1" slack="0"/>
<pin id="710" dir="1" index="3" bw="0" slack="2147483647"/>
</pin_list>
<bind>
<opcode="write(1151) " fcode="write"/>
<opset="write_ln107/2 "/>
</bind>
</comp>

<comp id="714" class="1004" name="write_ln107_write_fu_714">
<pin_list>
<pin id="715" dir="0" index="0" bw="0" slack="0"/>
<pin id="716" dir="0" index="1" bw="1" slack="0"/>
<pin id="717" dir="0" index="2" bw="1" slack="0"/>
<pin id="718" dir="1" index="3" bw="0" slack="2147483647"/>
</pin_list>
<bind>
<opcode="write(1151) " fcode="write"/>
<opset="write_ln107/2 "/>
</bind>
</comp>

<comp id="722" class="1004" name="write_ln107_write_fu_722">
<pin_list>
<pin id="723" dir="0" index="0" bw="0" slack="0"/>
<pin id="724" dir="0" index="1" bw="1" slack="0"/>
<pin id="725" dir="0" index="2" bw="1" slack="0"/>
<pin id="726" dir="1" index="3" bw="0" slack="2147483647"/>
</pin_list>
<bind>
<opcode="write(1151) " fcode="write"/>
<opset="write_ln107/2 "/>
</bind>
</comp>

<comp id="730" class="1004" name="write_ln107_write_fu_730">
<pin_list>
<pin id="731" dir="0" index="0" bw="0" slack="0"/>
<pin id="732" dir="0" index="1" bw="1" slack="0"/>
<pin id="733" dir="0" index="2" bw="1" slack="0"/>
<pin id="734" dir="1" index="3" bw="0" slack="2147483647"/>
</pin_list>
<bind>
<opcode="write(1151) " fcode="write"/>
<opset="write_ln107/2 "/>
</bind>
</comp>

<comp id="738" class="1004" name="write_ln107_write_fu_738">
<pin_list>
<pin id="739" dir="0" index="0" bw="0" slack="0"/>
<pin id="740" dir="0" index="1" bw="1" slack="0"/>
<pin id="741" dir="0" index="2" bw="1" slack="0"/>
<pin id="742" dir="1" index="3" bw="0" slack="2147483647"/>
</pin_list>
<bind>
<opcode="write(1151) " fcode="write"/>
<opset="write_ln107/2 "/>
</bind>
</comp>

<comp id="746" class="1004" name="write_ln107_write_fu_746">
<pin_list>
<pin id="747" dir="0" index="0" bw="0" slack="0"/>
<pin id="748" dir="0" index="1" bw="1" slack="0"/>
<pin id="749" dir="0" index="2" bw="1" slack="0"/>
<pin id="750" dir="1" index="3" bw="0" slack="2147483647"/>
</pin_list>
<bind>
<opcode="write(1151) " fcode="write"/>
<opset="write_ln107/2 "/>
</bind>
</comp>

<comp id="754" class="1004" name="write_ln107_write_fu_754">
<pin_list>
<pin id="755" dir="0" index="0" bw="0" slack="0"/>
<pin id="756" dir="0" index="1" bw="1" slack="0"/>
<pin id="757" dir="0" index="2" bw="1" slack="0"/>
<pin id="758" dir="1" index="3" bw="0" slack="2147483647"/>
</pin_list>
<bind>
<opcode="write(1151) " fcode="write"/>
<opset="write_ln107/2 "/>
</bind>
</comp>

<comp id="762" class="1004" name="write_ln107_write_fu_762">
<pin_list>
<pin id="763" dir="0" index="0" bw="0" slack="0"/>
<pin id="764" dir="0" index="1" bw="1" slack="0"/>
<pin id="765" dir="0" index="2" bw="1" slack="0"/>
<pin id="766" dir="1" index="3" bw="0" slack="2147483647"/>
</pin_list>
<bind>
<opcode="write(1151) " fcode="write"/>
<opset="write_ln107/2 "/>
</bind>
</comp>

<comp id="770" class="1004" name="write_ln107_write_fu_770">
<pin_list>
<pin id="771" dir="0" index="0" bw="0" slack="0"/>
<pin id="772" dir="0" index="1" bw="1" slack="0"/>
<pin id="773" dir="0" index="2" bw="1" slack="0"/>
<pin id="774" dir="1" index="3" bw="0" slack="2147483647"/>
</pin_list>
<bind>
<opcode="write(1151) " fcode="write"/>
<opset="write_ln107/2 "/>
</bind>
</comp>

<comp id="778" class="1004" name="write_ln107_write_fu_778">
<pin_list>
<pin id="779" dir="0" index="0" bw="0" slack="0"/>
<pin id="780" dir="0" index="1" bw="1" slack="0"/>
<pin id="781" dir="0" index="2" bw="1" slack="0"/>
<pin id="782" dir="1" index="3" bw="0" slack="2147483647"/>
</pin_list>
<bind>
<opcode="write(1151) " fcode="write"/>
<opset="write_ln107/2 "/>
</bind>
</comp>

<comp id="786" class="1004" name="write_ln107_write_fu_786">
<pin_list>
<pin id="787" dir="0" index="0" bw="0" slack="0"/>
<pin id="788" dir="0" index="1" bw="1" slack="0"/>
<pin id="789" dir="0" index="2" bw="1" slack="0"/>
<pin id="790" dir="1" index="3" bw="0" slack="2147483647"/>
</pin_list>
<bind>
<opcode="write(1151) " fcode="write"/>
<opset="write_ln107/2 "/>
</bind>
</comp>

<comp id="794" class="1004" name="write_ln107_write_fu_794">
<pin_list>
<pin id="795" dir="0" index="0" bw="0" slack="0"/>
<pin id="796" dir="0" index="1" bw="1" slack="0"/>
<pin id="797" dir="0" index="2" bw="1" slack="0"/>
<pin id="798" dir="1" index="3" bw="0" slack="2147483647"/>
</pin_list>
<bind>
<opcode="write(1151) " fcode="write"/>
<opset="write_ln107/2 "/>
</bind>
</comp>

<comp id="802" class="1004" name="write_ln107_write_fu_802">
<pin_list>
<pin id="803" dir="0" index="0" bw="0" slack="0"/>
<pin id="804" dir="0" index="1" bw="1" slack="0"/>
<pin id="805" dir="0" index="2" bw="1" slack="0"/>
<pin id="806" dir="1" index="3" bw="0" slack="2147483647"/>
</pin_list>
<bind>
<opcode="write(1151) " fcode="write"/>
<opset="write_ln107/2 "/>
</bind>
</comp>

<comp id="810" class="1004" name="store_ln0_store_fu_810">
<pin_list>
<pin id="811" dir="0" index="0" bw="1" slack="0"/>
<pin id="812" dir="0" index="1" bw="7" slack="0"/>
<pin id="813" dir="1" index="2" bw="0" slack="2147483647"/>
</pin_list>
<bind>
<opcode="store(28) " fcode="store"/>
<opset="store_ln0/1 "/>
</bind>
</comp>

<comp id="815" class="1004" name="i_load_fu_815">
<pin_list>
<pin id="816" dir="0" index="0" bw="7" slack="0"/>
<pin id="817" dir="1" index="1" bw="7" slack="0"/>
</pin_list>
<bind>
<opcode="load(27) " fcode="load"/>
<opset="i/1 "/>
</bind>
</comp>

<comp id="818" class="1004" name="icmp_ln105_fu_818">
<pin_list>
<pin id="819" dir="0" index="0" bw="7" slack="0"/>
<pin id="820" dir="0" index="1" bw="7" slack="0"/>
<pin id="821" dir="1" index="2" bw="1" slack="2147483647"/>
</pin_list>
<bind>
<opcode="icmp(45) " fcode="icmp"/>
<opset="icmp_ln105/1 "/>
</bind>
</comp>

<comp id="824" class="1004" name="add_ln105_fu_824">
<pin_list>
<pin id="825" dir="0" index="0" bw="7" slack="0"/>
<pin id="826" dir="0" index="1" bw="1" slack="0"/>
<pin id="827" dir="1" index="2" bw="7" slack="0"/>
</pin_list>
<bind>
<opcode="add(8) " fcode="add"/>
<opset="add_ln105/1 "/>
</bind>
</comp>

<comp id="830" class="1004" name="trunc_ln105_fu_830">
<pin_list>
<pin id="831" dir="0" index="0" bw="7" slack="0"/>
<pin id="832" dir="1" index="1" bw="6" slack="1"/>
</pin_list>
<bind>
<opcode="trunc(33) " fcode="trunc"/>
<opset="trunc_ln105/1 "/>
</bind>
</comp>

<comp id="834" class="1004" name="store_ln105_store_fu_834">
<pin_list>
<pin id="835" dir="0" index="0" bw="7" slack="0"/>
<pin id="836" dir="0" index="1" bw="7" slack="0"/>
<pin id="837" dir="1" index="2" bw="0" slack="2147483647"/>
</pin_list>
<bind>
<opcode="store(28) " fcode="store"/>
<opset="store_ln105/1 "/>
</bind>
</comp>

<comp id="839" class="1005" name="i_2_reg_839">
<pin_list>
<pin id="840" dir="0" index="0" bw="7" slack="0"/>
<pin id="841" dir="1" index="1" bw="7" slack="0"/>
</pin_list>
<bind>
<opset="i_2 "/>
</bind>
</comp>

<comp id="849" class="1005" name="trunc_ln105_reg_849">
<pin_list>
<pin id="850" dir="0" index="0" bw="6" slack="1"/>
<pin id="851" dir="1" index="1" bw="6" slack="2147483647"/>
</pin_list>
<bind>
<opset="trunc_ln105 "/>
</bind>
</comp>

</comp_list>

<net_list>
<net id="291"><net_src comp="130" pin="0"/><net_sink comp="288" pin=0"/></net>

<net id="296"><net_src comp="284" pin="0"/><net_sink comp="292" pin=0"/></net>

<net id="297"><net_src comp="128" pin="0"/><net_sink comp="292" pin=1"/></net>

<net id="303"><net_src comp="286" pin="0"/><net_sink comp="298" pin=0"/></net>

<net id="304"><net_src comp="4" pin="0"/><net_sink comp="298" pin=1"/></net>

<net id="305"><net_src comp="292" pin="2"/><net_sink comp="298" pin=2"/></net>

<net id="311"><net_src comp="286" pin="0"/><net_sink comp="306" pin=0"/></net>

<net id="312"><net_src comp="6" pin="0"/><net_sink comp="306" pin=1"/></net>

<net id="313"><net_src comp="292" pin="2"/><net_sink comp="306" pin=2"/></net>

<net id="319"><net_src comp="286" pin="0"/><net_sink comp="314" pin=0"/></net>

<net id="320"><net_src comp="8" pin="0"/><net_sink comp="314" pin=1"/></net>

<net id="321"><net_src comp="292" pin="2"/><net_sink comp="314" pin=2"/></net>

<net id="327"><net_src comp="286" pin="0"/><net_sink comp="322" pin=0"/></net>

<net id="328"><net_src comp="10" pin="0"/><net_sink comp="322" pin=1"/></net>

<net id="329"><net_src comp="292" pin="2"/><net_sink comp="322" pin=2"/></net>

<net id="335"><net_src comp="286" pin="0"/><net_sink comp="330" pin=0"/></net>

<net id="336"><net_src comp="12" pin="0"/><net_sink comp="330" pin=1"/></net>

<net id="337"><net_src comp="292" pin="2"/><net_sink comp="330" pin=2"/></net>

<net id="343"><net_src comp="286" pin="0"/><net_sink comp="338" pin=0"/></net>

<net id="344"><net_src comp="14" pin="0"/><net_sink comp="338" pin=1"/></net>

<net id="345"><net_src comp="292" pin="2"/><net_sink comp="338" pin=2"/></net>

<net id="351"><net_src comp="286" pin="0"/><net_sink comp="346" pin=0"/></net>

<net id="352"><net_src comp="16" pin="0"/><net_sink comp="346" pin=1"/></net>

<net id="353"><net_src comp="292" pin="2"/><net_sink comp="346" pin=2"/></net>

<net id="359"><net_src comp="286" pin="0"/><net_sink comp="354" pin=0"/></net>

<net id="360"><net_src comp="18" pin="0"/><net_sink comp="354" pin=1"/></net>

<net id="361"><net_src comp="292" pin="2"/><net_sink comp="354" pin=2"/></net>

<net id="367"><net_src comp="286" pin="0"/><net_sink comp="362" pin=0"/></net>

<net id="368"><net_src comp="20" pin="0"/><net_sink comp="362" pin=1"/></net>

<net id="369"><net_src comp="292" pin="2"/><net_sink comp="362" pin=2"/></net>

<net id="375"><net_src comp="286" pin="0"/><net_sink comp="370" pin=0"/></net>

<net id="376"><net_src comp="22" pin="0"/><net_sink comp="370" pin=1"/></net>

<net id="377"><net_src comp="292" pin="2"/><net_sink comp="370" pin=2"/></net>

<net id="383"><net_src comp="286" pin="0"/><net_sink comp="378" pin=0"/></net>

<net id="384"><net_src comp="24" pin="0"/><net_sink comp="378" pin=1"/></net>

<net id="385"><net_src comp="292" pin="2"/><net_sink comp="378" pin=2"/></net>

<net id="391"><net_src comp="286" pin="0"/><net_sink comp="386" pin=0"/></net>

<net id="392"><net_src comp="26" pin="0"/><net_sink comp="386" pin=1"/></net>

<net id="393"><net_src comp="292" pin="2"/><net_sink comp="386" pin=2"/></net>

<net id="399"><net_src comp="286" pin="0"/><net_sink comp="394" pin=0"/></net>

<net id="400"><net_src comp="28" pin="0"/><net_sink comp="394" pin=1"/></net>

<net id="401"><net_src comp="292" pin="2"/><net_sink comp="394" pin=2"/></net>

<net id="407"><net_src comp="286" pin="0"/><net_sink comp="402" pin=0"/></net>

<net id="408"><net_src comp="30" pin="0"/><net_sink comp="402" pin=1"/></net>

<net id="409"><net_src comp="292" pin="2"/><net_sink comp="402" pin=2"/></net>

<net id="415"><net_src comp="286" pin="0"/><net_sink comp="410" pin=0"/></net>

<net id="416"><net_src comp="32" pin="0"/><net_sink comp="410" pin=1"/></net>

<net id="417"><net_src comp="292" pin="2"/><net_sink comp="410" pin=2"/></net>

<net id="423"><net_src comp="286" pin="0"/><net_sink comp="418" pin=0"/></net>

<net id="424"><net_src comp="34" pin="0"/><net_sink comp="418" pin=1"/></net>

<net id="425"><net_src comp="292" pin="2"/><net_sink comp="418" pin=2"/></net>

<net id="431"><net_src comp="286" pin="0"/><net_sink comp="426" pin=0"/></net>

<net id="432"><net_src comp="36" pin="0"/><net_sink comp="426" pin=1"/></net>

<net id="433"><net_src comp="292" pin="2"/><net_sink comp="426" pin=2"/></net>

<net id="439"><net_src comp="286" pin="0"/><net_sink comp="434" pin=0"/></net>

<net id="440"><net_src comp="38" pin="0"/><net_sink comp="434" pin=1"/></net>

<net id="441"><net_src comp="292" pin="2"/><net_sink comp="434" pin=2"/></net>

<net id="447"><net_src comp="286" pin="0"/><net_sink comp="442" pin=0"/></net>

<net id="448"><net_src comp="40" pin="0"/><net_sink comp="442" pin=1"/></net>

<net id="449"><net_src comp="292" pin="2"/><net_sink comp="442" pin=2"/></net>

<net id="455"><net_src comp="286" pin="0"/><net_sink comp="450" pin=0"/></net>

<net id="456"><net_src comp="42" pin="0"/><net_sink comp="450" pin=1"/></net>

<net id="457"><net_src comp="292" pin="2"/><net_sink comp="450" pin=2"/></net>

<net id="463"><net_src comp="286" pin="0"/><net_sink comp="458" pin=0"/></net>

<net id="464"><net_src comp="44" pin="0"/><net_sink comp="458" pin=1"/></net>

<net id="465"><net_src comp="292" pin="2"/><net_sink comp="458" pin=2"/></net>

<net id="471"><net_src comp="286" pin="0"/><net_sink comp="466" pin=0"/></net>

<net id="472"><net_src comp="46" pin="0"/><net_sink comp="466" pin=1"/></net>

<net id="473"><net_src comp="292" pin="2"/><net_sink comp="466" pin=2"/></net>

<net id="479"><net_src comp="286" pin="0"/><net_sink comp="474" pin=0"/></net>

<net id="480"><net_src comp="48" pin="0"/><net_sink comp="474" pin=1"/></net>

<net id="481"><net_src comp="292" pin="2"/><net_sink comp="474" pin=2"/></net>

<net id="487"><net_src comp="286" pin="0"/><net_sink comp="482" pin=0"/></net>

<net id="488"><net_src comp="50" pin="0"/><net_sink comp="482" pin=1"/></net>

<net id="489"><net_src comp="292" pin="2"/><net_sink comp="482" pin=2"/></net>

<net id="495"><net_src comp="286" pin="0"/><net_sink comp="490" pin=0"/></net>

<net id="496"><net_src comp="52" pin="0"/><net_sink comp="490" pin=1"/></net>

<net id="497"><net_src comp="292" pin="2"/><net_sink comp="490" pin=2"/></net>

<net id="503"><net_src comp="286" pin="0"/><net_sink comp="498" pin=0"/></net>

<net id="504"><net_src comp="54" pin="0"/><net_sink comp="498" pin=1"/></net>

<net id="505"><net_src comp="292" pin="2"/><net_sink comp="498" pin=2"/></net>

<net id="511"><net_src comp="286" pin="0"/><net_sink comp="506" pin=0"/></net>

<net id="512"><net_src comp="56" pin="0"/><net_sink comp="506" pin=1"/></net>

<net id="513"><net_src comp="292" pin="2"/><net_sink comp="506" pin=2"/></net>

<net id="519"><net_src comp="286" pin="0"/><net_sink comp="514" pin=0"/></net>

<net id="520"><net_src comp="58" pin="0"/><net_sink comp="514" pin=1"/></net>

<net id="521"><net_src comp="292" pin="2"/><net_sink comp="514" pin=2"/></net>

<net id="527"><net_src comp="286" pin="0"/><net_sink comp="522" pin=0"/></net>

<net id="528"><net_src comp="60" pin="0"/><net_sink comp="522" pin=1"/></net>

<net id="529"><net_src comp="292" pin="2"/><net_sink comp="522" pin=2"/></net>

<net id="535"><net_src comp="286" pin="0"/><net_sink comp="530" pin=0"/></net>

<net id="536"><net_src comp="62" pin="0"/><net_sink comp="530" pin=1"/></net>

<net id="537"><net_src comp="292" pin="2"/><net_sink comp="530" pin=2"/></net>

<net id="543"><net_src comp="286" pin="0"/><net_sink comp="538" pin=0"/></net>

<net id="544"><net_src comp="64" pin="0"/><net_sink comp="538" pin=1"/></net>

<net id="545"><net_src comp="292" pin="2"/><net_sink comp="538" pin=2"/></net>

<net id="551"><net_src comp="286" pin="0"/><net_sink comp="546" pin=0"/></net>

<net id="552"><net_src comp="66" pin="0"/><net_sink comp="546" pin=1"/></net>

<net id="553"><net_src comp="292" pin="2"/><net_sink comp="546" pin=2"/></net>

<net id="559"><net_src comp="286" pin="0"/><net_sink comp="554" pin=0"/></net>

<net id="560"><net_src comp="68" pin="0"/><net_sink comp="554" pin=1"/></net>

<net id="561"><net_src comp="292" pin="2"/><net_sink comp="554" pin=2"/></net>

<net id="567"><net_src comp="286" pin="0"/><net_sink comp="562" pin=0"/></net>

<net id="568"><net_src comp="70" pin="0"/><net_sink comp="562" pin=1"/></net>

<net id="569"><net_src comp="292" pin="2"/><net_sink comp="562" pin=2"/></net>

<net id="575"><net_src comp="286" pin="0"/><net_sink comp="570" pin=0"/></net>

<net id="576"><net_src comp="72" pin="0"/><net_sink comp="570" pin=1"/></net>

<net id="577"><net_src comp="292" pin="2"/><net_sink comp="570" pin=2"/></net>

<net id="583"><net_src comp="286" pin="0"/><net_sink comp="578" pin=0"/></net>

<net id="584"><net_src comp="74" pin="0"/><net_sink comp="578" pin=1"/></net>

<net id="585"><net_src comp="292" pin="2"/><net_sink comp="578" pin=2"/></net>

<net id="591"><net_src comp="286" pin="0"/><net_sink comp="586" pin=0"/></net>

<net id="592"><net_src comp="76" pin="0"/><net_sink comp="586" pin=1"/></net>

<net id="593"><net_src comp="292" pin="2"/><net_sink comp="586" pin=2"/></net>

<net id="599"><net_src comp="286" pin="0"/><net_sink comp="594" pin=0"/></net>

<net id="600"><net_src comp="78" pin="0"/><net_sink comp="594" pin=1"/></net>

<net id="601"><net_src comp="292" pin="2"/><net_sink comp="594" pin=2"/></net>

<net id="607"><net_src comp="286" pin="0"/><net_sink comp="602" pin=0"/></net>

<net id="608"><net_src comp="80" pin="0"/><net_sink comp="602" pin=1"/></net>

<net id="609"><net_src comp="292" pin="2"/><net_sink comp="602" pin=2"/></net>

<net id="615"><net_src comp="286" pin="0"/><net_sink comp="610" pin=0"/></net>

<net id="616"><net_src comp="82" pin="0"/><net_sink comp="610" pin=1"/></net>

<net id="617"><net_src comp="292" pin="2"/><net_sink comp="610" pin=2"/></net>

<net id="623"><net_src comp="286" pin="0"/><net_sink comp="618" pin=0"/></net>

<net id="624"><net_src comp="84" pin="0"/><net_sink comp="618" pin=1"/></net>

<net id="625"><net_src comp="292" pin="2"/><net_sink comp="618" pin=2"/></net>

<net id="631"><net_src comp="286" pin="0"/><net_sink comp="626" pin=0"/></net>

<net id="632"><net_src comp="86" pin="0"/><net_sink comp="626" pin=1"/></net>

<net id="633"><net_src comp="292" pin="2"/><net_sink comp="626" pin=2"/></net>

<net id="639"><net_src comp="286" pin="0"/><net_sink comp="634" pin=0"/></net>

<net id="640"><net_src comp="88" pin="0"/><net_sink comp="634" pin=1"/></net>

<net id="641"><net_src comp="292" pin="2"/><net_sink comp="634" pin=2"/></net>

<net id="647"><net_src comp="286" pin="0"/><net_sink comp="642" pin=0"/></net>

<net id="648"><net_src comp="90" pin="0"/><net_sink comp="642" pin=1"/></net>

<net id="649"><net_src comp="292" pin="2"/><net_sink comp="642" pin=2"/></net>

<net id="655"><net_src comp="286" pin="0"/><net_sink comp="650" pin=0"/></net>

<net id="656"><net_src comp="92" pin="0"/><net_sink comp="650" pin=1"/></net>

<net id="657"><net_src comp="292" pin="2"/><net_sink comp="650" pin=2"/></net>

<net id="663"><net_src comp="286" pin="0"/><net_sink comp="658" pin=0"/></net>

<net id="664"><net_src comp="94" pin="0"/><net_sink comp="658" pin=1"/></net>

<net id="665"><net_src comp="292" pin="2"/><net_sink comp="658" pin=2"/></net>

<net id="671"><net_src comp="286" pin="0"/><net_sink comp="666" pin=0"/></net>

<net id="672"><net_src comp="96" pin="0"/><net_sink comp="666" pin=1"/></net>

<net id="673"><net_src comp="292" pin="2"/><net_sink comp="666" pin=2"/></net>

<net id="679"><net_src comp="286" pin="0"/><net_sink comp="674" pin=0"/></net>

<net id="680"><net_src comp="98" pin="0"/><net_sink comp="674" pin=1"/></net>

<net id="681"><net_src comp="292" pin="2"/><net_sink comp="674" pin=2"/></net>

<net id="687"><net_src comp="286" pin="0"/><net_sink comp="682" pin=0"/></net>

<net id="688"><net_src comp="100" pin="0"/><net_sink comp="682" pin=1"/></net>

<net id="689"><net_src comp="292" pin="2"/><net_sink comp="682" pin=2"/></net>

<net id="695"><net_src comp="286" pin="0"/><net_sink comp="690" pin=0"/></net>

<net id="696"><net_src comp="102" pin="0"/><net_sink comp="690" pin=1"/></net>

<net id="697"><net_src comp="292" pin="2"/><net_sink comp="690" pin=2"/></net>

<net id="703"><net_src comp="286" pin="0"/><net_sink comp="698" pin=0"/></net>

<net id="704"><net_src comp="104" pin="0"/><net_sink comp="698" pin=1"/></net>

<net id="705"><net_src comp="292" pin="2"/><net_sink comp="698" pin=2"/></net>

<net id="711"><net_src comp="286" pin="0"/><net_sink comp="706" pin=0"/></net>

<net id="712"><net_src comp="106" pin="0"/><net_sink comp="706" pin=1"/></net>

<net id="713"><net_src comp="292" pin="2"/><net_sink comp="706" pin=2"/></net>

<net id="719"><net_src comp="286" pin="0"/><net_sink comp="714" pin=0"/></net>

<net id="720"><net_src comp="108" pin="0"/><net_sink comp="714" pin=1"/></net>

<net id="721"><net_src comp="292" pin="2"/><net_sink comp="714" pin=2"/></net>

<net id="727"><net_src comp="286" pin="0"/><net_sink comp="722" pin=0"/></net>

<net id="728"><net_src comp="110" pin="0"/><net_sink comp="722" pin=1"/></net>

<net id="729"><net_src comp="292" pin="2"/><net_sink comp="722" pin=2"/></net>

<net id="735"><net_src comp="286" pin="0"/><net_sink comp="730" pin=0"/></net>

<net id="736"><net_src comp="112" pin="0"/><net_sink comp="730" pin=1"/></net>

<net id="737"><net_src comp="292" pin="2"/><net_sink comp="730" pin=2"/></net>

<net id="743"><net_src comp="286" pin="0"/><net_sink comp="738" pin=0"/></net>

<net id="744"><net_src comp="114" pin="0"/><net_sink comp="738" pin=1"/></net>

<net id="745"><net_src comp="292" pin="2"/><net_sink comp="738" pin=2"/></net>

<net id="751"><net_src comp="286" pin="0"/><net_sink comp="746" pin=0"/></net>

<net id="752"><net_src comp="116" pin="0"/><net_sink comp="746" pin=1"/></net>

<net id="753"><net_src comp="292" pin="2"/><net_sink comp="746" pin=2"/></net>

<net id="759"><net_src comp="286" pin="0"/><net_sink comp="754" pin=0"/></net>

<net id="760"><net_src comp="118" pin="0"/><net_sink comp="754" pin=1"/></net>

<net id="761"><net_src comp="292" pin="2"/><net_sink comp="754" pin=2"/></net>

<net id="767"><net_src comp="286" pin="0"/><net_sink comp="762" pin=0"/></net>

<net id="768"><net_src comp="120" pin="0"/><net_sink comp="762" pin=1"/></net>

<net id="769"><net_src comp="292" pin="2"/><net_sink comp="762" pin=2"/></net>

<net id="775"><net_src comp="286" pin="0"/><net_sink comp="770" pin=0"/></net>

<net id="776"><net_src comp="122" pin="0"/><net_sink comp="770" pin=1"/></net>

<net id="777"><net_src comp="292" pin="2"/><net_sink comp="770" pin=2"/></net>

<net id="783"><net_src comp="286" pin="0"/><net_sink comp="778" pin=0"/></net>

<net id="784"><net_src comp="124" pin="0"/><net_sink comp="778" pin=1"/></net>

<net id="785"><net_src comp="292" pin="2"/><net_sink comp="778" pin=2"/></net>

<net id="791"><net_src comp="286" pin="0"/><net_sink comp="786" pin=0"/></net>

<net id="792"><net_src comp="126" pin="0"/><net_sink comp="786" pin=1"/></net>

<net id="793"><net_src comp="292" pin="2"/><net_sink comp="786" pin=2"/></net>

<net id="799"><net_src comp="286" pin="0"/><net_sink comp="794" pin=0"/></net>

<net id="800"><net_src comp="0" pin="0"/><net_sink comp="794" pin=1"/></net>

<net id="801"><net_src comp="292" pin="2"/><net_sink comp="794" pin=2"/></net>

<net id="807"><net_src comp="286" pin="0"/><net_sink comp="802" pin=0"/></net>

<net id="808"><net_src comp="2" pin="0"/><net_sink comp="802" pin=1"/></net>

<net id="809"><net_src comp="292" pin="2"/><net_sink comp="802" pin=2"/></net>

<net id="814"><net_src comp="142" pin="0"/><net_sink comp="810" pin=0"/></net>

<net id="822"><net_src comp="815" pin="1"/><net_sink comp="818" pin=0"/></net>

<net id="823"><net_src comp="144" pin="0"/><net_sink comp="818" pin=1"/></net>

<net id="828"><net_src comp="815" pin="1"/><net_sink comp="824" pin=0"/></net>

<net id="829"><net_src comp="146" pin="0"/><net_sink comp="824" pin=1"/></net>

<net id="833"><net_src comp="815" pin="1"/><net_sink comp="830" pin=0"/></net>

<net id="838"><net_src comp="824" pin="2"/><net_sink comp="834" pin=0"/></net>

<net id="842"><net_src comp="288" pin="1"/><net_sink comp="839" pin=0"/></net>

<net id="843"><net_src comp="839" pin="1"/><net_sink comp="810" pin=1"/></net>

<net id="844"><net_src comp="839" pin="1"/><net_sink comp="815" pin=0"/></net>

<net id="845"><net_src comp="839" pin="1"/><net_sink comp="834" pin=1"/></net>

<net id="852"><net_src comp="830" pin="1"/><net_sink comp="849" pin=0"/></net>

</net_list>

</model> 
---------------- Datapath Model END ------------------

* FSMD analyzer results:
  - Output states:
	Port: out_0 | {2 }
	Port: out_63 | {2 }
	Port: out_62 | {2 }
	Port: out_61 | {2 }
	Port: out_60 | {2 }
	Port: out_59 | {2 }
	Port: out_58 | {2 }
	Port: out_57 | {2 }
	Port: out_56 | {2 }
	Port: out_55 | {2 }
	Port: out_54 | {2 }
	Port: out_53 | {2 }
	Port: out_52 | {2 }
	Port: out_51 | {2 }
	Port: out_50 | {2 }
	Port: out_49 | {2 }
	Port: out_48 | {2 }
	Port: out_47 | {2 }
	Port: out_46 | {2 }
	Port: out_45 | {2 }
	Port: out_44 | {2 }
	Port: out_43 | {2 }
	Port: out_42 | {2 }
	Port: out_41 | {2 }
	Port: out_40 | {2 }
	Port: out_39 | {2 }
	Port: out_38 | {2 }
	Port: out_37 | {2 }
	Port: out_36 | {2 }
	Port: out_35 | {2 }
	Port: out_34 | {2 }
	Port: out_33 | {2 }
	Port: out_32 | {2 }
	Port: out_31 | {2 }
	Port: out_30 | {2 }
	Port: out_29 | {2 }
	Port: out_28 | {2 }
	Port: out_27 | {2 }
	Port: out_26 | {2 }
	Port: out_25 | {2 }
	Port: out_24 | {2 }
	Port: out_23 | {2 }
	Port: out_22 | {2 }
	Port: out_21 | {2 }
	Port: out_20 | {2 }
	Port: out_19 | {2 }
	Port: out_18 | {2 }
	Port: out_17 | {2 }
	Port: out_16 | {2 }
	Port: out_15 | {2 }
	Port: out_14 | {2 }
	Port: out_13 | {2 }
	Port: out_12 | {2 }
	Port: out_11 | {2 }
	Port: out_10 | {2 }
	Port: out_9 | {2 }
	Port: out_8 | {2 }
	Port: out_7 | {2 }
	Port: out_6 | {2 }
	Port: out_5 | {2 }
	Port: out_4 | {2 }
	Port: out_3 | {2 }
	Port: out_2 | {2 }
	Port: out_1 | {2 }
 - Input state : 
	Port: fc1full_top_Pipeline_VITIS_LOOP_105_2 : out_0 | {}
	Port: fc1full_top_Pipeline_VITIS_LOOP_105_2 : out_63 | {}
	Port: fc1full_top_Pipeline_VITIS_LOOP_105_2 : out_62 | {}
	Port: fc1full_top_Pipeline_VITIS_LOOP_105_2 : out_61 | {}
	Port: fc1full_top_Pipeline_VITIS_LOOP_105_2 : out_60 | {}
	Port: fc1full_top_Pipeline_VITIS_LOOP_105_2 : out_59 | {}
	Port: fc1full_top_Pipeline_VITIS_LOOP_105_2 : out_58 | {}
	Port: fc1full_top_Pipeline_VITIS_LOOP_105_2 : out_57 | {}
	Port: fc1full_top_Pipeline_VITIS_LOOP_105_2 : out_56 | {}
	Port: fc1full_top_Pipeline_VITIS_LOOP_105_2 : out_55 | {}
	Port: fc1full_top_Pipeline_VITIS_LOOP_105_2 : out_54 | {}
	Port: fc1full_top_Pipeline_VITIS_LOOP_105_2 : out_53 | {}
	Port: fc1full_top_Pipeline_VITIS_LOOP_105_2 : out_52 | {}
	Port: fc1full_top_Pipeline_VITIS_LOOP_105_2 : out_51 | {}
	Port: fc1full_top_Pipeline_VITIS_LOOP_105_2 : out_50 | {}
	Port: fc1full_top_Pipeline_VITIS_LOOP_105_2 : out_49 | {}
	Port: fc1full_top_Pipeline_VITIS_LOOP_105_2 : out_48 | {}
	Port: fc1full_top_Pipeline_VITIS_LOOP_105_2 : out_47 | {}
	Port: fc1full_top_Pipeline_VITIS_LOOP_105_2 : out_46 | {}
	Port: fc1full_top_Pipeline_VITIS_LOOP_105_2 : out_45 | {}
	Port: fc1full_top_Pipeline_VITIS_LOOP_105_2 : out_44 | {}
	Port: fc1full_top_Pipeline_VITIS_LOOP_105_2 : out_43 | {}
	Port: fc1full_top_Pipeline_VITIS_LOOP_105_2 : out_42 | {}
	Port: fc1full_top_Pipeline_VITIS_LOOP_105_2 : out_41 | {}
	Port: fc1full_top_Pipeline_VITIS_LOOP_105_2 : out_40 | {}
	Port: fc1full_top_Pipeline_VITIS_LOOP_105_2 : out_39 | {}
	Port: fc1full_top_Pipeline_VITIS_LOOP_105_2 : out_38 | {}
	Port: fc1full_top_Pipeline_VITIS_LOOP_105_2 : out_37 | {}
	Port: fc1full_top_Pipeline_VITIS_LOOP_105_2 : out_36 | {}
	Port: fc1full_top_Pipeline_VITIS_LOOP_105_2 : out_35 | {}
	Port: fc1full_top_Pipeline_VITIS_LOOP_105_2 : out_34 | {}
	Port: fc1full_top_Pipeline_VITIS_LOOP_105_2 : out_33 | {}
	Port: fc1full_top_Pipeline_VITIS_LOOP_105_2 : out_32 | {}
	Port: fc1full_top_Pipeline_VITIS_LOOP_105_2 : out_31 | {}
	Port: fc1full_top_Pipeline_VITIS_LOOP_105_2 : out_30 | {}
	Port: fc1full_top_Pipeline_VITIS_LOOP_105_2 : out_29 | {}
	Port: fc1full_top_Pipeline_VITIS_LOOP_105_2 : out_28 | {}
	Port: fc1full_top_Pipeline_VITIS_LOOP_105_2 : out_27 | {}
	Port: fc1full_top_Pipeline_VITIS_LOOP_105_2 : out_26 | {}
	Port: fc1full_top_Pipeline_VITIS_LOOP_105_2 : out_25 | {}
	Port: fc1full_top_Pipeline_VITIS_LOOP_105_2 : out_24 | {}
	Port: fc1full_top_Pipeline_VITIS_LOOP_105_2 : out_23 | {}
	Port: fc1full_top_Pipeline_VITIS_LOOP_105_2 : out_22 | {}
	Port: fc1full_top_Pipeline_VITIS_LOOP_105_2 : out_21 | {}
	Port: fc1full_top_Pipeline_VITIS_LOOP_105_2 : out_20 | {}
	Port: fc1full_top_Pipeline_VITIS_LOOP_105_2 : out_19 | {}
	Port: fc1full_top_Pipeline_VITIS_LOOP_105_2 : out_18 | {}
	Port: fc1full_top_Pipeline_VITIS_LOOP_105_2 : out_17 | {}
	Port: fc1full_top_Pipeline_VITIS_LOOP_105_2 : out_16 | {}
	Port: fc1full_top_Pipeline_VITIS_LOOP_105_2 : out_15 | {}
	Port: fc1full_top_Pipeline_VITIS_LOOP_105_2 : out_14 | {}
	Port: fc1full_top_Pipeline_VITIS_LOOP_105_2 : out_13 | {}
	Port: fc1full_top_Pipeline_VITIS_LOOP_105_2 : out_12 | {}
	Port: fc1full_top_Pipeline_VITIS_LOOP_105_2 : out_11 | {}
	Port: fc1full_top_Pipeline_VITIS_LOOP_105_2 : out_10 | {}
	Port: fc1full_top_Pipeline_VITIS_LOOP_105_2 : out_9 | {}
	Port: fc1full_top_Pipeline_VITIS_LOOP_105_2 : out_8 | {}
	Port: fc1full_top_Pipeline_VITIS_LOOP_105_2 : out_7 | {}
	Port: fc1full_top_Pipeline_VITIS_LOOP_105_2 : out_6 | {}
	Port: fc1full_top_Pipeline_VITIS_LOOP_105_2 : out_5 | {}
	Port: fc1full_top_Pipeline_VITIS_LOOP_105_2 : out_4 | {}
	Port: fc1full_top_Pipeline_VITIS_LOOP_105_2 : out_3 | {}
	Port: fc1full_top_Pipeline_VITIS_LOOP_105_2 : out_2 | {}
	Port: fc1full_top_Pipeline_VITIS_LOOP_105_2 : out_1 | {}
	Port: fc1full_top_Pipeline_VITIS_LOOP_105_2 : out_stream | {2 }
  - Chain level:
	State 1
		store_ln0 : 1
		i : 1
		icmp_ln105 : 2
		add_ln105 : 2
		br_ln105 : 3
		trunc_ln105 : 2
		switch_ln107 : 3
		store_ln105 : 3
	State 2


============================================================
+ Verbose Summary: Datapath Resource usage 
============================================================

* Functional unit list:
|----------|-----------------------------|---------|---------|
| Operation|       Functional Unit       |    FF   |   LUT   |
|----------|-----------------------------|---------|---------|
|   icmp   |      icmp_ln105_fu_818      |    0    |    14   |
|----------|-----------------------------|---------|---------|
|    add   |       add_ln105_fu_824      |    0    |    14   |
|----------|-----------------------------|---------|---------|
|   read   | out_stream_read_read_fu_292 |    0    |    0    |
|----------|-----------------------------|---------|---------|
|          |   write_ln107_write_fu_298  |    0    |    0    |
|          |   write_ln107_write_fu_306  |    0    |    0    |
|          |   write_ln107_write_fu_314  |    0    |    0    |
|          |   write_ln107_write_fu_322  |    0    |    0    |
|          |   write_ln107_write_fu_330  |    0    |    0    |
|          |   write_ln107_write_fu_338  |    0    |    0    |
|          |   write_ln107_write_fu_346  |    0    |    0    |
|          |   write_ln107_write_fu_354  |    0    |    0    |
|          |   write_ln107_write_fu_362  |    0    |    0    |
|          |   write_ln107_write_fu_370  |    0    |    0    |
|          |   write_ln107_write_fu_378  |    0    |    0    |
|          |   write_ln107_write_fu_386  |    0    |    0    |
|          |   write_ln107_write_fu_394  |    0    |    0    |
|          |   write_ln107_write_fu_402  |    0    |    0    |
|          |   write_ln107_write_fu_410  |    0    |    0    |
|          |   write_ln107_write_fu_418  |    0    |    0    |
|          |   write_ln107_write_fu_426  |    0    |    0    |
|          |   write_ln107_write_fu_434  |    0    |    0    |
|          |   write_ln107_write_fu_442  |    0    |    0    |
|          |   write_ln107_write_fu_450  |    0    |    0    |
|          |   write_ln107_write_fu_458  |    0    |    0    |
|          |   write_ln107_write_fu_466  |    0    |    0    |
|          |   write_ln107_write_fu_474  |    0    |    0    |
|          |   write_ln107_write_fu_482  |    0    |    0    |
|          |   write_ln107_write_fu_490  |    0    |    0    |
|          |   write_ln107_write_fu_498  |    0    |    0    |
|          |   write_ln107_write_fu_506  |    0    |    0    |
|          |   write_ln107_write_fu_514  |    0    |    0    |
|          |   write_ln107_write_fu_522  |    0    |    0    |
|          |   write_ln107_write_fu_530  |    0    |    0    |
|          |   write_ln107_write_fu_538  |    0    |    0    |
|   write  |   write_ln107_write_fu_546  |    0    |    0    |
|          |   write_ln107_write_fu_554  |    0    |    0    |
|          |   write_ln107_write_fu_562  |    0    |    0    |
|          |   write_ln107_write_fu_570  |    0    |    0    |
|          |   write_ln107_write_fu_578  |    0    |    0    |
|          |   write_ln107_write_fu_586  |    0    |    0    |
|          |   write_ln107_write_fu_594  |    0    |    0    |
|          |   write_ln107_write_fu_602  |    0    |    0    |
|          |   write_ln107_write_fu_610  |    0    |    0    |
|          |   write_ln107_write_fu_618  |    0    |    0    |
|          |   write_ln107_write_fu_626  |    0    |    0    |
|          |   write_ln107_write_fu_634  |    0    |    0    |
|          |   write_ln107_write_fu_642  |    0    |    0    |
|          |   write_ln107_write_fu_650  |    0    |    0    |
|          |   write_ln107_write_fu_658  |    0    |    0    |
|          |   write_ln107_write_fu_666  |    0    |    0    |
|          |   write_ln107_write_fu_674  |    0    |    0    |
|          |   write_ln107_write_fu_682  |    0    |    0    |
|          |   write_ln107_write_fu_690  |    0    |    0    |
|          |   write_ln107_write_fu_698  |    0    |    0    |
|          |   write_ln107_write_fu_706  |    0    |    0    |
|          |   write_ln107_write_fu_714  |    0    |    0    |
|          |   write_ln107_write_fu_722  |    0    |    0    |
|          |   write_ln107_write_fu_730  |    0    |    0    |
|          |   write_ln107_write_fu_738  |    0    |    0    |
|          |   write_ln107_write_fu_746  |    0    |    0    |
|          |   write_ln107_write_fu_754  |    0    |    0    |
|          |   write_ln107_write_fu_762  |    0    |    0    |
|          |   write_ln107_write_fu_770  |    0    |    0    |
|          |   write_ln107_write_fu_778  |    0    |    0    |
|          |   write_ln107_write_fu_786  |    0    |    0    |
|          |   write_ln107_write_fu_794  |    0    |    0    |
|          |   write_ln107_write_fu_802  |    0    |    0    |
|----------|-----------------------------|---------|---------|
|   trunc  |      trunc_ln105_fu_830     |    0    |    0    |
|----------|-----------------------------|---------|---------|
|   Total  |                             |    0    |    28   |
|----------|-----------------------------|---------|---------|

Memories:
N/A

* Register list:
+-------------------+--------+
|                   |   FF   |
+-------------------+--------+
|    i_2_reg_839    |    7   |
|trunc_ln105_reg_849|    6   |
+-------------------+--------+
|       Total       |   13   |
+-------------------+--------+

* Multiplexer (MUX) list: 
|--------|------|------|------|--------|
|  Comp  |  Pin | Size |  BW  | S x BW |
|--------|------|------|------|--------|
|  Total |      |      |      |    0   |
|--------|------|------|------|--------|



* Summary:
+-----------+--------+--------+
|           |   FF   |   LUT  |
+-----------+--------+--------+
|  Function |    0   |   28   |
|   Memory  |    -   |    -   |
|Multiplexer|    -   |    -   |
|  Register |   13   |    -   |
+-----------+--------+--------+
|   Total   |   13   |   28   |
+-----------+--------+--------+
