

================================================================
== Vitis HLS Report for 'fc1full_top'
================================================================
* Date:           Thu Apr 30 15:38:38 2026

* Version:        2023.1 (Build 3854077 on May  4 2023)
* Project:        fc1full_prj
* Solution:       xcvu9p-flga2577-2-e (Vivado IP Flow Target)
* Product family: virtexuplus
* Target device:  xcvu9p-flga2577-2-e


================================================================
== Performance Estimates
================================================================
+ Timing: 
    * Summary: 
    +--------+----------+----------+------------+
    |  Clock |  Target  | Estimated| Uncertainty|
    +--------+----------+----------+------------+
    |ap_clk  |  10.00 ns|  4.944 ns|     2.70 ns|
    +--------+----------+----------+------------+

+ Latency: 
    * Summary: 
    +---------+---------+----------+----------+--------+--------+---------+
    |  Latency (cycles) |  Latency (absolute) |     Interval    | Pipeline|
    |   min   |   max   |    min   |    max   |   min  |   max  |   Type  |
    +---------+---------+----------+----------+--------+--------+---------+
    |   208080|   412885|  2.081 ms|  4.129 ms|  208081|  412886|       no|
    +---------+---------+----------+----------+--------+--------+---------+

    + Detail: 
        * Instance: 
        +--------------------------------------------------+---------------------------------------+---------+---------+-----------+-----------+--------+--------+---------+
        |                                                  |                                       |  Latency (cycles) |   Latency (absolute)  |     Interval    | Pipeline|
        |                     Instance                     |                 Module                |   min   |   max   |    min    |    max    |   min  |   max  |   Type  |
        +--------------------------------------------------+---------------------------------------+---------+---------+-----------+-----------+--------+--------+---------+
        |grp_load_weights_once_fu_190                      |load_weights_once                      |        1|   204806|  10.000 ns|   2.048 ms|       1|  204806|       no|
        |grp_fc1full_top_Pipeline_VITIS_LOOP_72_1_fu_200   |fc1full_top_Pipeline_VITIS_LOOP_72_1   |     3202|     3202|  32.020 us|  32.020 us|    3202|    3202|       no|
        |grp_fc1full_top_Pipeline_VITIS_LOOP_131_1_fu_207  |fc1full_top_Pipeline_VITIS_LOOP_131_1  |   204802|   204802|   2.048 ms|   2.048 ms|  204802|  204802|       no|
        |grp_fc1full_top_Pipeline_VITIS_LOOP_105_2_fu_215  |fc1full_top_Pipeline_VITIS_LOOP_105_2  |       66|       66|   0.660 us|   0.660 us|      66|      66|       no|
        +--------------------------------------------------+---------------------------------------+---------+---------+-----------+-----------+--------+--------+---------+

        * Loop: 
        N/A

============================================================
+ Verbose Summary: Synthesis Manager
============================================================
InlineROM: 1
ExposeGlobal: 0
============================================================
+ Verbose Summary: CDFG Model
============================================================
IsTopModel: 1
ResetActiveHigh: 1
IsCombinational: 0
IsDatapathOnly: 0
HasWiredReturn: 1
HasMFsm: 0
HasVarLatency: 1
IsPipeline: 0
IsRtlPipelined: 0
IsInstanceOverlapped: 0
IsDontTouch: 0
HasImplIP: 0
IsGatedGlobalClock: 0


============================================================
+ Verbose Summary: Schedule
============================================================
* Number of FSM states : 10
* Pipeline : 0
* Dataflow Pipeline: 0

* FSM state transitions: 
1 --> 2 
2 --> 3 
3 --> 4 
4 --> 5 
5 --> 6 
6 --> 7 
7 --> 8 
8 --> 9 
9 --> 10 
10 --> 

* FSM state operations: 

State 1 <SV = 0> <Delay = 0.00>
ST_1 : Operation 11 [1/1] (0.00ns)   --->   "%in_stream = alloca i64 1" [/home/coder/Desktop/s2n2/convSNN/fc1full_top.cpp:66]   --->   Operation 11 'alloca' 'in_stream' <Predicate = true> <Delay = 0.00> <CoreInst = "FIFO">   --->   Core 78 'FIFO' <Latency = 0> <II = 1> <Delay = 1.18> <Storage> <Opcode : 'read' 'write' 'nbread' 'nbwrite'> <Ports = 0> <Width = 1> <Depth = 4096> <FIFO>
ST_1 : Operation 12 [1/1] (0.00ns)   --->   "%out_stream = alloca i64 1" [/home/coder/Desktop/s2n2/convSNN/fc1full_top.cpp:67]   --->   Operation 12 'alloca' 'out_stream' <Predicate = true> <Delay = 0.00> <CoreInst = "FIFO_SRL">   --->   Core 81 'FIFO_SRL' <Latency = 0> <II = 1> <Delay = 1.42> <Storage> <Opcode : 'read' 'write' 'nbread' 'nbwrite'> <Ports = 0> <Width = 1> <Depth = 128> <FIFO>
ST_1 : Operation 13 [2/2] (0.00ns)   --->   "%call_ln64 = call void @load_weights_once, i1 %loaded, i3 %FC1_W, i3 %fc1_weights_0" [/home/coder/Desktop/s2n2/convSNN/fc1full_top.cpp:64]   --->   Operation 13 'call' 'call_ln64' <Predicate = true> <Delay = 0.00> <CoreType = "Generic">   --->   Core 0 '' <Latency = 0> <II = 1> <Delay = 1.00> <Generic> <Opcode : >

State 2 <SV = 1> <Delay = 0.00>
ST_2 : Operation 14 [1/2] (0.00ns)   --->   "%call_ln64 = call void @load_weights_once, i1 %loaded, i3 %FC1_W, i3 %fc1_weights_0" [/home/coder/Desktop/s2n2/convSNN/fc1full_top.cpp:64]   --->   Operation 14 'call' 'call_ln64' <Predicate = true> <Delay = 0.00> <CoreType = "Generic">   --->   Core 0 '' <Latency = 0> <II = 1> <Delay = 1.00> <Generic> <Opcode : >

State 3 <SV = 2> <Delay = 0.00>
ST_3 : Operation 15 [1/1] (0.00ns)   --->   "%empty_14 = wait i32 @_ssdm_op_Wait"   --->   Operation 15 'wait' 'empty_14' <Predicate = true> <Delay = 0.00>
ST_3 : Operation 16 [2/2] (0.00ns)   --->   "%call_ln0 = call void @fc1full_top_Pipeline_VITIS_LOOP_72_1, i1 %in_r, i1 %in_stream"   --->   Operation 16 'call' 'call_ln0' <Predicate = true> <Delay = 0.00> <CoreType = "Generic">   --->   Core 0 '' <Latency = 0> <II = 1> <Delay = 1.00> <Generic> <Opcode : >

State 4 <SV = 3> <Delay = 0.00>
ST_4 : Operation 17 [1/2] (0.00ns)   --->   "%call_ln0 = call void @fc1full_top_Pipeline_VITIS_LOOP_72_1, i1 %in_r, i1 %in_stream"   --->   Operation 17 'call' 'call_ln0' <Predicate = true> <Delay = 0.00> <CoreType = "Generic">   --->   Core 0 '' <Latency = 0> <II = 1> <Delay = 1.00> <Generic> <Opcode : >

State 5 <SV = 4> <Delay = 0.00>
ST_5 : Operation 18 [1/1] (0.00ns)   --->   "%empty_15 = wait i32 @_ssdm_op_Wait"   --->   Operation 18 'wait' 'empty_15' <Predicate = true> <Delay = 0.00>

State 6 <SV = 5> <Delay = 0.00>
ST_6 : Operation 19 [1/1] (0.00ns)   --->   "%empty_16 = wait i32 @_ssdm_op_Wait"   --->   Operation 19 'wait' 'empty_16' <Predicate = true> <Delay = 0.00>
ST_6 : Operation 20 [2/2] (0.00ns)   --->   "%call_ln0 = call void @fc1full_top_Pipeline_VITIS_LOOP_131_1, i1 %in_stream, i1 %out_stream, i3 %fc1_weights_0"   --->   Operation 20 'call' 'call_ln0' <Predicate = true> <Delay = 0.00> <CoreType = "Generic">   --->   Core 0 '' <Latency = 0> <II = 1> <Delay = 1.00> <Generic> <Opcode : >

State 7 <SV = 6> <Delay = 0.00>
ST_7 : Operation 21 [1/2] (0.00ns)   --->   "%call_ln0 = call void @fc1full_top_Pipeline_VITIS_LOOP_131_1, i1 %in_stream, i1 %out_stream, i3 %fc1_weights_0"   --->   Operation 21 'call' 'call_ln0' <Predicate = true> <Delay = 0.00> <CoreType = "Generic">   --->   Core 0 '' <Latency = 0> <II = 1> <Delay = 1.00> <Generic> <Opcode : >

State 8 <SV = 7> <Delay = 0.00>
ST_8 : Operation 22 [1/1] (0.00ns)   --->   "%empty_17 = wait i32 @_ssdm_op_Wait"   --->   Operation 22 'wait' 'empty_17' <Predicate = true> <Delay = 0.00>

State 9 <SV = 8> <Delay = 0.00>
ST_9 : Operation 23 [1/1] (0.00ns)   --->   "%empty_18 = wait i32 @_ssdm_op_Wait"   --->   Operation 23 'wait' 'empty_18' <Predicate = true> <Delay = 0.00>
ST_9 : Operation 24 [2/2] (0.00ns)   --->   "%call_ln0 = call void @fc1full_top_Pipeline_VITIS_LOOP_105_2, i1 %out_0, i1 %out_63, i1 %out_62, i1 %out_61, i1 %out_60, i1 %out_59, i1 %out_58, i1 %out_57, i1 %out_56, i1 %out_55, i1 %out_54, i1 %out_53, i1 %out_52, i1 %out_51, i1 %out_50, i1 %out_49, i1 %out_48, i1 %out_47, i1 %out_46, i1 %out_45, i1 %out_44, i1 %out_43, i1 %out_42, i1 %out_41, i1 %out_40, i1 %out_39, i1 %out_38, i1 %out_37, i1 %out_36, i1 %out_35, i1 %out_34, i1 %out_33, i1 %out_32, i1 %out_31, i1 %out_30, i1 %out_29, i1 %out_28, i1 %out_27, i1 %out_26, i1 %out_25, i1 %out_24, i1 %out_23, i1 %out_22, i1 %out_21, i1 %out_20, i1 %out_19, i1 %out_18, i1 %out_17, i1 %out_16, i1 %out_15, i1 %out_14, i1 %out_13, i1 %out_12, i1 %out_11, i1 %out_10, i1 %out_9, i1 %out_8, i1 %out_7, i1 %out_6, i1 %out_5, i1 %out_4, i1 %out_3, i1 %out_2, i1 %out_1, i1 %out_stream"   --->   Operation 24 'call' 'call_ln0' <Predicate = true> <Delay = 0.00> <CoreType = "Generic">   --->   Core 0 '' <Latency = 0> <II = 1> <Delay = 1.00> <Generic> <Opcode : >

State 10 <SV = 9> <Delay = 1.42>
ST_10 : Operation 25 [1/1] (0.00ns)   --->   "%spectopmodule_ln61 = spectopmodule void @_ssdm_op_SpecTopModule, void @empty_1" [/home/coder/Desktop/s2n2/convSNN/fc1full_top.cpp:61]   --->   Operation 25 'spectopmodule' 'spectopmodule_ln61' <Predicate = true> <Delay = 0.00>
ST_10 : Operation 26 [1/1] (0.00ns)   --->   "%specinterface_ln0 = specinterface void @_ssdm_op_SpecInterface, i1 %in_r, void @empty_6, i32 0, i32 0, void @empty_5, i32 4294967295, i32 0, void @empty_5, void @empty_5, void @empty_5, i32 0, i32 0, i32 0, i32 0, void @empty_5, void @empty_5, i32 4294967295, i32 0"   --->   Operation 26 'specinterface' 'specinterface_ln0' <Predicate = true> <Delay = 0.00>
ST_10 : Operation 27 [1/1] (0.00ns)   --->   "%specbitsmap_ln0 = specbitsmap void @_ssdm_op_SpecBitsMap, i1 %in_r"   --->   Operation 27 'specbitsmap' 'specbitsmap_ln0' <Predicate = true> <Delay = 0.00>
ST_10 : Operation 28 [1/1] (0.00ns)   --->   "%specbitsmap_ln0 = specbitsmap void @_ssdm_op_SpecBitsMap, i1 %out_0"   --->   Operation 28 'specbitsmap' 'specbitsmap_ln0' <Predicate = true> <Delay = 0.00>
ST_10 : Operation 29 [1/1] (0.00ns)   --->   "%specinterface_ln0 = specinterface void @_ssdm_op_SpecInterface, i1 %out_0, void @empty_4, i32 0, i32 0, void @empty_5, i32 0, i32 0, void @empty_5, void @empty_5, void @empty_5, i32 0, i32 0, i32 0, i32 0, void @empty_5, void @empty_5, i32 4294967295, i32 0"   --->   Operation 29 'specinterface' 'specinterface_ln0' <Predicate = true> <Delay = 0.00>
ST_10 : Operation 30 [1/1] (0.00ns)   --->   "%specbitsmap_ln0 = specbitsmap void @_ssdm_op_SpecBitsMap, i1 %out_1"   --->   Operation 30 'specbitsmap' 'specbitsmap_ln0' <Predicate = true> <Delay = 0.00>
ST_10 : Operation 31 [1/1] (0.00ns)   --->   "%specinterface_ln0 = specinterface void @_ssdm_op_SpecInterface, i1 %out_1, void @empty_4, i32 0, i32 0, void @empty_5, i32 0, i32 0, void @empty_5, void @empty_5, void @empty_5, i32 0, i32 0, i32 0, i32 0, void @empty_5, void @empty_5, i32 4294967295, i32 0"   --->   Operation 31 'specinterface' 'specinterface_ln0' <Predicate = true> <Delay = 0.00>
ST_10 : Operation 32 [1/1] (0.00ns)   --->   "%specbitsmap_ln0 = specbitsmap void @_ssdm_op_SpecBitsMap, i1 %out_2"   --->   Operation 32 'specbitsmap' 'specbitsmap_ln0' <Predicate = true> <Delay = 0.00>
ST_10 : Operation 33 [1/1] (0.00ns)   --->   "%specinterface_ln0 = specinterface void @_ssdm_op_SpecInterface, i1 %out_2, void @empty_4, i32 0, i32 0, void @empty_5, i32 0, i32 0, void @empty_5, void @empty_5, void @empty_5, i32 0, i32 0, i32 0, i32 0, void @empty_5, void @empty_5, i32 4294967295, i32 0"   --->   Operation 33 'specinterface' 'specinterface_ln0' <Predicate = true> <Delay = 0.00>
ST_10 : Operation 34 [1/1] (0.00ns)   --->   "%specbitsmap_ln0 = specbitsmap void @_ssdm_op_SpecBitsMap, i1 %out_3"   --->   Operation 34 'specbitsmap' 'specbitsmap_ln0' <Predicate = true> <Delay = 0.00>
ST_10 : Operation 35 [1/1] (0.00ns)   --->   "%specinterface_ln0 = specinterface void @_ssdm_op_SpecInterface, i1 %out_3, void @empty_4, i32 0, i32 0, void @empty_5, i32 0, i32 0, void @empty_5, void @empty_5, void @empty_5, i32 0, i32 0, i32 0, i32 0, void @empty_5, void @empty_5, i32 4294967295, i32 0"   --->   Operation 35 'specinterface' 'specinterface_ln0' <Predicate = true> <Delay = 0.00>
ST_10 : Operation 36 [1/1] (0.00ns)   --->   "%specbitsmap_ln0 = specbitsmap void @_ssdm_op_SpecBitsMap, i1 %out_4"   --->   Operation 36 'specbitsmap' 'specbitsmap_ln0' <Predicate = true> <Delay = 0.00>
ST_10 : Operation 37 [1/1] (0.00ns)   --->   "%specinterface_ln0 = specinterface void @_ssdm_op_SpecInterface, i1 %out_4, void @empty_4, i32 0, i32 0, void @empty_5, i32 0, i32 0, void @empty_5, void @empty_5, void @empty_5, i32 0, i32 0, i32 0, i32 0, void @empty_5, void @empty_5, i32 4294967295, i32 0"   --->   Operation 37 'specinterface' 'specinterface_ln0' <Predicate = true> <Delay = 0.00>
ST_10 : Operation 38 [1/1] (0.00ns)   --->   "%specbitsmap_ln0 = specbitsmap void @_ssdm_op_SpecBitsMap, i1 %out_5"   --->   Operation 38 'specbitsmap' 'specbitsmap_ln0' <Predicate = true> <Delay = 0.00>
ST_10 : Operation 39 [1/1] (0.00ns)   --->   "%specinterface_ln0 = specinterface void @_ssdm_op_SpecInterface, i1 %out_5, void @empty_4, i32 0, i32 0, void @empty_5, i32 0, i32 0, void @empty_5, void @empty_5, void @empty_5, i32 0, i32 0, i32 0, i32 0, void @empty_5, void @empty_5, i32 4294967295, i32 0"   --->   Operation 39 'specinterface' 'specinterface_ln0' <Predicate = true> <Delay = 0.00>
ST_10 : Operation 40 [1/1] (0.00ns)   --->   "%specbitsmap_ln0 = specbitsmap void @_ssdm_op_SpecBitsMap, i1 %out_6"   --->   Operation 40 'specbitsmap' 'specbitsmap_ln0' <Predicate = true> <Delay = 0.00>
ST_10 : Operation 41 [1/1] (0.00ns)   --->   "%specinterface_ln0 = specinterface void @_ssdm_op_SpecInterface, i1 %out_6, void @empty_4, i32 0, i32 0, void @empty_5, i32 0, i32 0, void @empty_5, void @empty_5, void @empty_5, i32 0, i32 0, i32 0, i32 0, void @empty_5, void @empty_5, i32 4294967295, i32 0"   --->   Operation 41 'specinterface' 'specinterface_ln0' <Predicate = true> <Delay = 0.00>
ST_10 : Operation 42 [1/1] (0.00ns)   --->   "%specbitsmap_ln0 = specbitsmap void @_ssdm_op_SpecBitsMap, i1 %out_7"   --->   Operation 42 'specbitsmap' 'specbitsmap_ln0' <Predicate = true> <Delay = 0.00>
ST_10 : Operation 43 [1/1] (0.00ns)   --->   "%specinterface_ln0 = specinterface void @_ssdm_op_SpecInterface, i1 %out_7, void @empty_4, i32 0, i32 0, void @empty_5, i32 0, i32 0, void @empty_5, void @empty_5, void @empty_5, i32 0, i32 0, i32 0, i32 0, void @empty_5, void @empty_5, i32 4294967295, i32 0"   --->   Operation 43 'specinterface' 'specinterface_ln0' <Predicate = true> <Delay = 0.00>
ST_10 : Operation 44 [1/1] (0.00ns)   --->   "%specbitsmap_ln0 = specbitsmap void @_ssdm_op_SpecBitsMap, i1 %out_8"   --->   Operation 44 'specbitsmap' 'specbitsmap_ln0' <Predicate = true> <Delay = 0.00>
ST_10 : Operation 45 [1/1] (0.00ns)   --->   "%specinterface_ln0 = specinterface void @_ssdm_op_SpecInterface, i1 %out_8, void @empty_4, i32 0, i32 0, void @empty_5, i32 0, i32 0, void @empty_5, void @empty_5, void @empty_5, i32 0, i32 0, i32 0, i32 0, void @empty_5, void @empty_5, i32 4294967295, i32 0"   --->   Operation 45 'specinterface' 'specinterface_ln0' <Predicate = true> <Delay = 0.00>
ST_10 : Operation 46 [1/1] (0.00ns)   --->   "%specbitsmap_ln0 = specbitsmap void @_ssdm_op_SpecBitsMap, i1 %out_9"   --->   Operation 46 'specbitsmap' 'specbitsmap_ln0' <Predicate = true> <Delay = 0.00>
ST_10 : Operation 47 [1/1] (0.00ns)   --->   "%specinterface_ln0 = specinterface void @_ssdm_op_SpecInterface, i1 %out_9, void @empty_4, i32 0, i32 0, void @empty_5, i32 0, i32 0, void @empty_5, void @empty_5, void @empty_5, i32 0, i32 0, i32 0, i32 0, void @empty_5, void @empty_5, i32 4294967295, i32 0"   --->   Operation 47 'specinterface' 'specinterface_ln0' <Predicate = true> <Delay = 0.00>
ST_10 : Operation 48 [1/1] (0.00ns)   --->   "%specbitsmap_ln0 = specbitsmap void @_ssdm_op_SpecBitsMap, i1 %out_10"   --->   Operation 48 'specbitsmap' 'specbitsmap_ln0' <Predicate = true> <Delay = 0.00>
ST_10 : Operation 49 [1/1] (0.00ns)   --->   "%specinterface_ln0 = specinterface void @_ssdm_op_SpecInterface, i1 %out_10, void @empty_4, i32 0, i32 0, void @empty_5, i32 0, i32 0, void @empty_5, void @empty_5, void @empty_5, i32 0, i32 0, i32 0, i32 0, void @empty_5, void @empty_5, i32 4294967295, i32 0"   --->   Operation 49 'specinterface' 'specinterface_ln0' <Predicate = true> <Delay = 0.00>
ST_10 : Operation 50 [1/1] (0.00ns)   --->   "%specbitsmap_ln0 = specbitsmap void @_ssdm_op_SpecBitsMap, i1 %out_11"   --->   Operation 50 'specbitsmap' 'specbitsmap_ln0' <Predicate = true> <Delay = 0.00>
ST_10 : Operation 51 [1/1] (0.00ns)   --->   "%specinterface_ln0 = specinterface void @_ssdm_op_SpecInterface, i1 %out_11, void @empty_4, i32 0, i32 0, void @empty_5, i32 0, i32 0, void @empty_5, void @empty_5, void @empty_5, i32 0, i32 0, i32 0, i32 0, void @empty_5, void @empty_5, i32 4294967295, i32 0"   --->   Operation 51 'specinterface' 'specinterface_ln0' <Predicate = true> <Delay = 0.00>
ST_10 : Operation 52 [1/1] (0.00ns)   --->   "%specbitsmap_ln0 = specbitsmap void @_ssdm_op_SpecBitsMap, i1 %out_12"   --->   Operation 52 'specbitsmap' 'specbitsmap_ln0' <Predicate = true> <Delay = 0.00>
ST_10 : Operation 53 [1/1] (0.00ns)   --->   "%specinterface_ln0 = specinterface void @_ssdm_op_SpecInterface, i1 %out_12, void @empty_4, i32 0, i32 0, void @empty_5, i32 0, i32 0, void @empty_5, void @empty_5, void @empty_5, i32 0, i32 0, i32 0, i32 0, void @empty_5, void @empty_5, i32 4294967295, i32 0"   --->   Operation 53 'specinterface' 'specinterface_ln0' <Predicate = true> <Delay = 0.00>
ST_10 : Operation 54 [1/1] (0.00ns)   --->   "%specbitsmap_ln0 = specbitsmap void @_ssdm_op_SpecBitsMap, i1 %out_13"   --->   Operation 54 'specbitsmap' 'specbitsmap_ln0' <Predicate = true> <Delay = 0.00>
ST_10 : Operation 55 [1/1] (0.00ns)   --->   "%specinterface_ln0 = specinterface void @_ssdm_op_SpecInterface, i1 %out_13, void @empty_4, i32 0, i32 0, void @empty_5, i32 0, i32 0, void @empty_5, void @empty_5, void @empty_5, i32 0, i32 0, i32 0, i32 0, void @empty_5, void @empty_5, i32 4294967295, i32 0"   --->   Operation 55 'specinterface' 'specinterface_ln0' <Predicate = true> <Delay = 0.00>
ST_10 : Operation 56 [1/1] (0.00ns)   --->   "%specbitsmap_ln0 = specbitsmap void @_ssdm_op_SpecBitsMap, i1 %out_14"   --->   Operation 56 'specbitsmap' 'specbitsmap_ln0' <Predicate = true> <Delay = 0.00>
ST_10 : Operation 57 [1/1] (0.00ns)   --->   "%specinterface_ln0 = specinterface void @_ssdm_op_SpecInterface, i1 %out_14, void @empty_4, i32 0, i32 0, void @empty_5, i32 0, i32 0, void @empty_5, void @empty_5, void @empty_5, i32 0, i32 0, i32 0, i32 0, void @empty_5, void @empty_5, i32 4294967295, i32 0"   --->   Operation 57 'specinterface' 'specinterface_ln0' <Predicate = true> <Delay = 0.00>
ST_10 : Operation 58 [1/1] (0.00ns)   --->   "%specbitsmap_ln0 = specbitsmap void @_ssdm_op_SpecBitsMap, i1 %out_15"   --->   Operation 58 'specbitsmap' 'specbitsmap_ln0' <Predicate = true> <Delay = 0.00>
ST_10 : Operation 59 [1/1] (0.00ns)   --->   "%specinterface_ln0 = specinterface void @_ssdm_op_SpecInterface, i1 %out_15, void @empty_4, i32 0, i32 0, void @empty_5, i32 0, i32 0, void @empty_5, void @empty_5, void @empty_5, i32 0, i32 0, i32 0, i32 0, void @empty_5, void @empty_5, i32 4294967295, i32 0"   --->   Operation 59 'specinterface' 'specinterface_ln0' <Predicate = true> <Delay = 0.00>
ST_10 : Operation 60 [1/1] (0.00ns)   --->   "%specbitsmap_ln0 = specbitsmap void @_ssdm_op_SpecBitsMap, i1 %out_16"   --->   Operation 60 'specbitsmap' 'specbitsmap_ln0' <Predicate = true> <Delay = 0.00>
ST_10 : Operation 61 [1/1] (0.00ns)   --->   "%specinterface_ln0 = specinterface void @_ssdm_op_SpecInterface, i1 %out_16, void @empty_4, i32 0, i32 0, void @empty_5, i32 0, i32 0, void @empty_5, void @empty_5, void @empty_5, i32 0, i32 0, i32 0, i32 0, void @empty_5, void @empty_5, i32 4294967295, i32 0"   --->   Operation 61 'specinterface' 'specinterface_ln0' <Predicate = true> <Delay = 0.00>
ST_10 : Operation 62 [1/1] (0.00ns)   --->   "%specbitsmap_ln0 = specbitsmap void @_ssdm_op_SpecBitsMap, i1 %out_17"   --->   Operation 62 'specbitsmap' 'specbitsmap_ln0' <Predicate = true> <Delay = 0.00>
ST_10 : Operation 63 [1/1] (0.00ns)   --->   "%specinterface_ln0 = specinterface void @_ssdm_op_SpecInterface, i1 %out_17, void @empty_4, i32 0, i32 0, void @empty_5, i32 0, i32 0, void @empty_5, void @empty_5, void @empty_5, i32 0, i32 0, i32 0, i32 0, void @empty_5, void @empty_5, i32 4294967295, i32 0"   --->   Operation 63 'specinterface' 'specinterface_ln0' <Predicate = true> <Delay = 0.00>
ST_10 : Operation 64 [1/1] (0.00ns)   --->   "%specbitsmap_ln0 = specbitsmap void @_ssdm_op_SpecBitsMap, i1 %out_18"   --->   Operation 64 'specbitsmap' 'specbitsmap_ln0' <Predicate = true> <Delay = 0.00>
ST_10 : Operation 65 [1/1] (0.00ns)   --->   "%specinterface_ln0 = specinterface void @_ssdm_op_SpecInterface, i1 %out_18, void @empty_4, i32 0, i32 0, void @empty_5, i32 0, i32 0, void @empty_5, void @empty_5, void @empty_5, i32 0, i32 0, i32 0, i32 0, void @empty_5, void @empty_5, i32 4294967295, i32 0"   --->   Operation 65 'specinterface' 'specinterface_ln0' <Predicate = true> <Delay = 0.00>
ST_10 : Operation 66 [1/1] (0.00ns)   --->   "%specbitsmap_ln0 = specbitsmap void @_ssdm_op_SpecBitsMap, i1 %out_19"   --->   Operation 66 'specbitsmap' 'specbitsmap_ln0' <Predicate = true> <Delay = 0.00>
ST_10 : Operation 67 [1/1] (0.00ns)   --->   "%specinterface_ln0 = specinterface void @_ssdm_op_SpecInterface, i1 %out_19, void @empty_4, i32 0, i32 0, void @empty_5, i32 0, i32 0, void @empty_5, void @empty_5, void @empty_5, i32 0, i32 0, i32 0, i32 0, void @empty_5, void @empty_5, i32 4294967295, i32 0"   --->   Operation 67 'specinterface' 'specinterface_ln0' <Predicate = true> <Delay = 0.00>
ST_10 : Operation 68 [1/1] (0.00ns)   --->   "%specbitsmap_ln0 = specbitsmap void @_ssdm_op_SpecBitsMap, i1 %out_20"   --->   Operation 68 'specbitsmap' 'specbitsmap_ln0' <Predicate = true> <Delay = 0.00>
ST_10 : Operation 69 [1/1] (0.00ns)   --->   "%specinterface_ln0 = specinterface void @_ssdm_op_SpecInterface, i1 %out_20, void @empty_4, i32 0, i32 0, void @empty_5, i32 0, i32 0, void @empty_5, void @empty_5, void @empty_5, i32 0, i32 0, i32 0, i32 0, void @empty_5, void @empty_5, i32 4294967295, i32 0"   --->   Operation 69 'specinterface' 'specinterface_ln0' <Predicate = true> <Delay = 0.00>
ST_10 : Operation 70 [1/1] (0.00ns)   --->   "%specbitsmap_ln0 = specbitsmap void @_ssdm_op_SpecBitsMap, i1 %out_21"   --->   Operation 70 'specbitsmap' 'specbitsmap_ln0' <Predicate = true> <Delay = 0.00>
ST_10 : Operation 71 [1/1] (0.00ns)   --->   "%specinterface_ln0 = specinterface void @_ssdm_op_SpecInterface, i1 %out_21, void @empty_4, i32 0, i32 0, void @empty_5, i32 0, i32 0, void @empty_5, void @empty_5, void @empty_5, i32 0, i32 0, i32 0, i32 0, void @empty_5, void @empty_5, i32 4294967295, i32 0"   --->   Operation 71 'specinterface' 'specinterface_ln0' <Predicate = true> <Delay = 0.00>
ST_10 : Operation 72 [1/1] (0.00ns)   --->   "%specbitsmap_ln0 = specbitsmap void @_ssdm_op_SpecBitsMap, i1 %out_22"   --->   Operation 72 'specbitsmap' 'specbitsmap_ln0' <Predicate = true> <Delay = 0.00>
ST_10 : Operation 73 [1/1] (0.00ns)   --->   "%specinterface_ln0 = specinterface void @_ssdm_op_SpecInterface, i1 %out_22, void @empty_4, i32 0, i32 0, void @empty_5, i32 0, i32 0, void @empty_5, void @empty_5, void @empty_5, i32 0, i32 0, i32 0, i32 0, void @empty_5, void @empty_5, i32 4294967295, i32 0"   --->   Operation 73 'specinterface' 'specinterface_ln0' <Predicate = true> <Delay = 0.00>
ST_10 : Operation 74 [1/1] (0.00ns)   --->   "%specbitsmap_ln0 = specbitsmap void @_ssdm_op_SpecBitsMap, i1 %out_23"   --->   Operation 74 'specbitsmap' 'specbitsmap_ln0' <Predicate = true> <Delay = 0.00>
ST_10 : Operation 75 [1/1] (0.00ns)   --->   "%specinterface_ln0 = specinterface void @_ssdm_op_SpecInterface, i1 %out_23, void @empty_4, i32 0, i32 0, void @empty_5, i32 0, i32 0, void @empty_5, void @empty_5, void @empty_5, i32 0, i32 0, i32 0, i32 0, void @empty_5, void @empty_5, i32 4294967295, i32 0"   --->   Operation 75 'specinterface' 'specinterface_ln0' <Predicate = true> <Delay = 0.00>
ST_10 : Operation 76 [1/1] (0.00ns)   --->   "%specbitsmap_ln0 = specbitsmap void @_ssdm_op_SpecBitsMap, i1 %out_24"   --->   Operation 76 'specbitsmap' 'specbitsmap_ln0' <Predicate = true> <Delay = 0.00>
ST_10 : Operation 77 [1/1] (0.00ns)   --->   "%specinterface_ln0 = specinterface void @_ssdm_op_SpecInterface, i1 %out_24, void @empty_4, i32 0, i32 0, void @empty_5, i32 0, i32 0, void @empty_5, void @empty_5, void @empty_5, i32 0, i32 0, i32 0, i32 0, void @empty_5, void @empty_5, i32 4294967295, i32 0"   --->   Operation 77 'specinterface' 'specinterface_ln0' <Predicate = true> <Delay = 0.00>
ST_10 : Operation 78 [1/1] (0.00ns)   --->   "%specbitsmap_ln0 = specbitsmap void @_ssdm_op_SpecBitsMap, i1 %out_25"   --->   Operation 78 'specbitsmap' 'specbitsmap_ln0' <Predicate = true> <Delay = 0.00>
ST_10 : Operation 79 [1/1] (0.00ns)   --->   "%specinterface_ln0 = specinterface void @_ssdm_op_SpecInterface, i1 %out_25, void @empty_4, i32 0, i32 0, void @empty_5, i32 0, i32 0, void @empty_5, void @empty_5, void @empty_5, i32 0, i32 0, i32 0, i32 0, void @empty_5, void @empty_5, i32 4294967295, i32 0"   --->   Operation 79 'specinterface' 'specinterface_ln0' <Predicate = true> <Delay = 0.00>
ST_10 : Operation 80 [1/1] (0.00ns)   --->   "%specbitsmap_ln0 = specbitsmap void @_ssdm_op_SpecBitsMap, i1 %out_26"   --->   Operation 80 'specbitsmap' 'specbitsmap_ln0' <Predicate = true> <Delay = 0.00>
ST_10 : Operation 81 [1/1] (0.00ns)   --->   "%specinterface_ln0 = specinterface void @_ssdm_op_SpecInterface, i1 %out_26, void @empty_4, i32 0, i32 0, void @empty_5, i32 0, i32 0, void @empty_5, void @empty_5, void @empty_5, i32 0, i32 0, i32 0, i32 0, void @empty_5, void @empty_5, i32 4294967295, i32 0"   --->   Operation 81 'specinterface' 'specinterface_ln0' <Predicate = true> <Delay = 0.00>
ST_10 : Operation 82 [1/1] (0.00ns)   --->   "%specbitsmap_ln0 = specbitsmap void @_ssdm_op_SpecBitsMap, i1 %out_27"   --->   Operation 82 'specbitsmap' 'specbitsmap_ln0' <Predicate = true> <Delay = 0.00>
ST_10 : Operation 83 [1/1] (0.00ns)   --->   "%specinterface_ln0 = specinterface void @_ssdm_op_SpecInterface, i1 %out_27, void @empty_4, i32 0, i32 0, void @empty_5, i32 0, i32 0, void @empty_5, void @empty_5, void @empty_5, i32 0, i32 0, i32 0, i32 0, void @empty_5, void @empty_5, i32 4294967295, i32 0"   --->   Operation 83 'specinterface' 'specinterface_ln0' <Predicate = true> <Delay = 0.00>
ST_10 : Operation 84 [1/1] (0.00ns)   --->   "%specbitsmap_ln0 = specbitsmap void @_ssdm_op_SpecBitsMap, i1 %out_28"   --->   Operation 84 'specbitsmap' 'specbitsmap_ln0' <Predicate = true> <Delay = 0.00>
ST_10 : Operation 85 [1/1] (0.00ns)   --->   "%specinterface_ln0 = specinterface void @_ssdm_op_SpecInterface, i1 %out_28, void @empty_4, i32 0, i32 0, void @empty_5, i32 0, i32 0, void @empty_5, void @empty_5, void @empty_5, i32 0, i32 0, i32 0, i32 0, void @empty_5, void @empty_5, i32 4294967295, i32 0"   --->   Operation 85 'specinterface' 'specinterface_ln0' <Predicate = true> <Delay = 0.00>
ST_10 : Operation 86 [1/1] (0.00ns)   --->   "%specbitsmap_ln0 = specbitsmap void @_ssdm_op_SpecBitsMap, i1 %out_29"   --->   Operation 86 'specbitsmap' 'specbitsmap_ln0' <Predicate = true> <Delay = 0.00>
ST_10 : Operation 87 [1/1] (0.00ns)   --->   "%specinterface_ln0 = specinterface void @_ssdm_op_SpecInterface, i1 %out_29, void @empty_4, i32 0, i32 0, void @empty_5, i32 0, i32 0, void @empty_5, void @empty_5, void @empty_5, i32 0, i32 0, i32 0, i32 0, void @empty_5, void @empty_5, i32 4294967295, i32 0"   --->   Operation 87 'specinterface' 'specinterface_ln0' <Predicate = true> <Delay = 0.00>
ST_10 : Operation 88 [1/1] (0.00ns)   --->   "%specbitsmap_ln0 = specbitsmap void @_ssdm_op_SpecBitsMap, i1 %out_30"   --->   Operation 88 'specbitsmap' 'specbitsmap_ln0' <Predicate = true> <Delay = 0.00>
ST_10 : Operation 89 [1/1] (0.00ns)   --->   "%specinterface_ln0 = specinterface void @_ssdm_op_SpecInterface, i1 %out_30, void @empty_4, i32 0, i32 0, void @empty_5, i32 0, i32 0, void @empty_5, void @empty_5, void @empty_5, i32 0, i32 0, i32 0, i32 0, void @empty_5, void @empty_5, i32 4294967295, i32 0"   --->   Operation 89 'specinterface' 'specinterface_ln0' <Predicate = true> <Delay = 0.00>
ST_10 : Operation 90 [1/1] (0.00ns)   --->   "%specbitsmap_ln0 = specbitsmap void @_ssdm_op_SpecBitsMap, i1 %out_31"   --->   Operation 90 'specbitsmap' 'specbitsmap_ln0' <Predicate = true> <Delay = 0.00>
ST_10 : Operation 91 [1/1] (0.00ns)   --->   "%specinterface_ln0 = specinterface void @_ssdm_op_SpecInterface, i1 %out_31, void @empty_4, i32 0, i32 0, void @empty_5, i32 0, i32 0, void @empty_5, void @empty_5, void @empty_5, i32 0, i32 0, i32 0, i32 0, void @empty_5, void @empty_5, i32 4294967295, i32 0"   --->   Operation 91 'specinterface' 'specinterface_ln0' <Predicate = true> <Delay = 0.00>
ST_10 : Operation 92 [1/1] (0.00ns)   --->   "%specbitsmap_ln0 = specbitsmap void @_ssdm_op_SpecBitsMap, i1 %out_32"   --->   Operation 92 'specbitsmap' 'specbitsmap_ln0' <Predicate = true> <Delay = 0.00>
ST_10 : Operation 93 [1/1] (0.00ns)   --->   "%specinterface_ln0 = specinterface void @_ssdm_op_SpecInterface, i1 %out_32, void @empty_4, i32 0, i32 0, void @empty_5, i32 0, i32 0, void @empty_5, void @empty_5, void @empty_5, i32 0, i32 0, i32 0, i32 0, void @empty_5, void @empty_5, i32 4294967295, i32 0"   --->   Operation 93 'specinterface' 'specinterface_ln0' <Predicate = true> <Delay = 0.00>
ST_10 : Operation 94 [1/1] (0.00ns)   --->   "%specbitsmap_ln0 = specbitsmap void @_ssdm_op_SpecBitsMap, i1 %out_33"   --->   Operation 94 'specbitsmap' 'specbitsmap_ln0' <Predicate = true> <Delay = 0.00>
ST_10 : Operation 95 [1/1] (0.00ns)   --->   "%specinterface_ln0 = specinterface void @_ssdm_op_SpecInterface, i1 %out_33, void @empty_4, i32 0, i32 0, void @empty_5, i32 0, i32 0, void @empty_5, void @empty_5, void @empty_5, i32 0, i32 0, i32 0, i32 0, void @empty_5, void @empty_5, i32 4294967295, i32 0"   --->   Operation 95 'specinterface' 'specinterface_ln0' <Predicate = true> <Delay = 0.00>
ST_10 : Operation 96 [1/1] (0.00ns)   --->   "%specbitsmap_ln0 = specbitsmap void @_ssdm_op_SpecBitsMap, i1 %out_34"   --->   Operation 96 'specbitsmap' 'specbitsmap_ln0' <Predicate = true> <Delay = 0.00>
ST_10 : Operation 97 [1/1] (0.00ns)   --->   "%specinterface_ln0 = specinterface void @_ssdm_op_SpecInterface, i1 %out_34, void @empty_4, i32 0, i32 0, void @empty_5, i32 0, i32 0, void @empty_5, void @empty_5, void @empty_5, i32 0, i32 0, i32 0, i32 0, void @empty_5, void @empty_5, i32 4294967295, i32 0"   --->   Operation 97 'specinterface' 'specinterface_ln0' <Predicate = true> <Delay = 0.00>
ST_10 : Operation 98 [1/1] (0.00ns)   --->   "%specbitsmap_ln0 = specbitsmap void @_ssdm_op_SpecBitsMap, i1 %out_35"   --->   Operation 98 'specbitsmap' 'specbitsmap_ln0' <Predicate = true> <Delay = 0.00>
ST_10 : Operation 99 [1/1] (0.00ns)   --->   "%specinterface_ln0 = specinterface void @_ssdm_op_SpecInterface, i1 %out_35, void @empty_4, i32 0, i32 0, void @empty_5, i32 0, i32 0, void @empty_5, void @empty_5, void @empty_5, i32 0, i32 0, i32 0, i32 0, void @empty_5, void @empty_5, i32 4294967295, i32 0"   --->   Operation 99 'specinterface' 'specinterface_ln0' <Predicate = true> <Delay = 0.00>
ST_10 : Operation 100 [1/1] (0.00ns)   --->   "%specbitsmap_ln0 = specbitsmap void @_ssdm_op_SpecBitsMap, i1 %out_36"   --->   Operation 100 'specbitsmap' 'specbitsmap_ln0' <Predicate = true> <Delay = 0.00>
ST_10 : Operation 101 [1/1] (0.00ns)   --->   "%specinterface_ln0 = specinterface void @_ssdm_op_SpecInterface, i1 %out_36, void @empty_4, i32 0, i32 0, void @empty_5, i32 0, i32 0, void @empty_5, void @empty_5, void @empty_5, i32 0, i32 0, i32 0, i32 0, void @empty_5, void @empty_5, i32 4294967295, i32 0"   --->   Operation 101 'specinterface' 'specinterface_ln0' <Predicate = true> <Delay = 0.00>
ST_10 : Operation 102 [1/1] (0.00ns)   --->   "%specbitsmap_ln0 = specbitsmap void @_ssdm_op_SpecBitsMap, i1 %out_37"   --->   Operation 102 'specbitsmap' 'specbitsmap_ln0' <Predicate = true> <Delay = 0.00>
ST_10 : Operation 103 [1/1] (0.00ns)   --->   "%specinterface_ln0 = specinterface void @_ssdm_op_SpecInterface, i1 %out_37, void @empty_4, i32 0, i32 0, void @empty_5, i32 0, i32 0, void @empty_5, void @empty_5, void @empty_5, i32 0, i32 0, i32 0, i32 0, void @empty_5, void @empty_5, i32 4294967295, i32 0"   --->   Operation 103 'specinterface' 'specinterface_ln0' <Predicate = true> <Delay = 0.00>
ST_10 : Operation 104 [1/1] (0.00ns)   --->   "%specbitsmap_ln0 = specbitsmap void @_ssdm_op_SpecBitsMap, i1 %out_38"   --->   Operation 104 'specbitsmap' 'specbitsmap_ln0' <Predicate = true> <Delay = 0.00>
ST_10 : Operation 105 [1/1] (0.00ns)   --->   "%specinterface_ln0 = specinterface void @_ssdm_op_SpecInterface, i1 %out_38, void @empty_4, i32 0, i32 0, void @empty_5, i32 0, i32 0, void @empty_5, void @empty_5, void @empty_5, i32 0, i32 0, i32 0, i32 0, void @empty_5, void @empty_5, i32 4294967295, i32 0"   --->   Operation 105 'specinterface' 'specinterface_ln0' <Predicate = true> <Delay = 0.00>
ST_10 : Operation 106 [1/1] (0.00ns)   --->   "%specbitsmap_ln0 = specbitsmap void @_ssdm_op_SpecBitsMap, i1 %out_39"   --->   Operation 106 'specbitsmap' 'specbitsmap_ln0' <Predicate = true> <Delay = 0.00>
ST_10 : Operation 107 [1/1] (0.00ns)   --->   "%specinterface_ln0 = specinterface void @_ssdm_op_SpecInterface, i1 %out_39, void @empty_4, i32 0, i32 0, void @empty_5, i32 0, i32 0, void @empty_5, void @empty_5, void @empty_5, i32 0, i32 0, i32 0, i32 0, void @empty_5, void @empty_5, i32 4294967295, i32 0"   --->   Operation 107 'specinterface' 'specinterface_ln0' <Predicate = true> <Delay = 0.00>
ST_10 : Operation 108 [1/1] (0.00ns)   --->   "%specbitsmap_ln0 = specbitsmap void @_ssdm_op_SpecBitsMap, i1 %out_40"   --->   Operation 108 'specbitsmap' 'specbitsmap_ln0' <Predicate = true> <Delay = 0.00>
ST_10 : Operation 109 [1/1] (0.00ns)   --->   "%specinterface_ln0 = specinterface void @_ssdm_op_SpecInterface, i1 %out_40, void @empty_4, i32 0, i32 0, void @empty_5, i32 0, i32 0, void @empty_5, void @empty_5, void @empty_5, i32 0, i32 0, i32 0, i32 0, void @empty_5, void @empty_5, i32 4294967295, i32 0"   --->   Operation 109 'specinterface' 'specinterface_ln0' <Predicate = true> <Delay = 0.00>
ST_10 : Operation 110 [1/1] (0.00ns)   --->   "%specbitsmap_ln0 = specbitsmap void @_ssdm_op_SpecBitsMap, i1 %out_41"   --->   Operation 110 'specbitsmap' 'specbitsmap_ln0' <Predicate = true> <Delay = 0.00>
ST_10 : Operation 111 [1/1] (0.00ns)   --->   "%specinterface_ln0 = specinterface void @_ssdm_op_SpecInterface, i1 %out_41, void @empty_4, i32 0, i32 0, void @empty_5, i32 0, i32 0, void @empty_5, void @empty_5, void @empty_5, i32 0, i32 0, i32 0, i32 0, void @empty_5, void @empty_5, i32 4294967295, i32 0"   --->   Operation 111 'specinterface' 'specinterface_ln0' <Predicate = true> <Delay = 0.00>
ST_10 : Operation 112 [1/1] (0.00ns)   --->   "%specbitsmap_ln0 = specbitsmap void @_ssdm_op_SpecBitsMap, i1 %out_42"   --->   Operation 112 'specbitsmap' 'specbitsmap_ln0' <Predicate = true> <Delay = 0.00>
ST_10 : Operation 113 [1/1] (0.00ns)   --->   "%specinterface_ln0 = specinterface void @_ssdm_op_SpecInterface, i1 %out_42, void @empty_4, i32 0, i32 0, void @empty_5, i32 0, i32 0, void @empty_5, void @empty_5, void @empty_5, i32 0, i32 0, i32 0, i32 0, void @empty_5, void @empty_5, i32 4294967295, i32 0"   --->   Operation 113 'specinterface' 'specinterface_ln0' <Predicate = true> <Delay = 0.00>
ST_10 : Operation 114 [1/1] (0.00ns)   --->   "%specbitsmap_ln0 = specbitsmap void @_ssdm_op_SpecBitsMap, i1 %out_43"   --->   Operation 114 'specbitsmap' 'specbitsmap_ln0' <Predicate = true> <Delay = 0.00>
ST_10 : Operation 115 [1/1] (0.00ns)   --->   "%specinterface_ln0 = specinterface void @_ssdm_op_SpecInterface, i1 %out_43, void @empty_4, i32 0, i32 0, void @empty_5, i32 0, i32 0, void @empty_5, void @empty_5, void @empty_5, i32 0, i32 0, i32 0, i32 0, void @empty_5, void @empty_5, i32 4294967295, i32 0"   --->   Operation 115 'specinterface' 'specinterface_ln0' <Predicate = true> <Delay = 0.00>
ST_10 : Operation 116 [1/1] (0.00ns)   --->   "%specbitsmap_ln0 = specbitsmap void @_ssdm_op_SpecBitsMap, i1 %out_44"   --->   Operation 116 'specbitsmap' 'specbitsmap_ln0' <Predicate = true> <Delay = 0.00>
ST_10 : Operation 117 [1/1] (0.00ns)   --->   "%specinterface_ln0 = specinterface void @_ssdm_op_SpecInterface, i1 %out_44, void @empty_4, i32 0, i32 0, void @empty_5, i32 0, i32 0, void @empty_5, void @empty_5, void @empty_5, i32 0, i32 0, i32 0, i32 0, void @empty_5, void @empty_5, i32 4294967295, i32 0"   --->   Operation 117 'specinterface' 'specinterface_ln0' <Predicate = true> <Delay = 0.00>
ST_10 : Operation 118 [1/1] (0.00ns)   --->   "%specbitsmap_ln0 = specbitsmap void @_ssdm_op_SpecBitsMap, i1 %out_45"   --->   Operation 118 'specbitsmap' 'specbitsmap_ln0' <Predicate = true> <Delay = 0.00>
ST_10 : Operation 119 [1/1] (0.00ns)   --->   "%specinterface_ln0 = specinterface void @_ssdm_op_SpecInterface, i1 %out_45, void @empty_4, i32 0, i32 0, void @empty_5, i32 0, i32 0, void @empty_5, void @empty_5, void @empty_5, i32 0, i32 0, i32 0, i32 0, void @empty_5, void @empty_5, i32 4294967295, i32 0"   --->   Operation 119 'specinterface' 'specinterface_ln0' <Predicate = true> <Delay = 0.00>
ST_10 : Operation 120 [1/1] (0.00ns)   --->   "%specbitsmap_ln0 = specbitsmap void @_ssdm_op_SpecBitsMap, i1 %out_46"   --->   Operation 120 'specbitsmap' 'specbitsmap_ln0' <Predicate = true> <Delay = 0.00>
ST_10 : Operation 121 [1/1] (0.00ns)   --->   "%specinterface_ln0 = specinterface void @_ssdm_op_SpecInterface, i1 %out_46, void @empty_4, i32 0, i32 0, void @empty_5, i32 0, i32 0, void @empty_5, void @empty_5, void @empty_5, i32 0, i32 0, i32 0, i32 0, void @empty_5, void @empty_5, i32 4294967295, i32 0"   --->   Operation 121 'specinterface' 'specinterface_ln0' <Predicate = true> <Delay = 0.00>
ST_10 : Operation 122 [1/1] (0.00ns)   --->   "%specbitsmap_ln0 = specbitsmap void @_ssdm_op_SpecBitsMap, i1 %out_47"   --->   Operation 122 'specbitsmap' 'specbitsmap_ln0' <Predicate = true> <Delay = 0.00>
ST_10 : Operation 123 [1/1] (0.00ns)   --->   "%specinterface_ln0 = specinterface void @_ssdm_op_SpecInterface, i1 %out_47, void @empty_4, i32 0, i32 0, void @empty_5, i32 0, i32 0, void @empty_5, void @empty_5, void @empty_5, i32 0, i32 0, i32 0, i32 0, void @empty_5, void @empty_5, i32 4294967295, i32 0"   --->   Operation 123 'specinterface' 'specinterface_ln0' <Predicate = true> <Delay = 0.00>
ST_10 : Operation 124 [1/1] (0.00ns)   --->   "%specbitsmap_ln0 = specbitsmap void @_ssdm_op_SpecBitsMap, i1 %out_48"   --->   Operation 124 'specbitsmap' 'specbitsmap_ln0' <Predicate = true> <Delay = 0.00>
ST_10 : Operation 125 [1/1] (0.00ns)   --->   "%specinterface_ln0 = specinterface void @_ssdm_op_SpecInterface, i1 %out_48, void @empty_4, i32 0, i32 0, void @empty_5, i32 0, i32 0, void @empty_5, void @empty_5, void @empty_5, i32 0, i32 0, i32 0, i32 0, void @empty_5, void @empty_5, i32 4294967295, i32 0"   --->   Operation 125 'specinterface' 'specinterface_ln0' <Predicate = true> <Delay = 0.00>
ST_10 : Operation 126 [1/1] (0.00ns)   --->   "%specbitsmap_ln0 = specbitsmap void @_ssdm_op_SpecBitsMap, i1 %out_49"   --->   Operation 126 'specbitsmap' 'specbitsmap_ln0' <Predicate = true> <Delay = 0.00>
ST_10 : Operation 127 [1/1] (0.00ns)   --->   "%specinterface_ln0 = specinterface void @_ssdm_op_SpecInterface, i1 %out_49, void @empty_4, i32 0, i32 0, void @empty_5, i32 0, i32 0, void @empty_5, void @empty_5, void @empty_5, i32 0, i32 0, i32 0, i32 0, void @empty_5, void @empty_5, i32 4294967295, i32 0"   --->   Operation 127 'specinterface' 'specinterface_ln0' <Predicate = true> <Delay = 0.00>
ST_10 : Operation 128 [1/1] (0.00ns)   --->   "%specbitsmap_ln0 = specbitsmap void @_ssdm_op_SpecBitsMap, i1 %out_50"   --->   Operation 128 'specbitsmap' 'specbitsmap_ln0' <Predicate = true> <Delay = 0.00>
ST_10 : Operation 129 [1/1] (0.00ns)   --->   "%specinterface_ln0 = specinterface void @_ssdm_op_SpecInterface, i1 %out_50, void @empty_4, i32 0, i32 0, void @empty_5, i32 0, i32 0, void @empty_5, void @empty_5, void @empty_5, i32 0, i32 0, i32 0, i32 0, void @empty_5, void @empty_5, i32 4294967295, i32 0"   --->   Operation 129 'specinterface' 'specinterface_ln0' <Predicate = true> <Delay = 0.00>
ST_10 : Operation 130 [1/1] (0.00ns)   --->   "%specbitsmap_ln0 = specbitsmap void @_ssdm_op_SpecBitsMap, i1 %out_51"   --->   Operation 130 'specbitsmap' 'specbitsmap_ln0' <Predicate = true> <Delay = 0.00>
ST_10 : Operation 131 [1/1] (0.00ns)   --->   "%specinterface_ln0 = specinterface void @_ssdm_op_SpecInterface, i1 %out_51, void @empty_4, i32 0, i32 0, void @empty_5, i32 0, i32 0, void @empty_5, void @empty_5, void @empty_5, i32 0, i32 0, i32 0, i32 0, void @empty_5, void @empty_5, i32 4294967295, i32 0"   --->   Operation 131 'specinterface' 'specinterface_ln0' <Predicate = true> <Delay = 0.00>
ST_10 : Operation 132 [1/1] (0.00ns)   --->   "%specbitsmap_ln0 = specbitsmap void @_ssdm_op_SpecBitsMap, i1 %out_52"   --->   Operation 132 'specbitsmap' 'specbitsmap_ln0' <Predicate = true> <Delay = 0.00>
ST_10 : Operation 133 [1/1] (0.00ns)   --->   "%specinterface_ln0 = specinterface void @_ssdm_op_SpecInterface, i1 %out_52, void @empty_4, i32 0, i32 0, void @empty_5, i32 0, i32 0, void @empty_5, void @empty_5, void @empty_5, i32 0, i32 0, i32 0, i32 0, void @empty_5, void @empty_5, i32 4294967295, i32 0"   --->   Operation 133 'specinterface' 'specinterface_ln0' <Predicate = true> <Delay = 0.00>
ST_10 : Operation 134 [1/1] (0.00ns)   --->   "%specbitsmap_ln0 = specbitsmap void @_ssdm_op_SpecBitsMap, i1 %out_53"   --->   Operation 134 'specbitsmap' 'specbitsmap_ln0' <Predicate = true> <Delay = 0.00>
ST_10 : Operation 135 [1/1] (0.00ns)   --->   "%specinterface_ln0 = specinterface void @_ssdm_op_SpecInterface, i1 %out_53, void @empty_4, i32 0, i32 0, void @empty_5, i32 0, i32 0, void @empty_5, void @empty_5, void @empty_5, i32 0, i32 0, i32 0, i32 0, void @empty_5, void @empty_5, i32 4294967295, i32 0"   --->   Operation 135 'specinterface' 'specinterface_ln0' <Predicate = true> <Delay = 0.00>
ST_10 : Operation 136 [1/1] (0.00ns)   --->   "%specbitsmap_ln0 = specbitsmap void @_ssdm_op_SpecBitsMap, i1 %out_54"   --->   Operation 136 'specbitsmap' 'specbitsmap_ln0' <Predicate = true> <Delay = 0.00>
ST_10 : Operation 137 [1/1] (0.00ns)   --->   "%specinterface_ln0 = specinterface void @_ssdm_op_SpecInterface, i1 %out_54, void @empty_4, i32 0, i32 0, void @empty_5, i32 0, i32 0, void @empty_5, void @empty_5, void @empty_5, i32 0, i32 0, i32 0, i32 0, void @empty_5, void @empty_5, i32 4294967295, i32 0"   --->   Operation 137 'specinterface' 'specinterface_ln0' <Predicate = true> <Delay = 0.00>
ST_10 : Operation 138 [1/1] (0.00ns)   --->   "%specbitsmap_ln0 = specbitsmap void @_ssdm_op_SpecBitsMap, i1 %out_55"   --->   Operation 138 'specbitsmap' 'specbitsmap_ln0' <Predicate = true> <Delay = 0.00>
ST_10 : Operation 139 [1/1] (0.00ns)   --->   "%specinterface_ln0 = specinterface void @_ssdm_op_SpecInterface, i1 %out_55, void @empty_4, i32 0, i32 0, void @empty_5, i32 0, i32 0, void @empty_5, void @empty_5, void @empty_5, i32 0, i32 0, i32 0, i32 0, void @empty_5, void @empty_5, i32 4294967295, i32 0"   --->   Operation 139 'specinterface' 'specinterface_ln0' <Predicate = true> <Delay = 0.00>
ST_10 : Operation 140 [1/1] (0.00ns)   --->   "%specbitsmap_ln0 = specbitsmap void @_ssdm_op_SpecBitsMap, i1 %out_56"   --->   Operation 140 'specbitsmap' 'specbitsmap_ln0' <Predicate = true> <Delay = 0.00>
ST_10 : Operation 141 [1/1] (0.00ns)   --->   "%specinterface_ln0 = specinterface void @_ssdm_op_SpecInterface, i1 %out_56, void @empty_4, i32 0, i32 0, void @empty_5, i32 0, i32 0, void @empty_5, void @empty_5, void @empty_5, i32 0, i32 0, i32 0, i32 0, void @empty_5, void @empty_5, i32 4294967295, i32 0"   --->   Operation 141 'specinterface' 'specinterface_ln0' <Predicate = true> <Delay = 0.00>
ST_10 : Operation 142 [1/1] (0.00ns)   --->   "%specbitsmap_ln0 = specbitsmap void @_ssdm_op_SpecBitsMap, i1 %out_57"   --->   Operation 142 'specbitsmap' 'specbitsmap_ln0' <Predicate = true> <Delay = 0.00>
ST_10 : Operation 143 [1/1] (0.00ns)   --->   "%specinterface_ln0 = specinterface void @_ssdm_op_SpecInterface, i1 %out_57, void @empty_4, i32 0, i32 0, void @empty_5, i32 0, i32 0, void @empty_5, void @empty_5, void @empty_5, i32 0, i32 0, i32 0, i32 0, void @empty_5, void @empty_5, i32 4294967295, i32 0"   --->   Operation 143 'specinterface' 'specinterface_ln0' <Predicate = true> <Delay = 0.00>
ST_10 : Operation 144 [1/1] (0.00ns)   --->   "%specbitsmap_ln0 = specbitsmap void @_ssdm_op_SpecBitsMap, i1 %out_58"   --->   Operation 144 'specbitsmap' 'specbitsmap_ln0' <Predicate = true> <Delay = 0.00>
ST_10 : Operation 145 [1/1] (0.00ns)   --->   "%specinterface_ln0 = specinterface void @_ssdm_op_SpecInterface, i1 %out_58, void @empty_4, i32 0, i32 0, void @empty_5, i32 0, i32 0, void @empty_5, void @empty_5, void @empty_5, i32 0, i32 0, i32 0, i32 0, void @empty_5, void @empty_5, i32 4294967295, i32 0"   --->   Operation 145 'specinterface' 'specinterface_ln0' <Predicate = true> <Delay = 0.00>
ST_10 : Operation 146 [1/1] (0.00ns)   --->   "%specbitsmap_ln0 = specbitsmap void @_ssdm_op_SpecBitsMap, i1 %out_59"   --->   Operation 146 'specbitsmap' 'specbitsmap_ln0' <Predicate = true> <Delay = 0.00>
ST_10 : Operation 147 [1/1] (0.00ns)   --->   "%specinterface_ln0 = specinterface void @_ssdm_op_SpecInterface, i1 %out_59, void @empty_4, i32 0, i32 0, void @empty_5, i32 0, i32 0, void @empty_5, void @empty_5, void @empty_5, i32 0, i32 0, i32 0, i32 0, void @empty_5, void @empty_5, i32 4294967295, i32 0"   --->   Operation 147 'specinterface' 'specinterface_ln0' <Predicate = true> <Delay = 0.00>
ST_10 : Operation 148 [1/1] (0.00ns)   --->   "%specbitsmap_ln0 = specbitsmap void @_ssdm_op_SpecBitsMap, i1 %out_60"   --->   Operation 148 'specbitsmap' 'specbitsmap_ln0' <Predicate = true> <Delay = 0.00>
ST_10 : Operation 149 [1/1] (0.00ns)   --->   "%specinterface_ln0 = specinterface void @_ssdm_op_SpecInterface, i1 %out_60, void @empty_4, i32 0, i32 0, void @empty_5, i32 0, i32 0, void @empty_5, void @empty_5, void @empty_5, i32 0, i32 0, i32 0, i32 0, void @empty_5, void @empty_5, i32 4294967295, i32 0"   --->   Operation 149 'specinterface' 'specinterface_ln0' <Predicate = true> <Delay = 0.00>
ST_10 : Operation 150 [1/1] (0.00ns)   --->   "%specbitsmap_ln0 = specbitsmap void @_ssdm_op_SpecBitsMap, i1 %out_61"   --->   Operation 150 'specbitsmap' 'specbitsmap_ln0' <Predicate = true> <Delay = 0.00>
ST_10 : Operation 151 [1/1] (0.00ns)   --->   "%specinterface_ln0 = specinterface void @_ssdm_op_SpecInterface, i1 %out_61, void @empty_4, i32 0, i32 0, void @empty_5, i32 0, i32 0, void @empty_5, void @empty_5, void @empty_5, i32 0, i32 0, i32 0, i32 0, void @empty_5, void @empty_5, i32 4294967295, i32 0"   --->   Operation 151 'specinterface' 'specinterface_ln0' <Predicate = true> <Delay = 0.00>
ST_10 : Operation 152 [1/1] (0.00ns)   --->   "%specbitsmap_ln0 = specbitsmap void @_ssdm_op_SpecBitsMap, i1 %out_62"   --->   Operation 152 'specbitsmap' 'specbitsmap_ln0' <Predicate = true> <Delay = 0.00>
ST_10 : Operation 153 [1/1] (0.00ns)   --->   "%specinterface_ln0 = specinterface void @_ssdm_op_SpecInterface, i1 %out_62, void @empty_4, i32 0, i32 0, void @empty_5, i32 0, i32 0, void @empty_5, void @empty_5, void @empty_5, i32 0, i32 0, i32 0, i32 0, void @empty_5, void @empty_5, i32 4294967295, i32 0"   --->   Operation 153 'specinterface' 'specinterface_ln0' <Predicate = true> <Delay = 0.00>
ST_10 : Operation 154 [1/1] (0.00ns)   --->   "%specbitsmap_ln0 = specbitsmap void @_ssdm_op_SpecBitsMap, i1 %out_63"   --->   Operation 154 'specbitsmap' 'specbitsmap_ln0' <Predicate = true> <Delay = 0.00>
ST_10 : Operation 155 [1/1] (0.00ns)   --->   "%specinterface_ln0 = specinterface void @_ssdm_op_SpecInterface, i1 %out_63, void @empty_4, i32 0, i32 0, void @empty_5, i32 0, i32 0, void @empty_5, void @empty_5, void @empty_5, i32 0, i32 0, i32 0, i32 0, void @empty_5, void @empty_5, i32 4294967295, i32 0"   --->   Operation 155 'specinterface' 'specinterface_ln0' <Predicate = true> <Delay = 0.00>
ST_10 : Operation 156 [1/1] (0.00ns)   --->   "%empty = specchannel i32 @_ssdm_op_SpecChannel, void @in_stream_str, i32 1, void @p_str, void @p_str, i32 4096, i32 4096, i1 %in_stream, i1 %in_stream"   --->   Operation 156 'specchannel' 'empty' <Predicate = true> <Delay = 0.00>
ST_10 : Operation 157 [1/1] (0.00ns)   --->   "%specinterface_ln0 = specinterface void @_ssdm_op_SpecInterface, i1 %in_stream, void @empty_3, i32 0, i32 0, void @empty_5, i32 0, i32 0, void @empty_5, void @empty_5, void @empty_5, i32 0, i32 0, i32 0, i32 0, void @empty_5, void @empty_5, i32 4294967295, i32 0"   --->   Operation 157 'specinterface' 'specinterface_ln0' <Predicate = true> <Delay = 0.00>
ST_10 : Operation 158 [1/1] (0.00ns)   --->   "%empty_13 = specchannel i32 @_ssdm_op_SpecChannel, void @out_stream_str, i32 1, void @p_str, void @p_str, i32 128, i32 128, i1 %out_stream, i1 %out_stream"   --->   Operation 158 'specchannel' 'empty_13' <Predicate = true> <Delay = 0.00>
ST_10 : Operation 159 [1/1] (0.00ns)   --->   "%specinterface_ln0 = specinterface void @_ssdm_op_SpecInterface, i1 %out_stream, void @empty_3, i32 0, i32 0, void @empty_5, i32 0, i32 0, void @empty_5, void @empty_5, void @empty_5, i32 0, i32 0, i32 0, i32 0, void @empty_5, void @empty_5, i32 4294967295, i32 0"   --->   Operation 159 'specinterface' 'specinterface_ln0' <Predicate = true> <Delay = 0.00>
ST_10 : Operation 160 [1/2] (1.42ns)   --->   "%call_ln0 = call void @fc1full_top_Pipeline_VITIS_LOOP_105_2, i1 %out_0, i1 %out_63, i1 %out_62, i1 %out_61, i1 %out_60, i1 %out_59, i1 %out_58, i1 %out_57, i1 %out_56, i1 %out_55, i1 %out_54, i1 %out_53, i1 %out_52, i1 %out_51, i1 %out_50, i1 %out_49, i1 %out_48, i1 %out_47, i1 %out_46, i1 %out_45, i1 %out_44, i1 %out_43, i1 %out_42, i1 %out_41, i1 %out_40, i1 %out_39, i1 %out_38, i1 %out_37, i1 %out_36, i1 %out_35, i1 %out_34, i1 %out_33, i1 %out_32, i1 %out_31, i1 %out_30, i1 %out_29, i1 %out_28, i1 %out_27, i1 %out_26, i1 %out_25, i1 %out_24, i1 %out_23, i1 %out_22, i1 %out_21, i1 %out_20, i1 %out_19, i1 %out_18, i1 %out_17, i1 %out_16, i1 %out_15, i1 %out_14, i1 %out_13, i1 %out_12, i1 %out_11, i1 %out_10, i1 %out_9, i1 %out_8, i1 %out_7, i1 %out_6, i1 %out_5, i1 %out_4, i1 %out_3, i1 %out_2, i1 %out_1, i1 %out_stream"   --->   Operation 160 'call' 'call_ln0' <Predicate = true> <Delay = 1.42> <CoreType = "Generic">   --->   Core 0 '' <Latency = 0> <II = 1> <Delay = 1.00> <Generic> <Opcode : >
ST_10 : Operation 161 [1/1] (0.00ns)   --->   "%ret_ln109 = ret" [/home/coder/Desktop/s2n2/convSNN/fc1full_top.cpp:109]   --->   Operation 161 'ret' 'ret_ln109' <Predicate = true> <Delay = 0.00>


============================================================
+ Verbose Summary: Binding
============================================================
STG Binding: 
---------------- STG Properties BEGIN ----------------
- Is combinational: 0
- Is one-state seq: 0
- Is datapath-only: 0
- Is pipelined: 0
- Is top level: 1
Port [ Return ] is wired: 1; IO mode=ap_ctrl_hs:ce=0
Port [ in_r]:  wired=1; compound=1; hidden=0; nouse=0; global=0; static=0; extern=0; dir=0; type=1; pingpong=0; private_global=0; MemPort=[13]; IO mode=ap_memory:ce=0
Port [ out_0]:  wired=1; compound=0; hidden=0; nouse=0; global=0; static=0; extern=0; dir=1; type=0; pingpong=0; private_global=0; IO mode=ap_vld:ce=0
Port [ out_1]:  wired=1; compound=0; hidden=0; nouse=0; global=0; static=0; extern=0; dir=1; type=0; pingpong=0; private_global=0; IO mode=ap_vld:ce=0
Port [ out_2]:  wired=1; compound=0; hidden=0; nouse=0; global=0; static=0; extern=0; dir=1; type=0; pingpong=0; private_global=0; IO mode=ap_vld:ce=0
Port [ out_3]:  wired=1; compound=0; hidden=0; nouse=0; global=0; static=0; extern=0; dir=1; type=0; pingpong=0; private_global=0; IO mode=ap_vld:ce=0
Port [ out_4]:  wired=1; compound=0; hidden=0; nouse=0; global=0; static=0; extern=0; dir=1; type=0; pingpong=0; private_global=0; IO mode=ap_vld:ce=0
Port [ out_5]:  wired=1; compound=0; hidden=0; nouse=0; global=0; static=0; extern=0; dir=1; type=0; pingpong=0; private_global=0; IO mode=ap_vld:ce=0
Port [ out_6]:  wired=1; compound=0; hidden=0; nouse=0; global=0; static=0; extern=0; dir=1; type=0; pingpong=0; private_global=0; IO mode=ap_vld:ce=0
Port [ out_7]:  wired=1; compound=0; hidden=0; nouse=0; global=0; static=0; extern=0; dir=1; type=0; pingpong=0; private_global=0; IO mode=ap_vld:ce=0
Port [ out_8]:  wired=1; compound=0; hidden=0; nouse=0; global=0; static=0; extern=0; dir=1; type=0; pingpong=0; private_global=0; IO mode=ap_vld:ce=0
Port [ out_9]:  wired=1; compound=0; hidden=0; nouse=0; global=0; static=0; extern=0; dir=1; type=0; pingpong=0; private_global=0; IO mode=ap_vld:ce=0
Port [ out_10]:  wired=1; compound=0; hidden=0; nouse=0; global=0; static=0; extern=0; dir=1; type=0; pingpong=0; private_global=0; IO mode=ap_vld:ce=0
Port [ out_11]:  wired=1; compound=0; hidden=0; nouse=0; global=0; static=0; extern=0; dir=1; type=0; pingpong=0; private_global=0; IO mode=ap_vld:ce=0
Port [ out_12]:  wired=1; compound=0; hidden=0; nouse=0; global=0; static=0; extern=0; dir=1; type=0; pingpong=0; private_global=0; IO mode=ap_vld:ce=0
Port [ out_13]:  wired=1; compound=0; hidden=0; nouse=0; global=0; static=0; extern=0; dir=1; type=0; pingpong=0; private_global=0; IO mode=ap_vld:ce=0
Port [ out_14]:  wired=1; compound=0; hidden=0; nouse=0; global=0; static=0; extern=0; dir=1; type=0; pingpong=0; private_global=0; IO mode=ap_vld:ce=0
Port [ out_15]:  wired=1; compound=0; hidden=0; nouse=0; global=0; static=0; extern=0; dir=1; type=0; pingpong=0; private_global=0; IO mode=ap_vld:ce=0
Port [ out_16]:  wired=1; compound=0; hidden=0; nouse=0; global=0; static=0; extern=0; dir=1; type=0; pingpong=0; private_global=0; IO mode=ap_vld:ce=0
Port [ out_17]:  wired=1; compound=0; hidden=0; nouse=0; global=0; static=0; extern=0; dir=1; type=0; pingpong=0; private_global=0; IO mode=ap_vld:ce=0
Port [ out_18]:  wired=1; compound=0; hidden=0; nouse=0; global=0; static=0; extern=0; dir=1; type=0; pingpong=0; private_global=0; IO mode=ap_vld:ce=0
Port [ out_19]:  wired=1; compound=0; hidden=0; nouse=0; global=0; static=0; extern=0; dir=1; type=0; pingpong=0; private_global=0; IO mode=ap_vld:ce=0
Port [ out_20]:  wired=1; compound=0; hidden=0; nouse=0; global=0; static=0; extern=0; dir=1; type=0; pingpong=0; private_global=0; IO mode=ap_vld:ce=0
Port [ out_21]:  wired=1; compound=0; hidden=0; nouse=0; global=0; static=0; extern=0; dir=1; type=0; pingpong=0; private_global=0; IO mode=ap_vld:ce=0
Port [ out_22]:  wired=1; compound=0; hidden=0; nouse=0; global=0; static=0; extern=0; dir=1; type=0; pingpong=0; private_global=0; IO mode=ap_vld:ce=0
Port [ out_23]:  wired=1; compound=0; hidden=0; nouse=0; global=0; static=0; extern=0; dir=1; type=0; pingpong=0; private_global=0; IO mode=ap_vld:ce=0
Port [ out_24]:  wired=1; compound=0; hidden=0; nouse=0; global=0; static=0; extern=0; dir=1; type=0; pingpong=0; private_global=0; IO mode=ap_vld:ce=0
Port [ out_25]:  wired=1; compound=0; hidden=0; nouse=0; global=0; static=0; extern=0; dir=1; type=0; pingpong=0; private_global=0; IO mode=ap_vld:ce=0
Port [ out_26]:  wired=1; compound=0; hidden=0; nouse=0; global=0; static=0; extern=0; dir=1; type=0; pingpong=0; private_global=0; IO mode=ap_vld:ce=0
Port [ out_27]:  wired=1; compound=0; hidden=0; nouse=0; global=0; static=0; extern=0; dir=1; type=0; pingpong=0; private_global=0; IO mode=ap_vld:ce=0
Port [ out_28]:  wired=1; compound=0; hidden=0; nouse=0; global=0; static=0; extern=0; dir=1; type=0; pingpong=0; private_global=0; IO mode=ap_vld:ce=0
Port [ out_29]:  wired=1; compound=0; hidden=0; nouse=0; global=0; static=0; extern=0; dir=1; type=0; pingpong=0; private_global=0; IO mode=ap_vld:ce=0
Port [ out_30]:  wired=1; compound=0; hidden=0; nouse=0; global=0; static=0; extern=0; dir=1; type=0; pingpong=0; private_global=0; IO mode=ap_vld:ce=0
Port [ out_31]:  wired=1; compound=0; hidden=0; nouse=0; global=0; static=0; extern=0; dir=1; type=0; pingpong=0; private_global=0; IO mode=ap_vld:ce=0
Port [ out_32]:  wired=1; compound=0; hidden=0; nouse=0; global=0; static=0; extern=0; dir=1; type=0; pingpong=0; private_global=0; IO mode=ap_vld:ce=0
Port [ out_33]:  wired=1; compound=0; hidden=0; nouse=0; global=0; static=0; extern=0; dir=1; type=0; pingpong=0; private_global=0; IO mode=ap_vld:ce=0
Port [ out_34]:  wired=1; compound=0; hidden=0; nouse=0; global=0; static=0; extern=0; dir=1; type=0; pingpong=0; private_global=0; IO mode=ap_vld:ce=0
Port [ out_35]:  wired=1; compound=0; hidden=0; nouse=0; global=0; static=0; extern=0; dir=1; type=0; pingpong=0; private_global=0; IO mode=ap_vld:ce=0
Port [ out_36]:  wired=1; compound=0; hidden=0; nouse=0; global=0; static=0; extern=0; dir=1; type=0; pingpong=0; private_global=0; IO mode=ap_vld:ce=0
Port [ out_37]:  wired=1; compound=0; hidden=0; nouse=0; global=0; static=0; extern=0; dir=1; type=0; pingpong=0; private_global=0; IO mode=ap_vld:ce=0
Port [ out_38]:  wired=1; compound=0; hidden=0; nouse=0; global=0; static=0; extern=0; dir=1; type=0; pingpong=0; private_global=0; IO mode=ap_vld:ce=0
Port [ out_39]:  wired=1; compound=0; hidden=0; nouse=0; global=0; static=0; extern=0; dir=1; type=0; pingpong=0; private_global=0; IO mode=ap_vld:ce=0
Port [ out_40]:  wired=1; compound=0; hidden=0; nouse=0; global=0; static=0; extern=0; dir=1; type=0; pingpong=0; private_global=0; IO mode=ap_vld:ce=0
Port [ out_41]:  wired=1; compound=0; hidden=0; nouse=0; global=0; static=0; extern=0; dir=1; type=0; pingpong=0; private_global=0; IO mode=ap_vld:ce=0
Port [ out_42]:  wired=1; compound=0; hidden=0; nouse=0; global=0; static=0; extern=0; dir=1; type=0; pingpong=0; private_global=0; IO mode=ap_vld:ce=0
Port [ out_43]:  wired=1; compound=0; hidden=0; nouse=0; global=0; static=0; extern=0; dir=1; type=0; pingpong=0; private_global=0; IO mode=ap_vld:ce=0
Port [ out_44]:  wired=1; compound=0; hidden=0; nouse=0; global=0; static=0; extern=0; dir=1; type=0; pingpong=0; private_global=0; IO mode=ap_vld:ce=0
Port [ out_45]:  wired=1; compound=0; hidden=0; nouse=0; global=0; static=0; extern=0; dir=1; type=0; pingpong=0; private_global=0; IO mode=ap_vld:ce=0
Port [ out_46]:  wired=1; compound=0; hidden=0; nouse=0; global=0; static=0; extern=0; dir=1; type=0; pingpong=0; private_global=0; IO mode=ap_vld:ce=0
Port [ out_47]:  wired=1; compound=0; hidden=0; nouse=0; global=0; static=0; extern=0; dir=1; type=0; pingpong=0; private_global=0; IO mode=ap_vld:ce=0
Port [ out_48]:  wired=1; compound=0; hidden=0; nouse=0; global=0; static=0; extern=0; dir=1; type=0; pingpong=0; private_global=0; IO mode=ap_vld:ce=0
Port [ out_49]:  wired=1; compound=0; hidden=0; nouse=0; global=0; static=0; extern=0; dir=1; type=0; pingpong=0; private_global=0; IO mode=ap_vld:ce=0
Port [ out_50]:  wired=1; compound=0; hidden=0; nouse=0; global=0; static=0; extern=0; dir=1; type=0; pingpong=0; private_global=0; IO mode=ap_vld:ce=0
Port [ out_51]:  wired=1; compound=0; hidden=0; nouse=0; global=0; static=0; extern=0; dir=1; type=0; pingpong=0; private_global=0; IO mode=ap_vld:ce=0
Port [ out_52]:  wired=1; compound=0; hidden=0; nouse=0; global=0; static=0; extern=0; dir=1; type=0; pingpong=0; private_global=0; IO mode=ap_vld:ce=0
Port [ out_53]:  wired=1; compound=0; hidden=0; nouse=0; global=0; static=0; extern=0; dir=1; type=0; pingpong=0; private_global=0; IO mode=ap_vld:ce=0
Port [ out_54]:  wired=1; compound=0; hidden=0; nouse=0; global=0; static=0; extern=0; dir=1; type=0; pingpong=0; private_global=0; IO mode=ap_vld:ce=0
Port [ out_55]:  wired=1; compound=0; hidden=0; nouse=0; global=0; static=0; extern=0; dir=1; type=0; pingpong=0; private_global=0; IO mode=ap_vld:ce=0
Port [ out_56]:  wired=1; compound=0; hidden=0; nouse=0; global=0; static=0; extern=0; dir=1; type=0; pingpong=0; private_global=0; IO mode=ap_vld:ce=0
Port [ out_57]:  wired=1; compound=0; hidden=0; nouse=0; global=0; static=0; extern=0; dir=1; type=0; pingpong=0; private_global=0; IO mode=ap_vld:ce=0
Port [ out_58]:  wired=1; compound=0; hidden=0; nouse=0; global=0; static=0; extern=0; dir=1; type=0; pingpong=0; private_global=0; IO mode=ap_vld:ce=0
Port [ out_59]:  wired=1; compound=0; hidden=0; nouse=0; global=0; static=0; extern=0; dir=1; type=0; pingpong=0; private_global=0; IO mode=ap_vld:ce=0
Port [ out_60]:  wired=1; compound=0; hidden=0; nouse=0; global=0; static=0; extern=0; dir=1; type=0; pingpong=0; private_global=0; IO mode=ap_vld:ce=0
Port [ out_61]:  wired=1; compound=0; hidden=0; nouse=0; global=0; static=0; extern=0; dir=1; type=0; pingpong=0; private_global=0; IO mode=ap_vld:ce=0
Port [ out_62]:  wired=1; compound=0; hidden=0; nouse=0; global=0; static=0; extern=0; dir=1; type=0; pingpong=0; private_global=0; IO mode=ap_vld:ce=0
Port [ out_63]:  wired=1; compound=0; hidden=0; nouse=0; global=0; static=0; extern=0; dir=1; type=0; pingpong=0; private_global=0; IO mode=ap_vld:ce=0
Port [ loaded]:  wired=0; compound=0; hidden=1; nouse=1; global=1; static=1; extern=0; dir=2; type=0; pingpong=0; private_global=0; IO mode=ap_ovld:ce=0
Port [ FC1_W]:  wired=0; compound=1; hidden=1; nouse=1; global=1; static=1; extern=0; dir=0; type=1; pingpong=0; private_global=0; MemPort=[1]; IO mode=ap_memory:ce=0
Port [ fc1_weights_0]:  wired=0; compound=1; hidden=1; nouse=0; global=1; static=1; extern=0; dir=2; type=1; pingpong=0; private_global=1; MemPort=[23]; IO mode=ap_memory:ce=0
---------------- STG Properties END ------------------

---------------- Datapath Model BEGIN ----------------

<LifeTime>
<method=bitvector/>
in_stream          (alloca       ) [ 00111111111]
out_stream         (alloca       ) [ 00111111111]
call_ln64          (call         ) [ 00000000000]
empty_14           (wait         ) [ 00000000000]
call_ln0           (call         ) [ 00000000000]
empty_15           (wait         ) [ 00000000000]
empty_16           (wait         ) [ 00000000000]
call_ln0           (call         ) [ 00000000000]
empty_17           (wait         ) [ 00000000000]
empty_18           (wait         ) [ 00000000000]
spectopmodule_ln61 (spectopmodule) [ 00000000000]
specinterface_ln0  (specinterface) [ 00000000000]
specbitsmap_ln0    (specbitsmap  ) [ 00000000000]
specbitsmap_ln0    (specbitsmap  ) [ 00000000000]
specinterface_ln0  (specinterface) [ 00000000000]
specbitsmap_ln0    (specbitsmap  ) [ 00000000000]
specinterface_ln0  (specinterface) [ 00000000000]
specbitsmap_ln0    (specbitsmap  ) [ 00000000000]
specinterface_ln0  (specinterface) [ 00000000000]
specbitsmap_ln0    (specbitsmap  ) [ 00000000000]
specinterface_ln0  (specinterface) [ 00000000000]
specbitsmap_ln0    (specbitsmap  ) [ 00000000000]
specinterface_ln0  (specinterface) [ 00000000000]
specbitsmap_ln0    (specbitsmap  ) [ 00000000000]
specinterface_ln0  (specinterface) [ 00000000000]
specbitsmap_ln0    (specbitsmap  ) [ 00000000000]
specinterface_ln0  (specinterface) [ 00000000000]
specbitsmap_ln0    (specbitsmap  ) [ 00000000000]
specinterface_ln0  (specinterface) [ 00000000000]
specbitsmap_ln0    (specbitsmap  ) [ 00000000000]
specinterface_ln0  (specinterface) [ 00000000000]
specbitsmap_ln0    (specbitsmap  ) [ 00000000000]
specinterface_ln0  (specinterface) [ 00000000000]
specbitsmap_ln0    (specbitsmap  ) [ 00000000000]
specinterface_ln0  (specinterface) [ 00000000000]
specbitsmap_ln0    (specbitsmap  ) [ 00000000000]
specinterface_ln0  (specinterface) [ 00000000000]
specbitsmap_ln0    (specbitsmap  ) [ 00000000000]
specinterface_ln0  (specinterface) [ 00000000000]
specbitsmap_ln0    (specbitsmap  ) [ 00000000000]
specinterface_ln0  (specinterface) [ 00000000000]
specbitsmap_ln0    (specbitsmap  ) [ 00000000000]
specinterface_ln0  (specinterface) [ 00000000000]
specbitsmap_ln0    (specbitsmap  ) [ 00000000000]
specinterface_ln0  (specinterface) [ 00000000000]
specbitsmap_ln0    (specbitsmap  ) [ 00000000000]
specinterface_ln0  (specinterface) [ 00000000000]
specbitsmap_ln0    (specbitsmap  ) [ 00000000000]
specinterface_ln0  (specinterface) [ 00000000000]
specbitsmap_ln0    (specbitsmap  ) [ 00000000000]
specinterface_ln0  (specinterface) [ 00000000000]
specbitsmap_ln0    (specbitsmap  ) [ 00000000000]
specinterface_ln0  (specinterface) [ 00000000000]
specbitsmap_ln0    (specbitsmap  ) [ 00000000000]
specinterface_ln0  (specinterface) [ 00000000000]
specbitsmap_ln0    (specbitsmap  ) [ 00000000000]
specinterface_ln0  (specinterface) [ 00000000000]
specbitsmap_ln0    (specbitsmap  ) [ 00000000000]
specinterface_ln0  (specinterface) [ 00000000000]
specbitsmap_ln0    (specbitsmap  ) [ 00000000000]
specinterface_ln0  (specinterface) [ 00000000000]
specbitsmap_ln0    (specbitsmap  ) [ 00000000000]
specinterface_ln0  (specinterface) [ 00000000000]
specbitsmap_ln0    (specbitsmap  ) [ 00000000000]
specinterface_ln0  (specinterface) [ 00000000000]
specbitsmap_ln0    (specbitsmap  ) [ 00000000000]
specinterface_ln0  (specinterface) [ 00000000000]
specbitsmap_ln0    (specbitsmap  ) [ 00000000000]
specinterface_ln0  (specinterface) [ 00000000000]
specbitsmap_ln0    (specbitsmap  ) [ 00000000000]
specinterface_ln0  (specinterface) [ 00000000000]
specbitsmap_ln0    (specbitsmap  ) [ 00000000000]
specinterface_ln0  (specinterface) [ 00000000000]
specbitsmap_ln0    (specbitsmap  ) [ 00000000000]
specinterface_ln0  (specinterface) [ 00000000000]
specbitsmap_ln0    (specbitsmap  ) [ 00000000000]
specinterface_ln0  (specinterface) [ 00000000000]
specbitsmap_ln0    (specbitsmap  ) [ 00000000000]
specinterface_ln0  (specinterface) [ 00000000000]
specbitsmap_ln0    (specbitsmap  ) [ 00000000000]
specinterface_ln0  (specinterface) [ 00000000000]
specbitsmap_ln0    (specbitsmap  ) [ 00000000000]
specinterface_ln0  (specinterface) [ 00000000000]
specbitsmap_ln0    (specbitsmap  ) [ 00000000000]
specinterface_ln0  (specinterface) [ 00000000000]
specbitsmap_ln0    (specbitsmap  ) [ 00000000000]
specinterface_ln0  (specinterface) [ 00000000000]
specbitsmap_ln0    (specbitsmap  ) [ 00000000000]
specinterface_ln0  (specinterface) [ 00000000000]
specbitsmap_ln0    (specbitsmap  ) [ 00000000000]
specinterface_ln0  (specinterface) [ 00000000000]
specbitsmap_ln0    (specbitsmap  ) [ 00000000000]
specinterface_ln0  (specinterface) [ 00000000000]
specbitsmap_ln0    (specbitsmap  ) [ 00000000000]
specinterface_ln0  (specinterface) [ 00000000000]
specbitsmap_ln0    (specbitsmap  ) [ 00000000000]
specinterface_ln0  (specinterface) [ 00000000000]
specbitsmap_ln0    (specbitsmap  ) [ 00000000000]
specinterface_ln0  (specinterface) [ 00000000000]
specbitsmap_ln0    (specbitsmap  ) [ 00000000000]
specinterface_ln0  (specinterface) [ 00000000000]
specbitsmap_ln0    (specbitsmap  ) [ 00000000000]
specinterface_ln0  (specinterface) [ 00000000000]
specbitsmap_ln0    (specbitsmap  ) [ 00000000000]
specinterface_ln0  (specinterface) [ 00000000000]
specbitsmap_ln0    (specbitsmap  ) [ 00000000000]
specinterface_ln0  (specinterface) [ 00000000000]
specbitsmap_ln0    (specbitsmap  ) [ 00000000000]
specinterface_ln0  (specinterface) [ 00000000000]
specbitsmap_ln0    (specbitsmap  ) [ 00000000000]
specinterface_ln0  (specinterface) [ 00000000000]
specbitsmap_ln0    (specbitsmap  ) [ 00000000000]
specinterface_ln0  (specinterface) [ 00000000000]
specbitsmap_ln0    (specbitsmap  ) [ 00000000000]
specinterface_ln0  (specinterface) [ 00000000000]
specbitsmap_ln0    (specbitsmap  ) [ 00000000000]
specinterface_ln0  (specinterface) [ 00000000000]
specbitsmap_ln0    (specbitsmap  ) [ 00000000000]
specinterface_ln0  (specinterface) [ 00000000000]
specbitsmap_ln0    (specbitsmap  ) [ 00000000000]
specinterface_ln0  (specinterface) [ 00000000000]
specbitsmap_ln0    (specbitsmap  ) [ 00000000000]
specinterface_ln0  (specinterface) [ 00000000000]
specbitsmap_ln0    (specbitsmap  ) [ 00000000000]
specinterface_ln0  (specinterface) [ 00000000000]
specbitsmap_ln0    (specbitsmap  ) [ 00000000000]
specinterface_ln0  (specinterface) [ 00000000000]
specbitsmap_ln0    (specbitsmap  ) [ 00000000000]
specinterface_ln0  (specinterface) [ 00000000000]
specbitsmap_ln0    (specbitsmap  ) [ 00000000000]
specinterface_ln0  (specinterface) [ 00000000000]
specbitsmap_ln0    (specbitsmap  ) [ 00000000000]
specinterface_ln0  (specinterface) [ 00000000000]
specbitsmap_ln0    (specbitsmap  ) [ 00000000000]
specinterface_ln0  (specinterface) [ 00000000000]
specbitsmap_ln0    (specbitsmap  ) [ 00000000000]
specinterface_ln0  (specinterface) [ 00000000000]
specbitsmap_ln0    (specbitsmap  ) [ 00000000000]
specinterface_ln0  (specinterface) [ 00000000000]
specbitsmap_ln0    (specbitsmap  ) [ 00000000000]
specinterface_ln0  (specinterface) [ 00000000000]
empty              (specchannel  ) [ 00000000000]
specinterface_ln0  (specinterface) [ 00000000000]
empty_13           (specchannel  ) [ 00000000000]
specinterface_ln0  (specinterface) [ 00000000000]
call_ln0           (call         ) [ 00000000000]
ret_ln109          (ret          ) [ 00000000000]
</LifeTime>

<model>

<comp_list>
<comp id="0" class="1000" name="in_r">
<pin_list>
<pin id="1" dir="1" index="0" bw="1" slack="0"/>
</pin_list>
<bind>
<StgValue><ssdm name="in_r"/><MemPortTyVec>1 3 </MemPortTyVec>
</StgValue>
</bind>
</comp>

<comp id="2" class="1000" name="out_0">
<pin_list>
<pin id="3" dir="1" index="0" bw="1" slack="0"/>
</pin_list>
<bind>
<StgValue><ssdm name="out_0"/></StgValue>
</bind>
</comp>

<comp id="4" class="1000" name="out_1">
<pin_list>
<pin id="5" dir="1" index="0" bw="1" slack="0"/>
</pin_list>
<bind>
<StgValue><ssdm name="out_1"/></StgValue>
</bind>
</comp>

<comp id="6" class="1000" name="out_2">
<pin_list>
<pin id="7" dir="1" index="0" bw="1" slack="0"/>
</pin_list>
<bind>
<StgValue><ssdm name="out_2"/></StgValue>
</bind>
</comp>

<comp id="8" class="1000" name="out_3">
<pin_list>
<pin id="9" dir="1" index="0" bw="1" slack="0"/>
</pin_list>
<bind>
<StgValue><ssdm name="out_3"/></StgValue>
</bind>
</comp>

<comp id="10" class="1000" name="out_4">
<pin_list>
<pin id="11" dir="1" index="0" bw="1" slack="0"/>
</pin_list>
<bind>
<StgValue><ssdm name="out_4"/></StgValue>
</bind>
</comp>

<comp id="12" class="1000" name="out_5">
<pin_list>
<pin id="13" dir="1" index="0" bw="1" slack="0"/>
</pin_list>
<bind>
<StgValue><ssdm name="out_5"/></StgValue>
</bind>
</comp>

<comp id="14" class="1000" name="out_6">
<pin_list>
<pin id="15" dir="1" index="0" bw="1" slack="0"/>
</pin_list>
<bind>
<StgValue><ssdm name="out_6"/></StgValue>
</bind>
</comp>

<comp id="16" class="1000" name="out_7">
<pin_list>
<pin id="17" dir="1" index="0" bw="1" slack="0"/>
</pin_list>
<bind>
<StgValue><ssdm name="out_7"/></StgValue>
</bind>
</comp>

<comp id="18" class="1000" name="out_8">
<pin_list>
<pin id="19" dir="1" index="0" bw="1" slack="0"/>
</pin_list>
<bind>
<StgValue><ssdm name="out_8"/></StgValue>
</bind>
</comp>

<comp id="20" class="1000" name="out_9">
<pin_list>
<pin id="21" dir="1" index="0" bw="1" slack="0"/>
</pin_list>
<bind>
<StgValue><ssdm name="out_9"/></StgValue>
</bind>
</comp>

<comp id="22" class="1000" name="out_10">
<pin_list>
<pin id="23" dir="1" index="0" bw="1" slack="0"/>
</pin_list>
<bind>
<StgValue><ssdm name="out_10"/></StgValue>
</bind>
</comp>

<comp id="24" class="1000" name="out_11">
<pin_list>
<pin id="25" dir="1" index="0" bw="1" slack="0"/>
</pin_list>
<bind>
<StgValue><ssdm name="out_11"/></StgValue>
</bind>
</comp>

<comp id="26" class="1000" name="out_12">
<pin_list>
<pin id="27" dir="1" index="0" bw="1" slack="0"/>
</pin_list>
<bind>
<StgValue><ssdm name="out_12"/></StgValue>
</bind>
</comp>

<comp id="28" class="1000" name="out_13">
<pin_list>
<pin id="29" dir="1" index="0" bw="1" slack="0"/>
</pin_list>
<bind>
<StgValue><ssdm name="out_13"/></StgValue>
</bind>
</comp>

<comp id="30" class="1000" name="out_14">
<pin_list>
<pin id="31" dir="1" index="0" bw="1" slack="0"/>
</pin_list>
<bind>
<StgValue><ssdm name="out_14"/></StgValue>
</bind>
</comp>

<comp id="32" class="1000" name="out_15">
<pin_list>
<pin id="33" dir="1" index="0" bw="1" slack="0"/>
</pin_list>
<bind>
<StgValue><ssdm name="out_15"/></StgValue>
</bind>
</comp>

<comp id="34" class="1000" name="out_16">
<pin_list>
<pin id="35" dir="1" index="0" bw="1" slack="0"/>
</pin_list>
<bind>
<StgValue><ssdm name="out_16"/></StgValue>
</bind>
</comp>

<comp id="36" class="1000" name="out_17">
<pin_list>
<pin id="37" dir="1" index="0" bw="1" slack="0"/>
</pin_list>
<bind>
<StgValue><ssdm name="out_17"/></StgValue>
</bind>
</comp>

<comp id="38" class="1000" name="out_18">
<pin_list>
<pin id="39" dir="1" index="0" bw="1" slack="0"/>
</pin_list>
<bind>
<StgValue><ssdm name="out_18"/></StgValue>
</bind>
</comp>

<comp id="40" class="1000" name="out_19">
<pin_list>
<pin id="41" dir="1" index="0" bw="1" slack="0"/>
</pin_list>
<bind>
<StgValue><ssdm name="out_19"/></StgValue>
</bind>
</comp>

<comp id="42" class="1000" name="out_20">
<pin_list>
<pin id="43" dir="1" index="0" bw="1" slack="0"/>
</pin_list>
<bind>
<StgValue><ssdm name="out_20"/></StgValue>
</bind>
</comp>

<comp id="44" class="1000" name="out_21">
<pin_list>
<pin id="45" dir="1" index="0" bw="1" slack="0"/>
</pin_list>
<bind>
<StgValue><ssdm name="out_21"/></StgValue>
</bind>
</comp>

<comp id="46" class="1000" name="out_22">
<pin_list>
<pin id="47" dir="1" index="0" bw="1" slack="0"/>
</pin_list>
<bind>
<StgValue><ssdm name="out_22"/></StgValue>
</bind>
</comp>

<comp id="48" class="1000" name="out_23">
<pin_list>
<pin id="49" dir="1" index="0" bw="1" slack="0"/>
</pin_list>
<bind>
<StgValue><ssdm name="out_23"/></StgValue>
</bind>
</comp>

<comp id="50" class="1000" name="out_24">
<pin_list>
<pin id="51" dir="1" index="0" bw="1" slack="0"/>
</pin_list>
<bind>
<StgValue><ssdm name="out_24"/></StgValue>
</bind>
</comp>

<comp id="52" class="1000" name="out_25">
<pin_list>
<pin id="53" dir="1" index="0" bw="1" slack="0"/>
</pin_list>
<bind>
<StgValue><ssdm name="out_25"/></StgValue>
</bind>
</comp>

<comp id="54" class="1000" name="out_26">
<pin_list>
<pin id="55" dir="1" index="0" bw="1" slack="0"/>
</pin_list>
<bind>
<StgValue><ssdm name="out_26"/></StgValue>
</bind>
</comp>

<comp id="56" class="1000" name="out_27">
<pin_list>
<pin id="57" dir="1" index="0" bw="1" slack="0"/>
</pin_list>
<bind>
<StgValue><ssdm name="out_27"/></StgValue>
</bind>
</comp>

<comp id="58" class="1000" name="out_28">
<pin_list>
<pin id="59" dir="1" index="0" bw="1" slack="0"/>
</pin_list>
<bind>
<StgValue><ssdm name="out_28"/></StgValue>
</bind>
</comp>

<comp id="60" class="1000" name="out_29">
<pin_list>
<pin id="61" dir="1" index="0" bw="1" slack="0"/>
</pin_list>
<bind>
<StgValue><ssdm name="out_29"/></StgValue>
</bind>
</comp>

<comp id="62" class="1000" name="out_30">
<pin_list>
<pin id="63" dir="1" index="0" bw="1" slack="0"/>
</pin_list>
<bind>
<StgValue><ssdm name="out_30"/></StgValue>
</bind>
</comp>

<comp id="64" class="1000" name="out_31">
<pin_list>
<pin id="65" dir="1" index="0" bw="1" slack="0"/>
</pin_list>
<bind>
<StgValue><ssdm name="out_31"/></StgValue>
</bind>
</comp>

<comp id="66" class="1000" name="out_32">
<pin_list>
<pin id="67" dir="1" index="0" bw="1" slack="0"/>
</pin_list>
<bind>
<StgValue><ssdm name="out_32"/></StgValue>
</bind>
</comp>

<comp id="68" class="1000" name="out_33">
<pin_list>
<pin id="69" dir="1" index="0" bw="1" slack="0"/>
</pin_list>
<bind>
<StgValue><ssdm name="out_33"/></StgValue>
</bind>
</comp>

<comp id="70" class="1000" name="out_34">
<pin_list>
<pin id="71" dir="1" index="0" bw="1" slack="0"/>
</pin_list>
<bind>
<StgValue><ssdm name="out_34"/></StgValue>
</bind>
</comp>

<comp id="72" class="1000" name="out_35">
<pin_list>
<pin id="73" dir="1" index="0" bw="1" slack="0"/>
</pin_list>
<bind>
<StgValue><ssdm name="out_35"/></StgValue>
</bind>
</comp>

<comp id="74" class="1000" name="out_36">
<pin_list>
<pin id="75" dir="1" index="0" bw="1" slack="0"/>
</pin_list>
<bind>
<StgValue><ssdm name="out_36"/></StgValue>
</bind>
</comp>

<comp id="76" class="1000" name="out_37">
<pin_list>
<pin id="77" dir="1" index="0" bw="1" slack="0"/>
</pin_list>
<bind>
<StgValue><ssdm name="out_37"/></StgValue>
</bind>
</comp>

<comp id="78" class="1000" name="out_38">
<pin_list>
<pin id="79" dir="1" index="0" bw="1" slack="0"/>
</pin_list>
<bind>
<StgValue><ssdm name="out_38"/></StgValue>
</bind>
</comp>

<comp id="80" class="1000" name="out_39">
<pin_list>
<pin id="81" dir="1" index="0" bw="1" slack="0"/>
</pin_list>
<bind>
<StgValue><ssdm name="out_39"/></StgValue>
</bind>
</comp>

<comp id="82" class="1000" name="out_40">
<pin_list>
<pin id="83" dir="1" index="0" bw="1" slack="0"/>
</pin_list>
<bind>
<StgValue><ssdm name="out_40"/></StgValue>
</bind>
</comp>

<comp id="84" class="1000" name="out_41">
<pin_list>
<pin id="85" dir="1" index="0" bw="1" slack="0"/>
</pin_list>
<bind>
<StgValue><ssdm name="out_41"/></StgValue>
</bind>
</comp>

<comp id="86" class="1000" name="out_42">
<pin_list>
<pin id="87" dir="1" index="0" bw="1" slack="0"/>
</pin_list>
<bind>
<StgValue><ssdm name="out_42"/></StgValue>
</bind>
</comp>

<comp id="88" class="1000" name="out_43">
<pin_list>
<pin id="89" dir="1" index="0" bw="1" slack="0"/>
</pin_list>
<bind>
<StgValue><ssdm name="out_43"/></StgValue>
</bind>
</comp>

<comp id="90" class="1000" name="out_44">
<pin_list>
<pin id="91" dir="1" index="0" bw="1" slack="0"/>
</pin_list>
<bind>
<StgValue><ssdm name="out_44"/></StgValue>
</bind>
</comp>

<comp id="92" class="1000" name="out_45">
<pin_list>
<pin id="93" dir="1" index="0" bw="1" slack="0"/>
</pin_list>
<bind>
<StgValue><ssdm name="out_45"/></StgValue>
</bind>
</comp>

<comp id="94" class="1000" name="out_46">
<pin_list>
<pin id="95" dir="1" index="0" bw="1" slack="0"/>
</pin_list>
<bind>
<StgValue><ssdm name="out_46"/></StgValue>
</bind>
</comp>

<comp id="96" class="1000" name="out_47">
<pin_list>
<pin id="97" dir="1" index="0" bw="1" slack="0"/>
</pin_list>
<bind>
<StgValue><ssdm name="out_47"/></StgValue>
</bind>
</comp>

<comp id="98" class="1000" name="out_48">
<pin_list>
<pin id="99" dir="1" index="0" bw="1" slack="0"/>
</pin_list>
<bind>
<StgValue><ssdm name="out_48"/></StgValue>
</bind>
</comp>

<comp id="100" class="1000" name="out_49">
<pin_list>
<pin id="101" dir="1" index="0" bw="1" slack="0"/>
</pin_list>
<bind>
<StgValue><ssdm name="out_49"/></StgValue>
</bind>
</comp>

<comp id="102" class="1000" name="out_50">
<pin_list>
<pin id="103" dir="1" index="0" bw="1" slack="0"/>
</pin_list>
<bind>
<StgValue><ssdm name="out_50"/></StgValue>
</bind>
</comp>

<comp id="104" class="1000" name="out_51">
<pin_list>
<pin id="105" dir="1" index="0" bw="1" slack="0"/>
</pin_list>
<bind>
<StgValue><ssdm name="out_51"/></StgValue>
</bind>
</comp>

<comp id="106" class="1000" name="out_52">
<pin_list>
<pin id="107" dir="1" index="0" bw="1" slack="0"/>
</pin_list>
<bind>
<StgValue><ssdm name="out_52"/></StgValue>
</bind>
</comp>

<comp id="108" class="1000" name="out_53">
<pin_list>
<pin id="109" dir="1" index="0" bw="1" slack="0"/>
</pin_list>
<bind>
<StgValue><ssdm name="out_53"/></StgValue>
</bind>
</comp>

<comp id="110" class="1000" name="out_54">
<pin_list>
<pin id="111" dir="1" index="0" bw="1" slack="0"/>
</pin_list>
<bind>
<StgValue><ssdm name="out_54"/></StgValue>
</bind>
</comp>

<comp id="112" class="1000" name="out_55">
<pin_list>
<pin id="113" dir="1" index="0" bw="1" slack="0"/>
</pin_list>
<bind>
<StgValue><ssdm name="out_55"/></StgValue>
</bind>
</comp>

<comp id="114" class="1000" name="out_56">
<pin_list>
<pin id="115" dir="1" index="0" bw="1" slack="0"/>
</pin_list>
<bind>
<StgValue><ssdm name="out_56"/></StgValue>
</bind>
</comp>

<comp id="116" class="1000" name="out_57">
<pin_list>
<pin id="117" dir="1" index="0" bw="1" slack="0"/>
</pin_list>
<bind>
<StgValue><ssdm name="out_57"/></StgValue>
</bind>
</comp>

<comp id="118" class="1000" name="out_58">
<pin_list>
<pin id="119" dir="1" index="0" bw="1" slack="0"/>
</pin_list>
<bind>
<StgValue><ssdm name="out_58"/></StgValue>
</bind>
</comp>

<comp id="120" class="1000" name="out_59">
<pin_list>
<pin id="121" dir="1" index="0" bw="1" slack="0"/>
</pin_list>
<bind>
<StgValue><ssdm name="out_59"/></StgValue>
</bind>
</comp>

<comp id="122" class="1000" name="out_60">
<pin_list>
<pin id="123" dir="1" index="0" bw="1" slack="0"/>
</pin_list>
<bind>
<StgValue><ssdm name="out_60"/></StgValue>
</bind>
</comp>

<comp id="124" class="1000" name="out_61">
<pin_list>
<pin id="125" dir="1" index="0" bw="1" slack="0"/>
</pin_list>
<bind>
<StgValue><ssdm name="out_61"/></StgValue>
</bind>
</comp>

<comp id="126" class="1000" name="out_62">
<pin_list>
<pin id="127" dir="1" index="0" bw="1" slack="0"/>
</pin_list>
<bind>
<StgValue><ssdm name="out_62"/></StgValue>
</bind>
</comp>

<comp id="128" class="1000" name="out_63">
<pin_list>
<pin id="129" dir="1" index="0" bw="1" slack="0"/>
</pin_list>
<bind>
<StgValue><ssdm name="out_63"/></StgValue>
</bind>
</comp>

<comp id="130" class="1000" name="loaded">
<pin_list>
<pin id="131" dir="1" index="0" bw="1" slack="0"/>
</pin_list>
<bind>
<StgValue><ssdm name="loaded"/></StgValue>
</bind>
</comp>

<comp id="132" class="1000" name="FC1_W">
<pin_list>
<pin id="133" dir="1" index="0" bw="1" slack="0"/>
</pin_list>
<bind>
<StgValue><ssdm name="FC1_W"/><MemPortTyVec>1 </MemPortTyVec>
</StgValue>
</bind>
</comp>

<comp id="134" class="1000" name="fc1_weights_0">
<pin_list>
<pin id="135" dir="1" index="0" bw="1" slack="0"/>
</pin_list>
<bind>
<StgValue><ssdm name="fc1_weights_0"/><MemPortTyVec>2 3 </MemPortTyVec>
</StgValue>
</bind>
</comp>

<comp id="136" class="1001" name="const_136">
<pin_list>
<pin id="137" dir="1" index="0" bw="1" slack="0"/>
</pin_list>
<bind>
<StgValue><ssdm name=""/></StgValue>
</bind>
</comp>

<comp id="138" class="1001" name="const_138">
<pin_list>
<pin id="139" dir="1" index="0" bw="1" slack="0"/>
</pin_list>
<bind>
<StgValue><ssdm name="load_weights_once"/></StgValue>
</bind>
</comp>

<comp id="140" class="1001" name="const_140">
<pin_list>
<pin id="141" dir="1" index="0" bw="1" slack="2147483647"/>
</pin_list>
<bind>
<StgValue><ssdm name="_ssdm_op_Wait"/></StgValue>
</bind>
</comp>

<comp id="142" class="1001" name="const_142">
<pin_list>
<pin id="143" dir="1" index="0" bw="1" slack="0"/>
</pin_list>
<bind>
<StgValue><ssdm name="fc1full_top_Pipeline_VITIS_LOOP_72_1"/></StgValue>
</bind>
</comp>

<comp id="144" class="1001" name="const_144">
<pin_list>
<pin id="145" dir="1" index="0" bw="1" slack="0"/>
</pin_list>
<bind>
<StgValue><ssdm name="fc1full_top_Pipeline_VITIS_LOOP_131_1"/></StgValue>
</bind>
</comp>

<comp id="146" class="1001" name="const_146">
<pin_list>
<pin id="147" dir="1" index="0" bw="1" slack="0"/>
</pin_list>
<bind>
<StgValue><ssdm name="fc1full_top_Pipeline_VITIS_LOOP_105_2"/></StgValue>
</bind>
</comp>

<comp id="148" class="1001" name="const_148">
<pin_list>
<pin id="149" dir="1" index="0" bw="1" slack="2147483647"/>
</pin_list>
<bind>
<StgValue><ssdm name="_ssdm_op_SpecTopModule"/></StgValue>
</bind>
</comp>

<comp id="150" class="1001" name="const_150">
<pin_list>
<pin id="151" dir="1" index="0" bw="1" slack="2147483647"/>
</pin_list>
<bind>
<StgValue><ssdm name="empty_1"/></StgValue>
</bind>
</comp>

<comp id="152" class="1001" name="const_152">
<pin_list>
<pin id="153" dir="1" index="0" bw="1" slack="2147483647"/>
</pin_list>
<bind>
<StgValue><ssdm name="_ssdm_op_SpecInterface"/></StgValue>
</bind>
</comp>

<comp id="154" class="1001" name="const_154">
<pin_list>
<pin id="155" dir="1" index="0" bw="1" slack="2147483647"/>
</pin_list>
<bind>
<StgValue><ssdm name="empty_6"/></StgValue>
</bind>
</comp>

<comp id="156" class="1001" name="const_156">
<pin_list>
<pin id="157" dir="1" index="0" bw="1" slack="2147483647"/>
</pin_list>
<bind>
<StgValue><ssdm name=""/></StgValue>
</bind>
</comp>

<comp id="158" class="1001" name="const_158">
<pin_list>
<pin id="159" dir="1" index="0" bw="1" slack="2147483647"/>
</pin_list>
<bind>
<StgValue><ssdm name="empty_5"/></StgValue>
</bind>
</comp>

<comp id="160" class="1001" name="const_160">
<pin_list>
<pin id="161" dir="1" index="0" bw="1" slack="2147483647"/>
</pin_list>
<bind>
<StgValue><ssdm name=""/></StgValue>
</bind>
</comp>

<comp id="162" class="1001" name="const_162">
<pin_list>
<pin id="163" dir="1" index="0" bw="1" slack="2147483647"/>
</pin_list>
<bind>
<StgValue><ssdm name="_ssdm_op_SpecBitsMap"/></StgValue>
</bind>
</comp>

<comp id="164" class="1001" name="const_164">
<pin_list>
<pin id="165" dir="1" index="0" bw="1" slack="2147483647"/>
</pin_list>
<bind>
<StgValue><ssdm name="empty_4"/></StgValue>
</bind>
</comp>

<comp id="166" class="1001" name="const_166">
<pin_list>
<pin id="167" dir="1" index="0" bw="1" slack="2147483647"/>
</pin_list>
<bind>
<StgValue><ssdm name="_ssdm_op_SpecChannel"/></StgValue>
</bind>
</comp>

<comp id="168" class="1001" name="const_168">
<pin_list>
<pin id="169" dir="1" index="0" bw="1" slack="2147483647"/>
</pin_list>
<bind>
<StgValue><ssdm name="in_stream_str"/></StgValue>
</bind>
</comp>

<comp id="170" class="1001" name="const_170">
<pin_list>
<pin id="171" dir="1" index="0" bw="1" slack="2147483647"/>
</pin_list>
<bind>
<StgValue><ssdm name=""/></StgValue>
</bind>
</comp>

<comp id="172" class="1001" name="const_172">
<pin_list>
<pin id="173" dir="1" index="0" bw="1" slack="2147483647"/>
</pin_list>
<bind>
<StgValue><ssdm name="p_str"/></StgValue>
</bind>
</comp>

<comp id="174" class="1001" name="const_174">
<pin_list>
<pin id="175" dir="1" index="0" bw="1" slack="2147483647"/>
</pin_list>
<bind>
<StgValue><ssdm name=""/></StgValue>
</bind>
</comp>

<comp id="176" class="1001" name="const_176">
<pin_list>
<pin id="177" dir="1" index="0" bw="1" slack="2147483647"/>
</pin_list>
<bind>
<StgValue><ssdm name="empty_3"/></StgValue>
</bind>
</comp>

<comp id="178" class="1001" name="const_178">
<pin_list>
<pin id="179" dir="1" index="0" bw="1" slack="2147483647"/>
</pin_list>
<bind>
<StgValue><ssdm name="out_stream_str"/></StgValue>
</bind>
</comp>

<comp id="180" class="1001" name="const_180">
<pin_list>
<pin id="181" dir="1" index="0" bw="1" slack="2147483647"/>
</pin_list>
<bind>
<StgValue><ssdm name=""/></StgValue>
</bind>
</comp>

<comp id="182" class="1004" name="in_stream_fu_182">
<pin_list>
<pin id="183" dir="0" index="0" bw="1" slack="0"/>
<pin id="184" dir="1" index="1" bw="1" slack="2"/>
</pin_list>
<bind>
<opcode="alloca(26) " fcode="alloca"/>
<opset="in_stream/1 "/>
</bind>
</comp>

<comp id="186" class="1004" name="out_stream_fu_186">
<pin_list>
<pin id="187" dir="0" index="0" bw="1" slack="0"/>
<pin id="188" dir="1" index="1" bw="1" slack="5"/>
</pin_list>
<bind>
<opcode="alloca(26) " fcode="alloca"/>
<opset="out_stream/1 "/>
</bind>
</comp>

<comp id="190" class="1004" name="grp_load_weights_once_fu_190">
<pin_list>
<pin id="191" dir="0" index="0" bw="0" slack="0"/>
<pin id="192" dir="0" index="1" bw="1" slack="0"/>
<pin id="193" dir="0" index="2" bw="3" slack="0"/>
<pin id="194" dir="0" index="3" bw="3" slack="0"/>
<pin id="195" dir="1" index="4" bw="0" slack="2147483647"/>
</pin_list>
<bind>
<opcode="call(48) " fcode="call"/>
<opset="call_ln64/1 "/>
</bind>
</comp>

<comp id="200" class="1004" name="grp_fc1full_top_Pipeline_VITIS_LOOP_72_1_fu_200">
<pin_list>
<pin id="201" dir="0" index="0" bw="0" slack="0"/>
<pin id="202" dir="0" index="1" bw="1" slack="0"/>
<pin id="203" dir="0" index="2" bw="1" slack="2"/>
<pin id="204" dir="1" index="3" bw="0" slack="2147483647"/>
</pin_list>
<bind>
<opcode="call(48) " fcode="call"/>
<opset="call_ln0/3 "/>
</bind>
</comp>

<comp id="207" class="1004" name="grp_fc1full_top_Pipeline_VITIS_LOOP_131_1_fu_207">
<pin_list>
<pin id="208" dir="0" index="0" bw="0" slack="0"/>
<pin id="209" dir="0" index="1" bw="1" slack="5"/>
<pin id="210" dir="0" index="2" bw="1" slack="5"/>
<pin id="211" dir="0" index="3" bw="3" slack="0"/>
<pin id="212" dir="1" index="4" bw="0" slack="2147483647"/>
</pin_list>
<bind>
<opcode="call(48) " fcode="call"/>
<opset="call_ln0/6 "/>
</bind>
</comp>

<comp id="215" class="1004" name="grp_fc1full_top_Pipeline_VITIS_LOOP_105_2_fu_215">
<pin_list>
<pin id="216" dir="0" index="0" bw="0" slack="0"/>
<pin id="217" dir="0" index="1" bw="1" slack="0"/>
<pin id="218" dir="0" index="2" bw="1" slack="0"/>
<pin id="219" dir="0" index="3" bw="1" slack="0"/>
<pin id="220" dir="0" index="4" bw="1" slack="0"/>
<pin id="221" dir="0" index="5" bw="1" slack="0"/>
<pin id="222" dir="0" index="6" bw="1" slack="0"/>
<pin id="223" dir="0" index="7" bw="1" slack="0"/>
<pin id="224" dir="0" index="8" bw="1" slack="0"/>
<pin id="225" dir="0" index="9" bw="1" slack="0"/>
<pin id="226" dir="0" index="10" bw="1" slack="0"/>
<pin id="227" dir="0" index="11" bw="1" slack="0"/>
<pin id="228" dir="0" index="12" bw="1" slack="0"/>
<pin id="229" dir="0" index="13" bw="1" slack="0"/>
<pin id="230" dir="0" index="14" bw="1" slack="0"/>
<pin id="231" dir="0" index="15" bw="1" slack="0"/>
<pin id="232" dir="0" index="16" bw="1" slack="0"/>
<pin id="233" dir="0" index="17" bw="1" slack="0"/>
<pin id="234" dir="0" index="18" bw="1" slack="0"/>
<pin id="235" dir="0" index="19" bw="1" slack="0"/>
<pin id="236" dir="0" index="20" bw="1" slack="0"/>
<pin id="237" dir="0" index="21" bw="1" slack="0"/>
<pin id="238" dir="0" index="22" bw="1" slack="0"/>
<pin id="239" dir="0" index="23" bw="1" slack="0"/>
<pin id="240" dir="0" index="24" bw="1" slack="0"/>
<pin id="241" dir="0" index="25" bw="1" slack="0"/>
<pin id="242" dir="0" index="26" bw="1" slack="0"/>
<pin id="243" dir="0" index="27" bw="1" slack="0"/>
<pin id="244" dir="0" index="28" bw="1" slack="0"/>
<pin id="245" dir="0" index="29" bw="1" slack="0"/>
<pin id="246" dir="0" index="30" bw="1" slack="0"/>
<pin id="247" dir="0" index="31" bw="1" slack="0"/>
<pin id="248" dir="0" index="32" bw="1" slack="0"/>
<pin id="249" dir="0" index="33" bw="1" slack="0"/>
<pin id="250" dir="0" index="34" bw="1" slack="0"/>
<pin id="251" dir="0" index="35" bw="1" slack="0"/>
<pin id="252" dir="0" index="36" bw="1" slack="0"/>
<pin id="253" dir="0" index="37" bw="1" slack="0"/>
<pin id="254" dir="0" index="38" bw="1" slack="0"/>
<pin id="255" dir="0" index="39" bw="1" slack="0"/>
<pin id="256" dir="0" index="40" bw="1" slack="0"/>
<pin id="257" dir="0" index="41" bw="1" slack="0"/>
<pin id="258" dir="0" index="42" bw="1" slack="0"/>
<pin id="259" dir="0" index="43" bw="1" slack="0"/>
<pin id="260" dir="0" index="44" bw="1" slack="0"/>
<pin id="261" dir="0" index="45" bw="1" slack="0"/>
<pin id="262" dir="0" index="46" bw="1" slack="0"/>
<pin id="263" dir="0" index="47" bw="1" slack="0"/>
<pin id="264" dir="0" index="48" bw="1" slack="0"/>
<pin id="265" dir="0" index="49" bw="1" slack="0"/>
<pin id="266" dir="0" index="50" bw="1" slack="0"/>
<pin id="267" dir="0" index="51" bw="1" slack="0"/>
<pin id="268" dir="0" index="52" bw="1" slack="0"/>
<pin id="269" dir="0" index="53" bw="1" slack="0"/>
<pin id="270" dir="0" index="54" bw="1" slack="0"/>
<pin id="271" dir="0" index="55" bw="1" slack="0"/>
<pin id="272" dir="0" index="56" bw="1" slack="0"/>
<pin id="273" dir="0" index="57" bw="1" slack="0"/>
<pin id="274" dir="0" index="58" bw="1" slack="0"/>
<pin id="275" dir="0" index="59" bw="1" slack="0"/>
<pin id="276" dir="0" index="60" bw="1" slack="0"/>
<pin id="277" dir="0" index="61" bw="1" slack="0"/>
<pin id="278" dir="0" index="62" bw="1" slack="0"/>
<pin id="279" dir="0" index="63" bw="1" slack="0"/>
<pin id="280" dir="0" index="64" bw="1" slack="0"/>
<pin id="281" dir="0" index="65" bw="1" slack="8"/>
<pin id="282" dir="1" index="66" bw="0" slack="2147483647"/>
</pin_list>
<bind>
<opcode="call(48) " fcode="call"/>
<opset="call_ln0/9 "/>
</bind>
</comp>

<comp id="348" class="1005" name="in_stream_reg_348">
<pin_list>
<pin id="349" dir="0" index="0" bw="1" slack="2"/>
<pin id="350" dir="1" index="1" bw="1" slack="2"/>
</pin_list>
<bind>
<opset="in_stream "/>
</bind>
</comp>

<comp id="354" class="1005" name="out_stream_reg_354">
<pin_list>
<pin id="355" dir="0" index="0" bw="1" slack="5"/>
<pin id="356" dir="1" index="1" bw="1" slack="5"/>
</pin_list>
<bind>
<opset="out_stream "/>
</bind>
</comp>

</comp_list>

<net_list>
<net id="185"><net_src comp="136" pin="0"/><net_sink comp="182" pin=0"/></net>

<net id="189"><net_src comp="136" pin="0"/><net_sink comp="186" pin=0"/></net>

<net id="196"><net_src comp="138" pin="0"/><net_sink comp="190" pin=0"/></net>

<net id="197"><net_src comp="130" pin="0"/><net_sink comp="190" pin=1"/></net>

<net id="198"><net_src comp="132" pin="0"/><net_sink comp="190" pin=2"/></net>

<net id="199"><net_src comp="134" pin="0"/><net_sink comp="190" pin=3"/></net>

<net id="205"><net_src comp="142" pin="0"/><net_sink comp="200" pin=0"/></net>

<net id="206"><net_src comp="0" pin="0"/><net_sink comp="200" pin=1"/></net>

<net id="213"><net_src comp="144" pin="0"/><net_sink comp="207" pin=0"/></net>

<net id="214"><net_src comp="134" pin="0"/><net_sink comp="207" pin=3"/></net>

<net id="283"><net_src comp="146" pin="0"/><net_sink comp="215" pin=0"/></net>

<net id="284"><net_src comp="2" pin="0"/><net_sink comp="215" pin=1"/></net>

<net id="285"><net_src comp="128" pin="0"/><net_sink comp="215" pin=2"/></net>

<net id="286"><net_src comp="126" pin="0"/><net_sink comp="215" pin=3"/></net>

<net id="287"><net_src comp="124" pin="0"/><net_sink comp="215" pin=4"/></net>

<net id="288"><net_src comp="122" pin="0"/><net_sink comp="215" pin=5"/></net>

<net id="289"><net_src comp="120" pin="0"/><net_sink comp="215" pin=6"/></net>

<net id="290"><net_src comp="118" pin="0"/><net_sink comp="215" pin=7"/></net>

<net id="291"><net_src comp="116" pin="0"/><net_sink comp="215" pin=8"/></net>

<net id="292"><net_src comp="114" pin="0"/><net_sink comp="215" pin=9"/></net>

<net id="293"><net_src comp="112" pin="0"/><net_sink comp="215" pin=10"/></net>

<net id="294"><net_src comp="110" pin="0"/><net_sink comp="215" pin=11"/></net>

<net id="295"><net_src comp="108" pin="0"/><net_sink comp="215" pin=12"/></net>

<net id="296"><net_src comp="106" pin="0"/><net_sink comp="215" pin=13"/></net>

<net id="297"><net_src comp="104" pin="0"/><net_sink comp="215" pin=14"/></net>

<net id="298"><net_src comp="102" pin="0"/><net_sink comp="215" pin=15"/></net>

<net id="299"><net_src comp="100" pin="0"/><net_sink comp="215" pin=16"/></net>

<net id="300"><net_src comp="98" pin="0"/><net_sink comp="215" pin=17"/></net>

<net id="301"><net_src comp="96" pin="0"/><net_sink comp="215" pin=18"/></net>

<net id="302"><net_src comp="94" pin="0"/><net_sink comp="215" pin=19"/></net>

<net id="303"><net_src comp="92" pin="0"/><net_sink comp="215" pin=20"/></net>

<net id="304"><net_src comp="90" pin="0"/><net_sink comp="215" pin=21"/></net>

<net id="305"><net_src comp="88" pin="0"/><net_sink comp="215" pin=22"/></net>

<net id="306"><net_src comp="86" pin="0"/><net_sink comp="215" pin=23"/></net>

<net id="307"><net_src comp="84" pin="0"/><net_sink comp="215" pin=24"/></net>

<net id="308"><net_src comp="82" pin="0"/><net_sink comp="215" pin=25"/></net>

<net id="309"><net_src comp="80" pin="0"/><net_sink comp="215" pin=26"/></net>

<net id="310"><net_src comp="78" pin="0"/><net_sink comp="215" pin=27"/></net>

<net id="311"><net_src comp="76" pin="0"/><net_sink comp="215" pin=28"/></net>

<net id="312"><net_src comp="74" pin="0"/><net_sink comp="215" pin=29"/></net>

<net id="313"><net_src comp="72" pin="0"/><net_sink comp="215" pin=30"/></net>

<net id="314"><net_src comp="70" pin="0"/><net_sink comp="215" pin=31"/></net>

<net id="315"><net_src comp="68" pin="0"/><net_sink comp="215" pin=32"/></net>

<net id="316"><net_src comp="66" pin="0"/><net_sink comp="215" pin=33"/></net>

<net id="317"><net_src comp="64" pin="0"/><net_sink comp="215" pin=34"/></net>

<net id="318"><net_src comp="62" pin="0"/><net_sink comp="215" pin=35"/></net>

<net id="319"><net_src comp="60" pin="0"/><net_sink comp="215" pin=36"/></net>

<net id="320"><net_src comp="58" pin="0"/><net_sink comp="215" pin=37"/></net>

<net id="321"><net_src comp="56" pin="0"/><net_sink comp="215" pin=38"/></net>

<net id="322"><net_src comp="54" pin="0"/><net_sink comp="215" pin=39"/></net>

<net id="323"><net_src comp="52" pin="0"/><net_sink comp="215" pin=40"/></net>

<net id="324"><net_src comp="50" pin="0"/><net_sink comp="215" pin=41"/></net>

<net id="325"><net_src comp="48" pin="0"/><net_sink comp="215" pin=42"/></net>

<net id="326"><net_src comp="46" pin="0"/><net_sink comp="215" pin=43"/></net>

<net id="327"><net_src comp="44" pin="0"/><net_sink comp="215" pin=44"/></net>

<net id="328"><net_src comp="42" pin="0"/><net_sink comp="215" pin=45"/></net>

<net id="329"><net_src comp="40" pin="0"/><net_sink comp="215" pin=46"/></net>

<net id="330"><net_src comp="38" pin="0"/><net_sink comp="215" pin=47"/></net>

<net id="331"><net_src comp="36" pin="0"/><net_sink comp="215" pin=48"/></net>

<net id="332"><net_src comp="34" pin="0"/><net_sink comp="215" pin=49"/></net>

<net id="333"><net_src comp="32" pin="0"/><net_sink comp="215" pin=50"/></net>

<net id="334"><net_src comp="30" pin="0"/><net_sink comp="215" pin=51"/></net>

<net id="335"><net_src comp="28" pin="0"/><net_sink comp="215" pin=52"/></net>

<net id="336"><net_src comp="26" pin="0"/><net_sink comp="215" pin=53"/></net>

<net id="337"><net_src comp="24" pin="0"/><net_sink comp="215" pin=54"/></net>

<net id="338"><net_src comp="22" pin="0"/><net_sink comp="215" pin=55"/></net>

<net id="339"><net_src comp="20" pin="0"/><net_sink comp="215" pin=56"/></net>

<net id="340"><net_src comp="18" pin="0"/><net_sink comp="215" pin=57"/></net>

<net id="341"><net_src comp="16" pin="0"/><net_sink comp="215" pin=58"/></net>

<net id="342"><net_src comp="14" pin="0"/><net_sink comp="215" pin=59"/></net>

<net id="343"><net_src comp="12" pin="0"/><net_sink comp="215" pin=60"/></net>

<net id="344"><net_src comp="10" pin="0"/><net_sink comp="215" pin=61"/></net>

<net id="345"><net_src comp="8" pin="0"/><net_sink comp="215" pin=62"/></net>

<net id="346"><net_src comp="6" pin="0"/><net_sink comp="215" pin=63"/></net>

<net id="347"><net_src comp="4" pin="0"/><net_sink comp="215" pin=64"/></net>

<net id="351"><net_src comp="182" pin="1"/><net_sink comp="348" pin=0"/></net>

<net id="352"><net_src comp="348" pin="1"/><net_sink comp="200" pin=2"/></net>

<net id="353"><net_src comp="348" pin="1"/><net_sink comp="207" pin=1"/></net>

<net id="357"><net_src comp="186" pin="1"/><net_sink comp="354" pin=0"/></net>

<net id="358"><net_src comp="354" pin="1"/><net_sink comp="207" pin=2"/></net>

<net id="359"><net_src comp="354" pin="1"/><net_sink comp="215" pin=65"/></net>

</net_list>

</model> 
---------------- Datapath Model END ------------------

* FSMD analyzer results:
  - Output states:
	Port: out_0 | {9 10 }
	Port: out_1 | {9 10 }
	Port: out_2 | {9 10 }
	Port: out_3 | {9 10 }
	Port: out_4 | {9 10 }
	Port: out_5 | {9 10 }
	Port: out_6 | {9 10 }
	Port: out_7 | {9 10 }
	Port: out_8 | {9 10 }
	Port: out_9 | {9 10 }
	Port: out_10 | {9 10 }
	Port: out_11 | {9 10 }
	Port: out_12 | {9 10 }
	Port: out_13 | {9 10 }
	Port: out_14 | {9 10 }
	Port: out_15 | {9 10 }
	Port: out_16 | {9 10 }
	Port: out_17 | {9 10 }
	Port: out_18 | {9 10 }
	Port: out_19 | {9 10 }
	Port: out_20 | {9 10 }
	Port: out_21 | {9 10 }
	Port: out_22 | {9 10 }
	Port: out_23 | {9 10 }
	Port: out_24 | {9 10 }
	Port: out_25 | {9 10 }
	Port: out_26 | {9 10 }
	Port: out_27 | {9 10 }
	Port: out_28 | {9 10 }
	Port: out_29 | {9 10 }
	Port: out_30 | {9 10 }
	Port: out_31 | {9 10 }
	Port: out_32 | {9 10 }
	Port: out_33 | {9 10 }
	Port: out_34 | {9 10 }
	Port: out_35 | {9 10 }
	Port: out_36 | {9 10 }
	Port: out_37 | {9 10 }
	Port: out_38 | {9 10 }
	Port: out_39 | {9 10 }
	Port: out_40 | {9 10 }
	Port: out_41 | {9 10 }
	Port: out_42 | {9 10 }
	Port: out_43 | {9 10 }
	Port: out_44 | {9 10 }
	Port: out_45 | {9 10 }
	Port: out_46 | {9 10 }
	Port: out_47 | {9 10 }
	Port: out_48 | {9 10 }
	Port: out_49 | {9 10 }
	Port: out_50 | {9 10 }
	Port: out_51 | {9 10 }
	Port: out_52 | {9 10 }
	Port: out_53 | {9 10 }
	Port: out_54 | {9 10 }
	Port: out_55 | {9 10 }
	Port: out_56 | {9 10 }
	Port: out_57 | {9 10 }
	Port: out_58 | {9 10 }
	Port: out_59 | {9 10 }
	Port: out_60 | {9 10 }
	Port: out_61 | {9 10 }
	Port: out_62 | {9 10 }
	Port: out_63 | {9 10 }
	Port: loaded | {1 2 }
	Port: fc1_weights_0 | {1 2 }
 - Input state : 
	Port: fc1full_top : in_r | {3 4 }
	Port: fc1full_top : loaded | {1 2 }
	Port: fc1full_top : FC1_W | {1 2 }
	Port: fc1full_top : fc1_weights_0 | {6 7 }
  - Chain level:
	State 1
	State 2
	State 3
	State 4
	State 5
	State 6
	State 7
	State 8
	State 9
	State 10


============================================================
+ Verbose Summary: Datapath Resource usage 
============================================================

* Functional unit list:
|----------|--------------------------------------------------|---------|---------|---------|---------|
| Operation|                  Functional Unit                 |   DSP   |  Delay  |    FF   |   LUT   |
|----------|--------------------------------------------------|---------|---------|---------|---------|
|          |           grp_load_weights_once_fu_190           |    2    | 1.58086 |   141   |   162   |
|   call   |  grp_fc1full_top_Pipeline_VITIS_LOOP_72_1_fu_200 |    0    |  0.387  |    24   |    47   |
|          | grp_fc1full_top_Pipeline_VITIS_LOOP_131_1_fu_207 |    0    |  0.387  |   3381  |   3202  |
|          | grp_fc1full_top_Pipeline_VITIS_LOOP_105_2_fu_215 |    0    |    0    |    13   |    28   |
|----------|--------------------------------------------------|---------|---------|---------|---------|
|   Total  |                                                  |    2    | 2.35486 |   3559  |   3439  |
|----------|--------------------------------------------------|---------|---------|---------|---------|

Memories:
+-------------+--------+--------+--------+--------+
|             |  BRAM  |   FF   |   LUT  |  URAM  |
+-------------+--------+--------+--------+--------+
|    FC1_W    |    2   |    0   |    0   |    -   |
|fc1_weights_0|    2   |    0   |    0   |    0   |
+-------------+--------+--------+--------+--------+
|    Total    |    4   |    0   |    0   |    0   |
+-------------+--------+--------+--------+--------+

* Register list:
+------------------+--------+
|                  |   FF   |
+------------------+--------+
| in_stream_reg_348|    1   |
|out_stream_reg_354|    1   |
+------------------+--------+
|       Total      |    2   |
+------------------+--------+

* Multiplexer (MUX) list: 
|--------|------|------|------|--------|
|  Comp  |  Pin | Size |  BW  | S x BW |
|--------|------|------|------|--------|
|  Total |      |      |      |    0   |
|--------|------|------|------|--------|



* Summary:
+-----------+--------+--------+--------+--------+--------+--------+
|           |  BRAM  |   DSP  |  Delay |   FF   |   LUT  |  URAM  |
+-----------+--------+--------+--------+--------+--------+--------+
|  Function |    -   |    2   |    2   |  3559  |  3439  |    -   |
|   Memory  |    4   |    -   |    -   |    0   |    0   |    0   |
|Multiplexer|    -   |    -   |    -   |    -   |    -   |    -   |
|  Register |    -   |    -   |    -   |    2   |    -   |    -   |
+-----------+--------+--------+--------+--------+--------+--------+
|   Total   |    4   |    2   |    2   |  3561  |  3439  |    0   |
+-----------+--------+--------+--------+--------+--------+--------+
